
// File generated by bin2lvgl
// developed by fbiego. 
// https://github.com/fbiego
// Watchface: 75_2_410

#include "../75_2_410.h"

#ifndef LV_ATTRIBUTE_MEM_ALIGN
#define LV_ATTRIBUTE_MEM_ALIGN
#endif


// LVGL 9 format (RGB565) // LVGL_9 compatible

const LV_ATTRIBUTE_MEM_ALIGN uint8_t face_75_2_410_dial_img_preview_data_0[] = {
	//RGB565 data
	0x00,0x00,0x00,0x00,0x00,0x00,0x00,0x00,0x00,0x00,0x00,0x00,0x00,0x00,0x00,0x00,0x00,0x00,0x00,0x00,
	0x00,0x00,0x00,0x00,0x00,0x00,0x00,0x00,0x00,0x00,0x00,0x00,0x00,0x00,0x00,0x00,0x00,0x00,0x00,0x00,
	0x00,0x00,0x00,0x00,0x00,0x00,0x00,0x00,0x00,0x00,0x00,0x00,0x00,0x00,0x00,0x00,0x00,0x00,0x00,0x00,
	0x00,0x00,0x00,0x00,0x00,0x00,0x00,0x00,0x00,0x00,0x00,0x00,0x00,0x00,0x00,0x00,0x00,0x00,0x00,0x00,
	0x00,0x00,0x00,0x00,0x00,0x00,0x00,0x00,0x00,0x00,0x00,0x00,0x00,0x00,0x00,0x00,0x00,0x00,0x00,0x00,
	0x00,0x00,0x00,0x00,0x00,0x00,0x00,0x00,0x00,0x00,0x00,0x00,0x00,0x00,0x00,0x00,0x00,0x00,0x00,0x00,
	0x00,0x00,0x00,0x00,0x00,0x00,0x00,0x00,0x00,0x00,0x00,0x00,0x00,0x00,0x00,0x00,0x00,0x00,0x00,0x00,
	0x00,0x00,0x00,0x00,0x00,0x00,0x00,0x00,0x00,0x00,0x00,0x00,0x00,0x00,0x00,0x00,0x00,0x00,0x00,0x00,
	0x00,0x00,0x00,0x00,0x00,0x00,0x00,0x00,0x00,0x00,0x00,0x00,0x00,0x00,0x00,0x00,0x00,0x00,0x00,0x00,
	0x00,0x00,0x00,0x00,0x00,0x00,0x00,0x00,0x00,0x00,0x00,0x00,0x00,0x00,0x00,0x00,0x00,0x00,0x00,0x00,
	0x00,0x00,0x00,0x00,0x00,0x00,0x00,0x00,0x00,0x00,0x00,0x00,0x00,0x00,0x00,0x00,0x00,0x00,0x00,0x00,
	0x00,0x00,0x00,0x00,0x00,0x00,0x00,0x00,0x00,0x00,0x00,0x00,0x00,0x00,0x00,0x00,0x00,0x00,0x00,0x00,
	0x00,0x00,0x00,0x00,0x00,0x00,0x00,0x00,0x00,0x00,0x00,0x00,0x00,0x00,0x00,0x00,0x00,0x00,0x00,0x00,
	0x00,0x00,0x00,0x00,0x00,0x00,0x00,0x00,0x00,0x00,0x00,0x00,0x00,0x00,0x00,0x00,0x00,0x00,0x00,0x00,
	0x00,0x00,0x00,0x00,0x00,0x00,0x00,0x00,0x00,0x00,0x00,0x00,0x00,0x00,0x00,0x00,0x00,0x00,0x00,0x00,
	0x00,0x00,0x00,0x00,0x00,0x00,0x00,0x00,0x00,0x00,0x00,0x00,0x00,0x00,0x00,0x00,0x00,0x00,0x00,0x00,
	0x00,0x00,0x00,0x00,0x00,0x00,0x00,0x00,0x00,0x00,0x00,0x00,0x00,0x00,0x00,0x00,0x00,0x00,0x00,0x00,
	0x00,0x00,0x00,0x00,0x00,0x00,0x00,0x00,0x00,0x00,0x00,0x00,0x00,0x00,0x00,0x00,0x00,0x00,0x00,0x00,
	0x00,0x00,0x00,0x00,0x00,0x00,0x00,0x00,0x00,0x00,0x00,0x00,0x00,0x00,0x00,0x00,0x00,0x00,0x00,0x00,
	0x00,0x00,0x00,0x00,0x00,0x00,0x00,0x00,0x00,0x00,0x00,0x00,0x00,0x00,0x00,0x00,0x00,0x00,0x00,0x00,
	0x00,0x00,0x00,0x00,0x00,0x00,0x00,0x00,0x00,0x00,0x00,0x00,0x00,0x00,0x00,0x00,0x00,0x00,0x00,0x00,
	0x00,0x00,0x00,0x00,0x00,0x00,0x00,0x00,0x00,0x00,0x00,0x00,0x00,0x00,0x00,0x00,0x00,0x00,0x00,0x00,
	0x00,0x00,0x00,0x00,0x00,0x00,0x00,0x00,0x00,0x00,0x00,0x00,0x00,0x00,0x00,0x00,0x00,0x00,0x00,0x00,
	0x00,0x00,0x00,0x00,0x00,0x00,0x00,0x00,0x00,0x00,0x00,0x00,0x00,0x00,0x00,0x00,0x00,0x00,0x00,0x00,
	0x00,0x00,0x00,0x00,0x00,0x00,0x00,0x00,0x00,0x00,0x00,0x00,0x00,0x00,0x00,0x00,0x00,0x00,0x00,0x00,
	0x00,0x00,0x00,0x00,0x00,0x00,0x00,0x00,0x00,0x00,0x00,0x00,0x00,0x00,0x00,0x00,0x00,0x00,0x00,0x00,
	0x00,0x00,0x00,0x00,0x00,0x00,0x00,0x00,0x00,0x00,0x00,0x00,0x00,0x00,0x00,0x00,0x00,0x00,0x00,0x00,
	0x00,0x00,0x00,0x00,0x00,0x00,0x00,0x00,0x00,0x00,0x00,0x00,0x00,0x00,0x00,0x00,0x00,0x00,0x00,0x00,
	0x00,0x00,0x00,0x00,0x00,0x00,0x00,0x00,0x00,0x00,0x00,0x00,0x00,0x00,0x00,0x00,0x00,0x00,0x00,0x00,
	0x00,0x00,0x00,0x00,0x00,0x00,0x00,0x00,0x00,0x00,0x00,0x00,0x00,0x00,0x00,0x00,0x00,0x00,0x00,0x00,
	0x00,0x00,0x00,0x00,0x00,0x00,0x00,0x00,0x00,0x00,0x00,0x00,0x00,0x00,0x00,0x00,0x00,0x00,0x00,0x00,
	0x00,0x00,0x00,0x00,0x00,0x00,0x00,0x00,0x00,0x00,0x00,0x00,0x00,0x00,0x00,0x00,0x00,0x00,0x00,0x00,
	0x00,0x00,0x00,0x00,0x00,0x00,0x00,0x00,0x00,0x00,0x00,0x00,0x00,0x00,0x00,0x00,0x00,0x00,0x00,0x00,
	0x00,0x00,0x00,0x00,0x00,0x00,0x00,0x00,0x00,0x00,0x00,0x00,0x00,0x00,0x00,0x00,0x00,0x00,0x00,0x00,
	0x00,0x00,0x00,0x00,0x00,0x00,0x00,0x00,0x00,0x00,0x00,0x00,0x00,0x00,0x00,0x00,0x00,0x00,0x00,0x00,
	0x00,0x00,0x00,0x00,0x00,0x00,0x00,0x00,0x00,0x00,0x00,0x00,0x00,0x00,0x00,0x00,0x00,0x00,0x00,0x00,
	0x00,0x00,0x00,0x00,0x00,0x00,0x00,0x00,0x00,0x00,0x00,0x00,0x00,0x00,0x00,0x00,0x00,0x00,0x00,0x00,
	0x00,0x00,0x00,0x00,0x00,0x00,0x00,0x00,0x00,0x00,0x00,0x00,0x00,0x00,0x00,0x00,0x00,0x00,0x00,0x00,
	0x00,0x00,0x00,0x00,0x00,0x00,0x00,0x00,0x00,0x00,0x00,0x00,0x00,0x00,0x00,0x00,0x00,0x00,0x00,0x00,
	0x00,0x00,0x00,0x00,0x00,0x00,0x00,0x00,0x00,0x00,0x00,0x00,0x00,0x00,0x00,0x00,0x00,0x00,0x00,0x00,
	0x00,0x00,0x00,0x00,0x00,0x00,0x00,0x00,0x00,0x00,0x00,0x00,0x00,0x00,0x00,0x00,0x00,0x00,0x00,0x00,
	0x00,0x00,0x00,0x00,0x00,0x00,0x00,0x00,0x00,0x00,0x00,0x00,0x00,0x00,0x00,0x00,0x00,0x00,0x00,0x00,
	0x00,0x00,0x00,0x00,0x00,0x00,0x00,0x00,0x00,0x00,0x00,0x00,0x00,0x00,0x00,0x00,0x00,0x00,0x00,0x00,
	0x00,0x00,0x00,0x00,0x00,0x00,0x00,0x00,0x00,0x00,0x00,0x00,0x00,0x00,0x00,0x00,0x00,0x00,0x00,0x00,
	0x00,0x00,0x00,0x00,0x00,0x00,0x00,0x00,0x00,0x00,0x00,0x00,0x00,0x00,0x00,0x00,0x00,0x00,0x00,0x00,
	0x00,0x00,0x00,0x00,0x00,0x00,0x00,0x00,0x00,0x00,0x00,0x00,0x00,0x00,0x00,0x00,0x00,0x00,0x00,0x00,
	0x00,0x00,0x00,0x00,0x00,0x00,0x00,0x00,0x00,0x00,0x00,0x00,0x00,0x00,0x00,0x00,0x00,0x00,0x00,0x00,
	0x00,0x00,0x00,0x00,0x00,0x00,0x00,0x00,0x00,0x00,0x00,0x00,0x00,0x00,0x00,0x00,0x00,0x00,0x00,0x00,
	0x00,0x00,0x00,0x00,0x00,0x00,0x00,0x00,0x00,0x00,0x00,0x00,0x00,0x00,0x00,0x00,0x00,0x00,0x00,0x00,
	0x00,0x00,0x00,0x00,0x00,0x00,0x00,0x00,0x00,0x00,0x00,0x00,0x00,0x00,0x00,0x00,0x00,0x00,0x00,0x00,
	0x00,0x00,0x00,0x00,0x00,0x00,0x00,0x00,0x00,0x00,0x00,0x00,0x00,0x00,0x00,0x00,0x00,0x00,0x00,0x00,
	0x00,0x00,0x00,0x00,0x00,0x00,0x00,0x00,0x00,0x00,0x00,0x00,0x00,0x00,0x00,0x00,0x00,0x00,0x00,0x00,
	0x00,0x00,0x00,0x00,0x00,0x00,0x00,0x00,0x00,0x00,0x00,0x00,0x00,0x00,0x00,0x00,0x00,0x00,0x00,0x00,
	0x00,0x00,0x00,0x00,0x00,0x00,0x00,0x00,0x00,0x00,0x00,0x00,0x00,0x00,0x00,0x00,0x00,0x00,0x00,0x00,
	0x00,0x00,0x00,0x00,0x00,0x00,0x00,0x00,0x00,0x00,0x00,0x00,0x00,0x00,0x00,0x00,0x00,0x00,0x00,0x00,
	0x00,0x00,0x00,0x00,0x00,0x00,0x00,0x00,0x00,0x00,0x00,0x00,0x00,0x00,0x00,0x00,0x00,0x00,0x00,0x00,
	0x00,0x00,0x00,0x00,0x00,0x00,0x00,0x00,0x00,0x00,0x00,0x00,0x00,0x00,0x00,0x00,0x00,0x00,0x00,0x00,
	0x00,0x00,0x00,0x00,0x00,0x00,0x00,0x00,0x00,0x00,0x00,0x00,0x00,0x00,0x00,0x00,0x00,0x00,0x00,0x00,
	0x00,0x00,0x00,0x00,0x00,0x00,0x00,0x00,0x00,0x00,0x00,0x00,0x00,0x00,0x00,0x00,0x00,0x00,0x00,0x00,
	0x00,0x00,0x00,0x00,0x00,0x00,0x00,0x00,0x00,0x00,0x00,0x00,0x00,0x00,0x00,0x00,0x00,0x00,0x00,0x00,
	0x00,0x00,0x00,0x00,0x00,0x00,0x00,0x00,0x00,0x00,0x00,0x00,0x00,0x00,0x00,0x00,0x00,0x00,0x00,0x00,
	0x00,0x00,0x00,0x00,0x00,0x00,0x00,0x00,0x00,0x00,0x00,0x00,0x00,0x00,0x00,0x00,0x00,0x00,0x00,0x00,
	0x00,0x00,0x00,0x00,0x00,0x00,0x00,0x00,0x00,0x00,0x00,0x00,0x00,0x00,0x00,0x00,0x00,0x00,0x00,0x00,
	0x00,0x00,0x00,0x00,0x00,0x00,0x00,0x00,0x00,0x00,0x00,0x00,0x00,0x00,0x00,0x00,0x00,0x00,0x00,0x00,
	0x00,0x00,0x00,0x00,0x00,0x00,0x00,0x00,0x00,0x00,0x00,0x00,0x00,0x00,0x00,0x00,0x00,0x00,0x00,0x00,
	0x00,0x00,0x00,0x00,0x00,0x00,0x00,0x00,0x00,0x00,0x00,0x00,0x00,0x00,0x00,0x00,0x00,0x00,0x00,0x00,
	0x00,0x00,0x00,0x00,0x00,0x00,0x00,0x00,0x00,0x00,0x00,0x00,0x00,0x00,0x00,0x00,0x00,0x00,0x00,0x00,
	0x00,0x00,0x00,0x00,0x00,0x00,0x00,0x00,0x00,0x00,0x00,0x00,0x00,0x00,0x00,0x00,0x00,0x00,0x00,0x00,
	0x00,0x00,0x00,0x00,0x00,0x00,0x00,0x00,0x00,0x00,0x00,0x00,0x00,0x00,0x00,0x00,0x00,0x00,0x00,0x00,
	0x00,0x00,0x00,0x00,0x00,0x00,0x00,0x00,0x00,0x00,0x00,0x00,0x00,0x00,0x00,0x00,0x00,0x00,0x00,0x00,
	0x00,0x00,0x00,0x00,0x00,0x00,0x00,0x00,0x00,0x00,0x00,0x00,0x00,0x00,0x00,0x00,0x00,0x00,0x00,0x00,
	0x00,0x00,0x00,0x00,0x00,0x00,0x00,0x00,0x00,0x00,0x00,0x00,0x00,0x00,0x00,0x00,0x00,0x00,0x00,0x00,
	0x00,0x00,0x00,0x00,0x00,0x00,0x00,0x00,0x00,0x00,0x00,0x00,0x00,0x00,0x00,0x00,0x00,0x00,0x00,0x00,
	0x00,0x00,0x00,0x00,0x00,0x00,0x00,0x00,0x00,0x00,0x00,0x00,0x00,0x00,0x00,0x00,0x00,0x00,0x00,0x00,
	0x00,0x00,0x00,0x00,0x00,0x00,0x00,0x00,0x00,0x00,0x00,0x00,0x00,0x00,0x00,0x00,0x00,0x00,0x00,0x00,
	0x00,0x00,0x00,0x00,0x00,0x00,0x00,0x00,0x00,0x00,0x00,0x00,0x00,0x00,0x00,0x00,0x00,0x00,0x00,0x00,
	0x00,0x00,0x00,0x00,0x00,0x00,0x00,0x00,0x00,0x00,0x00,0x00,0x00,0x00,0x00,0x00,0x00,0x00,0x00,0x00,
	0x00,0x00,0x00,0x00,0x00,0x00,0x00,0x00,0x00,0x00,0x00,0x00,0x00,0x00,0x00,0x00,0x00,0x00,0x00,0x00,
	0x00,0x00,0x00,0x00,0x00,0x00,0x00,0x00,0x00,0x00,0x00,0x00,0x00,0x00,0x00,0x00,0x00,0x00,0x00,0x00,
	0x00,0x00,0x00,0x00,0x00,0x00,0x00,0x00,0x00,0x00,0x00,0x00,0x00,0x00,0x00,0x00,0x00,0x00,0x00,0x00,
	0x00,0x00,0x00,0x00,0x00,0x00,0x00,0x00,0x00,0x00,0x00,0x00,0x00,0x00,0x00,0x00,0x00,0x00,0x00,0x00,
	0x00,0x00,0x00,0x00,0x00,0x00,0x00,0x00,0x00,0x00,0x00,0x00,0x00,0x00,0x00,0x00,0x00,0x00,0x00,0x00,
	0x00,0x00,0x00,0x00,0x00,0x00,0x00,0x00,0x00,0x00,0x00,0x00,0x00,0x00,0x00,0x00,0x00,0x00,0x00,0x00,
	0x00,0x00,0x00,0x00,0x00,0x00,0x00,0x00,0x00,0x00,0x00,0x00,0x00,0x00,0x00,0x00,0x00,0x00,0x00,0x00,
	0x00,0x00,0x00,0x00,0x00,0x00,0x00,0x00,0x00,0x00,0x00,0x00,0x00,0x00,0x00,0x00,0x00,0x00,0x00,0x00,
	0x00,0x00,0x00,0x00,0x00,0x00,0x00,0x00,0x00,0x00,0x00,0x00,0x00,0x00,0x00,0x00,0x00,0x00,0x00,0x00,
	0x00,0x00,0x00,0x00,0x00,0x00,0x00,0x00,0x00,0x00,0x00,0x00,0x00,0x00,0x00,0x00,0x00,0x00,0x00,0x00,
	0x00,0x00,0x00,0x00,0x00,0x00,0x00,0x00,0x00,0x00,0x00,0x00,0x00,0x00,0x00,0x00,0x00,0x00,0x00,0x00,
	0x00,0x00,0x00,0x00,0x00,0x00,0x00,0x00,0x00,0x00,0x00,0x00,0x00,0x00,0x00,0x00,0x00,0x00,0x00,0x00,
	0x00,0x00,0x00,0x00,0x00,0x00,0x00,0x00,0x00,0x00,0x00,0x00,0x00,0x00,0x00,0x00,0x00,0x00,0x00,0x00,
	0x00,0x00,0x00,0x00,0x00,0x00,0x00,0x00,0x00,0x00,0x00,0x00,0x00,0x00,0x00,0x00,0x00,0x00,0x00,0x00,
	0x00,0x00,0x00,0x00,0x00,0x00,0x00,0x00,0x00,0x00,0x00,0x00,0x00,0x00,0x00,0x00,0x00,0x00,0x00,0x00,
	0x00,0x00,0x00,0x00,0x00,0x00,0x00,0x00,0x00,0x00,0x00,0x00,0x00,0x00,0x00,0x00,0x00,0x00,0x00,0x00,
	0x00,0x00,0x00,0x00,0x00,0x00,0x00,0x00,0x00,0x00,0x00,0x00,0x00,0x00,0x00,0x00,0x00,0x00,0x00,0x00,
	0x00,0x00,0x00,0x00,0x00,0x00,0x00,0x00,0x00,0x00,0x00,0x00,0x00,0x00,0x00,0x00,0x00,0x00,0x00,0x00,
	0x00,0x00,0x00,0x00,0x00,0x00,0x00,0x00,0x00,0x00,0x00,0x00,0x00,0x00,0x00,0x00,0x00,0x00,0x00,0x00,
	0x00,0x00,0x00,0x00,0x00,0x00,0x00,0x00,0x00,0x00,0x00,0x00,0x00,0x00,0x00,0x00,0x00,0x00,0x00,0x00,
	0x00,0x00,0x00,0x00,0x00,0x00,0x00,0x00,0x00,0x00,0x00,0x00,0x00,0x00,0x00,0x00,0x00,0x00,0x00,0x00,
	0x00,0x00,0x00,0x00,0x00,0x00,0x00,0x00,0x00,0x00,0x00,0x00,0x00,0x00,0x00,0x00,0x00,0x00,0x00,0x00,
	0x00,0x00,0x00,0x00,0x00,0x00,0x00,0x00,0x00,0x00,0x00,0x00,0x00,0x00,0x00,0x00,0x00,0x00,0x00,0x00,
	0x00,0x00,0x00,0x00,0x00,0x00,0x00,0x00,0x00,0x00,0x00,0x00,0x00,0x00,0x00,0x00,0x00,0x00,0x00,0x00,
	0x00,0x00,0x00,0x00,0x00,0x00,0x00,0x00,0x00,0x00,0x00,0x00,0x00,0x00,0x00,0x00,0x00,0x00,0x00,0x00,
	0x00,0x00,0x00,0x00,0x00,0x00,0x00,0x00,0x00,0x00,0x00,0x00,0x00,0x00,0x00,0x00,0x00,0x00,0x00,0x00,
	0x00,0x00,0x00,0x00,0x00,0x00,0x00,0x00,0x00,0x00,0x00,0x00,0x00,0x00,0x00,0x00,0x00,0x00,0x00,0x00,
	0x00,0x00,0x00,0x00,0x00,0x00,0x00,0x00,0x00,0x00,0x00,0x00,0x00,0x00,0x00,0x00,0x00,0x00,0x00,0x00,
	0x00,0x00,0x00,0x00,0x00,0x00,0x00,0x00,0x00,0x00,0x00,0x00,0x00,0x00,0x00,0x00,0x00,0x00,0x00,0x00,
	0x00,0x00,0x00,0x00,0x00,0x00,0x00,0x00,0x00,0x00,0x00,0x00,0x00,0x00,0x00,0x00,0x00,0x00,0x00,0x00,
	0x00,0x00,0x00,0x00,0x00,0x00,0x00,0x00,0x00,0x00,0x00,0x00,0x00,0x00,0x00,0x00,0x00,0x00,0x00,0x00,
	0x00,0x00,0x00,0x00,0x00,0x00,0x00,0x00,0x00,0x00,0x00,0x00,0x00,0x00,0x00,0x00,0x00,0x00,0x00,0x00,
	0x00,0x00,0x00,0x00,0x00,0x00,0x00,0x00,0x00,0x00,0x00,0x00,0x00,0x00,0x00,0x00,0x00,0x00,0x00,0x00,
	0x00,0x00,0x00,0x00,0x00,0x00,0x00,0x00,0x00,0x00,0x00,0x00,0x00,0x00,0x00,0x00,0x00,0x00,0x00,0x00,
	0x00,0x00,0x00,0x00,0x00,0x00,0x00,0x00,0x00,0x00,0x00,0x00,0x00,0x00,0x00,0x00,0x00,0x00,0x00,0x00,
	0x00,0x00,0x00,0x00,0x00,0x00,0x00,0x00,0x00,0x00,0x00,0x00,0x00,0x00,0x00,0x00,0x00,0x00,0x00,0x00,
	0x00,0x00,0x00,0x00,0x00,0x00,0x00,0x00,0x00,0x00,0x00,0x00,0x00,0x00,0x00,0x00,0x00,0x00,0x00,0x00,
	0x00,0x00,0x00,0x00,0x00,0x00,0x00,0x00,0x00,0x00,0x00,0x00,0x00,0x00,0x00,0x00,0x00,0x00,0x00,0x00,
	0x00,0x00,0x00,0x00,0x00,0x00,0x00,0x00,0x00,0x00,0x00,0x00,0x00,0x00,0x00,0x00,0x00,0x00,0x00,0x00,
	0x00,0x00,0x00,0x00,0x00,0x00,0x00,0x00,0x00,0x00,0x00,0x00,0x00,0x00,0x00,0x00,0x00,0x00,0x00,0x00,
	0x00,0x00,0x00,0x00,0x00,0x00,0x00,0x00,0x00,0x00,0x00,0x00,0x00,0x00,0x00,0x00,0x00,0x00,0x00,0x00,
	0x00,0x00,0x00,0x00,0x00,0x00,0x00,0x00,0x00,0x00,0x00,0x00,0x00,0x00,0x00,0x00,0x00,0x00,0x00,0x00,
	0x00,0x00,0x00,0x00,0x00,0x00,0x00,0x00,0x00,0x00,0x00,0x00,0x00,0x00,0x00,0x00,0x00,0x00,0x00,0x00,
	0x00,0x00,0x00,0x00,0x00,0x00,0x00,0x00,0x00,0x00,0x00,0x00,0x00,0x00,0x00,0x00,0x00,0x00,0x00,0x00,
	0x00,0x00,0x00,0x00,0x00,0x00,0x00,0x00,0x00,0x00,0x00,0x00,0x00,0x00,0x00,0x00,0x00,0x00,0x00,0x00,
	0x00,0x00,0x00,0x00,0x21,0x08,0x01,0x08,0x00,0x00,0x00,0x00,0x00,0x00,0x00,0x00,0x00,0x00,0x00,0x00,
	0x21,0x08,0x22,0x08,0x22,0x08,0x22,0x08,0x21,0x08,0x01,0x00,0x00,0x00,0x00,0x00,0x00,0x00,0x00,0x00,
	0x00,0x00,0x00,0x00,0x00,0x00,0x00,0x00,0x00,0x00,0x00,0x00,0x00,0x00,0x00,0x00,0x00,0x00,0x00,0x00,
	0x00,0x00,0x00,0x00,0x00,0x00,0x00,0x00,0x00,0x00,0x00,0x00,0x00,0x00,0x00,0x00,0x00,0x00,0x00,0x00,
	0x00,0x00,0x00,0x00,0x00,0x00,0x00,0x00,0x00,0x00,0x00,0x00,0x00,0x00,0x00,0x00,0x00,0x00,0x00,0x00,
	0x00,0x00,0x00,0x00,0x00,0x00,0x00,0x00,0x00,0x00,0x00,0x00,0x00,0x00,0x00,0x00,0x00,0x00,0x00,0x00,
	0x00,0x00,0x00,0x00,0x00,0x00,0x00,0x00,0x00,0x00,0x00,0x00,0x00,0x00,0x00,0x00,0x00,0x00,0x00,0x00,
	0x00,0x00,0x00,0x00,0x00,0x00,0x00,0x00,0x00,0x00,0x00,0x00,0x00,0x00,0x00,0x00,0x00,0x00,0x00,0x00,
	0x00,0x00,0x00,0x00,0x00,0x00,0x00,0x00,0x00,0x00,0x00,0x00,0x00,0x00,0x00,0x00,0x00,0x00,0x00,0x00,
	0x00,0x00,0x00,0x00,0x00,0x00,0x00,0x00,0x00,0x00,0x00,0x00,0x00,0x00,0x00,0x00,0x00,0x00,0x00,0x00,
	0x00,0x00,0x00,0x00,0x00,0x00,0x00,0x00,0x00,0x00,0x00,0x00,0x00,0x00,0x00,0x00,0x00,0x00,0x00,0x00,
	0x00,0x00,0x00,0x00,0x00,0x00,0x00,0x00,0x00,0x00,0x00,0x00,0x00,0x00,0x00,0x00,0x00,0x00,0x00,0x00,
	0x00,0x00,0x00,0x00,0x00,0x00,0x00,0x00,0x00,0x00,0x00,0x00,0x00,0x00,0x00,0x00,0x00,0x00,0x00,0x00,
	0x00,0x00,0x00,0x00,0x00,0x00,0x00,0x00,0x00,0x00,0x00,0x00,0x00,0x00,0x00,0x00,0x00,0x00,0x00,0x00,
	0x00,0x00,0x00,0x00,0x00,0x00,0x00,0x00,0x00,0x00,0x00,0x00,0x00,0x00,0x00,0x00,0x00,0x00,0x00,0x00,
	0x00,0x00,0x00,0x00,0x00,0x00,0x00,0x00,0x00,0x00,0x00,0x00,0x00,0x00,0x00,0x00,0x00,0x00,0x00,0x00,
	0x00,0x00,0x00,0x00,0x00,0x00,0x00,0x00,0x00,0x00,0x00,0x00,0x00,0x00,0x00,0x00,0x00,0x00,0x00,0x00,
	0x00,0x00,0x00,0x00,0x00,0x00,0x00,0x00,0x00,0x00,0x00,0x00,0x00,0x00,0x00,0x00,0x00,0x00,0x00,0x00,
	0x00,0x00,0x00,0x00,0x00,0x00,0x00,0x00,0x00,0x00,0x00,0x00,0x00,0x00,0x00,0x00,0x00,0x00,0x00,0x00,
	0x00,0x00,0x00,0x00,0x00,0x00,0x00,0x00,0x00,0x00,0x00,0x00,0x00,0x00,0x00,0x00,0x00,0x00,0x00,0x00,
	0x00,0x00,0x00,0x00,0x00,0x00,0x00,0x00,0x00,0x00,0x00,0x00,0x00,0x00,0x00,0x00,0x00,0x00,0x00,0x00,
	0x00,0x00,0x00,0x00,0x00,0x00,0x00,0x00,0x00,0x00,0x00,0x00,0x00,0x00,0x00,0x00,0x00,0x00,0x00,0x00,
	0x00,0x00,0x00,0x00,0x00,0x00,0x00,0x00,0x00,0x00,0x00,0x00,0x00,0x00,0x00,0x00,0x00,0x00,0x00,0x00,
	0x00,0x00,0x00,0x00,0x00,0x00,0x00,0x00,0x00,0x00,0x00,0x00,0x00,0x00,0x00,0x00,0x00,0x00,0x00,0x00,
	0x00,0x00,0x00,0x00,0x00,0x00,0x00,0x00,0x00,0x00,0x00,0x00,0x00,0x00,0x00,0x00,0x00,0x00,0x00,0x00,
	0x00,0x00,0x00,0x00,0x00,0x00,0x00,0x00,0x00,0x00,0x00,0x00,0x00,0x00,0x00,0x00,0x00,0x00,0x00,0x00,
	0x00,0x00,0x00,0x00,0x00,0x00,0x00,0x00,0x00,0x00,0x00,0x00,0x00,0x00,0x00,0x00,0x00,0x00,0x00,0x00,
	0x00,0x00,0x00,0x00,0x00,0x00,0x00,0x00,0x22,0x10,0xC9,0x30,0xA7,0x28,0x64,0x18,0x21,0x08,0x00,0x00,
	0x00,0x00,0x00,0x00,0x21,0x08,0xE9,0x28,0x6E,0x49,0x6F,0x51,0x4F,0x49,0x0C,0x41,0x65,0x18,0x01,0x00,
	0x00,0x00,0x00,0x00,0x00,0x00,0x00,0x00,0x00,0x00,0x00,0x00,0x00,0x00,0x00,0x00,0x00,0x00,0x00,0x00,
	0x00,0x00,0x00,0x00,0x00,0x00,0x00,0x00,0x00,0x00,0x00,0x00,0x00,0x00,0x00,0x00,0x00,0x00,0x00,0x00,
	0x00,0x00,0x00,0x00,0x00,0x00,0x00,0x00,0x00,0x00,0x00,0x00,0x00,0x00,0x00,0x00,0x00,0x00,0x00,0x00,
	0x00,0x00,0x00,0x00,0x00,0x00,0x00,0x00,0x00,0x00,0x00,0x00,0x00,0x00,0x00,0x00,0x00,0x00,0x00,0x00,
	0x00,0x00,0x00,0x00,0x00,0x00,0x00,0x00,0x00,0x00,0x00,0x00,0x00,0x00,0x00,0x00,0x00,0x00,0x00,0x00,
	0x00,0x00,0x00,0x00,0x00,0x00,0x00,0x00,0x00,0x00,0x00,0x00,0x00,0x00,0x00,0x00,0x00,0x00,0x00,0x00,
	0x00,0x00,0x00,0x00,0x00,0x00,0x00,0x00,0x00,0x00,0x00,0x00,0x00,0x00,0x00,0x00,0x00,0x00,0x00,0x00,
	0x00,0x00,0x00,0x00,0x00,0x00,0x00,0x00,0x00,0x00,0x00,0x00,0x00,0x00,0x00,0x00,0x00,0x00,0x00,0x00,
	0x00,0x00,0x00,0x00,0x00,0x00,0x00,0x00,0x00,0x00,0x00,0x00,0x00,0x00,0x00,0x00,0x00,0x00,0x00,0x00,
	0x00,0x00,0x00,0x00,0x00,0x00,0x00,0x00,0x00,0x00,0x00,0x00,0x00,0x00,0x00,0x00,0x00,0x00,0x00,0x00,
	0x00,0x00,0x00,0x00,0x00,0x00,0x00,0x00,0x00,0x00,0x00,0x00,0x00,0x00,0x00,0x00,0x00,0x00,0x00,0x00,
	0x00,0x00,0x00,0x00,0x00,0x00,0x00,0x00,0x00,0x00,0x00,0x00,0x00,0x00,0x00,0x00,0x00,0x00,0x00,0x00,
	0x00,0x00,0x00,0x00,0x00,0x00,0x00,0x00,0x00,0x00,0x00,0x00,0x00,0x00,0x00,0x00,0x00,0x00,0x00,0x00,
	0x00,0x00,0x00,0x00,0x00,0x00,0x00,0x00,0x00,0x00,0x00,0x00,0x00,0x00,0x00,0x00,0x00,0x00,0x00,0x00,
	0x00,0x00,0x00,0x00,0x00,0x00,0x00,0x00,0x00,0x00,0x00,0x00,0x00,0x00,0x00,0x00,0x00,0x00,0x00,0x00,
	0x00,0x00,0x00,0x00,0x00,0x00,0x00,0x00,0x00,0x00,0x00,0x00,0x00,0x00,0x00,0x00,0x00,0x00,0x00,0x00,
	0x00,0x00,0x00,0x00,0x00,0x00,0x00,0x00,0x00,0x00,0x00,0x00,0x00,0x00,0x00,0x00,0x00,0x00,0x00,0x00,
	0x00,0x00,0x00,0x00,0x00,0x00,0x00,0x00,0x00,0x00,0x00,0x00,0x00,0x00,0x00,0x00,0x00,0x00,0x00,0x00,
	0x00,0x00,0x00,0x00,0x00,0x00,0x00,0x00,0x00,0x00,0x00,0x00,0x00,0x00,0x00,0x00,0x00,0x00,0x00,0x00,
	0x00,0x00,0x00,0x00,0x00,0x00,0x00,0x00,0x00,0x00,0x00,0x00,0x00,0x00,0x00,0x00,0x00,0x00,0x00,0x00,
	0x00,0x00,0x00,0x00,0x00,0x00,0x00,0x00,0x00,0x00,0x00,0x00,0x00,0x00,0x00,0x00,0x00,0x00,0x00,0x00,
	0x00,0x00,0x00,0x00,0x00,0x00,0x00,0x00,0x00,0x00,0x00,0x00,0x00,0x00,0x00,0x00,0x00,0x00,0x00,0x00,
	0x00,0x00,0x00,0x00,0x00,0x00,0x00,0x00,0x00,0x00,0x00,0x00,0x00,0x00,0x00,0x00,0x00,0x00,0x00,0x00,
	0x00,0x00,0x00,0x00,0x00,0x00,0x00,0x00,0x00,0x00,0x00,0x00,0x00,0x00,0x00,0x00,0x00,0x00,0x00,0x00,
	0x00,0x00,0x00,0x00,0x00,0x00,0x00,0x00,0x00,0x00,0x00,0x00,0x00,0x00,0x00,0x00,0x00,0x00,0x00,0x00,
	0x00,0x00,0x00,0x00,0x00,0x00,0x00,0x00,0x00,0x00,0x22,0x08,0x85,0x20,0x2C,0x41,0xD3,0x69,0x6F,0x51,
	0xC8,0x30,0x22,0x08,0x00,0x00,0x00,0x00,0x64,0x18,0x0B,0x39,0xD3,0x61,0x57,0x7A,0x58,0x82,0x58,0x82,
	0xF6,0x79,0x4F,0x51,0xA8,0x28,0x22,0x08,0x00,0x00,0x00,0x00,0x00,0x00,0x00,0x00,0x00,0x00,0x00,0x00,
	0x00,0x00,0x00,0x00,0x00,0x00,0x00,0x00,0x00,0x00,0x00,0x00,0x00,0x00,0x00,0x00,0x00,0x00,0x00,0x00,
	0x00,0x00,0x00,0x00,0x00,0x00,0x00,0x00,0x00,0x00,0x00,0x00,0x00,0x00,0x00,0x00,0x00,0x00,0x00,0x00,
	0x00,0x00,0x00,0x00,0x00,0x00,0x00,0x00,0x00,0x00,0x00,0x00,0x00,0x00,0x00,0x00,0x00,0x00,0x00,0x00,
	0x00,0x00,0x00,0x00,0x00,0x00,0x00,0x00,0x00,0x00,0x00,0x00,0x00,0x00,0x00,0x00,0x00,0x00,0x00,0x00,
	0x00,0x00,0x00,0x00,0x00,0x00,0x00,0x00,0x00,0x00,0x00,0x00,0x00,0x00,0x00,0x00,0x00,0x00,0x00,0x00,
	0x00,0x00,0x00,0x00,0x00,0x00,0x00,0x00,0x00,0x00,0x00,0x00,0x00,0x00,0x00,0x00,0x00,0x00,0x00,0x00,
	0x00,0x00,0x00,0x00,0x00,0x00,0x00,0x00,0x00,0x00,0x00,0x00,0x00,0x00,0x00,0x00,0x00,0x00,0x00,0x00,
	0x00,0x00,0x00,0x00,0x00,0x00,0x00,0x00,0x00,0x00,0x00,0x00,0x00,0x00,0x00,0x00,0x00,0x00,0x00,0x00,
	0x00,0x00,0x00,0x00,0x00,0x00,0x00,0x00,0x00,0x00,0x00,0x00,0x00,0x00,0x00,0x00,0x00,0x00,0x00,0x00,
	0x00,0x00,0x00,0x00,0x00,0x00,0x00,0x00,0x00,0x00,0x00,0x00,0x00,0x00,0x00,0x00,0x00,0x00,0x00,0x00,
	0x00,0x00,0x00,0x00,0x00,0x00,0x00,0x00,0x00,0x00,0x00,0x00,0x00,0x00,0x00,0x00,0x00,0x00,0x00,0x00,
	0x00,0x00,0x00,0x00,0x00,0x00,0x00,0x00,0x00,0x00,0x00,0x00,0x00,0x00,0x00,0x00,0x00,0x00,0x00,0x00,
	0x00,0x00,0x00,0x00,0x00,0x00,0x00,0x00,0x00,0x00,0x00,0x00,0x00,0x00,0x00,0x00,0x00,0x00,0x00,0x00,
	0x00,0x00,0x00,0x00,0x00,0x00,0x00,0x00,0x00,0x00,0x00,0x00,0x00,0x00,0x00,0x00,0x00,0x00,0x00,0x00,
	0x00,0x00,0x00,0x00,0x00,0x00,0x00,0x00,0x00,0x00,0x00,0x00,0x00,0x00,0x00,0x00,0x00,0x00,0x00,0x00,
	0x00,0x00,0x00,0x00,0x00,0x00,0x00,0x00,0x00,0x00,0x00,0x00,0x00,0x00,0x00,0x00,0x00,0x00,0x00,0x00,
	0x00,0x00,0x00,0x00,0x00,0x00,0x00,0x00,0x00,0x00,0x00,0x00,0x00,0x00,0x00,0x00,0x00,0x00,0x00,0x00,
	0x00,0x00,0x00,0x00,0x00,0x00,0x00,0x00,0x00,0x00,0x00,0x00,0x00,0x00,0x00,0x00,0x00,0x00,0x00,0x00,
	0x00,0x00,0x00,0x00,0x00,0x00,0x00,0x00,0x00,0x00,0x00,0x00,0x00,0x00,0x00,0x00,0x00,0x00,0x00,0x00,
	0x00,0x00,0x00,0x00,0x00,0x00,0x00,0x00,0x00,0x00,0x00,0x00,0x00,0x00,0x00,0x00,0x00,0x00,0x00,0x00,
	0x00,0x00,0x00,0x00,0x00,0x00,0x00,0x00,0x00,0x00,0x00,0x00,0x00,0x00,0x00,0x00,0x00,0x00,0x00,0x00,
	0x00,0x00,0x00,0x00,0x00,0x00,0x00,0x00,0x00,0x00,0x00,0x00,0x00,0x00,0x00,0x00,0x00,0x00,0x00,0x00,
	0x00,0x00,0x00,0x00,0x00,0x00,0x00,0x00,0x00,0x00,0x00,0x00,0x00,0x00,0x00,0x00,0x00,0x00,0x00,0x00,
	0x00,0x00,0x00,0x00,0x00,0x00,0x00,0x00,0x00,0x00,0x00,0x00,0x00,0x00,0x00,0x00,0x00,0x00,0x00,0x00,
	0x00,0x00,0x00,0x00,0x00,0x00,0x00,0x00,0x00,0x00,0x00,0x00,0x21,0x08,0x43,0x10,0xC9,0x30,0xF4,0x69,
	0xBB,0x92,0xFE,0xAA,0x57,0x82,0x4D,0x49,0x43,0x10,0x00,0x00,0x02,0x08,0x4E,0x51,0xBA,0x92,0xBC,0x9A,
	0xBC,0x9A,0xBB,0x92,0xBC,0x9A,0xDD,0xA2,0xBC,0x9A,0x15,0x7A,0xA7,0x28,0x01,0x08,0x00,0x00,0x00,0x00,
	0x00,0x00,0x00,0x00,0x00,0x00,0x00,0x00,0x00,0x00,0x00,0x00,0x00,0x00,0x00,0x00,0x00,0x00,0x00,0x00,
	0x00,0x00,0x00,0x00,0x00,0x00,0x00,0x00,0x00,0x00,0x00,0x00,0x00,0x00,0x00,0x00,0x00,0x00,0x00,0x00,
	0x00,0x00,0x00,0x00,0x00,0x00,0x00,0x00,0x00,0x00,0x00,0x00,0x00,0x00,0x00,0x00,0x00,0x00,0x00,0x00,
	0x00,0x00,0x00,0x00,0x00,0x00,0x00,0x00,0x00,0x00,0x00,0x00,0x00,0x00,0x00,0x00,0x00,0x00,0x00,0x00,
	0x00,0x00,0x00,0x00,0x00,0x00,0x00,0x00,0x00,0x00,0x00,0x00,0x00,0x00,0x00,0x00,0x00,0x00,0x00,0x00,
	0x00,0x00,0x00,0x00,0x00,0x00,0x00,0x00,0x00,0x00,0x00,0x00,0x00,0x00,0x00,0x00,0x00,0x00,0x00,0x00,
	0x00,0x00,0x00,0x00,0x00,0x00,0x00,0x00,0x00,0x00,0x00,0x00,0x00,0x00,0x00,0x00,0x00,0x00,0x00,0x00,
	0x00,0x00,0x00,0x00,0x00,0x00,0x00,0x00,0x00,0x00,0x00,0x00,0x00,0x00,0x00,0x00,0x00,0x00,0x00,0x00,
	0x00,0x00,0x00,0x00,0x00,0x00,0x00,0x00,0x00,0x00,0x00,0x00,0x00,0x00,0x00,0x00,0x00,0x00,0x00,0x00,
	0x00,0x00,0x00,0x00,0x00,0x00,0x00,0x00,0x00,0x00,0x00,0x00,0x00,0x00,0x00,0x00,0x00,0x00,0x00,0x00,
	0x00,0x00,0x00,0x00,0x00,0x00,0x00,0x00,0x00,0x00,0x00,0x00,0x00,0x00,0x00,0x00,0x00,0x00,0x00,0x00,
	0x00,0x00,0x00,0x00,0x00,0x00,0x00,0x00,0x00,0x00,0x00,0x00,0x00,0x00,0x00,0x00,0x00,0x00,0x00,0x00,
	0x00,0x00,0x00,0x00,0x00,0x00,0x00,0x00,0x00,0x00,0x00,0x00,0x00,0x00,0x00,0x00,0x00,0x00,0x00,0x00,
	0x00,0x00,0x00,0x00,0x00,0x00,0x00,0x00,0x00,0x00,0x00,0x00,0x00,0x00,0x00,0x00,0x00,0x00,0x00,0x00,
	0x00,0x00,0x00,0x00,0x00,0x00,0x00,0x00,0x00,0x00,0x00,0x00,0x00,0x00,0x00,0x00,0x00,0x00,0x00,0x00,
	0x00,0x00,0x00,0x00,0x00,0x00,0x00,0x00,0x00,0x00,0x00,0x00,0x00,0x00,0x00,0x00,0x00,0x00,0x00,0x00,
	0x00,0x00,0x00,0x00,0x00,0x00,0x00,0x00,0x00,0x00,0x00,0x00,0x00,0x00,0x00,0x00,0x00,0x00,0x00,0x00,
	0x00,0x00,0x00,0x00,0x00,0x00,0x00,0x00,0x00,0x00,0x00,0x00,0x00,0x00,0x00,0x00,0x00,0x00,0x00,0x00,
	0x00,0x00,0x00,0x00,0x00,0x00,0x00,0x00,0x00,0x00,0x00,0x00,0x00,0x00,0x00,0x00,0x00,0x00,0x00,0x00,
	0x00,0x00,0x00,0x00,0x00,0x00,0x00,0x00,0x00,0x00,0x00,0x00,0x00,0x00,0x00,0x00,0x00,0x00,0x00,0x00,
	0x00,0x00,0x00,0x00,0x00,0x00,0x00,0x00,0x00,0x00,0x00,0x00,0x00,0x00,0x00,0x00,0x00,0x00,0x00,0x00,
	0x00,0x00,0x00,0x00,0x00,0x00,0x00,0x00,0x00,0x00,0x00,0x00,0x00,0x00,0x00,0x00,0x00,0x00,0x00,0x00,
	0x00,0x00,0x00,0x00,0x00,0x00,0x00,0x00,0x00,0x00,0x00,0x00,0x00,0x00,0x00,0x00,0x00,0x00,0x00,0x00,
	0x00,0x00,0x00,0x00,0x00,0x00,0x00,0x00,0x00,0x00,0x00,0x00,0x00,0x00,0x00,0x00,0x00,0x00,0x00,0x00,
	0x00,0x00,0x00,0x00,0x00,0x00,0x00,0x00,0x00,0x00,0x00,0x00,0x00,0x00,0x00,0x00,0x42,0x10,0xA8,0x28,
	0x6E,0x51,0x15,0x7A,0xBB,0x92,0x1F,0xB3,0x3F,0xBB,0x78,0x8A,0x4E,0x49,0x42,0x08,0x22,0x08,0x0B,0x39,
	0x36,0x7A,0xFD,0xA2,0x57,0x82,0xB2,0x61,0x90,0x59,0x91,0x59,0xF4,0x71,0xBC,0x9A,0xBC,0xA2,0x6F,0x51,
	0x86,0x20,0x00,0x00,0x00,0x00,0x00,0x00,0x00,0x00,0x00,0x00,0x00,0x00,0x00,0x00,0x00,0x00,0x00,0x00,
	0x00,0x00,0x00,0x00,0x00,0x00,0x00,0x00,0x00,0x00,0x00,0x00,0x00,0x00,0x00,0x00,0x00,0x00,0x00,0x00,
	0x00,0x00,0x00,0x00,0x00,0x00,0x00,0x00,0x00,0x00,0x00,0x00,0x00,0x00,0x00,0x00,0x00,0x00,0x00,0x00,
	0x00,0x00,0x00,0x00,0x00,0x00,0x00,0x00,0x00,0x00,0x00,0x00,0x00,0x00,0x00,0x00,0x00,0x00,0x00,0x00,
	0x00,0x00,0x00,0x00,0x00,0x00,0x00,0x00,0x00,0x00,0x00,0x00,0x00,0x00,0x00,0x00,0x00,0x00,0x00,0x00,
	0x00,0x00,0x00,0x00,0x00,0x00,0x00,0x00,0x00,0x00,0x00,0x00,0x00,0x00,0x00,0x00,0x00,0x00,0x00,0x00,
	0x00,0x00,0x00,0x00,0x00,0x00,0x00,0x00,0x00,0x00,0x00,0x00,0x00,0x00,0x00,0x00,0x00,0x00,0x00,0x00,
	0x00,0x00,0x00,0x00,0x00,0x00,0x00,0x00,0x00,0x00,0x00,0x00,0x00,0x00,0x00,0x00,0x00,0x00,0x00,0x00,
	0x00,0x00,0x00,0x00,0x00,0x00,0x00,0x00,0x00,0x00,0x00,0x00,0x00,0x00,0x00,0x00,0x00,0x00,0x00,0x00,
	0x00,0x00,0x00,0x00,0x00,0x00,0x00,0x00,0x00,0x00,0x00,0x00,0x00,0x00,0x00,0x00,0x00,0x00,0x00,0x00,
	0x00,0x00,0x00,0x00,0x00,0x00,0x00,0x00,0x00,0x00,0x00,0x00,0x00,0x00,0x00,0x00,0x00,0x00,0x00,0x00,
	0x00,0x00,0x00,0x00,0x00,0x00,0x00,0x00,0x00,0x00,0x00,0x00,0x00,0x00,0x00,0x00,0x00,0x00,0x00,0x00,
	0x00,0x00,0x00,0x00,0x00,0x00,0x00,0x00,0x00,0x00,0x00,0x00,0x00,0x00,0x00,0x00,0x00,0x00,0x00,0x00,
	0x00,0x00,0x00,0x00,0x00,0x00,0x00,0x00,0x00,0x00,0x00,0x00,0x00,0x00,0x00,0x00,0x00,0x00,0x00,0x00,
	0x00,0x00,0x00,0x00,0x00,0x00,0x00,0x00,0x00,0x00,0x00,0x00,0x00,0x00,0x00,0x00,0x00,0x00,0x00,0x00,
	0x00,0x00,0x00,0x00,0x00,0x00,0x00,0x00,0x00,0x00,0x00,0x00,0x00,0x00,0x00,0x00,0x00,0x00,0x00,0x00,
	0x00,0x00,0x00,0x00,0x00,0x00,0x00,0x00,0x00,0x00,0x00,0x00,0x00,0x00,0x00,0x00,0x00,0x00,0x00,0x00,
	0x00,0x00,0x00,0x00,0x00,0x00,0x00,0x00,0x00,0x00,0x00,0x00,0x00,0x00,0x00,0x00,0x00,0x00,0x00,0x00,
	0x00,0x00,0x00,0x00,0x00,0x00,0x00,0x00,0x00,0x00,0x00,0x00,0x00,0x00,0x00,0x00,0x00,0x00,0x00,0x00,
	0x00,0x00,0x00,0x00,0x00,0x00,0x00,0x00,0x00,0x00,0x00,0x00,0x00,0x00,0x00,0x00,0x00,0x00,0x00,0x00,
	0x00,0x00,0x00,0x00,0x00,0x00,0x00,0x00,0x00,0x00,0x00,0x00,0x00,0x00,0x00,0x00,0x00,0x00,0x00,0x00,
	0x00,0x00,0x00,0x00,0x00,0x00,0x00,0x00,0x00,0x00,0x00,0x00,0x00,0x00,0x00,0x00,0x00,0x00,0x00,0x00,
	0x00,0x00,0x00,0x00,0x00,0x00,0x00,0x00,0x00,0x00,0x00,0x00,0x00,0x00,0x00,0x00,0x00,0x00,0x00,0x00,
	0x00,0x00,0x00,0x00,0x00,0x00,0x00,0x00,0x00,0x00,0x00,0x00,0x00,0x00,0x00,0x00,0x00,0x00,0x00,0x00,
	0x00,0x00,0x00,0x00,0x00,0x00,0x00,0x00,0x00,0x00,0x00,0x00,0x00,0x00,0x00,0x00,0x00,0x00,0x00,0x00,
	0x00,0x00,0x65,0x20,0x4E,0x51,0x59,0x8A,0xFE,0xAA,0xBC,0x9A,0xFD,0xA2,0x1F,0xB3,0x57,0x82,0x4D,0x49,
	0x22,0x08,0x85,0x20,0x15,0x72,0xBC,0x9A,0x9B,0x92,0x4E,0x49,0x65,0x18,0x22,0x08,0x23,0x08,0x87,0x20,
	0x57,0x82,0x1F,0xB3,0x36,0x7A,0x0B,0x41,0x00,0x00,0x00,0x00,0x00,0x00,0x00,0x00,0x00,0x00,0x00,0x00,
	0x00,0x00,0x00,0x00,0x00,0x00,0x00,0x00,0x00,0x00,0x00,0x00,0x00,0x00,0x00,0x00,0x00,0x00,0x00,0x00,
	0x00,0x00,0x00,0x00,0x00,0x00,0x00,0x00,0x00,0x00,0x00,0x00,0x00,0x00,0x00,0x00,0x00,0x00,0x00,0x00,
	0x00,0x00,0x00,0x00,0x00,0x00,0x00,0x00,0x00,0x00,0x00,0x00,0x00,0x00,0x00,0x00,0x00,0x00,0x00,0x00,
	0x00,0x00,0x00,0x00,0x00,0x00,0x00,0x00,0x00,0x00,0x00,0x00,0x00,0x00,0x00,0x00,0x00,0x00,0x00,0x00,
	0x00,0x00,0x00,0x00,0x00,0x00,0x00,0x00,0x00,0x00,0x00,0x00,0x00,0x00,0x00,0x00,0x00,0x00,0x00,0x00,
	0x00,0x00,0x00,0x00,0x00,0x00,0x00,0x00,0x00,0x00,0x00,0x00,0x00,0x00,0x00,0x00,0x00,0x00,0x00,0x00,
	0x00,0x00,0x00,0x00,0x00,0x00,0x00,0x00,0x00,0x00,0x00,0x00,0x00,0x00,0x00,0x00,0x00,0x00,0x00,0x00,
	0x00,0x00,0x00,0x00,0x00,0x00,0x00,0x00,0x00,0x00,0x00,0x00,0x00,0x00,0x00,0x00,0x00,0x00,0x00,0x00,
	0x00,0x00,0x00,0x00,0x00,0x00,0x00,0x00,0x00,0x00,0x00,0x00,0x00,0x00,0x00,0x00,0x00,0x00,0x00,0x00,
	0x00,0x00,0x00,0x00,0x00,0x00,0x00,0x00,0x00,0x00,0x00,0x00,0x00,0x00,0x00,0x00,0x00,0x00,0x00,0x00,
	0x00,0x00,0x00,0x00,0x00,0x00,0x00,0x00,0x00,0x00,0x00,0x00,0x00,0x00,0x00,0x00,0x00,0x00,0x00,0x00,
	0x00,0x00,0x00,0x00,0x00,0x00,0x00,0x00,0x00,0x00,0x00,0x00,0x00,0x00,0x00,0x00,0x00,0x00,0x00,0x00,
	0x00,0x00,0x00,0x00,0x00,0x00,0x00,0x00,0x00,0x00,0x00,0x00,0x00,0x00,0x00,0x00,0x00,0x00,0x00,0x00,
	0x00,0x00,0x00,0x00,0x00,0x00,0x00,0x00,0x00,0x00,0x00,0x00,0x00,0x00,0x00,0x00,0x00,0x00,0x00,0x00,
	0x00,0x00,0x00,0x00,0x00,0x00,0x00,0x00,0x00,0x00,0x00,0x00,0x00,0x00,0x00,0x00,0x00,0x00,0x00,0x00,
	0x00,0x00,0x00,0x00,0x00,0x00,0x00,0x00,0x00,0x00,0x00,0x00,0x00,0x00,0x00,0x00,0x00,0x00,0x00,0x00,
	0x00,0x00,0x00,0x00,0x00,0x00,0x00,0x00,0x00,0x00,0x00,0x00,0x00,0x00,0x00,0x00,0x00,0x00,0x00,0x00,
	0x00,0x00,0x00,0x00,0x00,0x00,0x00,0x00,0x00,0x00,0x00,0x00,0x00,0x00,0x00,0x00,0x00,0x00,0x00,0x00,
	0x00,0x00,0x00,0x00,0x00,0x00,0x00,0x00,0x00,0x00,0x00,0x00,0x00,0x00,0x00,0x00,0x00,0x00,0x00,0x00,
	0x00,0x00,0x00,0x00,0x00,0x00,0x00,0x00,0x00,0x00,0x00,0x00,0x00,0x00,0x00,0x00,0x00,0x00,0x00,0x00,
	0x00,0x00,0x00,0x00,0x00,0x00,0x00,0x00,0x00,0x00,0x00,0x00,0x00,0x00,0x00,0x00,0x00,0x00,0x00,0x00,
	0x00,0x00,0x00,0x00,0x00,0x00,0x00,0x00,0x00,0x00,0x00,0x00,0x00,0x00,0x00,0x00,0x00,0x00,0x00,0x00,
	0x00,0x00,0x00,0x00,0x00,0x00,0x00,0x00,0x00,0x00,0x00,0x00,0x00,0x00,0x00,0x00,0x00,0x00,0x00,0x00,
	0x00,0x00,0x00,0x00,0x00,0x00,0x00,0x00,0x00,0x00,0x00,0x00,0x00,0x00,0x00,0x00,0x00,0x00,0x00,0x00,
	0x00,0x00,0x00,0x00,0x00,0x00,0x00,0x00,0x85,0x20,0x2D,0x49,0xF4,0x71,0x16,0x7A,0x91,0x59,0x36,0x7A,
	0x1F,0xB3,0x58,0x8A,0x4D,0x49,0x43,0x10,0xC8,0x30,0x58,0x8A,0xBC,0xA2,0x58,0x82,0xC9,0x30,0x01,0x00,
	0x00,0x00,0x00,0x00,0x01,0x00,0x15,0x7A,0x3F,0xBB,0x59,0x92,0x4D,0x49,0x01,0x00,0x00,0x00,0x00,0x00,
	0x00,0x00,0x00,0x00,0x00,0x00,0x00,0x00,0x00,0x00,0x00,0x00,0x00,0x00,0x00,0x00,0x00,0x00,0x00,0x00,
	0x00,0x00,0x00,0x00,0x00,0x00,0x00,0x00,0x00,0x00,0x00,0x00,0x00,0x00,0x00,0x00,0x00,0x00,0x00,0x00,
	0x00,0x00,0x00,0x00,0x00,0x00,0x00,0x00,0x00,0x00,0x00,0x00,0x00,0x00,0x00,0x00,0x00,0x00,0x00,0x00,
	0x00,0x00,0x00,0x00,0x00,0x00,0x00,0x00,0x00,0x00,0x00,0x00,0x00,0x00,0x00,0x00,0x00,0x00,0x00,0x00,
	0x00,0x00,0x00,0x00,0x00,0x00,0x00,0x00,0x00,0x00,0x00,0x00,0x00,0x00,0x00,0x00,0x00,0x00,0x00,0x00,
	0x00,0x00,0x00,0x00,0x00,0x00,0x00,0x00,0x00,0x00,0x00,0x00,0x00,0x00,0x00,0x00,0x00,0x00,0x00,0x00,
	0x00,0x00,0x00,0x00,0x00,0x00,0x00,0x00,0x00,0x00,0x00,0x00,0x00,0x00,0x00,0x00,0x00,0x00,0x00,0x00,
	0x00,0x00,0x00,0x00,0x00,0x00,0x00,0x00,0x00,0x00,0x00,0x00,0x00,0x00,0x00,0x00,0x00,0x00,0x00,0x00,
	0x00,0x00,0x00,0x00,0x00,0x00,0x00,0x00,0x00,0x00,0x00,0x00,0x00,0x00,0x00,0x00,0x00,0x00,0x00,0x00,
	0x00,0x00,0x00,0x00,0x00,0x00,0x00,0x00,0x00,0x00,0x00,0x00,0x00,0x00,0x00,0x00,0x00,0x00,0x00,0x00,
	0x00,0x00,0x00,0x00,0x00,0x00,0x00,0x00,0x00,0x00,0x00,0x00,0x00,0x00,0x00,0x00,0x00,0x00,0x00,0x00,
	0x00,0x00,0x00,0x00,0x00,0x00,0x00,0x00,0x00,0x00,0x00,0x00,0x00,0x00,0x00,0x00,0x00,0x00,0x00,0x00,
	0x00,0x00,0x00,0x00,0x00,0x00,0x00,0x00,0x00,0x00,0x00,0x00,0x00,0x00,0x00,0x00,0x00,0x00,0x00,0x00,
	0x00,0x00,0x00,0x00,0x00,0x00,0x00,0x00,0x00,0x00,0x00,0x00,0x00,0x00,0x00,0x00,0x00,0x00,0x00,0x00,
	0x00,0x00,0x00,0x00,0x00,0x00,0x00,0x00,0x00,0x00,0x00,0x00,0x00,0x00,0x00,0x00,0x00,0x00,0x00,0x00,
	0x00,0x00,0x00,0x00,0x00,0x00,0x00,0x00,0x00,0x00,0x00,0x00,0x00,0x00,0x00,0x00,0x00,0x00,0x00,0x00,
	0x00,0x00,0x00,0x00,0x00,0x00,0x00,0x00,0x00,0x00,0x00,0x00,0x00,0x00,0x00,0x00,0x00,0x00,0x00,0x00,
	0x00,0x00,0x00,0x00,0x00,0x00,0x00,0x00,0x00,0x00,0x00,0x00,0x00,0x00,0x00,0x00,0x00,0x00,0x00,0x00,
	0x00,0x00,0x00,0x00,0x00,0x00,0x00,0x00,0x00,0x00,0x00,0x00,0x00,0x00,0x00,0x00,0x00,0x00,0x00,0x00,
	0x00,0x00,0x00,0x00,0x00,0x00,0x00,0x00,0x00,0x00,0x00,0x00,0x00,0x00,0x00,0x00,0x00,0x00,0x00,0x00,
	0x00,0x00,0x00,0x00,0x00,0x00,0x00,0x00,0x00,0x00,0x00,0x00,0x00,0x00,0x00,0x00,0x00,0x00,0x00,0x00,
	0x00,0x00,0x00,0x00,0x00,0x00,0x00,0x00,0x00,0x00,0x00,0x00,0x00,0x00,0x00,0x00,0x00,0x00,0x00,0x00,
	0x00,0x00,0x00,0x00,0x00,0x00,0x00,0x00,0x00,0x00,0x00,0x00,0x00,0x00,0x00,0x00,0x00,0x00,0x00,0x00,
	0x00,0x00,0x00,0x00,0x00,0x00,0x00,0x00,0x00,0x00,0x00,0x00,0x00,0x00,0x00,0x00,0x00,0x00,0x00,0x00,
	0x00,0x00,0x00,0x00,0x00,0x00,0x00,0x00,0x00,0x00,0x00,0x00,0x00,0x00,0x64,0x10,0xC9,0x30,0x2C,0x41,
	0x0B,0x41,0xA8,0x28,0xB2,0x61,0x1F,0xB3,0x78,0x8A,0x4E,0x49,0x64,0x18,0xA7,0x28,0xF3,0x71,0x15,0x7A,
	0x91,0x59,0x65,0x18,0x00,0x00,0x00,0x00,0x00,0x00,0x22,0x08,0x15,0x7A,0x1F,0xB3,0x38,0x8A,0x2C,0x49,
	0x01,0x00,0x00,0x00,0x00,0x00,0x00,0x00,0x00,0x00,0x00,0x00,0x00,0x00,0x00,0x00,0x00,0x00,0x00,0x00,
	0x00,0x00,0x00,0x00,0x00,0x00,0x00,0x00,0x00,0x00,0x00,0x00,0x00,0x00,0x00,0x00,0x00,0x00,0x00,0x00,
	0x00,0x00,0x00,0x00,0x00,0x00,0x00,0x00,0x00,0x00,0x00,0x00,0x00,0x00,0x00,0x00,0x00,0x00,0x00,0x00,
	0x00,0x00,0x00,0x00,0x00,0x00,0x00,0x00,0x00,0x00,0x00,0x00,0x00,0x00,0x00,0x00,0x00,0x00,0x00,0x00,
	0x00,0x00,0x00,0x00,0x00,0x00,0x00,0x00,0x00,0x00,0x00,0x00,0x00,0x00,0x00,0x00,0x00,0x00,0x00,0x00,
	0x00,0x00,0x00,0x00,0x00,0x00,0x00,0x00,0x00,0x00,0x00,0x00,0x00,0x00,0x00,0x00,0x00,0x00,0x00,0x00,
	0x00,0x00,0x00,0x00,0x00,0x00,0x00,0x00,0x00,0x00,0x00,0x00,0x00,0x00,0x00,0x00,0x00,0x00,0x00,0x00,
	0x00,0x00,0x00,0x00,0x00,0x00,0x00,0x00,0x00,0x00,0x00,0x00,0x00,0x00,0x00,0x00,0x00,0x00,0x00,0x00,
	0x00,0x00,0x00,0x00,0x00,0x00,0x00,0x00,0x00,0x00,0x00,0x00,0x00,0x00,0x00,0x00,0x00,0x00,0x00,0x00,
	0x00,0x00,0x00,0x00,0x00,0x00,0x00,0x00,0x00,0x00,0x00,0x00,0x00,0x00,0x00,0x00,0x00,0x00,0x00,0x00,
	0x00,0x00,0x00,0x00,0x00,0x00,0x00,0x00,0x00,0x00,0x00,0x00,0x00,0x00,0x00,0x00,0x00,0x00,0x00,0x00,
	0x00,0x00,0x00,0x00,0x00,0x00,0x00,0x00,0x00,0x00,0x00,0x00,0x00,0x00,0x00,0x00,0x00,0x00,0x00,0x00,
	0x00,0x00,0x00,0x00,0x00,0x00,0x00,0x00,0x00,0x00,0x00,0x00,0x00,0x00,0x00,0x00,0x00,0x00,0x00,0x00,
	0x00,0x00,0x00,0x00,0x00,0x00,0x00,0x00,0x00,0x00,0x00,0x00,0x00,0x00,0x00,0x00,0x00,0x00,0x00,0x00,
	0x00,0x00,0x00,0x00,0x00,0x00,0x00,0x00,0x00,0x00,0x00,0x00,0x00,0x00,0x00,0x00,0x00,0x00,0x00,0x00,
	0x00,0x00,0x00,0x00,0x00,0x00,0x00,0x00,0x00,0x00,0x00,0x00,0x00,0x00,0x00,0x00,0x00,0x00,0x00,0x00,
	0x00,0x00,0x00,0x00,0x00,0x00,0x00,0x00,0x00,0x00,0x00,0x00,0x00,0x00,0x00,0x00,0x00,0x00,0x00,0x00,
	0x00,0x00,0x00,0x00,0x00,0x00,0x00,0x00,0x00,0x00,0x00,0x00,0x00,0x00,0x00,0x00,0x00,0x00,0x00,0x00,
	0x00,0x00,0x00,0x00,0x00,0x00,0x00,0x00,0x00,0x00,0x00,0x00,0x00,0x00,0x00,0x00,0x00,0x00,0x00,0x00,
	0x00,0x00,0x00,0x00,0x00,0x00,0x00,0x00,0x00,0x00,0x00,0x00,0x00,0x00,0x00,0x00,0x00,0x00,0x00,0x00,
	0x00,0x00,0x00,0x00,0x00,0x00,0x00,0x00,0x00,0x00,0x00,0x00,0x00,0x00,0x00,0x00,0x00,0x00,0x00,0x00,
	0x00,0x00,0x00,0x00,0x00,0x00,0x00,0x00,0x00,0x00,0x00,0x00,0x00,0x00,0x00,0x00,0x00,0x00,0x00,0x00,
	0x00,0x00,0x00,0x00,0x00,0x00,0x00,0x00,0x00,0x00,0x00,0x00,0x00,0x00,0x00,0x00,0x00,0x00,0x00,0x00,
	0x00,0x00,0x00,0x00,0x00,0x00,0x00,0x00,0x00,0x00,0x00,0x00,0x00,0x00,0x00,0x00,0x00,0x00,0x00,0x00,
	0x00,0x00,0x00,0x00,0x00,0x00,0x00,0x00,0x00,0x00,0x00,0x00,0x00,0x00,0x00,0x00,0x00,0x00,0x00,0x00,
	0x01,0x00,0x21,0x08,0x22,0x08,0x43,0x10,0x87,0x20,0xB2,0x69,0x1F,0xB3,0x79,0x8A,0x4D,0x49,0x43,0x10,
	0x21,0x08,0xA6,0x28,0xA7,0x28,0x65,0x18,0x21,0x08,0x00,0x00,0x00,0x00,0x43,0x10,0x0B,0x39,0x79,0x8A,
	0xDE,0xAA,0xB2,0x61,0xA8,0x28,0x00,0x00,0x00,0x00,0x00,0x00,0x00,0x00,0x00,0x00,0x00,0x00,0x00,0x00,
	0x00,0x00,0x00,0x00,0x00,0x00,0x00,0x00,0x00,0x00,0x00,0x00,0x00,0x00,0x00,0x00,0x00,0x00,0x00,0x00,
	0x00,0x00,0x00,0x00,0x00,0x00,0x00,0x00,0x00,0x00,0x00,0x00,0x00,0x00,0x00,0x00,0x00,0x00,0x00,0x00,
	0x00,0x00,0x00,0x00,0x00,0x00,0x00,0x00,0x00,0x00,0x00,0x00,0x00,0x00,0x00,0x00,0x00,0x00,0x00,0x00,
	0x00,0x00,0x00,0x00,0x00,0x00,0x00,0x00,0x00,0x00,0x00,0x00,0x00,0x00,0x00,0x00,0x00,0x00,0x00,0x00,
	0x00,0x00,0x00,0x00,0x00,0x00,0x00,0x00,0x00,0x00,0x00,0x00,0x00,0x00,0x00,0x00,0x00,0x00,0x00,0x00,
	0x00,0x00,0x00,0x00,0x00,0x00,0x00,0x00,0x00,0x00,0x00,0x00,0x00,0x00,0x00,0x00,0x00,0x00,0x00,0x00,
	0x00,0x00,0x00,0x00,0x00,0x00,0x00,0x00,0x00,0x00,0x00,0x00,0x00,0x00,0x00,0x00,0x00,0x00,0x00,0x00,
	0x00,0x00,0x00,0x00,0x00,0x00,0x00,0x00,0x00,0x00,0x00,0x00,0x00,0x00,0x00,0x00,0x00,0x00,0x00,0x00,
	0x00,0x00,0x00,0x00,0x00,0x00,0x00,0x00,0x00,0x00,0x00,0x00,0x00,0x00,0x00,0x00,0x00,0x00,0x00,0x00,
	0x00,0x00,0x00,0x00,0x00,0x00,0x00,0x00,0x00,0x00,0x00,0x00,0x00,0x00,0x00,0x00,0x00,0x00,0x00,0x00,
	0x00,0x00,0x00,0x00,0x00,0x00,0x00,0x00,0x00,0x00,0x00,0x00,0x00,0x00,0x00,0x00,0x00,0x00,0x00,0x00,
	0x00,0x00,0x00,0x00,0x00,0x00,0x00,0x00,0x00,0x00,0x00,0x00,0x00,0x00,0x00,0x00,0x00,0x00,0x00,0x00,
	0x00,0x00,0x00,0x00,0x00,0x00,0x00,0x00,0x00,0x00,0x00,0x00,0x00,0x00,0x00,0x00,0x00,0x00,0x00,0x00,
	0x00,0x00,0x00,0x00,0x00,0x00,0x00,0x00,0x00,0x00,0x00,0x00,0x00,0x00,0x00,0x00,0x00,0x00,0x00,0x00,
	0x00,0x00,0x00,0x00,0x00,0x00,0x00,0x00,0x00,0x00,0x00,0x00,0x00,0x00,0x00,0x00,0x00,0x00,0x00,0x00,
	0x00,0x00,0x00,0x00,0x00,0x00,0x00,0x00,0x00,0x00,0x00,0x00,0x00,0x00,0x00,0x00,0x00,0x00,0x00,0x00,
	0x00,0x00,0x00,0x00,0x00,0x00,0x00,0x00,0x00,0x00,0x00,0x00,0x00,0x00,0x00,0x00,0x00,0x00,0x00,0x00,
	0x00,0x00,0x00,0x00,0x00,0x00,0x00,0x00,0x00,0x00,0x00,0x00,0x00,0x00,0x00,0x00,0x00,0x00,0x00,0x00,
	0x00,0x00,0x00,0x00,0x00,0x00,0x00,0x00,0x00,0x00,0x00,0x00,0x00,0x00,0x00,0x00,0x00,0x00,0x00,0x00,
	0x00,0x00,0x00,0x00,0x00,0x00,0x00,0x00,0x00,0x00,0x00,0x00,0x00,0x00,0x00,0x00,0x00,0x00,0x00,0x00,
	0x00,0x00,0x00,0x00,0x00,0x00,0x00,0x00,0x00,0x00,0x00,0x00,0x00,0x00,0x00,0x00,0x00,0x00,0x00,0x00,
	0x00,0x00,0x00,0x00,0x00,0x00,0x00,0x00,0x00,0x00,0x00,0x00,0x00,0x00,0x00,0x00,0x00,0x00,0x00,0x00,
	0x00,0x00,0x00,0x00,0x00,0x00,0x00,0x00,0x00,0x00,0x00,0x00,0x00,0x00,0x00,0x00,0x00,0x00,0x00,0x00,
	0x00,0x00,0x00,0x00,0x00,0x00,0x00,0x00,0x00,0x00,0x00,0x00,0x00,0x00,0x00,0x00,0x00,0x00,0x00,0x00,
	0x00,0x00,0x00,0x00,0x00,0x00,0x00,0x00,0x00,0x00,0x00,0x00,0x00,0x00,0x86,0x20,0xD3,0x69,0x1F,0xB3,
	0x79,0x8A,0x4D,0x49,0x43,0x10,0x00,0x00,0x01,0x08,0x01,0x08,0x00,0x00,0x00,0x00,0x00,0x00,0x43,0x10,
	0x0B,0x39,0x15,0x72,0xBC,0x9A,0x9A,0x92,0x2C,0x41,0x44,0x10,0x00,0x00,0x00,0x00,0x00,0x00,0x00,0x00,
	0x00,0x00,0x00,0x00,0x00,0x00,0x00,0x00,0x00,0x00,0x00,0x00,0x00,0x00,0x00,0x00,0x00,0x00,0x00,0x00,
	0x00,0x00,0x00,0x00,0x00,0x00,0x00,0x00,0x00,0x00,0x00,0x00,0x00,0x00,0x00,0x00,0x00,0x00,0x00,0x00,
	0x00,0x00,0x00,0x00,0x00,0x00,0x00,0x00,0x00,0x00,0x00,0x00,0x00,0x00,0x00,0x00,0x00,0x00,0x00,0x00,
	0x00,0x00,0x00,0x00,0x00,0x00,0x00,0x00,0x00,0x00,0x00,0x00,0x00,0x00,0x00,0x00,0x00,0x00,0x00,0x00,
	0x00,0x00,0x00,0x00,0x00,0x00,0x00,0x00,0x00,0x00,0x00,0x00,0x00,0x00,0x00,0x00,0x00,0x00,0x00,0x00,
	0x00,0x00,0x00,0x00,0x00,0x00,0x00,0x00,0x00,0x00,0x00,0x00,0x00,0x00,0x00,0x00,0x00,0x00,0x00,0x00,
	0x00,0x00,0x00,0x00,0x00,0x00,0x00,0x00,0x00,0x00,0x00,0x00,0x00,0x00,0x00,0x00,0x00,0x00,0x00,0x00,
	0x00,0x00,0x00,0x00,0x00,0x00,0x00,0x00,0x00,0x00,0x00,0x00,0x00,0x00,0x00,0x00,0x00,0x00,0x00,0x00,
	0x00,0x00,0x00,0x00,0x00,0x00,0x00,0x00,0x00,0x00,0x00,0x00,0x00,0x00,0x00,0x00,0x00,0x00,0x00,0x00,
	0x00,0x00,0x00,0x00,0x00,0x00,0x00,0x00,0x00,0x00,0x00,0x00,0x00,0x00,0x00,0x00,0x00,0x00,0x00,0x00,
	0x00,0x00,0x00,0x00,0x00,0x00,0x00,0x00,0x00,0x00,0x00,0x00,0x00,0x00,0x00,0x00,0x00,0x00,0x00,0x00,
	0x00,0x00,0x00,0x00,0x00,0x00,0x00,0x00,0x00,0x00,0x00,0x00,0x00,0x00,0x00,0x00,0x00,0x00,0x00,0x00,
	0x00,0x00,0x00,0x00,0x00,0x00,0x00,0x00,0x00,0x00,0x00,0x00,0x00,0x00,0x00,0x00,0x00,0x00,0x00,0x00,
	0x00,0x00,0x00,0x00,0x00,0x00,0x00,0x00,0x00,0x00,0x00,0x00,0x00,0x00,0x00,0x00,0x00,0x00,0x00,0x00,
	0x00,0x00,0x00,0x00,0x00,0x00,0x00,0x00,0x00,0x00,0x00,0x00,0x00,0x00,0x00,0x00,0x00,0x00,0x00,0x00,
	0x00,0x00,0x00,0x00,0x00,0x00,0x00,0x00,0x00,0x00,0x00,0x00,0x00,0x00,0x00,0x00,0x00,0x00,0x00,0x00,
	0x00,0x00,0x00,0x00,0x00,0x00,0x00,0x00,0x00,0x00,0x00,0x00,0x00,0x00,0x00,0x00,0x00,0x00,0x00,0x00,
	0x00,0x00,0x00,0x00,0x00,0x00,0x00,0x00,0x00,0x00,0x00,0x00,0x00,0x00,0x00,0x00,0x00,0x00,0x00,0x00,
	0x00,0x00,0x00,0x00,0x00,0x00,0x00,0x00,0x00,0x00,0x00,0x00,0x00,0x00,0x00,0x00,0x00,0x00,0x00,0x00,
	0x00,0x00,0x00,0x00,0x00,0x00,0x00,0x00,0x00,0x00,0x00,0x00,0x00,0x00,0x00,0x00,0x00,0x00,0x00,0x00,
	0x00,0x00,0x00,0x00,0x00,0x00,0x00,0x00,0x00,0x00,0x00,0x00,0x00,0x00,0x00,0x00,0x00,0x00,0x00,0x00,
	0x00,0x00,0x00,0x00,0x00,0x00,0x00,0x00,0x00,0x00,0x00,0x00,0x00,0x00,0x00,0x00,0x00,0x00,0x00,0x00,
	0x00,0x00,0x00,0x00,0x00,0x00,0x00,0x00,0x00,0x00,0x00,0x00,0x00,0x00,0x00,0x00,0x00,0x00,0x00,0x00,
	0x00,0x00,0x00,0x00,0x00,0x00,0x00,0x00,0x00,0x00,0x00,0x00,0x00,0x00,0x00,0x00,0x00,0x00,0x00,0x00,
	0x00,0x00,0x00,0x00,0x00,0x00,0x00,0x00,0x00,0x00,0x00,0x00,0x00,0x00,0x00,0x00,0x00,0x00,0x21,0x08,
	0x86,0x20,0xD3,0x69,0x1F,0xB3,0x79,0x8A,0x4D,0x49,0x43,0x10,0x00,0x00,0x00,0x00,0x00,0x00,0x00,0x00,
	0x00,0x00,0x43,0x10,0xEB,0x40,0xF5,0x71,0xDD,0xA2,0xBB,0x9A,0x14,0x72,0xA7,0x20,0x01,0x00,0x00,0x00,
	0x00,0x00,0x00,0x00,0x00,0x00,0x00,0x00,0x00,0x00,0x00,0x00,0x00,0x00,0x00,0x00,0x00,0x00,0x00,0x00,
	0x00,0x00,0x00,0x00,0x00,0x00,0x00,0x00,0x00,0x00,0x00,0x00,0x00,0x00,0x00,0x00,0x00,0x00,0x00,0x00,
	0x00,0x00,0x00,0x00,0x00,0x00,0x00,0x00,0x00,0x00,0x00,0x00,0x00,0x00,0x00,0x00,0x00,0x00,0x00,0x00,
	0x00,0x00,0x00,0x00,0x00,0x00,0x00,0x00,0x00,0x00,0x00,0x00,0x00,0x00,0x00,0x00,0x00,0x00,0x00,0x00,
	0x00,0x00,0x00,0x00,0x00,0x00,0x00,0x00,0x00,0x00,0x00,0x00,0x00,0x00,0x00,0x00,0x00,0x00,0x00,0x00,
	0x00,0x00,0x00,0x00,0x00,0x00,0x00,0x00,0x00,0x00,0x00,0x00,0x00,0x00,0x00,0x00,0x00,0x00,0x00,0x00,
	0x00,0x00,0x00,0x00,0x00,0x00,0x00,0x00,0x00,0x00,0x00,0x00,0x00,0x00,0x00,0x00,0x00,0x00,0x00,0x00,
	0x00,0x00,0x00,0x00,0x00,0x00,0x00,0x00,0x00,0x00,0x00,0x00,0x00,0x00,0x00,0x00,0x00,0x00,0x00,0x00,
	0x00,0x00,0x00,0x00,0x00,0x00,0x00,0x00,0x00,0x00,0x00,0x00,0x00,0x00,0x00,0x00,0x00,0x00,0x00,0x00,
	0x00,0x00,0x00,0x00,0x00,0x00,0x00,0x00,0x00,0x00,0x00,0x00,0x00,0x00,0x00,0x00,0x00,0x00,0x00,0x00,
	0x00,0x00,0x00,0x00,0x00,0x00,0x00,0x00,0x00,0x00,0x00,0x00,0x00,0x00,0x00,0x00,0x00,0x00,0x00,0x00,
	0x00,0x00,0x00,0x00,0x00,0x00,0x00,0x00,0x00,0x00,0x00,0x00,0x00,0x00,0x00,0x00,0x00,0x00,0x00,0x00,
	0x00,0x00,0x00,0x00,0x00,0x00,0x00,0x00,0x00,0x00,0x00,0x00,0x00,0x00,0x00,0x00,0x00,0x00,0x00,0x00,
	0x00,0x00,0x00,0x00,0x00,0x00,0x00,0x00,0x00,0x00,0x00,0x00,0x00,0x00,0x00,0x00,0x00,0x00,0x00,0x00,
	0x00,0x00,0x00,0x00,0x00,0x00,0x00,0x00,0x00,0x00,0x00,0x00,0x00,0x00,0x00,0x00,0x00,0x00,0x00,0x00,
	0x00,0x00,0x00,0x00,0x00,0x00,0x00,0x00,0x00,0x00,0x00,0x00,0x00,0x00,0x00,0x00,0x00,0x00,0x00,0x00,
	0x00,0x00,0x00,0x00,0x00,0x00,0x00,0x00,0x00,0x00,0x00,0x00,0x00,0x00,0x00,0x00,0x00,0x00,0x00,0x00,
	0x00,0x00,0x00,0x00,0x00,0x00,0x00,0x00,0x00,0x00,0x00,0x00,0x00,0x00,0x00,0x00,0x00,0x00,0x00,0x00,
	0x00,0x00,0x00,0x00,0x00,0x00,0x00,0x00,0x00,0x00,0x00,0x00,0x00,0x00,0x00,0x00,0x00,0x00,0x00,0x00,
	0x00,0x00,0x00,0x00,0x00,0x00,0x00,0x00,0x00,0x00,0x00,0x00,0x00,0x00,0x00,0x00,0x00,0x00,0x00,0x00,
	0x00,0x00,0x00,0x00,0x00,0x00,0x00,0x00,0x00,0x00,0x00,0x00,0x00,0x00,0x00,0x00,0x00,0x00,0x00,0x00,
	0x00,0x00,0x00,0x00,0x00,0x00,0x00,0x00,0x00,0x00,0x00,0x00,0x00,0x00,0x00,0x00,0x00,0x00,0x00,0x00,
	0x00,0x00,0x00,0x00,0x00,0x00,0x00,0x00,0x00,0x00,0x00,0x00,0x00,0x00,0x00,0x00,0x00,0x00,0x00,0x00,
	0x00,0x00,0x00,0x00,0x00,0x00,0x00,0x00,0x00,0x00,0x00,0x00,0x00,0x00,0x00,0x00,0x00,0x00,0x00,0x00,
	0x00,0x00,0x00,0x00,0x00,0x00,0x00,0x00,0x00,0x00,0x00,0x00,0x00,0x00,0x00,0x00,0x00,0x00,0x00,0x00,
	0x00,0x00,0x00,0x00,0x21,0x08,0x86,0x20,0xD3,0x69,0x1F,0xB3,0x79,0x8A,0x4D,0x49,0x43,0x10,0x00,0x00,
	0x00,0x00,0x00,0x00,0x01,0x00,0xE9,0x30,0xB1,0x61,0x58,0x8A,0x9B,0x92,0x59,0x8A,0x91,0x61,0xC9,0x30,
	0x42,0x10,0x00,0x00,0x00,0x00,0x00,0x00,0x00,0x00,0x00,0x00,0x00,0x00,0x00,0x00,0x00,0x00,0x00,0x00,
	0x00,0x00,0x00,0x00,0x00,0x00,0x00,0x00,0x00,0x00,0x00,0x00,0x00,0x00,0x00,0x00,0x00,0x00,0x00,0x00,
	0x00,0x00,0x00,0x00,0x00,0x00,0x00,0x00,0x00,0x00,0x00,0x00,0x00,0x00,0x00,0x00,0x00,0x00,0x00,0x00,
	0x00,0x00,0x00,0x00,0x00,0x00,0x00,0x00,0x00,0x00,0x00,0x00,0x00,0x00,0x00,0x00,0x00,0x00,0x00,0x00,
	0x00,0x00,0x00,0x00,0x00,0x00,0x00,0x00,0x00,0x00,0x00,0x00,0x00,0x00,0x00,0x00,0x00,0x00,0x00,0x00,
	0x00,0x00,0x00,0x00,0x00,0x00,0x00,0x00,0x00,0x00,0x00,0x00,0x00,0x00,0x00,0x00,0x00,0x00,0x00,0x00,
	0x00,0x00,0x00,0x00,0x00,0x00,0x00,0x00,0x00,0x00,0x00,0x00,0x00,0x00,0x00,0x00,0x00,0x00,0x00,0x00,
	0x00,0x00,0x00,0x00,0x00,0x00,0x00,0x00,0x00,0x00,0x00,0x00,0x00,0x00,0x00,0x00,0x00,0x00,0x00,0x00,
	0x00,0x00,0x00,0x00,0x00,0x00,0x00,0x00,0x00,0x00,0x00,0x00,0x00,0x00,0x00,0x00,0x00,0x00,0x00,0x00,
	0x00,0x00,0x00,0x00,0x00,0x00,0x00,0x00,0x00,0x00,0x00,0x00,0x00,0x00,0x00,0x00,0x00,0x00,0x00,0x00,
	0x00,0x00,0x00,0x00,0x00,0x00,0x00,0x00,0x00,0x00,0x00,0x00,0x00,0x00,0x00,0x00,0x00,0x00,0x00,0x00,
	0x00,0x00,0x00,0x00,0x00,0x00,0x00,0x00,0x00,0x00,0x00,0x00,0x00,0x00,0x00,0x00,0x00,0x00,0x00,0x00,
	0x00,0x00,0x00,0x00,0x00,0x00,0x00,0x00,0x00,0x00,0x00,0x00,0x00,0x00,0x00,0x00,0x00,0x00,0x00,0x00,
	0x00,0x00,0x00,0x00,0x00,0x00,0x00,0x00,0x00,0x00,0x00,0x00,0x00,0x00,0x00,0x00,0x00,0x00,0x00,0x00,
	0x00,0x00,0x00,0x00,0x00,0x00,0x00,0x00,0x00,0x00,0x00,0x00,0x00,0x00,0x00,0x00,0x00,0x00,0x00,0x00,
	0x00,0x00,0x00,0x00,0x00,0x00,0x00,0x00,0x00,0x00,0x00,0x00,0x00,0x00,0x00,0x00,0x00,0x00,0x00,0x00,
	0x00,0x00,0x00,0x00,0x00,0x00,0x00,0x00,0x00,0x00,0x00,0x00,0x00,0x00,0x00,0x00,0x00,0x00,0x00,0x00,
	0x00,0x00,0x00,0x00,0x00,0x00,0x00,0x00,0x00,0x00,0x00,0x00,0x00,0x00,0x00,0x00,0x00,0x00,0x00,0x00,
	0x00,0x00,0x00,0x00,0x00,0x00,0x00,0x00,0x00,0x00,0x00,0x00,0x00,0x00,0x00,0x00,0x00,0x00,0x00,0x00,
	0x00,0x00,0x00,0x00,0x00,0x00,0x00,0x00,0x00,0x00,0x00,0x00,0x00,0x00,0x00,0x00,0x00,0x00,0x00,0x00,
	0x00,0x00,0x00,0x00,0x00,0x00,0x00,0x00,0x00,0x00,0x00,0x00,0x00,0x00,0x00,0x00,0x00,0x00,0x00,0x00,
	0x00,0x00,0x00,0x00,0x00,0x00,0x00,0x00,0x00,0x00,0x00,0x00,0x00,0x00,0x00,0x00,0x00,0x00,0x00,0x00,
	0x00,0x00,0x00,0x00,0x00,0x00,0x00,0x00,0x00,0x00,0x00,0x00,0x00,0x00,0x00,0x00,0x00,0x00,0x00,0x00,
	0x00,0x00,0x00,0x00,0x00,0x00,0x00,0x00,0x00,0x00,0x00,0x00,0x00,0x00,0x00,0x00,0x00,0x00,0x00,0x00,
	0x00,0x00,0x00,0x00,0x00,0x00,0x00,0x00,0x00,0x00,0x00,0x00,0x00,0x00,0x00,0x00,0x00,0x00,0x00,0x00,
	0x00,0x00,0x00,0x00,0x00,0x00,0x00,0x00,0x00,0x00,0x21,0x08,0x86,0x20,0xD3,0x69,0x1F,0xB3,0x79,0x8A,
	0x4D,0x49,0x43,0x10,0x00,0x00,0x00,0x00,0x22,0x08,0xA7,0x28,0xD3,0x71,0xBB,0x9A,0xDD,0xA2,0x59,0x8A,
	0x70,0x59,0x86,0x20,0x00,0x00,0x00,0x00,0x00,0x00,0x00,0x00,0x00,0x00,0x00,0x00,0x00,0x00,0x00,0x00,
	0x00,0x00,0x00,0x00,0x00,0x00,0x00,0x00,0x00,0x00,0x00,0x00,0x00,0x00,0x00,0x00,0x00,0x00,0x00,0x00,
	0x00,0x00,0x00,0x00,0x00,0x00,0x00,0x00,0x00,0x00,0x00,0x00,0x00,0x00,0x00,0x00,0x00,0x00,0x00,0x00,
	0x00,0x00,0x00,0x00,0x00,0x00,0x00,0x00,0x00,0x00,0x00,0x00,0x00,0x00,0x00,0x00,0x00,0x00,0x00,0x00,
	0x00,0x00,0x00,0x00,0x00,0x00,0x00,0x00,0x00,0x00,0x00,0x00,0x00,0x00,0x00,0x00,0x00,0x00,0x00,0x00,
	0x00,0x00,0x00,0x00,0x00,0x00,0x00,0x00,0x00,0x00,0x00,0x00,0x00,0x00,0x00,0x00,0x00,0x00,0x00,0x00,
	0x00,0x00,0x00,0x00,0x00,0x00,0x00,0x00,0x00,0x00,0x00,0x00,0x00,0x00,0x00,0x00,0x00,0x00,0x00,0x00,
	0x00,0x00,0x00,0x00,0x00,0x00,0x00,0x00,0x00,0x00,0x00,0x00,0x00,0x00,0x00,0x00,0x00,0x00,0x00,0x00,
	0x00,0x00,0x00,0x00,0x00,0x00,0x00,0x00,0x00,0x00,0x00,0x00,0x00,0x00,0x00,0x00,0x00,0x00,0x00,0x00,
	0x00,0x00,0x00,0x00,0x00,0x00,0x00,0x00,0x00,0x00,0x00,0x00,0x00,0x00,0x00,0x00,0x00,0x00,0x00,0x00,
	0x00,0x00,0x00,0x00,0x00,0x00,0x00,0x00,0x00,0x00,0x00,0x00,0x00,0x00,0x00,0x00,0x00,0x00,0x00,0x00,
	0x00,0x00,0x00,0x00,0x00,0x00,0x00,0x00,0x00,0x00,0x00,0x00,0x00,0x00,0x00,0x00,0x00,0x00,0x00,0x00,
	0x00,0x00,0x00,0x00,0x00,0x00,0x00,0x00,0x00,0x00,0x00,0x00,0x00,0x00,0x00,0x00,0x00,0x00,0x00,0x00,
	0x00,0x00,0x00,0x00,0x00,0x00,0x00,0x00,0x00,0x00,0x00,0x00,0x00,0x00,0x00,0x00,0x00,0x00,0x00,0x00,
	0x00,0x00,0x00,0x00,0x00,0x00,0x00,0x00,0x00,0x00,0x00,0x00,0x00,0x00,0x00,0x00,0x00,0x00,0x00,0x00,
	0x00,0x00,0x00,0x00,0x00,0x00,0x00,0x00,0x00,0x00,0x00,0x00,0x00,0x00,0x00,0x00,0x00,0x00,0x00,0x00,
	0x00,0x00,0x00,0x00,0x00,0x00,0x00,0x00,0x00,0x00,0x00,0x00,0x00,0x00,0x00,0x00,0x00,0x00,0x00,0x00,
	0x00,0x00,0x00,0x00,0x00,0x00,0x00,0x00,0x00,0x00,0x00,0x00,0x00,0x00,0x00,0x00,0x00,0x00,0x00,0x00,
	0x00,0x00,0x00,0x00,0x00,0x00,0x00,0x00,0x00,0x00,0x00,0x00,0x00,0x00,0x00,0x00,0x00,0x00,0x00,0x00,
	0x00,0x00,0x00,0x00,0x00,0x00,0x00,0x00,0x00,0x00,0x00,0x00,0x00,0x00,0x00,0x00,0x00,0x00,0x00,0x00,
	0x00,0x00,0x00,0x00,0x00,0x00,0x00,0x00,0x00,0x00,0x00,0x00,0x00,0x00,0x00,0x00,0x00,0x00,0x00,0x00,
	0x00,0x00,0x00,0x00,0x00,0x00,0x00,0x00,0x00,0x00,0x00,0x00,0x00,0x00,0x00,0x00,0x00,0x00,0x00,0x00,
	0x00,0x00,0x00,0x00,0x00,0x00,0x00,0x00,0x00,0x00,0x00,0x00,0x00,0x00,0x00,0x00,0x00,0x00,0x00,0x00,
	0x00,0x00,0x00,0x00,0x00,0x00,0x00,0x00,0x00,0x00,0x00,0x00,0x00,0x00,0x00,0x00,0x00,0x00,0x00,0x00,
	0x00,0x00,0x00,0x00,0x00,0x00,0x00,0x00,0x00,0x00,0x00,0x00,0x00,0x00,0x00,0x00,0x00,0x00,0x00,0x00,
	0x00,0x00,0x00,0x00,0x00,0x00,0x00,0x00,0x00,0x00,0x00,0x00,0x00,0x00,0x00,0x00,0x21,0x08,0x86,0x20,
	0xD3,0x69,0x1F,0xB3,0x79,0x8A,0x4D,0x49,0x43,0x10,0x00,0x00,0x00,0x00,0x0B,0x39,0x36,0x82,0xBC,0xA2,
	0x9B,0x9A,0xB3,0x69,0xEB,0x38,0x43,0x10,0x01,0x00,0x00,0x00,0x00,0x00,0x00,0x00,0x00,0x00,0x00,0x00,
	0x00,0x00,0x00,0x00,0x00,0x00,0x00,0x00,0x00,0x00,0x00,0x00,0x00,0x00,0x00,0x00,0x00,0x00,0x00,0x00,
	0x00,0x00,0x00,0x00,0x00,0x00,0x00,0x00,0x00,0x00,0x00,0x00,0x00,0x00,0x00,0x00,0x00,0x00,0x00,0x00,
	0x00,0x00,0x00,0x00,0x00,0x00,0x00,0x00,0x00,0x00,0x00,0x00,0x00,0x00,0x00,0x00,0x00,0x00,0x00,0x00,
	0x00,0x00,0x00,0x00,0x00,0x00,0x00,0x00,0x00,0x00,0x00,0x00,0x00,0x00,0x00,0x00,0x00,0x00,0x00,0x00,
	0x00,0x00,0x00,0x00,0x00,0x00,0x00,0x00,0x00,0x00,0x00,0x00,0x00,0x00,0x00,0x00,0x00,0x00,0x00,0x00,
	0x00,0x00,0x00,0x00,0x00,0x00,0x00,0x00,0x00,0x00,0x00,0x00,0x00,0x00,0x00,0x00,0x00,0x00,0x00,0x00,
	0x00,0x00,0x00,0x00,0x00,0x00,0x00,0x00,0x00,0x00,0x00,0x00,0x00,0x00,0x00,0x00,0x00,0x00,0x00,0x00,
	0x00,0x00,0x00,0x00,0x00,0x00,0x00,0x00,0x00,0x00,0x00,0x00,0x00,0x00,0x00,0x00,0x00,0x00,0x00,0x00,
	0x00,0x00,0x00,0x00,0x00,0x00,0x00,0x00,0x00,0x00,0x00,0x00,0x00,0x00,0x00,0x00,0x00,0x00,0x00,0x00,
	0x00,0x00,0x00,0x00,0x00,0x00,0x00,0x00,0x00,0x00,0x00,0x00,0x00,0x00,0x00,0x00,0x00,0x00,0x00,0x00,
	0x00,0x00,0x00,0x00,0x00,0x00,0x00,0x00,0x00,0x00,0x00,0x00,0x00,0x00,0x00,0x00,0x00,0x00,0x00,0x00,
	0x00,0x00,0x00,0x00,0x00,0x00,0x00,0x00,0x00,0x00,0x00,0x00,0x00,0x00,0x00,0x00,0x00,0x00,0x00,0x00,
	0x00,0x00,0x00,0x00,0x00,0x00,0x00,0x00,0x00,0x00,0x00,0x00,0x00,0x00,0x00,0x00,0x00,0x00,0x00,0x00,
	0x00,0x00,0x00,0x00,0x00,0x00,0x00,0x00,0x00,0x00,0x00,0x00,0x00,0x00,0x00,0x00,0x00,0x00,0x00,0x00,
	0x00,0x00,0x00,0x00,0x00,0x00,0x00,0x00,0x00,0x00,0x00,0x00,0x00,0x00,0x00,0x00,0x00,0x00,0x00,0x00,
	0x00,0x00,0x00,0x00,0x00,0x00,0x00,0x00,0x00,0x00,0x00,0x00,0x00,0x00,0x00,0x00,0x00,0x00,0x00,0x00,
	0x00,0x00,0x00,0x00,0x00,0x00,0x00,0x00,0x00,0x00,0x00,0x00,0x00,0x00,0x00,0x00,0x00,0x00,0x00,0x00,
	0x00,0x00,0x00,0x00,0x00,0x00,0x00,0x00,0x00,0x00,0x00,0x00,0x00,0x00,0x00,0x00,0x00,0x00,0x00,0x00,
	0x00,0x00,0x00,0x00,0x00,0x00,0x00,0x00,0x00,0x00,0x00,0x00,0x00,0x00,0x00,0x00,0x00,0x00,0x00,0x00,
	0x00,0x00,0x00,0x00,0x00,0x00,0x00,0x00,0x00,0x00,0x00,0x00,0x00,0x00,0x00,0x00,0x00,0x00,0x00,0x00,
	0x00,0x00,0x00,0x00,0x00,0x00,0x00,0x00,0x00,0x00,0x00,0x00,0x00,0x00,0x00,0x00,0x00,0x00,0x00,0x00,
	0x00,0x00,0x00,0x00,0x00,0x00,0x00,0x00,0x00,0x00,0x00,0x00,0x00,0x00,0x00,0x00,0x00,0x00,0x00,0x00,
	0x00,0x00,0x00,0x00,0x00,0x00,0x00,0x00,0x00,0x00,0x00,0x00,0x00,0x00,0x00,0x00,0x00,0x00,0x00,0x00,
	0x00,0x00,0x00,0x00,0x00,0x00,0x00,0x00,0x00,0x00,0x00,0x00,0x00,0x00,0x00,0x00,0x00,0x00,0x00,0x00,
	0x00,0x00,0x00,0x00,0x00,0x00,0x00,0x00,0x00,0x00,0x00,0x00,0x00,0x00,0x00,0x00,0x00,0x00,0x00,0x00,
	0x00,0x00,0x21,0x08,0x86,0x20,0xD3,0x69,0x1F,0xB3,0x79,0x8A,0x4D,0x49,0x42,0x10,0x21,0x08,0xA7,0x28,
	0xF3,0x71,0xFD,0xA2,0xBB,0x9A,0xF5,0x79,0xEC,0x38,0x45,0x18,0x01,0x00,0x21,0x08,0x22,0x08,0x01,0x08,
	0x01,0x00,0x00,0x00,0x00,0x00,0x00,0x00,0x00,0x00,0x00,0x00,0x00,0x00,0x00,0x00,0x00,0x00,0x00,0x00,
	0x00,0x00,0x00,0x00,0x00,0x00,0x00,0x00,0x00,0x00,0x00,0x00,0x00,0x00,0x00,0x00,0x00,0x00,0x00,0x00,
	0x00,0x00,0x00,0x00,0x00,0x00,0x00,0x00,0x00,0x00,0x00,0x00,0x00,0x00,0x00,0x00,0x00,0x00,0x00,0x00,
	0x00,0x00,0x00,0x00,0x00,0x00,0x00,0x00,0x00,0x00,0x00,0x00,0x00,0x00,0x00,0x00,0x00,0x00,0x00,0x00,
	0x00,0x00,0x00,0x00,0x00,0x00,0x00,0x00,0x00,0x00,0x00,0x00,0x00,0x00,0x00,0x00,0x00,0x00,0x00,0x00,
	0x00,0x00,0x00,0x00,0x00,0x00,0x00,0x00,0x00,0x00,0x00,0x00,0x00,0x00,0x00,0x00,0x00,0x00,0x00,0x00,
	0x00,0x00,0x00,0x00,0x00,0x00,0x00,0x00,0x00,0x00,0x00,0x00,0x00,0x00,0x00,0x00,0x00,0x00,0x00,0x00,
	0x00,0x00,0x00,0x00,0x00,0x00,0x00,0x00,0x00,0x00,0x00,0x00,0x00,0x00,0x00,0x00,0x00,0x00,0x00,0x00,
	0x00,0x00,0x00,0x00,0x00,0x00,0x00,0x00,0x00,0x00,0x00,0x00,0x00,0x00,0x00,0x00,0x00,0x00,0x00,0x00,
	0x00,0x00,0x00,0x00,0x00,0x00,0x00,0x00,0x00,0x00,0x00,0x00,0x00,0x00,0x00,0x00,0x00,0x00,0x00,0x00,
	0x00,0x00,0x00,0x00,0x00,0x00,0x00,0x00,0x00,0x00,0x00,0x00,0x00,0x00,0x00,0x00,0x00,0x00,0x00,0x00,
	0x00,0x00,0x00,0x00,0x00,0x00,0x00,0x00,0x00,0x00,0x00,0x00,0x00,0x00,0x00,0x00,0x00,0x00,0x00,0x00,
	0x00,0x00,0x00,0x00,0x00,0x00,0x00,0x00,0x00,0x00,0x00,0x00,0x00,0x00,0x00,0x00,0x00,0x00,0x00,0x00,
	0x00,0x00,0x00,0x00,0x00,0x00,0x00,0x00,0x00,0x00,0x00,0x00,0x00,0x00,0x00,0x00,0x00,0x00,0x00,0x00,
	0x00,0x00,0x00,0x00,0x00,0x00,0x00,0x00,0x00,0x00,0x00,0x00,0x00,0x00,0x00,0x00,0x00,0x00,0x00,0x00,
	0x00,0x00,0x00,0x00,0x00,0x00,0x00,0x00,0x00,0x00,0x00,0x00,0x00,0x00,0x00,0x00,0x00,0x00,0x00,0x00,
	0x00,0x00,0x00,0x00,0x00,0x00,0x00,0x00,0x00,0x00,0x00,0x00,0x00,0x00,0x00,0x00,0x00,0x00,0x00,0x00,
	0x00,0x00,0x00,0x00,0x00,0x00,0x00,0x00,0x00,0x00,0x00,0x00,0x00,0x00,0x00,0x00,0x00,0x00,0x00,0x00,
	0x00,0x00,0x00,0x00,0x00,0x00,0x00,0x00,0x00,0x00,0x00,0x00,0x00,0x00,0x00,0x00,0x00,0x00,0x00,0x00,
	0x00,0x00,0x00,0x00,0x00,0x00,0x00,0x00,0x00,0x00,0x00,0x00,0x00,0x00,0x00,0x00,0x00,0x00,0x00,0x00,
	0x00,0x00,0x00,0x00,0x00,0x00,0x00,0x00,0x00,0x00,0x00,0x00,0x00,0x00,0x00,0x00,0x00,0x00,0x00,0x00,
	0x00,0x00,0x00,0x00,0x00,0x00,0x00,0x00,0x00,0x00,0x00,0x00,0x00,0x00,0x00,0x00,0x00,0x00,0x00,0x00,
	0x00,0x00,0x00,0x00,0x00,0x00,0x00,0x00,0x00,0x00,0x00,0x00,0x00,0x00,0x00,0x00,0x00,0x00,0x00,0x00,
	0x00,0x00,0x00,0x00,0x00,0x00,0x00,0x00,0x00,0x00,0x00,0x00,0x00,0x00,0x00,0x00,0x00,0x00,0x00,0x00,
	0x00,0x00,0x00,0x00,0x00,0x00,0x00,0x00,0x00,0x00,0x00,0x00,0x00,0x00,0x00,0x00,0x00,0x00,0x00,0x00,
	0x00,0x00,0x00,0x00,0x00,0x00,0x00,0x00,0x21,0x08,0x86,0x20,0xD3,0x69,0x1F,0xB3,0x79,0x8A,0x4D,0x49,
	0x22,0x08,0x64,0x18,0xD3,0x69,0xBB,0x9A,0xFD,0xAA,0xF5,0x79,0x2E,0x49,0xC9,0x30,0xA8,0x28,0xA8,0x28,
	0xA8,0x28,0xA8,0x28,0x66,0x20,0x23,0x10,0x00,0x00,0x00,0x00,0x00,0x00,0x00,0x00,0x00,0x00,0x00,0x00,
	0x00,0x00,0x00,0x00,0x00,0x00,0x00,0x00,0x00,0x00,0x00,0x00,0x00,0x00,0x00,0x00,0x00,0x00,0x00,0x00,
	0x00,0x00,0x00,0x00,0x00,0x00,0x00,0x00,0x00,0x00,0x00,0x00,0x00,0x00,0x00,0x00,0x00,0x00,0x00,0x00,
	0x00,0x00,0x00,0x00,0x00,0x00,0x00,0x00,0x00,0x00,0x00,0x00,0x00,0x00,0x00,0x00,0x00,0x00,0x00,0x00,
	0x00,0x00,0x00,0x00,0x00,0x00,0x00,0x00,0x00,0x00,0x00,0x00,0x00,0x00,0x00,0x00,0x00,0x00,0x00,0x00,
	0x00,0x00,0x00,0x00,0x00,0x00,0x00,0x00,0x00,0x00,0x00,0x00,0x00,0x00,0x00,0x00,0x00,0x00,0x00,0x00,
	0x00,0x00,0x00,0x00,0x00,0x00,0x00,0x00,0x00,0x00,0x00,0x00,0x00,0x00,0x00,0x00,0x00,0x00,0x00,0x00,
	0x00,0x00,0x00,0x00,0x00,0x00,0x00,0x00,0x00,0x00,0x00,0x00,0x00,0x00,0x00,0x00,0x00,0x00,0x00,0x00,
	0x00,0x00,0x00,0x00,0x00,0x00,0x00,0x00,0x00,0x00,0x00,0x00,0x00,0x00,0x00,0x00,0x00,0x00,0x00,0x00,
	0x00,0x00,0x00,0x00,0x00,0x00,0x00,0x00,0x00,0x00,0x00,0x00,0x00,0x00,0x00,0x00,0x00,0x00,0x00,0x00,
	0x00,0x00,0x00,0x00,0x00,0x00,0x00,0x00,0x00,0x00,0x00,0x00,0x00,0x00,0x00,0x00,0x00,0x00,0x00,0x00,
	0x00,0x00,0x00,0x00,0x00,0x00,0x00,0x00,0x00,0x00,0x00,0x00,0x00,0x00,0x00,0x00,0x00,0x00,0x00,0x00,
	0x00,0x00,0x00,0x00,0x00,0x00,0x00,0x00,0x00,0x00,0x00,0x00,0x00,0x00,0x00,0x00,0x00,0x00,0x00,0x00,
	0x00,0x00,0x00,0x00,0x00,0x00,0x00,0x00,0x00,0x00,0x00,0x00,0x00,0x00,0x00,0x00,0x00,0x00,0x00,0x00,
	0x00,0x00,0x00,0x00,0x00,0x00,0x00,0x00,0x00,0x00,0x00,0x00,0x00,0x00,0x00,0x00,0x00,0x00,0x00,0x00,
	0x00,0x00,0x00,0x00,0x00,0x00,0x00,0x00,0x00,0x00,0x00,0x00,0x00,0x00,0x00,0x00,0x00,0x00,0x00,0x00,
	0x00,0x00,0x00,0x00,0x00,0x00,0x00,0x00,0x00,0x00,0x00,0x00,0x00,0x00,0x00,0x00,0x00,0x00,0x00,0x00,
	0x00,0x00,0x00,0x00,0x00,0x00,0x00,0x00,0x00,0x00,0x00,0x00,0x00,0x00,0x00,0x00,0x00,0x00,0x00,0x00,
	0x00,0x00,0x00,0x00,0x00,0x00,0x00,0x00,0x00,0x00,0x00,0x00,0x00,0x00,0x00,0x00,0x00,0x00,0x00,0x00,
	0x00,0x00,0x00,0x00,0x00,0x00,0x00,0x00,0x00,0x00,0x00,0x00,0x00,0x00,0x00,0x00,0x00,0x00,0x00,0x00,
	0x00,0x00,0x00,0x00,0x00,0x00,0x00,0x00,0x00,0x00,0x00,0x00,0x00,0x00,0x00,0x00,0x00,0x00,0x00,0x00,
	0x00,0x00,0x00,0x00,0x00,0x00,0x00,0x00,0x00,0x00,0x00,0x00,0x00,0x00,0x00,0x00,0x00,0x00,0x00,0x00,
	0x00,0x00,0x00,0x00,0x00,0x00,0x00,0x00,0x00,0x00,0x00,0x00,0x00,0x00,0x00,0x00,0x00,0x00,0x00,0x00,
	0x00,0x00,0x00,0x00,0x00,0x00,0x00,0x00,0x00,0x00,0x00,0x00,0x00,0x00,0x00,0x00,0x00,0x00,0x00,0x00,
	0x00,0x00,0x00,0x00,0x00,0x00,0x00,0x00,0x00,0x00,0x00,0x00,0x00,0x00,0x00,0x00,0x00,0x00,0x00,0x00,
	0x00,0x00,0x00,0x00,0x00,0x00,0x00,0x00,0x00,0x00,0x00,0x00,0x00,0x00,0x21,0x08,0x86,0x20,0xD3,0x69,
	0x3F,0xBB,0x79,0x92,0x4E,0x51,0x43,0x10,0xC8,0x28,0x59,0x8A,0xFF,0xB2,0x1F,0xB3,0x9A,0x9A,0x36,0x82,
	0x15,0x7A,0x15,0x7A,0x15,0x7A,0x36,0x82,0x15,0x7A,0x92,0x61,0xEA,0x38,0x00,0x00,0x00,0x00,0x00,0x00,
	0x00,0x00,0x00,0x00,0x00,0x00,0x00,0x00,0x00,0x00,0x00,0x00,0x00,0x00,0x00,0x00,0x00,0x00,0x00,0x00,
	0x00,0x00,0x00,0x00,0x00,0x00,0x00,0x00,0x00,0x00,0x00,0x00,0x00,0x00,0x00,0x00,0x00,0x00,0x00,0x00,
	0x00,0x00,0x00,0x00,0x00,0x00,0x00,0x00,0x00,0x00,0x00,0x00,0x00,0x00,0x00,0x00,0x00,0x00,0x00,0x00,
	0x00,0x00,0x00,0x00,0x00,0x00,0x00,0x00,0x00,0x00,0x00,0x00,0x00,0x00,0x00,0x00,0x00,0x00,0x00,0x00,
	0x00,0x00,0x00,0x00,0x00,0x00,0x00,0x00,0x00,0x00,0x00,0x00,0x00,0x00,0x00,0x00,0x00,0x00,0x00,0x00,
	0x00,0x00,0x00,0x00,0x00,0x00,0x00,0x00,0x00,0x00,0x00,0x00,0x00,0x00,0x00,0x00,0x00,0x00,0x00,0x00,
	0x00,0x00,0x00,0x00,0x00,0x00,0x00,0x00,0x00,0x00,0x00,0x00,0x00,0x00,0x00,0x00,0x00,0x00,0x00,0x00,
	0x00,0x00,0x00,0x00,0x00,0x00,0x00,0x00,0x00,0x00,0x00,0x00,0x00,0x00,0x00,0x00,0x00,0x00,0x00,0x00,
	0x00,0x00,0x00,0x00,0x00,0x00,0x00,0x00,0x00,0x00,0x00,0x00,0x00,0x00,0x00,0x00,0x00,0x00,0x00,0x00,
	0x00,0x00,0x00,0x00,0x00,0x00,0x00,0x00,0x00,0x00,0x00,0x00,0x00,0x00,0x00,0x00,0x00,0x00,0x00,0x00,
	0x00,0x00,0x00,0x00,0x00,0x00,0x00,0x00,0x00,0x00,0x00,0x00,0x00,0x00,0x00,0x00,0x00,0x00,0x00,0x00,
	0x00,0x00,0x00,0x00,0x00,0x00,0x00,0x00,0x00,0x00,0x00,0x00,0x00,0x00,0x00,0x00,0x00,0x00,0x00,0x00,
	0x00,0x00,0x00,0x00,0x00,0x00,0x00,0x00,0x00,0x00,0x00,0x00,0x00,0x00,0x00,0x00,0x00,0x00,0x00,0x00,
	0x00,0x00,0x00,0x00,0x00,0x00,0x00,0x00,0x00,0x00,0x00,0x00,0x00,0x00,0x00,0x00,0x00,0x00,0x00,0x00,
	0x00,0x00,0x00,0x00,0x00,0x00,0x00,0x00,0x00,0x00,0x00,0x00,0x00,0x00,0x00,0x00,0x00,0x00,0x00,0x00,
	0x00,0x00,0x00,0x00,0x00,0x00,0x00,0x00,0x00,0x00,0x00,0x00,0x00,0x00,0x00,0x00,0x00,0x00,0x00,0x00,
	0x00,0x00,0x00,0x00,0x00,0x00,0x00,0x00,0x00,0x00,0x00,0x00,0x00,0x00,0x00,0x00,0x00,0x00,0x00,0x00,
	0x00,0x00,0x00,0x00,0x00,0x00,0x00,0x00,0x00,0x00,0x00,0x00,0x00,0x00,0x00,0x00,0x00,0x00,0x00,0x00,
	0x00,0x00,0x00,0x00,0x00,0x00,0x00,0x00,0x00,0x00,0x00,0x00,0x00,0x00,0x00,0x00,0x00,0x00,0x00,0x00,
	0x00,0x00,0x00,0x00,0x00,0x00,0x00,0x00,0x00,0x00,0x21,0x08,0x20,0x00,0x00,0x00,0x00,0x00,0x00,0x00,
	0x00,0x00,0x00,0x00,0x00,0x00,0x00,0x00,0x00,0x00,0x00,0x00,0x00,0x00,0x00,0x00,0x00,0x00,0x00,0x00,
	0x00,0x00,0x00,0x00,0x00,0x00,0x00,0x00,0x00,0x00,0x00,0x00,0x00,0x00,0x00,0x00,0x00,0x00,0x00,0x00,
	0x00,0x00,0x00,0x00,0x00,0x00,0x00,0x00,0x00,0x00,0x00,0x00,0x00,0x00,0x00,0x00,0x00,0x00,0x00,0x00,
	0x00,0x00,0x00,0x00,0x00,0x00,0x00,0x00,0x00,0x00,0x00,0x00,0x00,0x00,0x00,0x00,0x00,0x00,0x00,0x00,
	0x00,0x00,0x00,0x00,0x00,0x00,0x00,0x00,0x00,0x00,0x00,0x00,0x00,0x00,0x00,0x00,0x00,0x00,0x00,0x00,
	0x01,0x08,0x65,0x18,0x91,0x59,0xDC,0xA2,0x37,0x82,0x2D,0x49,0x64,0x10,0xE9,0x30,0x38,0x82,0xBC,0xA2,
	0xDD,0xA2,0xBC,0xA2,0xDC,0xA2,0xDD,0xAA,0xDD,0xAA,0xBC,0xAA,0xDD,0xAA,0xDD,0xA2,0x58,0x8A,0x4E,0x49,
	0x01,0x00,0x00,0x00,0x00,0x00,0x00,0x00,0x00,0x00,0x00,0x00,0x00,0x00,0x00,0x00,0x00,0x00,0x00,0x00,
	0x00,0x00,0x00,0x00,0x00,0x00,0x00,0x00,0x00,0x00,0x00,0x00,0x00,0x00,0x00,0x00,0x00,0x00,0x00,0x00,
	0x00,0x00,0x00,0x00,0x00,0x00,0x00,0x00,0x00,0x00,0x00,0x00,0x00,0x00,0x00,0x00,0x00,0x00,0x00,0x00,
	0x00,0x00,0x00,0x00,0x00,0x00,0x00,0x00,0x00,0x00,0x00,0x00,0x00,0x00,0x00,0x00,0x00,0x00,0x00,0x00,
	0x00,0x00,0x00,0x00,0x00,0x00,0x00,0x00,0x00,0x00,0x00,0x00,0x00,0x00,0x00,0x00,0x00,0x00,0x00,0x00,
	0x00,0x00,0x00,0x00,0x20,0x00,0x21,0x08,0x00,0x00,0x00,0x00,0x00,0x00,0x00,0x00,0x00,0x00,0x00,0x00,
	0x00,0x00,0x00,0x00,0x00,0x00,0x00,0x00,0x00,0x00,0x00,0x00,0x00,0x00,0x00,0x00,0x00,0x00,0x00,0x00,
	0x00,0x00,0x00,0x00,0x00,0x00,0x00,0x00,0x00,0x00,0x00,0x00,0x00,0x00,0x00,0x00,0x00,0x00,0x00,0x00,
	0x00,0x00,0x00,0x00,0x00,0x00,0x00,0x00,0x00,0x00,0x00,0x00,0x00,0x00,0x00,0x00,0x00,0x00,0x00,0x00,
	0x00,0x00,0x00,0x00,0x00,0x00,0x00,0x00,0x00,0x00,0x00,0x00,0x00,0x00,0x00,0x00,0x00,0x00,0x00,0x00,
	0x00,0x00,0x00,0x00,0x00,0x00,0x00,0x00,0x00,0x00,0x00,0x00,0x00,0x00,0x00,0x00,0x00,0x00,0x00,0x00,
	0x00,0x00,0x00,0x00,0x00,0x00,0x00,0x00,0x00,0x00,0x00,0x00,0x00,0x00,0x00,0x00,0x00,0x00,0x00,0x00,
	0x00,0x00,0x00,0x00,0x00,0x00,0x00,0x00,0x00,0x00,0x00,0x00,0x00,0x00,0x00,0x00,0x00,0x00,0x00,0x00,
	0x00,0x00,0x00,0x00,0x00,0x00,0x00,0x00,0x00,0x00,0x00,0x00,0x00,0x00,0x00,0x00,0x00,0x00,0x00,0x00,
	0x00,0x00,0x00,0x00,0x00,0x00,0x00,0x00,0x00,0x00,0x00,0x00,0x00,0x00,0x00,0x00,0x00,0x00,0x00,0x00,
	0x00,0x00,0x00,0x00,0x00,0x00,0x00,0x00,0x00,0x00,0x00,0x00,0x00,0x00,0x00,0x00,0x00,0x00,0x00,0x00,
	0x00,0x00,0x00,0x00,0x00,0x00,0x00,0x00,0x00,0x00,0x00,0x00,0x00,0x00,0x00,0x00,0x00,0x00,0x00,0x00,
	0x00,0x00,0x00,0x00,0x00,0x00,0x00,0x00,0x00,0x00,0x00,0x00,0x00,0x00,0x00,0x00,0x00,0x00,0x00,0x00,
	0x00,0x00,0x00,0x00,0x00,0x00,0x00,0x00,0x00,0x00,0x00,0x00,0x00,0x00,0x00,0x00,0x00,0x00,0x00,0x00,
	0x00,0x00,0x00,0x00,0x00,0x00,0x00,0x00,0x00,0x00,0x00,0x00,0x20,0x00,0xC3,0x18,0xA6,0x31,0x24,0x21,
	0x62,0x10,0x20,0x00,0x00,0x00,0x00,0x00,0x00,0x00,0x00,0x00,0x00,0x00,0x00,0x00,0x00,0x00,0x00,0x00,
	0x00,0x00,0x00,0x00,0x00,0x00,0x00,0x00,0x00,0x00,0x00,0x00,0x00,0x00,0x00,0x00,0x00,0x00,0x00,0x00,
	0x00,0x00,0x00,0x00,0x00,0x00,0x00,0x00,0x00,0x00,0x00,0x00,0x00,0x00,0x00,0x00,0x00,0x00,0x00,0x00,
	0x00,0x00,0x00,0x00,0x00,0x00,0x00,0x00,0x00,0x00,0x00,0x00,0x00,0x00,0x00,0x00,0x00,0x00,0x00,0x00,
	0x00,0x00,0x00,0x00,0x00,0x00,0x00,0x00,0x00,0x00,0x00,0x00,0x00,0x00,0x00,0x00,0x00,0x00,0x00,0x00,
	0x00,0x00,0x00,0x00,0x00,0x00,0x00,0x00,0x22,0x08,0xC7,0x28,0x4D,0x49,0xEA,0x38,0x86,0x20,0x22,0x08,
	0x64,0x10,0x0B,0x41,0x4D,0x49,0x4D,0x49,0x4D,0x49,0x4D,0x49,0x6E,0x49,0x4E,0x49,0x4D,0x49,0x6E,0x51,
	0x4D,0x49,0x0B,0x41,0x86,0x20,0x00,0x00,0x00,0x00,0x00,0x00,0x00,0x00,0x00,0x00,0x00,0x00,0x00,0x00,
	0x00,0x00,0x00,0x00,0x00,0x00,0x00,0x00,0x00,0x00,0x00,0x00,0x00,0x00,0x00,0x00,0x00,0x00,0x00,0x00,
	0x00,0x00,0x00,0x00,0x00,0x00,0x00,0x00,0x00,0x00,0x00,0x00,0x00,0x00,0x00,0x00,0x00,0x00,0x00,0x00,
	0x00,0x00,0x00,0x00,0x00,0x00,0x00,0x00,0x00,0x00,0x00,0x00,0x00,0x00,0x00,0x00,0x00,0x00,0x00,0x00,
	0x00,0x00,0x00,0x00,0x00,0x00,0x00,0x00,0x00,0x00,0x00,0x00,0x00,0x00,0x00,0x00,0x00,0x00,0x00,0x00,
	0x00,0x00,0x00,0x00,0x00,0x00,0x20,0x00,0x62,0x10,0x24,0x21,0xA6,0x31,0xC3,0x18,0x20,0x00,0x00,0x00,
	0x00,0x00,0x00,0x00,0x00,0x00,0x00,0x00,0x00,0x00,0x00,0x00,0x00,0x00,0x00,0x00,0x00,0x00,0x00,0x00,
	0x00,0x00,0x00,0x00,0x00,0x00,0x00,0x00,0x00,0x00,0x00,0x00,0x00,0x00,0x00,0x00,0x00,0x00,0x00,0x00,
	0x00,0x00,0x00,0x00,0x00,0x00,0x00,0x00,0x00,0x00,0x00,0x00,0x00,0x00,0x00,0x00,0x00,0x00,0x00,0x00,
	0x00,0x00,0x00,0x00,0x00,0x00,0x00,0x00,0x00,0x00,0x00,0x00,0x00,0x00,0x00,0x00,0x00,0x00,0x00,0x00,
	0x00,0x00,0x00,0x00,0x00,0x00,0x00,0x00,0x00,0x00,0x00,0x00,0x00,0x00,0x00,0x00,0x00,0x00,0x00,0x00,
	0x00,0x00,0x00,0x00,0x00,0x00,0x00,0x00,0x00,0x00,0x00,0x00,0x00,0x00,0x00,0x00,0x00,0x00,0x00,0x00,
	0x00,0x00,0x00,0x00,0x00,0x00,0x00,0x00,0x00,0x00,0x00,0x00,0x00,0x00,0x00,0x00,0x00,0x00,0x00,0x00,
	0x00,0x00,0x00,0x00,0x00,0x00,0x00,0x00,0x00,0x00,0x00,0x00,0x00,0x00,0x00,0x00,0x00,0x00,0x00,0x00,
	0x00,0x00,0x00,0x00,0x00,0x00,0x00,0x00,0x00,0x00,0x00,0x00,0x00,0x00,0x00,0x00,0x00,0x00,0x00,0x00,
	0x00,0x00,0x00,0x00,0x00,0x00,0x00,0x00,0x00,0x00,0x00,0x00,0x00,0x00,0x00,0x00,0x00,0x00,0x00,0x00,
	0x00,0x00,0x00,0x00,0x00,0x00,0x00,0x00,0x00,0x00,0x00,0x00,0x00,0x00,0x00,0x00,0x00,0x00,0x00,0x00,
	0x00,0x00,0x00,0x00,0x00,0x00,0x00,0x00,0x00,0x00,0x00,0x00,0x00,0x00,0x00,0x00,0x00,0x00,0x00,0x00,
	0x00,0x00,0x00,0x00,0x00,0x00,0x00,0x00,0x00,0x00,0x00,0x00,0x00,0x00,0x00,0x00,0x00,0x00,0x00,0x00,
	0x00,0x00,0x00,0x00,0x00,0x00,0x00,0x00,0x00,0x00,0x00,0x00,0x00,0x00,0x00,0x00,0x20,0x00,0xC2,0x10,
	0xC6,0x31,0xAA,0x52,0x29,0x4A,0x65,0x29,0x41,0x08,0x00,0x00,0x00,0x00,0x00,0x00,0x00,0x00,0x00,0x00,
	0x00,0x00,0x00,0x00,0x00,0x00,0x00,0x00,0x00,0x00,0x00,0x00,0x00,0x00,0x00,0x00,0x00,0x00,0x00,0x00,
	0x00,0x00,0x00,0x00,0x00,0x00,0x00,0x00,0x00,0x00,0x00,0x00,0x00,0x00,0x00,0x00,0x00,0x00,0x00,0x00,
	0x00,0x00,0x00,0x00,0x00,0x00,0x00,0x00,0x00,0x00,0x00,0x00,0x00,0x00,0x00,0x00,0x00,0x00,0x00,0x00,
	0x00,0x00,0x00,0x00,0x00,0x00,0x00,0x00,0x00,0x00,0x00,0x00,0x00,0x00,0x00,0x00,0x00,0x00,0x00,0x00,
	0x00,0x00,0x00,0x00,0x00,0x00,0x00,0x00,0x00,0x00,0x00,0x00,0x00,0x00,0x00,0x00,0x21,0x08,0x43,0x10,
	0x42,0x08,0x01,0x08,0x01,0x00,0x01,0x00,0x42,0x10,0x43,0x10,0x43,0x10,0x43,0x10,0x43,0x10,0x43,0x10,
	0x43,0x10,0x43,0x10,0x43,0x10,0x43,0x10,0x22,0x10,0x21,0x08,0x00,0x00,0x00,0x00,0x00,0x00,0x00,0x00,
	0x00,0x00,0x00,0x00,0x00,0x00,0x00,0x00,0x00,0x00,0x00,0x00,0x00,0x00,0x00,0x00,0x00,0x00,0x00,0x00,
	0x00,0x00,0x00,0x00,0x00,0x00,0x00,0x00,0x00,0x00,0x00,0x00,0x00,0x00,0x00,0x00,0x00,0x00,0x00,0x00,
	0x00,0x00,0x00,0x00,0x00,0x00,0x00,0x00,0x00,0x00,0x00,0x00,0x00,0x00,0x00,0x00,0x00,0x00,0x00,0x00,
	0x00,0x00,0x00,0x00,0x00,0x00,0x00,0x00,0x00,0x00,0x00,0x00,0x00,0x00,0x00,0x00,0x00,0x00,0x00,0x00,
	0x00,0x00,0x00,0x00,0x00,0x00,0x00,0x00,0x00,0x00,0x00,0x00,0x41,0x08,0x45,0x29,0x29,0x4A,0xAA,0x52,
	0xC6,0x31,0xC2,0x10,0x20,0x00,0x00,0x00,0x00,0x00,0x00,0x00,0x00,0x00,0x00,0x00,0x00,0x00,0x00,0x00,
	0x00,0x00,0x00,0x00,0x00,0x00,0x00,0x00,0x00,0x00,0x00,0x00,0x00,0x00,0x00,0x00,0x00,0x00,0x00,0x00,
	0x00,0x00,0x00,0x00,0x00,0x00,0x00,0x00,0x00,0x00,0x00,0x00,0x00,0x00,0x00,0x00,0x00,0x00,0x00,0x00,
	0x00,0x00,0x00,0x00,0x00,0x00,0x00,0x00,0x00,0x00,0x00,0x00,0x00,0x00,0x00,0x00,0x00,0x00,0x00,0x00,
	0x00,0x00,0x00,0x00,0x00,0x00,0x00,0x00,0x00,0x00,0x00,0x00,0x00,0x00,0x00,0x00,0x00,0x00,0x00,0x00,
	0x00,0x00,0x00,0x00,0x00,0x00,0x00,0x00,0x00,0x00,0x00,0x00,0x00,0x00,0x00,0x00,0x00,0x00,0x00,0x00,
	0x00,0x00,0x00,0x00,0x00,0x00,0x00,0x00,0x00,0x00,0x00,0x00,0x00,0x00,0x00,0x00,0x00,0x00,0x00,0x00,
	0x00,0x00,0x00,0x00,0x00,0x00,0x00,0x00,0x00,0x00,0x00,0x00,0x00,0x00,0x00,0x00,0x00,0x00,0x00,0x00,
	0x00,0x00,0x00,0x00,0x00,0x00,0x00,0x00,0x00,0x00,0x00,0x00,0x00,0x00,0x00,0x00,0x00,0x00,0x00,0x00,
	0x00,0x00,0x00,0x00,0x00,0x00,0x00,0x00,0x00,0x00,0x00,0x00,0x00,0x00,0x00,0x00,0x00,0x00,0x00,0x00,
	0x00,0x00,0x00,0x00,0x00,0x00,0x00,0x00,0x00,0x00,0x00,0x00,0x00,0x00,0x00,0x00,0x00,0x00,0x00,0x00,
	0x00,0x00,0x00,0x00,0x00,0x00,0x00,0x00,0x00,0x00,0x00,0x00,0x00,0x00,0x00,0x00,0x00,0x00,0x00,0x00,
	0x00,0x00,0x00,0x00,0x00,0x00,0x00,0x00,0x00,0x00,0x00,0x00,0x00,0x00,0x00,0x00,0x00,0x00,0x00,0x00,
	0x00,0x00,0x00,0x00,0x00,0x00,0x00,0x00,0x00,0x00,0x00,0x00,0x00,0x00,0x00,0x00,0x00,0x00,0x00,0x00,
	0x00,0x00,0x61,0x08,0xE7,0x39,0xAA,0x52,0xEC,0x62,0x2D,0x6B,0x8A,0x52,0xA2,0x10,0x00,0x00,0x00,0x00,
	0x00,0x00,0x00,0x00,0x00,0x00,0x00,0x00,0x00,0x00,0x00,0x00,0x00,0x00,0x00,0x00,0x00,0x00,0x00,0x00,
	0x00,0x00,0x00,0x00,0x00,0x00,0x00,0x00,0x00,0x00,0x00,0x00,0x00,0x00,0x00,0x00,0x00,0x00,0x00,0x00,
	0x00,0x00,0x00,0x00,0x00,0x00,0x00,0x00,0x00,0x00,0x00,0x00,0x00,0x00,0x00,0x00,0x00,0x00,0x00,0x00,
	0x00,0x00,0x00,0x00,0x00,0x00,0x00,0x00,0x00,0x00,0x00,0x00,0x00,0x00,0x00,0x00,0x00,0x00,0x00,0x00,
	0x00,0x00,0x00,0x00,0x00,0x00,0x00,0x00,0x00,0x00,0x00,0x00,0x00,0x00,0x00,0x00,0x00,0x00,0x00,0x00,
	0x00,0x00,0x00,0x00,0x00,0x00,0x00,0x00,0x00,0x00,0x00,0x00,0x00,0x00,0x00,0x00,0x00,0x00,0x00,0x00,
	0x00,0x00,0x00,0x00,0x00,0x00,0x00,0x00,0x00,0x00,0x00,0x00,0x00,0x00,0x00,0x00,0x00,0x00,0x00,0x00,
	0x00,0x00,0x00,0x00,0x00,0x00,0x00,0x00,0x00,0x00,0x00,0x00,0x00,0x00,0x00,0x00,0x00,0x00,0x00,0x00,
	0x00,0x00,0x00,0x00,0x00,0x00,0x00,0x00,0x00,0x00,0x00,0x00,0x00,0x00,0x00,0x00,0x00,0x00,0x00,0x00,
	0x00,0x00,0x00,0x00,0x00,0x00,0x00,0x00,0x00,0x00,0x00,0x00,0x00,0x00,0x00,0x00,0x00,0x00,0x00,0x00,
	0x00,0x00,0x00,0x00,0x00,0x00,0x00,0x00,0x00,0x00,0x00,0x00,0x00,0x00,0x00,0x00,0x00,0x00,0x00,0x00,
	0x00,0x00,0x00,0x00,0x00,0x00,0x00,0x00,0x00,0x00,0x00,0x00,0x00,0x00,0x00,0x00,0x00,0x00,0xA2,0x10,
	0x8A,0x52,0x2D,0x6B,0xEC,0x62,0xAA,0x52,0xE7,0x39,0x61,0x08,0x00,0x00,0x00,0x00,0x00,0x00,0x00,0x00,
	0x00,0x00,0x00,0x00,0x00,0x00,0x00,0x00,0x00,0x00,0x00,0x00,0x00,0x00,0x00,0x00,0x00,0x00,0x00,0x00,
	0x00,0x00,0x00,0x00,0x00,0x00,0x00,0x00,0x00,0x00,0x00,0x00,0x00,0x00,0x00,0x00,0x00,0x00,0x00,0x00,
	0x00,0x00,0x00,0x00,0x00,0x00,0x00,0x00,0x00,0x00,0x00,0x00,0x00,0x00,0x00,0x00,0x00,0x00,0x00,0x00,
	0x00,0x00,0x00,0x00,0x00,0x00,0x00,0x00,0x00,0x00,0x00,0x00,0x00,0x00,0x00,0x00,0x00,0x00,0x00,0x00,
	0x00,0x00,0x00,0x00,0x00,0x00,0x00,0x00,0x00,0x00,0x00,0x00,0x00,0x00,0x00,0x00,0x00,0x00,0x00,0x00,
	0x00,0x00,0x00,0x00,0x00,0x00,0x00,0x00,0x00,0x00,0x00,0x00,0x00,0x00,0x00,0x00,0x00,0x00,0x00,0x00,
	0x00,0x00,0x00,0x00,0x00,0x00,0x00,0x00,0x00,0x00,0x00,0x00,0x00,0x00,0x00,0x00,0x00,0x00,0x00,0x00,
	0x00,0x00,0x00,0x00,0x00,0x00,0x00,0x00,0x00,0x00,0x00,0x00,0x00,0x00,0x00,0x00,0x00,0x00,0x00,0x00,
	0x00,0x00,0x00,0x00,0x00,0x00,0x00,0x00,0x00,0x00,0x00,0x00,0x00,0x00,0x00,0x00,0x00,0x00,0x00,0x00,
	0x00,0x00,0x00,0x00,0x00,0x00,0x00,0x00,0x00,0x00,0x00,0x00,0x00,0x00,0x00,0x00,0x00,0x00,0x00,0x00,
	0x00,0x00,0x00,0x00,0x00,0x00,0x00,0x00,0x00,0x00,0x00,0x00,0x00,0x00,0x00,0x00,0x00,0x00,0x00,0x00,
	0x00,0x00,0x00,0x00,0x00,0x00,0x00,0x00,0x00,0x00,0x00,0x00,0x00,0x00,0x00,0x00,0x00,0x00,0x00,0x00,
	0x00,0x00,0x00,0x00,0x00,0x00,0x00,0x00,0x00,0x00,0x00,0x00,0x00,0x00,0x00,0x00,0x00,0x00,0x00,0x00,
	0x00,0x00,0x00,0x00,0x00,0x00,0x00,0x00,0x61,0x08,0x86,0x31,0x8A,0x52,0x4D,0x6B,0x2D,0x6B,0x69,0x4A,
	0x82,0x10,0x00,0x00,0x00,0x00,0x00,0x00,0x00,0x00,0x00,0x00,0x00,0x00,0x00,0x00,0x00,0x00,0x00,0x00,
	0x00,0x00,0x00,0x00,0x00,0x00,0x00,0x00,0x00,0x00,0x00,0x00,0x00,0x00,0x00,0x00,0x00,0x00,0x00,0x00,
	0x00,0x00,0x00,0x00,0x00,0x00,0x00,0x00,0x00,0x00,0x00,0x00,0x00,0x00,0x00,0x00,0x00,0x00,0x00,0x00,
	0x00,0x00,0x00,0x00,0x00,0x00,0x00,0x00,0x00,0x00,0x00,0x00,0x00,0x00,0x00,0x00,0x00,0x00,0x00,0x00,
	0x00,0x00,0x00,0x00,0x00,0x00,0x00,0x00,0x00,0x00,0x00,0x00,0x00,0x00,0x00,0x00,0x00,0x00,0x00,0x00,
	0x00,0x00,0x00,0x00,0x00,0x00,0x00,0x00,0x00,0x00,0x00,0x00,0x00,0x00,0x00,0x00,0x00,0x00,0x00,0x00,
	0x00,0x00,0x00,0x00,0x00,0x00,0x00,0x00,0x00,0x00,0x00,0x00,0x00,0x00,0x00,0x00,0x00,0x00,0x00,0x00,
	0x00,0x00,0x00,0x00,0x00,0x00,0x00,0x00,0x00,0x00,0x00,0x00,0x00,0x00,0x00,0x00,0x00,0x00,0x00,0x00,
	0x00,0x00,0x00,0x00,0x00,0x00,0x00,0x00,0x00,0x00,0x00,0x00,0x00,0x00,0x00,0x00,0x00,0x00,0x00,0x00,
	0x00,0x00,0x00,0x00,0x00,0x00,0x00,0x00,0x00,0x00,0x00,0x00,0x00,0x00,0x00,0x00,0x00,0x00,0x00,0x00,
	0x00,0x00,0x00,0x00,0x00,0x00,0x00,0x00,0x00,0x00,0x00,0x00,0x00,0x00,0x00,0x00,0x00,0x00,0x00,0x00,
	0x00,0x00,0x00,0x00,0x00,0x00,0x00,0x00,0x00,0x00,0x00,0x00,0x00,0x00,0x00,0x00,0x00,0x00,0x00,0x00,
	0x00,0x00,0x00,0x00,0x82,0x10,0x69,0x4A,0x4D,0x6B,0x4D,0x6B,0xAA,0x52,0xA6,0x31,0x61,0x08,0x00,0x00,
	0x00,0x00,0x00,0x00,0x00,0x00,0x00,0x00,0x00,0x00,0x00,0x00,0x00,0x00,0x00,0x00,0x00,0x00,0x00,0x00,
	0x00,0x00,0x00,0x00,0x00,0x00,0x00,0x00,0x00,0x00,0x00,0x00,0x00,0x00,0x00,0x00,0x00,0x00,0x00,0x00,
	0x00,0x00,0x00,0x00,0x00,0x00,0x00,0x00,0x00,0x00,0x00,0x00,0x00,0x00,0x00,0x00,0x00,0x00,0x00,0x00,
	0x00,0x00,0x00,0x00,0x00,0x00,0x00,0x00,0x00,0x00,0x00,0x00,0x00,0x00,0x00,0x00,0x00,0x00,0x00,0x00,
	0x00,0x00,0x00,0x00,0x00,0x00,0x00,0x00,0x00,0x00,0x00,0x00,0x00,0x00,0x00,0x00,0x00,0x00,0x00,0x00,
	0x00,0x00,0x00,0x00,0x00,0x00,0x00,0x00,0x00,0x00,0x00,0x00,0x00,0x00,0x00,0x00,0x00,0x00,0x00,0x00,
	0x00,0x00,0x00,0x00,0x00,0x00,0x00,0x00,0x00,0x00,0x00,0x00,0x00,0x00,0x00,0x00,0x00,0x00,0x00,0x00,
	0x00,0x00,0x00,0x00,0x00,0x00,0x00,0x00,0x00,0x00,0x00,0x00,0x00,0x00,0x00,0x00,0x00,0x00,0x00,0x00,
	0x00,0x00,0x00,0x00,0x00,0x00,0x00,0x00,0x00,0x00,0x00,0x00,0x00,0x00,0x00,0x00,0x00,0x00,0x00,0x00,
	0x00,0x00,0x00,0x00,0x00,0x00,0x00,0x00,0x00,0x00,0x00,0x00,0x00,0x00,0x00,0x00,0x00,0x00,0x00,0x00,
	0x00,0x00,0x00,0x00,0x00,0x00,0x00,0x00,0x00,0x00,0x00,0x00,0x00,0x00,0x00,0x00,0x00,0x00,0x00,0x00,
	0x00,0x00,0x00,0x00,0x00,0x00,0x00,0x00,0x00,0x00,0x00,0x00,0x00,0x00,0x00,0x00,0x00,0x00,0x00,0x00,
	0x00,0x00,0x00,0x00,0x00,0x00,0x00,0x00,0x00,0x00,0x00,0x00,0x00,0x00,0x00,0x00,0x00,0x00,0x00,0x00,
	0x00,0x00,0x00,0x00,0x00,0x00,0x00,0x00,0x00,0x00,0x00,0x00,0x00,0x00,0x21,0x08,0xC3,0x18,0xE8,0x41,
	0xEC,0x62,0x8A,0x52,0x86,0x31,0x61,0x08,0x00,0x00,0x00,0x00,0x00,0x00,0x00,0x00,0x00,0x00,0x00,0x00,
	0x00,0x00,0x00,0x00,0x00,0x00,0x00,0x00,0x00,0x00,0x00,0x00,0x00,0x00,0x00,0x00,0x00,0x00,0x00,0x00,
	0x00,0x00,0x00,0x00,0x00,0x00,0x00,0x00,0x00,0x00,0x00,0x00,0x00,0x00,0x00,0x00,0x00,0x00,0x00,0x00,
	0x00,0x00,0x00,0x00,0x00,0x00,0x00,0x00,0x00,0x00,0x00,0x00,0x00,0x00,0x00,0x00,0x00,0x00,0x00,0x00,
	0x00,0x00,0x00,0x00,0x00,0x00,0x00,0x00,0x00,0x00,0x00,0x00,0x00,0x00,0x00,0x00,0x00,0x00,0x00,0x00,
	0x00,0x00,0x00,0x00,0x00,0x00,0x00,0x00,0x00,0x00,0x00,0x00,0x00,0x00,0x00,0x00,0x00,0x00,0x00,0x00,
	0x00,0x00,0x00,0x00,0x00,0x00,0x00,0x00,0x00,0x00,0x00,0x00,0x00,0x00,0x00,0x00,0x00,0x00,0x00,0x00,
	0x00,0x00,0x00,0x00,0x00,0x00,0x00,0x00,0x00,0x00,0x00,0x00,0x00,0x00,0x00,0x00,0x00,0x00,0x00,0x00,
	0x00,0x00,0x00,0x00,0x00,0x00,0x00,0x00,0x00,0x00,0x00,0x00,0x00,0x00,0x00,0x00,0x00,0x00,0x00,0x00,
	0x00,0x00,0x00,0x00,0x00,0x00,0x00,0x00,0x00,0x00,0x00,0x00,0x00,0x00,0x00,0x00,0x00,0x00,0x00,0x00,
	0x00,0x00,0x00,0x00,0x00,0x00,0x00,0x00,0x00,0x00,0x00,0x00,0x00,0x00,0x00,0x00,0x00,0x00,0x00,0x00,
	0x00,0x00,0x00,0x00,0x00,0x00,0x00,0x00,0x00,0x00,0x00,0x00,0x00,0x00,0x00,0x00,0x00,0x00,0x00,0x00,
	0x00,0x00,0x00,0x00,0x00,0x00,0x00,0x00,0x00,0x00,0x61,0x08,0xA6,0x31,0x8A,0x52,0xEC,0x62,0x08,0x42,
	0xC3,0x18,0x21,0x08,0x00,0x00,0x00,0x00,0x00,0x00,0x00,0x00,0x00,0x00,0x00,0x00,0x00,0x00,0x00,0x00,
	0x00,0x00,0x00,0x00,0x00,0x00,0x00,0x00,0x00,0x00,0x00,0x00,0x00,0x00,0x00,0x00,0x00,0x00,0x00,0x00,
	0x00,0x00,0x00,0x00,0x00,0x00,0x00,0x00,0x00,0x00,0x00,0x00,0x00,0x00,0x00,0x00,0x00,0x00,0x00,0x00,
	0x00,0x00,0x00,0x00,0x00,0x00,0x00,0x00,0x00,0x00,0x00,0x00,0x00,0x00,0x00,0x00,0x00,0x00,0x00,0x00,
	0x00,0x00,0x00,0x00,0x00,0x00,0x00,0x00,0x00,0x00,0x00,0x00,0x00,0x00,0x00,0x00,0x00,0x00,0x00,0x00,
	0x00,0x00,0x00,0x00,0x00,0x00,0x00,0x00,0x00,0x00,0x00,0x00,0x00,0x00,0x00,0x00,0x00,0x00,0x00,0x00,
	0x00,0x00,0x00,0x00,0x00,0x00,0x00,0x00,0x00,0x00,0x00,0x00,0x00,0x00,0x00,0x00,0x00,0x00,0x00,0x00,
	0x00,0x00,0x00,0x00,0x00,0x00,0x00,0x00,0x00,0x00,0x00,0x00,0x00,0x00,0x00,0x00,0x00,0x00,0x00,0x00,
	0x00,0x00,0x00,0x00,0x00,0x00,0x00,0x00,0x00,0x00,0x00,0x00,0x00,0x00,0x00,0x00,0x00,0x00,0x00,0x00,
	0x00,0x00,0x00,0x00,0x00,0x00,0x00,0x00,0x00,0x00,0x00,0x00,0x00,0x00,0x00,0x00,0x00,0x00,0x00,0x00,
	0x00,0x00,0x00,0x00,0x00,0x00,0x00,0x00,0x00,0x00,0x00,0x00,0x00,0x00,0x00,0x00,0x00,0x00,0x00,0x00,
	0x00,0x00,0x00,0x00,0x00,0x00,0x00,0x00,0x00,0x00,0x00,0x00,0x00,0x00,0x00,0x00,0x00,0x00,0x00,0x00,
	0x00,0x00,0x00,0x00,0x00,0x00,0x00,0x00,0x00,0x00,0x00,0x00,0x00,0x00,0x00,0x00,0x00,0x00,0x00,0x00,
	0x00,0x00,0x00,0x00,0x00,0x00,0x00,0x00,0x00,0x00,0x00,0x00,0x00,0x00,0x00,0x00,0x00,0x00,0x00,0x00,
	0x00,0x00,0x41,0x08,0xA3,0x18,0x04,0x21,0xE3,0x18,0x82,0x10,0x20,0x00,0x00,0x00,0x00,0x00,0x00,0x00,
	0x00,0x00,0x00,0x00,0x00,0x00,0x00,0x00,0x00,0x00,0x00,0x00,0x00,0x00,0x00,0x00,0x00,0x00,0x00,0x00,
	0x00,0x00,0x00,0x00,0x00,0x00,0x00,0x00,0x00,0x00,0x00,0x00,0x00,0x00,0x00,0x00,0x00,0x00,0x00,0x00,
	0x00,0x00,0x00,0x00,0x00,0x00,0x00,0x00,0x00,0x00,0x00,0x00,0x00,0x00,0x00,0x00,0x00,0x00,0x00,0x00,
	0x00,0x00,0x00,0x00,0x00,0x00,0x00,0x00,0x00,0x00,0x00,0x00,0x00,0x00,0x00,0x00,0x00,0x00,0x00,0x00,
	0x00,0x00,0x00,0x00,0x00,0x00,0x00,0x00,0x00,0x00,0x00,0x00,0x00,0x00,0x00,0x00,0x00,0x00,0x00,0x00,
	0x00,0x00,0x00,0x00,0x00,0x00,0x00,0x00,0x00,0x00,0x00,0x00,0x00,0x00,0x00,0x00,0x00,0x00,0x00,0x00,
	0x00,0x00,0x00,0x00,0x00,0x00,0x00,0x00,0x00,0x00,0x00,0x00,0x00,0x00,0x00,0x00,0x00,0x00,0x00,0x00,
	0x00,0x00,0x00,0x00,0x00,0x00,0x00,0x00,0x00,0x00,0x00,0x00,0x00,0x00,0x00,0x00,0x00,0x00,0x00,0x00,
	0x00,0x00,0x00,0x00,0x00,0x00,0x00,0x00,0x00,0x00,0x00,0x00,0x00,0x00,0x00,0x00,0x00,0x00,0x00,0x00,
	0x00,0x00,0x00,0x00,0x00,0x00,0x00,0x00,0x00,0x00,0x00,0x00,0x00,0x00,0x00,0x00,0x00,0x00,0x00,0x00,
	0x00,0x00,0x00,0x00,0x00,0x00,0x00,0x00,0x00,0x00,0x00,0x00,0x00,0x00,0x00,0x00,0x00,0x00,0x00,0x00,
	0x00,0x00,0x00,0x00,0x00,0x00,0x00,0x00,0x00,0x00,0x00,0x00,0x00,0x00,0x00,0x00,0x20,0x00,0x82,0x10,
	0xE3,0x18,0x04,0x21,0xA3,0x18,0x41,0x08,0x00,0x00,0x00,0x00,0x00,0x00,0x00,0x00,0x00,0x00,0x00,0x00,
	0x00,0x00,0x00,0x00,0x00,0x00,0x00,0x00,0x00,0x00,0x00,0x00,0x00,0x00,0x00,0x00,0x00,0x00,0x00,0x00,
	0x00,0x00,0x00,0x00,0x00,0x00,0x00,0x00,0x00,0x00,0x00,0x00,0x00,0x00,0x00,0x00,0x00,0x00,0x00,0x00,
	0x00,0x00,0x00,0x00,0x00,0x00,0x00,0x00,0x00,0x00,0x00,0x00,0x00,0x00,0x00,0x00,0x00,0x00,0x00,0x00,
	0x00,0x00,0x00,0x00,0x00,0x00,0x00,0x00,0x00,0x00,0x00,0x00,0x00,0x00,0x00,0x00,0x00,0x00,0x00,0x00,
	0x00,0x00,0x00,0x00,0x00,0x00,0x00,0x00,0x00,0x00,0x00,0x00,0x00,0x00,0x00,0x00,0x00,0x00,0x00,0x00,
	0x00,0x00,0x00,0x00,0x00,0x00,0x00,0x00,0x00,0x00,0x00,0x00,0x00,0x00,0x00,0x00,0x00,0x00,0x00,0x00,
	0x00,0x00,0x00,0x00,0x00,0x00,0x00,0x00,0x00,0x00,0x00,0x00,0x00,0x00,0x00,0x00,0x00,0x00,0x00,0x00,
	0x00,0x00,0x00,0x00,0x00,0x00,0x00,0x00,0x00,0x00,0x00,0x00,0x00,0x00,0x00,0x00,0x00,0x00,0x00,0x00,
	0x00,0x00,0x00,0x00,0x00,0x00,0x00,0x00,0x00,0x00,0x00,0x00,0x00,0x00,0x00,0x00,0x00,0x00,0x00,0x00,
	0x00,0x00,0x00,0x00,0x00,0x00,0x00,0x00,0x00,0x00,0x00,0x00,0x00,0x00,0x00,0x00,0x00,0x00,0x00,0x00,
	0x00,0x00,0x00,0x00,0x00,0x00,0x00,0x00,0x00,0x00,0x00,0x00,0x00,0x00,0x00,0x00,0x00,0x00,0x00,0x00,
	0x00,0x00,0x00,0x00,0x00,0x00,0x00,0x00,0x00,0x00,0x00,0x00,0x00,0x00,0x00,0x00,0x00,0x00,0x00,0x00,
	0x00,0x00,0x00,0x00,0x00,0x00,0x00,0x00,0x00,0x00,0x00,0x00,0x00,0x00,0x00,0x00,0x00,0x00,0x00,0x00,
	0x00,0x00,0x00,0x00,0x00,0x00,0x00,0x00,0x00,0x00,0x00,0x00,0x00,0x00,0x00,0x00,0x00,0x00,0x00,0x00,
	0x00,0x00,0x00,0x00,0x00,0x00,0x00,0x00,0x00,0x00,0x00,0x00,0x00,0x00,0x00,0x00,0x00,0x00,0x00,0x00,
	0x00,0x00,0x00,0x00,0x00,0x00,0x00,0x00,0x00,0x00,0x00,0x00,0x00,0x00,0x00,0x00,0x00,0x00,0x00,0x00,
	0x00,0x00,0x00,0x00,0x00,0x00,0x00,0x00,0x00,0x00,0x00,0x00,0x00,0x00,0x00,0x00,0x00,0x00,0x00,0x00,
	0x00,0x00,0x00,0x00,0x00,0x00,0x00,0x00,0x00,0x00,0x00,0x00,0x00,0x00,0x00,0x00,0x00,0x00,0x00,0x00,
	0x00,0x00,0x00,0x00,0x00,0x00,0x00,0x00,0x00,0x00,0x00,0x00,0x00,0x00,0x00,0x00,0x00,0x00,0x00,0x00,
	0x00,0x00,0x00,0x00,0x00,0x00,0x00,0x00,0x00,0x00,0x00,0x00,0x00,0x00,0x00,0x00,0x00,0x00,0x00,0x00,
	0x00,0x00,0x00,0x00,0x00,0x00,0x00,0x00,0x00,0x00,0x00,0x00,0x00,0x00,0x00,0x00,0x00,0x00,0x00,0x00,
	0x00,0x00,0x00,0x00,0x00,0x00,0x00,0x00,0x00,0x00,0x00,0x00,0x00,0x00,0x00,0x00,0x00,0x00,0x00,0x00,
	0x00,0x00,0x00,0x00,0x00,0x00,0x00,0x00,0x00,0x00,0x00,0x00,0x00,0x00,0x00,0x00,0x00,0x00,0x00,0x00,
	0x00,0x00,0x00,0x00,0x00,0x00,0x00,0x00,0x00,0x00,0x00,0x00,0x00,0x00,0x00,0x00,0x00,0x00,0x00,0x00,
	0x00,0x00,0x00,0x00,0x00,0x00,0x00,0x00,0x00,0x00,0x00,0x00,0x00,0x00,0x00,0x00,0x00,0x00,0x00,0x00,
	0x00,0x00,0x00,0x00,0x00,0x00,0x00,0x00,0x00,0x00,0x00,0x00,0x00,0x00,0x00,0x00,0x00,0x00,0x00,0x00,
	0x00,0x00,0x00,0x00,0x00,0x00,0x00,0x00,0x00,0x00,0x00,0x00,0x00,0x00,0x00,0x00,0x00,0x00,0x00,0x00,
	0x00,0x00,0x00,0x00,0x00,0x00,0x00,0x00,0x00,0x00,0x00,0x00,0x00,0x00,0x00,0x00,0x00,0x00,0x00,0x00,
	0x00,0x00,0x00,0x00,0x00,0x00,0x00,0x00,0x00,0x00,0x00,0x00,0x00,0x00,0x00,0x00,0x00,0x00,0x00,0x00,
	0x00,0x00,0x00,0x00,0x00,0x00,0x00,0x00,0x00,0x00,0x00,0x00,0x00,0x00,0x00,0x00,0x00,0x00,0x00,0x00,
	0x00,0x00,0x00,0x00,0x00,0x00,0x00,0x00,0x00,0x00,0x00,0x00,0x00,0x00,0x00,0x00,0x00,0x00,0x00,0x00,
	0x00,0x00,0x00,0x00,0x00,0x00,0x00,0x00,0x00,0x00,0x00,0x00,0x00,0x00,0x00,0x00,0x00,0x00,0x00,0x00,
	0x00,0x00,0x00,0x00,0x00,0x00,0x00,0x00,0x00,0x00,0x00,0x00,0x00,0x00,0x00,0x00,0x00,0x00,0x00,0x00,
	0x00,0x00,0x00,0x00,0x00,0x00,0x00,0x00,0x00,0x00,0x00,0x00,0x00,0x00,0x00,0x00,0x00,0x00,0x00,0x00,
	0x00,0x00,0x00,0x00,0x00,0x00,0x00,0x00,0x00,0x00,0x00,0x00,0x00,0x00,0x00,0x00,0x00,0x00,0x00,0x00,
	0x00,0x00,0x00,0x00,0x00,0x00,0x00,0x00,0x00,0x00,0x00,0x00,0x00,0x00,0x00,0x00,0x00,0x00,0x00,0x00,
	0x00,0x00,0x00,0x00,0x00,0x00,0x00,0x00,0x00,0x00,0x00,0x00,0x00,0x00,0x00,0x00,0x00,0x00,0x00,0x00,
	0x00,0x00,0x00,0x00,0x00,0x00,0x00,0x00,0x00,0x00,0x00,0x00,0x00,0x00,0x00,0x00,0x00,0x00,0x00,0x00,
	0x00,0x00,0x00,0x00,0x00,0x00,0x00,0x00,0x00,0x00,0x00,0x00,0x00,0x00,0x00,0x00,0x00,0x00,0x00,0x00,
	0x00,0x00,0x00,0x00,0x00,0x00,0x00,0x00,0x00,0x00,0x00,0x00,0x00,0x00,0x00,0x00,0x00,0x00,0x00,0x00,
	0x00,0x00,0x00,0x00,0x00,0x00,0x00,0x00,0x00,0x00,0x00,0x00,0x00,0x00,0x00,0x00,0x00,0x00,0x00,0x00,
	0x00,0x00,0x00,0x00,0x00,0x00,0x00,0x00,0x00,0x00,0x00,0x00,0x00,0x00,0x00,0x00,0x00,0x00,0x00,0x00,
	0x00,0x00,0x00,0x00,0x00,0x00,0x00,0x00,0x00,0x00,0x00,0x00,0x00,0x00,0x00,0x00,0x00,0x00,0x00,0x00,
	0x00,0x00,0x00,0x00,0x00,0x00,0x00,0x00,0x00,0x00,0x00,0x00,0x00,0x00,0x00,0x00,0x00,0x00,0x00,0x00,
	0x00,0x00,0x00,0x00,0x00,0x00,0x00,0x00,0x00,0x00,0x00,0x00,0x00,0x00,0x00,0x00,0x00,0x00,0x00,0x00,
	0x00,0x00,0x00,0x00,0x00,0x00,0x00,0x00,0x00,0x00,0x00,0x00,0x00,0x00,0x00,0x00,0x00,0x00,0x00,0x00,
	0x00,0x00,0x00,0x00,0x00,0x00,0x00,0x00,0x00,0x00,0x00,0x00,0x00,0x00,0x00,0x00,0x00,0x00,0x00,0x00,
	0x00,0x00,0x00,0x00,0x00,0x00,0x00,0x00,0x00,0x00,0x00,0x00,0x00,0x00,0x00,0x00,0x00,0x00,0x00,0x00,
	0x00,0x00,0x00,0x00,0x00,0x00,0x00,0x00,0x00,0x00,0x00,0x00,0x00,0x00,0x00,0x00,0x00,0x00,0x00,0x00,
	0x00,0x00,0x00,0x00,0x00,0x00,0x00,0x00,0x00,0x00,0x00,0x00,0x00,0x00,0x00,0x00,0x00,0x00,0x00,0x00,
	0x00,0x00,0x00,0x00,0x00,0x00,0x00,0x00,0x00,0x00,0x00,0x00,0x00,0x00,0x00,0x00,0x00,0x00,0x00,0x00,
	0x00,0x00,0x00,0x00,0x00,0x00,0x00,0x00,0x00,0x00,0x00,0x00,0x00,0x00,0x00,0x00,0x00,0x00,0x00,0x00,
	0x00,0x00,0x00,0x00,0x00,0x00,0x00,0x00,0x00,0x00,0x00,0x00,0x00,0x00,0x00,0x00,0x00,0x00,0x00,0x00,
	0x00,0x00,0x00,0x00,0x00,0x00,0x00,0x00,0x00,0x00,0x00,0x00,0x00,0x00,0x00,0x00,0x00,0x00,0x00,0x00,
	0x00,0x00,0x00,0x00,0x00,0x00,0x00,0x00,0x00,0x00,0x00,0x00,0x00,0x00,0x00,0x00,0x00,0x00,0x00,0x00,
	0x00,0x00,0x00,0x00,0x00,0x00,0x00,0x00,0x00,0x00,0x00,0x00,0x00,0x00,0x00,0x00,0x00,0x00,0x00,0x00,
	0x00,0x00,0x00,0x00,0x00,0x00,0x00,0x00,0x00,0x00,0x00,0x00,0x00,0x00,0x00,0x00,0x00,0x00,0x00,0x00,
	0x00,0x00,0x00,0x00,0x00,0x00,0x00,0x00,0x00,0x00,0x00,0x00,0x00,0x00,0x00,0x00,0x00,0x00,0x00,0x00,
	0x00,0x00,0x00,0x00,0x00,0x00,0x00,0x00,0x00,0x00,0x00,0x00,0x00,0x00,0x00,0x00,0x00,0x00,0x00,0x00,
	0x00,0x00,0x00,0x00,0x00,0x00,0x00,0x00,0x00,0x00,0x00,0x00,0x00,0x00,0x00,0x00,0x00,0x00,0x00,0x00,
	0x00,0x00,0x00,0x00,0x00,0x00,0x00,0x00,0x00,0x00,0x00,0x00,0x00,0x00,0x00,0x00,0x00,0x00,0x00,0x00,
	0x00,0x00,0x00,0x00,0x00,0x00,0x00,0x00,0x00,0x00,0x00,0x00,0x00,0x00,0x00,0x00,0x00,0x00,0x00,0x00,
	0x00,0x00,0x00,0x00,0x00,0x00,0x00,0x00,0x00,0x00,0x00,0x00,0x00,0x00,0x00,0x00,0x00,0x00,0x00,0x00,
	0x00,0x00,0x00,0x00,0x00,0x00,0x00,0x00,0x00,0x00,0x00,0x00,0x00,0x00,0x00,0x00,0x00,0x00,0x00,0x00,
	0x00,0x00,0x00,0x00,0x00,0x00,0x00,0x00,0x00,0x00,0x00,0x00,0x00,0x00,0x00,0x00,0x00,0x00,0x00,0x00,
	0x00,0x00,0x00,0x00,0x00,0x00,0x00,0x00,0x00,0x00,0x00,0x00,0x00,0x00,0x00,0x00,0x00,0x00,0x00,0x00,
	0x00,0x00,0x00,0x00,0x00,0x00,0x00,0x00,0x00,0x00,0x00,0x00,0x00,0x00,0x00,0x00,0x00,0x00,0x00,0x00,
	0x00,0x00,0x00,0x00,0x00,0x00,0x00,0x00,0x00,0x00,0x00,0x00,0x00,0x00,0x00,0x00,0x00,0x00,0x00,0x00,
	0x00,0x00,0x00,0x00,0x00,0x00,0x00,0x00,0x00,0x00,0x00,0x00,0x00,0x00,0x00,0x00,0x00,0x00,0x00,0x00,
	0x00,0x00,0x00,0x00,0x00,0x00,0x00,0x00,0x00,0x00,0x00,0x00,0x00,0x00,0x00,0x00,0x00,0x00,0x00,0x00,
	0x00,0x00,0x00,0x00,0x00,0x00,0x00,0x00,0x00,0x00,0x00,0x00,0x00,0x00,0x00,0x00,0x00,0x00,0x00,0x00,
	0x00,0x00,0x00,0x00,0x00,0x00,0x00,0x00,0x00,0x00,0x00,0x00,0x00,0x00,0x00,0x00,0x00,0x00,0x00,0x00,
	0x00,0x00,0x00,0x00,0x00,0x00,0x00,0x00,0x00,0x00,0x00,0x00,0x00,0x00,0x00,0x00,0x00,0x00,0x00,0x00,
	0x00,0x00,0x00,0x00,0x00,0x00,0x00,0x00,0x00,0x00,0x00,0x00,0x00,0x00,0x00,0x00,0x00,0x00,0x00,0x00,
	0x00,0x00,0x00,0x00,0x00,0x00,0x00,0x00,0x00,0x00,0x00,0x00,0x00,0x00,0x00,0x00,0x00,0x00,0x00,0x00,
	0x00,0x00,0x00,0x00,0x00,0x00,0x00,0x00,0x00,0x00,0x00,0x00,0x00,0x00,0x00,0x00,0x00,0x00,0x00,0x00,
	0x00,0x00,0x00,0x00,0x00,0x00,0x00,0x00,0x00,0x00,0x00,0x00,0x00,0x00,0x00,0x00,0x00,0x00,0x00,0x00,
	0x00,0x00,0x00,0x00,0x00,0x00,0x00,0x00,0x00,0x00,0x00,0x00,0x00,0x00,0x00,0x00,0x00,0x00,0x00,0x00,
	0x00,0x00,0x00,0x00,0x00,0x00,0x00,0x00,0x00,0x00,0x00,0x00,0x00,0x00,0x00,0x00,0x00,0x00,0x00,0x00,
	0x00,0x00,0x00,0x00,0x00,0x00,0x00,0x00,0x00,0x00,0x00,0x00,0x00,0x00,0x00,0x00,0x00,0x00,0x00,0x00,
	0x00,0x00,0x00,0x00,0x00,0x00,0x00,0x00,0x00,0x00,0x00,0x00,0x00,0x00,0x00,0x00,0x00,0x00,0x00,0x00,
	0x00,0x00,0x00,0x00,0x00,0x00,0x00,0x00,0x00,0x00,0x00,0x00,0x00,0x00,0x00,0x00,0x00,0x00,0x00,0x00,
	0x00,0x00,0x00,0x00,0x00,0x00,0x00,0x00,0x00,0x00,0x00,0x00,0x00,0x00,0x00,0x00,0x00,0x00,0x00,0x00,
	0x00,0x00,0x00,0x00,0x00,0x00,0x00,0x00,0x00,0x00,0x00,0x00,0x00,0x00,0x00,0x00,0x00,0x00,0x00,0x00,
	0x00,0x00,0x00,0x00,0x00,0x00,0x00,0x00,0x00,0x00,0x00,0x00,0x00,0x00,0x00,0x00,0x00,0x00,0x00,0x00,
	0x00,0x00,0x00,0x00,0x00,0x00,0x00,0x00,0x00,0x00,0x00,0x00,0x00,0x00,0x00,0x00,0x00,0x00,0x00,0x00,
	0x00,0x00,0x00,0x00,0x00,0x00,0x00,0x00,0x00,0x00,0x00,0x00,0x00,0x00,0x00,0x00,0x00,0x00,0x00,0x00,
	0x00,0x00,0x00,0x00,0x00,0x00,0x00,0x00,0x00,0x00,0x00,0x00,0x00,0x00,0x00,0x00,0x00,0x00,0x00,0x00,
	0x00,0x00,0x00,0x00,0x00,0x00,0x00,0x00,0x00,0x00,0x00,0x00,0x00,0x00,0x00,0x00,0x00,0x00,0x00,0x00,
	0x00,0x00,0x00,0x00,0x00,0x00,0x00,0x00,0x00,0x00,0x00,0x00,0x00,0x00,0x00,0x00,0x00,0x00,0x00,0x00,
	0x00,0x00,0x00,0x00,0x00,0x00,0x00,0x00,0x00,0x00,0x00,0x00,0x00,0x00,0x00,0x00,0x00,0x00,0x00,0x00,
	0x00,0x00,0x00,0x00,0x00,0x00,0x00,0x00,0x00,0x00,0x00,0x00,0x00,0x00,0x00,0x00,0x00,0x00,0x00,0x00,
	0x00,0x00,0x00,0x00,0x00,0x00,0x00,0x00,0x00,0x00,0x00,0x00,0x00,0x00,0x00,0x00,0x00,0x00,0x00,0x00,
	0x00,0x00,0x00,0x00,0x00,0x00,0x00,0x00,0x00,0x00,0x00,0x00,0x00,0x00,0x00,0x00,0x00,0x00,0x00,0x00,
	0x00,0x00,0x00,0x00,0x00,0x00,0x00,0x00,0x00,0x00,0x00,0x00,0x00,0x00,0x00,0x00,0x00,0x00,0x00,0x00,
	0x00,0x00,0x00,0x00,0x00,0x00,0x00,0x00,0x00,0x00,0x00,0x00,0x00,0x00,0x00,0x00,0x00,0x00,0x00,0x00,
	0x00,0x00,0x00,0x00,0x00,0x00,0x00,0x00,0x00,0x00,0x00,0x00,0x00,0x00,0x00,0x00,0x00,0x00,0x00,0x00,
	0x00,0x00,0x00,0x00,0x00,0x00,0x00,0x00,0x00,0x00,0x00,0x00,0x00,0x00,0x00,0x00,0x00,0x00,0x00,0x00,
	0x00,0x00,0x00,0x00,0x00,0x00,0x00,0x00,0x00,0x00,0x00,0x00,0x00,0x00,0x00,0x00,0x00,0x00,0x00,0x00,
	0x00,0x00,0x00,0x00,0x00,0x00,0x00,0x00,0x00,0x00,0x00,0x00,0x00,0x00,0x00,0x00,0x00,0x00,0x00,0x00,
	0x00,0x00,0x00,0x00,0x00,0x00,0x00,0x00,0x00,0x00,0x00,0x00,0x00,0x00,0x00,0x00,0x00,0x00,0x00,0x00,
	0x00,0x00,0x00,0x00,0x00,0x00,0x00,0x00,0x00,0x00,0x00,0x00,0x00,0x00,0x00,0x00,0x00,0x00,0x00,0x00,
	0x00,0x00,0x00,0x00,0x00,0x00,0x00,0x00,0x00,0x00,0x00,0x00,0x00,0x00,0x00,0x00,0x00,0x00,0x00,0x00,
	0x00,0x00,0x00,0x00,0x00,0x00,0x00,0x00,0x00,0x00,0x00,0x00,0x00,0x00,0x00,0x00,0x00,0x00,0x00,0x00,
	0x00,0x00,0x00,0x00,0x00,0x00,0x00,0x00,0x00,0x00,0x00,0x00,0x00,0x00,0x00,0x00,0x00,0x00,0x00,0x00,
	0x00,0x00,0x00,0x00,0x00,0x00,0x00,0x00,0x00,0x00,0x00,0x00,0x00,0x00,0x00,0x00,0x00,0x00,0x00,0x00,
	0x00,0x00,0x00,0x00,0x00,0x00,0x00,0x00,0x00,0x00,0x00,0x00,0x00,0x00,0x00,0x00,0x00,0x00,0x00,0x00,
	0x00,0x00,0x00,0x00,0x00,0x00,0x00,0x00,0x00,0x00,0x00,0x00,0x00,0x00,0x00,0x00,0x00,0x00,0x00,0x00,
	0x00,0x00,0x00,0x00,0x00,0x00,0x00,0x00,0x00,0x00,0x00,0x00,0x00,0x00,0x00,0x00,0x00,0x00,0x00,0x00,
	0x00,0x00,0x00,0x00,0x00,0x00,0x00,0x00,0x00,0x00,0x00,0x00,0x00,0x00,0x00,0x00,0x00,0x00,0x00,0x00,
	0x00,0x00,0x00,0x00,0x00,0x00,0x00,0x00,0x00,0x00,0x00,0x00,0x00,0x00,0x00,0x00,0x00,0x00,0x00,0x00,
	0x00,0x00,0x00,0x00,0x00,0x00,0x00,0x00,0x00,0x00,0x00,0x00,0x00,0x00,0x00,0x00,0x00,0x00,0x00,0x00,
	0x00,0x00,0x00,0x00,0x00,0x00,0x00,0x00,0x00,0x00,0x00,0x00,0x00,0x00,0x00,0x00,0x00,0x00,0x00,0x00,
	0x00,0x00,0x00,0x00,0x00,0x00,0x00,0x00,0x00,0x00,0x00,0x00,0x00,0x00,0x00,0x00,0x00,0x00,0x00,0x00,
	0x00,0x00,0x00,0x00,0x00,0x00,0x00,0x00,0x00,0x00,0x00,0x00,0x00,0x00,0x00,0x00,0x00,0x00,0x00,0x00,
	0x00,0x00,0x00,0x00,0x00,0x00,0x00,0x00,0x00,0x00,0x00,0x00,0x00,0x00,0x00,0x00,0x00,0x00,0x00,0x00,
	0x00,0x00,0x00,0x00,0x00,0x00,0x00,0x00,0x00,0x00,0x00,0x00,0x00,0x00,0x00,0x00,0x00,0x00,0x00,0x00,
	0x00,0x00,0x00,0x00,0x00,0x00,0x00,0x00,0x00,0x00,0x00,0x00,0x00,0x00,0x00,0x00,0x00,0x00,0x00,0x00,
	0x00,0x00,0x00,0x00,0x00,0x00,0x00,0x00,0x00,0x00,0x00,0x00,0x00,0x00,0x00,0x00,0x00,0x00,0x00,0x00,
	0x00,0x00,0x00,0x00,0x00,0x00,0x00,0x00,0x00,0x00,0x00,0x00,0x00,0x00,0x00,0x00,0x00,0x00,0x00,0x00,
	0x00,0x00,0x00,0x00,0x00,0x00,0x00,0x00,0x00,0x00,0x00,0x00,0x00,0x00,0x00,0x00,0x00,0x00,0x00,0x00,
	0x00,0x00,0x00,0x00,0x00,0x00,0x00,0x00,0x00,0x00,0x00,0x00,0x00,0x00,0x00,0x00,0x00,0x00,0x00,0x00,
	0x00,0x00,0x00,0x00,0x00,0x00,0x00,0x00,0x00,0x00,0x00,0x00,0x00,0x00,0x00,0x00,0x00,0x00,0x00,0x00,
	0x00,0x00,0x00,0x00,0x00,0x00,0x00,0x00,0x00,0x00,0x00,0x00,0x00,0x00,0x00,0x00,0x00,0x00,0x00,0x00,
	0x00,0x00,0x00,0x00,0x00,0x00,0x00,0x00,0x00,0x00,0x00,0x00,0x00,0x00,0x00,0x00,0x00,0x00,0x00,0x00,
	0x00,0x00,0x00,0x00,0x00,0x00,0x00,0x00,0x00,0x00,0x00,0x00,0x00,0x00,0x00,0x00,0x00,0x00,0x00,0x00,
	0x00,0x00,0x00,0x00,0x00,0x00,0x00,0x00,0x00,0x00,0x00,0x00,0x00,0x00,0x00,0x00,0x00,0x00,0x00,0x00,
	0x00,0x00,0x00,0x00,0x00,0x00,0x00,0x00,0x00,0x00,0x00,0x00,0x00,0x00,0x00,0x00,0x00,0x00,0x00,0x00,
	0x00,0x00,0x00,0x00,0x00,0x00,0x00,0x00,0x00,0x00,0x00,0x00,0x00,0x00,0x00,0x00,0x00,0x00,0x00,0x00,
	0x00,0x00,0x00,0x00,0x00,0x00,0x00,0x00,0x00,0x00,0x00,0x00,0x00,0x00,0x00,0x00,0x00,0x00,0x00,0x00,
	0x00,0x00,0x00,0x00,0x00,0x00,0x00,0x00,0x00,0x00,0x00,0x00,0x00,0x00,0x00,0x00,0x00,0x00,0x00,0x00,
	0x00,0x00,0x00,0x00,0x00,0x00,0x00,0x00,0x00,0x00,0x00,0x00,0x00,0x00,0x00,0x00,0x00,0x00,0x00,0x00,
	0x00,0x00,0x00,0x00,0x00,0x00,0x00,0x00,0x00,0x00,0x00,0x00,0x00,0x00,0x00,0x00,0x00,0x00,0x00,0x00,
	0x00,0x00,0x00,0x00,0x00,0x00,0x00,0x00,0x00,0x00,0x00,0x00,0x00,0x00,0x00,0x00,0x00,0x00,0x00,0x00,
	0x00,0x00,0x00,0x00,0x00,0x00,0x00,0x00,0x00,0x00,0x00,0x00,0x00,0x00,0x00,0x00,0x00,0x00,0x00,0x00,
	0x00,0x00,0x00,0x00,0x00,0x00,0x00,0x00,0x00,0x00,0x00,0x00,0x00,0x00,0x00,0x00,0x00,0x00,0x00,0x00,
	0x00,0x00,0x00,0x00,0x00,0x00,0x00,0x00,0x00,0x00,0x00,0x00,0x00,0x00,0x00,0x00,0x00,0x00,0x00,0x00,
	0x00,0x00,0x00,0x00,0x00,0x00,0x00,0x00,0x00,0x00,0x00,0x00,0x00,0x00,0x00,0x00,0x00,0x00,0x00,0x00,
	0x00,0x00,0x00,0x00,0x00,0x00,0x00,0x00,0x00,0x00,0x00,0x00,0x00,0x00,0x00,0x00,0x00,0x00,0x00,0x00,
	0x00,0x00,0x00,0x00,0x00,0x00,0x00,0x00,0x00,0x00,0x00,0x00,0x00,0x00,0x00,0x00,0x00,0x00,0x00,0x00,
	0x00,0x00,0x00,0x00,0x00,0x00,0x00,0x00,0x00,0x00,0x00,0x00,0x00,0x00,0x00,0x00,0x00,0x00,0x00,0x00,
	0x00,0x00,0x00,0x00,0x00,0x00,0x00,0x00,0x00,0x00,0x00,0x00,0x00,0x00,0x00,0x00,0x00,0x00,0x00,0x00,
	0x00,0x00,0x00,0x00,0x00,0x00,0x00,0x00,0x00,0x00,0x00,0x00,0x00,0x00,0x00,0x00,0x00,0x00,0x00,0x00,
	0x00,0x00,0x00,0x00,0x00,0x00,0x00,0x00,0x00,0x00,0x00,0x00,0x00,0x00,0x00,0x00,0x00,0x00,0x00,0x00,
	0x00,0x00,0x00,0x00,0x00,0x00,0x00,0x00,0x00,0x00,0x00,0x00,0x00,0x00,0x00,0x00,0x00,0x00,0x00,0x00,
	0x00,0x00,0x00,0x00,0x00,0x00,0x00,0x00,0x00,0x00,0x00,0x00,0x00,0x00,0x00,0x00,0x00,0x00,0x00,0x00,
	0x00,0x00,0x00,0x00,0x00,0x00,0x00,0x00,0x00,0x00,0x00,0x00,0x00,0x00,0x00,0x00,0x00,0x00,0x00,0x00,
	0x00,0x00,0x00,0x00,0x00,0x00,0x00,0x00,0x00,0x00,0x00,0x00,0x00,0x00,0x00,0x00,0x00,0x00,0x00,0x00,
	0x00,0x00,0x00,0x00,0x00,0x00,0x00,0x00,0x00,0x00,0x00,0x00,0x00,0x00,0x00,0x00,0x00,0x00,0x00,0x00,
	0x00,0x00,0x00,0x00,0x00,0x00,0x00,0x00,0x00,0x00,0x00,0x00,0x00,0x00,0x00,0x00,0x00,0x00,0x00,0x00,
	0x00,0x00,0x00,0x00,0x00,0x00,0x00,0x00,0x00,0x00,0x00,0x00,0x00,0x00,0x00,0x00,0x00,0x00,0x00,0x00,
	0x00,0x00,0x00,0x00,0x00,0x00,0x00,0x00,0x00,0x00,0x00,0x00,0x00,0x00,0x00,0x00,0x00,0x00,0x00,0x00,
	0x00,0x00,0x00,0x00,0x00,0x00,0x00,0x00,0x00,0x00,0x00,0x00,0x00,0x00,0x00,0x00,0x00,0x00,0x00,0x00,
	0x00,0x00,0x00,0x00,0x00,0x00,0x00,0x00,0x00,0x00,0x00,0x00,0x00,0x00,0x00,0x00,0x00,0x00,0x00,0x00,
	0x00,0x00,0x00,0x00,0x00,0x00,0x00,0x00,0x00,0x00,0x00,0x00,0x00,0x00,0x00,0x00,0x00,0x00,0x00,0x00,
	0x00,0x00,0x00,0x00,0x00,0x00,0x00,0x00,0x00,0x00,0x00,0x00,0x00,0x00,0x00,0x00,0x00,0x00,0x00,0x00,
	0x21,0x00,0x21,0x00,0x21,0x00,0x21,0x00,0x21,0x00,0x21,0x00,0x21,0x00,0x21,0x00,0x21,0x00,0x21,0x00,
	0x21,0x00,0x21,0x00,0x01,0x00,0x00,0x00,0x00,0x00,0x00,0x00,0x00,0x00,0x00,0x00,0x00,0x00,0x00,0x00,
	0x00,0x00,0x00,0x00,0x00,0x00,0x00,0x00,0x00,0x00,0x00,0x00,0x00,0x00,0x00,0x00,0x00,0x00,0x00,0x00,
	0x00,0x00,0x00,0x00,0x00,0x00,0x00,0x00,0x00,0x00,0x00,0x00,0x00,0x00,0x00,0x00,0x00,0x00,0x00,0x00,
	0x00,0x00,0x00,0x00,0x00,0x00,0x00,0x00,0x00,0x00,0x00,0x00,0x00,0x00,0x00,0x00,0x00,0x00,0x00,0x00,
	0x00,0x00,0x00,0x00,0x00,0x00,0x00,0x00,0x00,0x00,0x00,0x00,0x00,0x00,0x00,0x00,0x00,0x00,0x00,0x00,
	0x00,0x00,0x00,0x00,0x00,0x00,0x00,0x00,0x00,0x00,0x00,0x00,0x00,0x00,0x00,0x00,0x00,0x00,0x00,0x00,
	0x00,0x00,0x00,0x00,0x00,0x00,0x00,0x00,0x00,0x00,0x00,0x00,0x00,0x00,0x00,0x00,0x00,0x00,0x00,0x00,
	0x00,0x00,0x00,0x00,0x00,0x00,0x00,0x00,0x00,0x00,0x00,0x00,0x00,0x00,0x00,0x00,0x00,0x00,0x00,0x00,
	0x00,0x00,0x00,0x00,0x00,0x00,0x00,0x00,0x00,0x00,0x00,0x00,0x00,0x00,0x00,0x00,0x00,0x00,0x00,0x00,
	0x00,0x00,0x00,0x00,0x00,0x00,0x00,0x00,0x00,0x00,0x00,0x00,0x00,0x00,0x00,0x00,0x00,0x00,0x00,0x00,
	0x00,0x00,0x00,0x00,0x00,0x00,0x00,0x00,0x00,0x00,0x00,0x00,0x00,0x00,0x00,0x00,0x00,0x00,0x00,0x00,
	0x00,0x00,0x00,0x00,0x00,0x00,0x00,0x00,0x00,0x00,0x00,0x00,0x00,0x00,0x00,0x00,0x00,0x00,0x00,0x00,
	0x00,0x00,0x00,0x00,0x00,0x00,0x00,0x00,0x00,0x00,0x00,0x00,0x00,0x00,0x00,0x00,0x00,0x00,0x00,0x00,
	0x00,0x00,0x00,0x00,0x00,0x00,0x00,0x00,0x00,0x00,0x00,0x00,0x00,0x00,0x00,0x00,0x00,0x00,0x00,0x00,
	0x00,0x00,0x00,0x00,0x00,0x00,0x00,0x00,0x00,0x00,0x00,0x00,0x00,0x00,0x00,0x00,0x00,0x00,0x00,0x00,
	0x00,0x00,0x00,0x00,0x00,0x00,0x00,0x00,0x00,0x00,0x00,0x00,0x00,0x00,0x00,0x00,0x00,0x00,0x00,0x00,
	0x00,0x00,0x00,0x00,0x00,0x00,0x00,0x00,0x00,0x00,0x00,0x00,0x00,0x00,0x00,0x00,0x00,0x00,0x00,0x00,
	0x00,0x00,0x00,0x00,0x00,0x00,0x00,0x00,0x00,0x00,0x00,0x00,0x00,0x00,0x00,0x00,0x00,0x00,0x00,0x00,
	0x00,0x00,0x00,0x00,0x00,0x00,0x00,0x00,0x00,0x00,0x00,0x00,0x00,0x00,0x00,0x00,0x00,0x00,0x00,0x00,
	0x00,0x00,0x00,0x00,0x00,0x00,0x00,0x00,0x00,0x00,0x00,0x00,0x00,0x00,0x00,0x00,0x00,0x00,0x00,0x00,
	0x00,0x00,0x00,0x00,0x00,0x00,0x00,0x00,0x00,0x00,0x00,0x00,0x00,0x00,0x00,0x00,0x00,0x00,0x00,0x00,
	0x00,0x00,0x00,0x00,0x00,0x00,0x00,0x00,0x00,0x00,0x00,0x00,0x00,0x00,0x00,0x00,0x00,0x00,0x00,0x00,
	0x00,0x00,0x00,0x00,0x00,0x00,0x00,0x00,0x00,0x00,0x00,0x00,0x00,0x00,0x00,0x00,0x00,0x00,0x00,0x00,
	0x00,0x00,0x00,0x00,0x00,0x00,0x00,0x00,0x00,0x00,0x00,0x00,0x00,0x00,0x00,0x00,0x00,0x00,0x00,0x00,
	0x00,0x00,0x00,0x00,0x00,0x00,0x00,0x00,0x00,0x00,0x00,0x00,0x00,0x00,0x00,0x00,0x00,0x00,0x00,0x00,
	0x00,0x00,0x00,0x00,0x00,0x00,0x00,0x00,0x00,0x00,0x00,0x00,0x21,0x00,0x21,0x00,0x41,0x00,0x42,0x08,
	0x42,0x08,0x42,0x08,0x42,0x08,0x42,0x08,0x43,0x08,0x43,0x08,0x43,0x08,0x43,0x08,0x43,0x08,0x43,0x08,
	0x43,0x08,0x43,0x08,0x43,0x08,0x43,0x08,0x43,0x08,0x42,0x08,0x22,0x08,0x22,0x08,0x22,0x08,0x21,0x08,
	0x21,0x00,0x00,0x00,0x00,0x00,0x00,0x00,0x00,0x00,0x00,0x00,0x00,0x00,0x00,0x00,0x00,0x00,0x00,0x00,
	0x00,0x00,0x00,0x00,0x00,0x00,0x00,0x00,0x00,0x00,0x00,0x00,0x00,0x00,0x00,0x00,0x00,0x00,0x00,0x00,
	0x00,0x00,0x00,0x00,0x00,0x00,0x00,0x00,0x00,0x00,0x00,0x00,0x00,0x00,0x00,0x00,0x00,0x00,0x00,0x00,
	0x00,0x00,0x00,0x00,0x00,0x00,0x00,0x00,0x00,0x00,0x00,0x00,0x00,0x00,0x00,0x00,0x00,0x00,0x00,0x00,
	0x00,0x00,0x00,0x00,0x00,0x00,0x00,0x00,0x00,0x00,0x00,0x00,0x00,0x00,0x00,0x00,0x00,0x00,0x00,0x00,
	0x00,0x00,0x00,0x00,0x00,0x00,0x00,0x00,0x00,0x00,0x00,0x00,0x00,0x00,0x00,0x00,0x00,0x00,0x00,0x00,
	0x00,0x00,0x00,0x00,0x00,0x00,0x00,0x00,0x00,0x00,0x00,0x00,0x00,0x00,0x00,0x00,0x00,0x00,0x00,0x00,
	0x00,0x00,0x00,0x00,0x00,0x00,0x00,0x00,0x00,0x00,0x00,0x00,0x00,0x00,0x00,0x00,0x00,0x00,0x00,0x00,
	0x00,0x00,0x00,0x00,0x00,0x00,0x00,0x00,0x00,0x00,0x00,0x00,0x00,0x00,0x00,0x00,0x00,0x00,0x00,0x00,
	0x00,0x00,0x00,0x00,0x00,0x00,0x00,0x00,0x00,0x00,0x00,0x00,0x00,0x00,0x00,0x00,0x00,0x00,0x00,0x00,
	0x00,0x00,0x00,0x00,0x00,0x00,0x00,0x00,0x00,0x00,0x00,0x00,0x00,0x00,0x00,0x00,0x00,0x00,0x00,0x00,
	0x00,0x00,0x00,0x00,0x00,0x00,0x00,0x00,0x00,0x00,0x00,0x00,0x00,0x00,0x00,0x00,0x00,0x00,0x00,0x00,
	0x00,0x00,0x00,0x00,0x00,0x00,0x00,0x00,0x00,0x00,0x00,0x00,0x00,0x00,0x00,0x00,0x00,0x00,0x00,0x00,
	0x00,0x00,0x00,0x00,0x00,0x00,0x00,0x00,0x00,0x00,0x00,0x00,0x00,0x00,0x00,0x00,0x00,0x00,0x00,0x00,
	0x00,0x00,0x00,0x00,0x00,0x00,0x00,0x00,0x00,0x00,0x00,0x00,0x00,0x00,0x00,0x00,0x00,0x00,0x00,0x00,
	0x00,0x00,0x00,0x00,0x00,0x00,0x00,0x00,0x00,0x00,0x00,0x00,0x00,0x00,0x00,0x00,0x00,0x00,0x00,0x00,
	0x00,0x00,0x00,0x00,0x00,0x00,0x00,0x00,0x00,0x00,0x00,0x00,0x00,0x00,0x00,0x00,0x00,0x00,0x00,0x00,
	0x00,0x00,0x00,0x00,0x00,0x00,0x00,0x00,0x00,0x00,0x00,0x00,0x00,0x00,0x00,0x00,0x00,0x00,0x00,0x00,
	0x00,0x00,0x00,0x00,0x00,0x00,0x00,0x00,0x00,0x00,0x00,0x00,0x00,0x00,0x00,0x00,0x00,0x00,0x00,0x00,
	0x00,0x00,0x00,0x00,0x00,0x00,0x00,0x00,0x00,0x00,0x00,0x00,0x00,0x00,0x00,0x00,0x00,0x00,0x00,0x00,
	0x00,0x00,0x00,0x00,0x00,0x00,0x00,0x00,0x00,0x00,0x00,0x00,0x00,0x00,0x00,0x00,0x00,0x00,0x00,0x00,
	0x00,0x00,0x00,0x00,0x00,0x00,0x00,0x00,0x00,0x00,0x00,0x00,0x00,0x00,0x00,0x00,0x00,0x00,0x00,0x00,
	0x00,0x00,0x00,0x00,0x00,0x00,0x00,0x00,0x00,0x00,0x00,0x00,0x00,0x00,0x00,0x00,0x00,0x00,0x00,0x00,
	0x00,0x00,0x00,0x00,0x00,0x00,0x00,0x00,0x00,0x00,0x00,0x00,0x00,0x00,0x00,0x00,0x00,0x00,0x00,0x00,
	0x00,0x00,0x00,0x00,0x00,0x00,0x00,0x00,0x20,0x00,0x20,0x00,0x20,0x00,0x21,0x00,0x21,0x00,0x42,0x00,
	0x42,0x00,0x62,0x08,0x63,0x08,0x63,0x08,0x63,0x08,0x63,0x08,0x63,0x08,0x63,0x08,0x63,0x08,0x63,0x08,
	0x63,0x08,0x63,0x08,0x63,0x08,0x63,0x08,0x63,0x08,0x63,0x08,0x63,0x08,0x63,0x08,0x43,0x08,0x43,0x08,
	0x43,0x08,0x43,0x08,0x42,0x08,0x42,0x08,0x21,0x00,0x21,0x00,0x01,0x00,0x00,0x00,0x00,0x00,0x00,0x00,
	0x00,0x00,0x00,0x00,0x00,0x00,0x00,0x00,0x00,0x00,0x00,0x00,0x00,0x00,0x00,0x00,0x00,0x00,0x00,0x00,
	0x00,0x00,0x00,0x00,0x00,0x00,0x00,0x00,0x00,0x00,0x00,0x00,0x00,0x00,0x00,0x00,0x00,0x00,0x00,0x00,
	0x00,0x00,0x00,0x00,0x00,0x00,0x00,0x00,0x00,0x00,0x00,0x00,0x00,0x00,0x00,0x00,0x00,0x00,0x00,0x00,
	0x00,0x00,0x00,0x00,0x00,0x00,0x00,0x00,0x00,0x00,0x00,0x00,0x00,0x00,0x00,0x00,0x00,0x00,0x00,0x00,
	0x00,0x00,0x00,0x00,0x00,0x00,0x00,0x00,0x00,0x00,0x00,0x00,0x00,0x00,0x00,0x00,0x00,0x00,0x00,0x00,
	0x00,0x00,0x00,0x00,0x00,0x00,0x00,0x00,0x00,0x00,0x00,0x00,0x00,0x00,0x00,0x00,0x00,0x00,0x00,0x00,
	0x00,0x00,0x00,0x00,0x00,0x00,0x00,0x00,0x00,0x00,0x00,0x00,0x00,0x00,0x00,0x00,0x00,0x00,0x00,0x00,
	0x00,0x00,0x00,0x00,0x00,0x00,0x00,0x00,0x00,0x00,0x00,0x00,0x00,0x00,0x00,0x00,0x00,0x00,0x00,0x00,
	0x00,0x00,0x00,0x00,0x00,0x00,0x00,0x00,0x00,0x00,0x00,0x00,0x00,0x00,0x00,0x00,0x00,0x00,0x00,0x00,
	0x00,0x00,0x00,0x00,0x00,0x00,0x00,0x00,0x00,0x00,0x00,0x00,0x00,0x00,0x00,0x00,0x00,0x00,0x00,0x00,
	0x00,0x00,0x00,0x00,0x00,0x00,0x00,0x00,0x00,0x00,0x00,0x00,0x00,0x00,0x00,0x00,0x00,0x00,0x00,0x00,
	0x00,0x00,0x00,0x00,0x00,0x00,0x00,0x00,0x00,0x00,0x00,0x00,0x00,0x00,0x00,0x00,0x00,0x00,0x00,0x00,
	0x00,0x00,0x00,0x00,0x00,0x00,0x00,0x00,0x00,0x00,0x00,0x00,0x00,0x00,0x00,0x00,0x00,0x00,0x00,0x00,
	0x00,0x00,0x00,0x00,0x00,0x00,0x00,0x00,0x00,0x00,0x00,0x00,0x00,0x00,0x00,0x00,0x00,0x00,0x00,0x00,
	0x00,0x00,0x00,0x00,0x00,0x00,0x00,0x00,0x00,0x00,0x00,0x00,0x00,0x00,0x00,0x00,0x00,0x00,0x00,0x00,
	0x00,0x00,0x00,0x00,0x00,0x00,0x00,0x00,0x00,0x00,0x00,0x00,0x00,0x00,0x00,0x00,0x00,0x00,0x00,0x00,
	0x00,0x00,0x00,0x00,0x00,0x00,0x00,0x00,0x00,0x00,0x00,0x00,0x00,0x00,0x00,0x00,0x00,0x00,0x00,0x00,
	0x00,0x00,0x00,0x00,0x00,0x00,0x00,0x00,0x00,0x00,0x00,0x00,0x00,0x00,0x00,0x00,0x00,0x00,0x00,0x00,
	0x00,0x00,0x00,0x00,0x00,0x00,0x00,0x00,0x00,0x00,0x00,0x00,0x00,0x00,0x00,0x00,0x00,0x00,0x00,0x00,
	0x00,0x00,0x00,0x00,0x00,0x00,0x00,0x00,0x00,0x00,0x00,0x00,0x00,0x00,0x00,0x00,0x00,0x00,0x00,0x00,
	0x00,0x00,0x00,0x00,0x00,0x00,0x00,0x00,0x00,0x00,0x00,0x00,0x00,0x00,0x00,0x00,0x00,0x00,0x00,0x00,
	0x00,0x00,0x00,0x00,0x00,0x00,0x00,0x00,0x00,0x00,0x00,0x00,0x00,0x00,0x00,0x00,0x00,0x00,0x00,0x00,
	0x00,0x00,0x00,0x00,0x00,0x00,0x00,0x00,0x00,0x00,0x00,0x00,0x00,0x00,0x00,0x00,0x00,0x00,0x00,0x00,
	0x00,0x00,0x00,0x00,0x00,0x00,0x00,0x00,0x00,0x00,0x00,0x00,0x41,0x00,0x41,0x00,0x62,0x00,0x62,0x08,
	0x62,0x08,0x63,0x08,0x63,0x08,0x63,0x08,0x63,0x08,0x63,0x08,0x63,0x08,0x63,0x08,0x63,0x08,0x63,0x08,
	0x63,0x08,0x63,0x08,0x63,0x08,0x63,0x08,0x63,0x08,0x63,0x08,0x63,0x08,0x63,0x08,0x63,0x08,0x63,0x08,
	0x63,0x08,0x43,0x08,0x43,0x08,0x43,0x08,0x43,0x08,0x43,0x10,0x43,0x10,0x43,0x10,0x43,0x08,0x43,0x08,
	0x42,0x08,0x22,0x00,0x22,0x00,0x00,0x00,0x00,0x00,0x00,0x00,0x00,0x00,0x00,0x00,0x00,0x00,0x00,0x00,
	0x00,0x00,0x00,0x00,0x00,0x00,0x00,0x00,0x00,0x00,0x00,0x00,0x00,0x00,0x00,0x00,0x00,0x00,0x00,0x00,
	0x00,0x00,0x00,0x00,0x00,0x00,0x00,0x00,0x00,0x00,0x00,0x00,0x00,0x00,0x00,0x00,0x00,0x00,0x00,0x00,
	0x00,0x00,0x00,0x00,0x00,0x00,0x00,0x00,0x00,0x00,0x00,0x00,0x00,0x00,0x00,0x00,0x00,0x00,0x00,0x00,
	0x00,0x00,0x00,0x00,0x00,0x00,0x00,0x00,0x00,0x00,0x00,0x00,0x00,0x00,0x00,0x00,0x00,0x00,0x00,0x00,
	0x00,0x00,0x00,0x00,0x00,0x00,0x00,0x00,0x00,0x00,0x00,0x00,0x00,0x00,0x00,0x00,0x00,0x00,0x00,0x00,
	0x00,0x00,0x00,0x00,0x00,0x00,0x00,0x00,0x00,0x00,0x00,0x00,0x00,0x00,0x00,0x00,0x00,0x00,0x00,0x00,
	0x00,0x00,0x00,0x00,0x00,0x00,0x00,0x00,0x00,0x00,0x00,0x00,0x00,0x00,0x00,0x00,0x00,0x00,0x00,0x00,
	0x00,0x00,0x00,0x00,0x00,0x00,0x00,0x00,0x00,0x00,0x00,0x00,0x00,0x00,0x00,0x00,0x00,0x00,0x00,0x00,
	0x00,0x00,0x00,0x00,0x00,0x00,0x00,0x00,0x00,0x00,0x00,0x00,0x00,0x00,0x00,0x00,0x00,0x00,0x00,0x00,
	0x00,0x00,0x00,0x00,0x00,0x00,0x00,0x00,0x00,0x00,0x00,0x00,0x00,0x00,0x00,0x00,0x00,0x00,0x00,0x00,
	0x00,0x00,0x00,0x00,0x00,0x00,0x00,0x00,0x00,0x00,0x00,0x00,0x00,0x00,0x00,0x00,0x00,0x00,0x00,0x00,
	0x00,0x00,0x00,0x00,0x00,0x00,0x00,0x00,0x00,0x00,0x00,0x00,0x00,0x00,0x00,0x00,0x00,0x00,0x00,0x00,
	0x00,0x00,0x00,0x00,0x00,0x00,0x00,0x00,0x00,0x00,0x00,0x00,0x00,0x00,0x00,0x00,0x00,0x00,0x00,0x00,
	0x00,0x00,0x00,0x00,0x00,0x00,0x00,0x00,0x00,0x00,0x00,0x00,0x00,0x00,0x00,0x00,0x00,0x00,0x00,0x00,
	0x00,0x00,0x00,0x00,0x00,0x00,0x00,0x00,0x00,0x00,0x00,0x00,0x00,0x00,0x00,0x00,0x00,0x00,0x00,0x00,
	0x00,0x00,0x00,0x00,0x00,0x00,0x00,0x00,0x00,0x00,0x00,0x00,0x00,0x00,0x00,0x00,0x00,0x00,0x00,0x00,
	0x00,0x00,0x00,0x00,0x00,0x00,0x00,0x00,0x00,0x00,0x00,0x00,0x00,0x00,0x00,0x00,0x00,0x00,0x00,0x00,
	0x00,0x00,0x00,0x00,0x00,0x00,0x00,0x00,0x00,0x00,0x00,0x00,0x00,0x00,0x00,0x00,0x00,0x00,0x00,0x00,
	0x00,0x00,0x00,0x00,0x00,0x00,0x00,0x00,0x00,0x00,0x00,0x00,0x00,0x00,0x00,0x00,0x00,0x00,0x00,0x00,
	0x00,0x00,0x00,0x00,0x00,0x00,0x00,0x00,0x00,0x00,0x00,0x00,0x00,0x00,0x00,0x00,0x00,0x00,0x00,0x00,
	0x00,0x00,0x00,0x00,0x00,0x00,0x00,0x00,0x00,0x00,0x00,0x00,0x00,0x00,0x00,0x00,0x00,0x00,0x00,0x00,
	0x00,0x00,0x00,0x00,0x00,0x00,0x00,0x00,0x00,0x00,0x00,0x00,0x00,0x00,0x00,0x00,0x00,0x00,0x00,0x00,
	0x00,0x00,0x00,0x00,0x00,0x00,0x00,0x00,0x00,0x00,0x00,0x00,0x21,0x00,0x41,0x00,0x42,0x00,0x62,0x00,
	0x62,0x00,0x83,0x00,0x83,0x08,0x63,0x08,0x63,0x08,0x63,0x08,0x63,0x08,0x63,0x08,0x63,0x08,0x63,0x08,
	0x63,0x08,0x63,0x08,0x63,0x08,0x63,0x08,0x63,0x08,0x63,0x08,0x63,0x08,0x63,0x08,0x63,0x08,0x63,0x08,
	0x63,0x08,0x63,0x08,0x63,0x08,0x63,0x08,0x43,0x08,0x43,0x08,0x43,0x08,0x43,0x08,0x43,0x10,0x43,0x10,
	0x43,0x10,0x43,0x10,0x43,0x08,0x43,0x08,0x43,0x08,0x23,0x08,0x22,0x08,0x21,0x08,0x21,0x00,0x00,0x00,
	0x00,0x00,0x00,0x00,0x00,0x00,0x00,0x00,0x00,0x00,0x00,0x00,0x00,0x00,0x00,0x00,0x00,0x00,0x00,0x00,
	0x00,0x00,0x00,0x00,0x00,0x00,0x00,0x00,0x00,0x00,0x00,0x00,0x00,0x00,0x00,0x00,0x00,0x00,0x00,0x00,
	0x00,0x00,0x00,0x00,0x00,0x00,0x00,0x00,0x00,0x00,0x00,0x00,0x00,0x00,0x00,0x00,0x00,0x00,0x00,0x00,
	0x00,0x00,0x00,0x00,0x00,0x00,0x00,0x00,0x00,0x00,0x00,0x00,0x00,0x00,0x00,0x00,0x00,0x00,0x00,0x00,
	0x00,0x00,0x00,0x00,0x00,0x00,0x00,0x00,0x00,0x00,0x00,0x00,0x00,0x00,0x00,0x00,0x00,0x00,0x00,0x00,
	0x00,0x00,0x00,0x00,0x00,0x00,0x00,0x00,0x00,0x00,0x00,0x00,0x00,0x00,0x00,0x00,0x00,0x00,0x00,0x00,
	0x00,0x00,0x00,0x00,0x00,0x00,0x00,0x00,0x00,0x00,0x00,0x00,0x00,0x00,0x00,0x00,0x00,0x00,0x00,0x00,
	0x00,0x00,0x00,0x00,0x00,0x00,0x00,0x00,0x00,0x00,0x00,0x00,0x00,0x00,0x00,0x00,0x00,0x00,0x00,0x00,
	0x00,0x00,0x00,0x00,0x00,0x00,0x00,0x00,0x00,0x00,0x00,0x00,0x00,0x00,0x00,0x00,0x00,0x00,0x00,0x00,
	0x00,0x00,0x00,0x00,0x00,0x00,0x00,0x00,0x00,0x00,0x00,0x00,0x00,0x00,0x00,0x00,0x00,0x00,0x00,0x00,
	0x00,0x00,0x00,0x00,0x00,0x00,0x00,0x00,0x00,0x00,0x00,0x00,0x00,0x00,0x00,0x00,0x00,0x00,0x00,0x00,
	0x00,0x00,0x00,0x00,0x00,0x00,0x00,0x00,0x00,0x00,0x00,0x00,0x00,0x00,0x00,0x00,0x00,0x00,0x00,0x00,
	0x00,0x00,0x00,0x00,0x00,0x00,0x00,0x00,0x00,0x00,0x00,0x00,0x00,0x00,0x00,0x00,0x00,0x00,0x00,0x00,
	0x00,0x00,0x00,0x00,0x00,0x00,0x00,0x00,0x00,0x00,0x00,0x00,0x00,0x00,0x00,0x00,0x00,0x00,0x00,0x00,
	0x00,0x00,0x00,0x00,0x00,0x00,0x00,0x00,0x00,0x00,0x00,0x00,0x00,0x00,0x00,0x00,0x00,0x00,0x00,0x00,
	0x00,0x00,0x00,0x00,0x00,0x00,0x00,0x00,0x00,0x00,0x00,0x00,0x00,0x00,0x00,0x00,0x00,0x00,0x00,0x00,
	0x00,0x00,0x00,0x00,0x00,0x00,0x00,0x00,0x00,0x00,0x00,0x00,0x00,0x00,0x00,0x00,0x00,0x00,0x00,0x00,
	0x00,0x00,0x00,0x00,0x00,0x00,0x00,0x00,0x00,0x00,0x00,0x00,0x00,0x00,0x00,0x00,0x00,0x00,0x00,0x00,
	0x00,0x00,0x00,0x00,0x00,0x00,0x00,0x00,0x00,0x00,0x00,0x00,0x00,0x00,0x00,0x00,0x00,0x00,0x00,0x00,
	0x00,0x00,0x00,0x00,0x00,0x00,0x00,0x00,0x00,0x00,0x00,0x00,0x00,0x00,0x00,0x00,0x00,0x00,0x00,0x00,
	0x00,0x00,0x00,0x00,0x00,0x00,0x00,0x00,0x00,0x00,0x00,0x00,0x00,0x00,0x00,0x00,0x00,0x00,0x00,0x00,
	0x00,0x00,0x00,0x00,0x00,0x00,0x00,0x00,0x00,0x00,0x00,0x00,0x00,0x00,0x00,0x00,0x00,0x00,0x00,0x00,
	0x00,0x00,0x00,0x00,0x00,0x00,0x00,0x00,0x00,0x00,0x00,0x00,0x00,0x00,0x00,0x00,0x21,0x00,0x62,0x00,
	0x83,0x08,0x83,0x08,0x83,0x08,0x83,0x08,0x83,0x08,0x83,0x08,0x83,0x08,0x63,0x08,0x63,0x08,0x63,0x08,
	0x63,0x08,0x63,0x08,0x63,0x08,0x63,0x08,0x63,0x08,0x63,0x08,0x63,0x08,0x63,0x08,0x63,0x08,0x63,0x08,
	0x63,0x08,0x63,0x08,0x63,0x08,0x63,0x08,0x63,0x08,0x63,0x08,0x63,0x08,0x43,0x08,0x43,0x08,0x43,0x08,
	0x43,0x08,0x43,0x10,0x43,0x10,0x43,0x10,0x43,0x10,0x43,0x10,0x43,0x10,0x43,0x10,0x43,0x10,0x43,0x10,
	0x43,0x10,0x42,0x08,0x21,0x08,0x00,0x00,0x00,0x00,0x00,0x00,0x00,0x00,0x00,0x00,0x00,0x00,0x00,0x00,
	0x00,0x00,0x00,0x00,0x00,0x00,0x00,0x00,0x00,0x00,0x00,0x00,0x00,0x00,0x00,0x00,0x00,0x00,0x00,0x00,
	0x00,0x00,0x00,0x00,0x00,0x00,0x00,0x00,0x00,0x00,0x00,0x00,0x00,0x00,0x00,0x00,0x00,0x00,0x00,0x00,
	0x00,0x00,0x00,0x00,0x00,0x00,0x00,0x00,0x00,0x00,0x00,0x00,0x00,0x00,0x00,0x00,0x00,0x00,0x00,0x00,
	0x00,0x00,0x00,0x00,0x00,0x00,0x00,0x00,0x00,0x00,0x00,0x00,0x00,0x00,0x00,0x00,0x00,0x00,0x00,0x00,
	0x00,0x00,0x00,0x00,0x00,0x00,0x00,0x00,0x00,0x00,0x00,0x00,0x00,0x00,0x00,0x00,0x00,0x00,0x00,0x00,
	0x00,0x00,0x00,0x00,0x00,0x00,0x00,0x00,0x00,0x00,0x00,0x00,0x00,0x00,0x00,0x00,0x00,0x00,0x00,0x00,
	0x00,0x00,0x00,0x00,0x00,0x00,0x00,0x00,0x00,0x00,0x00,0x00,0x00,0x00,0x00,0x00,0x00,0x00,0x00,0x00,
	0x00,0x00,0x00,0x00,0x00,0x00,0x00,0x00,0x00,0x00,0x00,0x00,0x00,0x00,0x00,0x00,0x00,0x00,0x00,0x00,
	0x00,0x00,0x00,0x00,0x00,0x00,0x00,0x00,0x00,0x00,0x00,0x00,0x00,0x00,0x00,0x00,0x00,0x00,0x00,0x00,
	0x00,0x00,0x00,0x00,0x00,0x00,0x00,0x00,0x00,0x00,0x00,0x00,0x00,0x00,0x00,0x00,0x00,0x00,0x00,0x00,
	0x00,0x00,0x00,0x00,0x00,0x00,0x00,0x00,0x00,0x00,0x00,0x00,0x00,0x00,0x00,0x00,0x00,0x00,0x00,0x00,
	0x00,0x00,0x00,0x00,0x00,0x00,0x00,0x00,0x00,0x00,0x00,0x00,0x00,0x00,0x00,0x00,0x00,0x00,0x00,0x00,
	0x00,0x00,0x00,0x00,0x00,0x00,0x00,0x00,0x00,0x00,0x00,0x00,0x00,0x00,0x00,0x00,0x00,0x00,0x00,0x00,
	0x00,0x00,0x00,0x00,0x00,0x00,0x00,0x00,0x00,0x00,0x00,0x00,0x00,0x00,0x00,0x00,0x00,0x00,0x00,0x00,
	0x00,0x00,0x00,0x00,0x00,0x00,0x00,0x00,0x00,0x00,0x00,0x00,0x00,0x00,0x00,0x00,0x00,0x00,0x00,0x00,
	0x00,0x00,0x00,0x00,0x00,0x00,0x00,0x00,0x00,0x00,0x00,0x00,0x00,0x00,0x00,0x00,0x00,0x00,0x00,0x00,
	0x00,0x00,0x00,0x00,0x00,0x00,0x00,0x00,0x00,0x00,0x00,0x00,0x00,0x00,0x00,0x00,0x00,0x00,0x00,0x00,
	0x00,0x00,0x00,0x00,0x00,0x00,0x00,0x00,0x00,0x00,0x00,0x00,0x00,0x00,0x00,0x00,0x00,0x00,0x00,0x00,
	0x00,0x00,0x00,0x00,0x00,0x00,0x00,0x00,0x00,0x00,0x00,0x00,0x00,0x00,0x00,0x00,0x00,0x00,0x00,0x00,
	0x00,0x00,0x00,0x00,0x00,0x00,0x00,0x00,0x00,0x00,0x00,0x00,0x00,0x00,0x00,0x00,0x00,0x00,0x00,0x00,
	0x00,0x00,0x00,0x00,0x00,0x00,0x00,0x00,0x00,0x00,0x00,0x00,0x00,0x00,0x00,0x00,0x00,0x00,0x00,0x00,
	0x00,0x00,0x00,0x00,0x00,0x00,0x00,0x00,0x00,0x00,0x00,0x00,0x00,0x00,0x00,0x00,0x21,0x00,0x42,0x00,
	0x62,0x08,0x62,0x08,0x83,0x08,0x83,0x08,0x83,0x08,0x83,0x08,0x83,0x08,0x83,0x08,0x83,0x08,0x83,0x08,
	0x63,0x08,0x63,0x08,0x63,0x08,0x63,0x08,0x63,0x08,0x63,0x08,0x63,0x08,0x63,0x08,0x63,0x08,0x63,0x08,
	0x63,0x08,0x63,0x08,0x63,0x08,0x63,0x08,0x63,0x08,0x63,0x08,0x63,0x08,0x63,0x08,0x63,0x08,0x63,0x08,
	0x43,0x08,0x43,0x08,0x43,0x08,0x43,0x08,0x43,0x10,0x43,0x10,0x43,0x10,0x43,0x10,0x43,0x10,0x43,0x10,
	0x43,0x10,0x43,0x10,0x43,0x10,0x43,0x10,0x43,0x10,0x42,0x08,0x22,0x08,0x22,0x08,0x01,0x00,0x01,0x00,
	0x00,0x00,0x00,0x00,0x00,0x00,0x00,0x00,0x00,0x00,0x00,0x00,0x00,0x00,0x00,0x00,0x00,0x00,0x00,0x00,
	0x00,0x00,0x00,0x00,0x00,0x00,0x00,0x00,0x00,0x00,0x00,0x00,0x00,0x00,0x00,0x00,0x00,0x00,0x00,0x00,
	0x00,0x00,0x00,0x00,0x00,0x00,0x00,0x00,0x00,0x00,0x00,0x00,0x00,0x00,0x00,0x00,0x00,0x00,0x00,0x00,
	0x00,0x00,0x00,0x00,0x00,0x00,0x00,0x00,0x00,0x00,0x00,0x00,0x00,0x00,0x00,0x00,0x00,0x00,0x00,0x00,
	0x00,0x00,0x00,0x00,0x00,0x00,0x00,0x00,0x00,0x00,0x00,0x00,0x00,0x00,0x00,0x00,0x00,0x00,0x00,0x00,
	0x00,0x00,0x00,0x00,0x00,0x00,0x00,0x00,0x00,0x00,0x00,0x00,0x00,0x00,0x00,0x00,0x00,0x00,0x00,0x00,
	0x00,0x00,0x00,0x00,0x00,0x00,0x00,0x00,0x00,0x00,0x00,0x00,0x00,0x00,0x00,0x00,0x00,0x00,0x00,0x00,
	0x00,0x00,0x00,0x00,0x00,0x00,0x00,0x00,0x00,0x00,0x00,0x00,0x00,0x00,0x00,0x00,0x00,0x00,0x00,0x00,
	0x00,0x00,0x00,0x00,0x00,0x00,0x00,0x00,0x00,0x00,0x00,0x00,0x00,0x00,0x00,0x00,0x00,0x00,0x00,0x00,
	0x00,0x00,0x00,0x00,0x00,0x00,0x00,0x00,0x00,0x00,0x00,0x00,0x00,0x00,0x00,0x00,0x00,0x00,0x00,0x00,
	0x00,0x00,0x00,0x00,0x00,0x00,0x00,0x00,0x00,0x00,0x00,0x00,0x00,0x00,0x00,0x00,0x00,0x00,0x00,0x00,
	0x00,0x00,0x00,0x00,0x00,0x00,0x00,0x00,0x00,0x00,0x00,0x00,0x00,0x00,0x00,0x00,0x00,0x00,0x00,0x00,
	0x00,0x00,0x00,0x00,0x00,0x00,0x00,0x00,0x00,0x00,0x00,0x00,0x00,0x00,0x00,0x00,0x00,0x00,0x00,0x00,
	0x00,0x00,0x00,0x00,0x00,0x00,0x00,0x00,0x00,0x00,0x00,0x00,0x00,0x00,0x00,0x00,0x00,0x00,0x00,0x00,
	0x00,0x00,0x00,0x00,0x00,0x00,0x00,0x00,0x00,0x00,0x00,0x00,0x00,0x00,0x00,0x00,0x00,0x00,0x00,0x00,
	0x00,0x00,0x00,0x00,0x00,0x00,0x00,0x00,0x00,0x00,0x00,0x00,0x00,0x00,0x00,0x00,0x00,0x00,0x00,0x00,
	0x00,0x00,0x00,0x00,0x00,0x00,0x00,0x00,0x00,0x00,0x00,0x00,0x00,0x00,0x00,0x00,0x00,0x00,0x00,0x00,
	0x00,0x00,0x00,0x00,0x00,0x00,0x00,0x00,0x00,0x00,0x00,0x00,0x00,0x00,0x00,0x00,0x00,0x00,0x00,0x00,
	0x00,0x00,0x00,0x00,0x00,0x00,0x00,0x00,0x00,0x00,0x00,0x00,0x00,0x00,0x00,0x00,0x00,0x00,0x00,0x00,
	0x00,0x00,0x00,0x00,0x00,0x00,0x00,0x00,0x00,0x00,0x00,0x00,0x00,0x00,0x00,0x00,0x00,0x00,0x00,0x00,
	0x00,0x00,0x00,0x00,0x00,0x00,0x00,0x00,0x00,0x00,0x00,0x00,0x00,0x00,0x00,0x00,0x00,0x00,0x00,0x00,
	0x00,0x00,0x00,0x00,0x00,0x00,0x00,0x00,0x00,0x00,0x00,0x00,0x00,0x00,0x00,0x00,0x00,0x00,0x20,0x00,
	0x21,0x00,0x42,0x00,0x63,0x00,0x83,0x08,0x83,0x08,0x83,0x08,0x83,0x08,0x83,0x08,0x83,0x08,0x83,0x08,
	0x83,0x08,0x83,0x08,0x83,0x08,0x63,0x08,0x63,0x08,0x63,0x08,0x63,0x08,0x63,0x08,0x63,0x08,0x63,0x08,
	0x63,0x08,0x63,0x08,0x63,0x08,0x63,0x08,0x63,0x08,0x63,0x08,0x63,0x08,0x63,0x08,0x63,0x08,0x63,0x08,
	0x63,0x08,0x63,0x08,0x63,0x08,0x43,0x08,0x43,0x08,0x43,0x08,0x43,0x08,0x43,0x10,0x43,0x10,0x43,0x10,
	0x43,0x10,0x43,0x10,0x43,0x10,0x43,0x10,0x43,0x10,0x43,0x10,0x43,0x10,0x43,0x10,0x43,0x10,0x43,0x10,
	0x43,0x10,0x22,0x08,0x02,0x08,0x01,0x00,0x00,0x00,0x00,0x00,0x00,0x00,0x00,0x00,0x00,0x00,0x00,0x00,
	0x00,0x00,0x00,0x00,0x00,0x00,0x00,0x00,0x00,0x00,0x00,0x00,0x00,0x00,0x00,0x00,0x00,0x00,0x00,0x00,
	0x00,0x00,0x00,0x00,0x00,0x00,0x00,0x00,0x00,0x00,0x00,0x00,0x00,0x00,0x00,0x00,0x00,0x00,0x00,0x00,
	0x00,0x00,0x00,0x00,0x00,0x00,0x00,0x00,0x00,0x00,0x00,0x00,0x00,0x00,0x00,0x00,0x00,0x00,0x00,0x00,
	0x00,0x00,0x00,0x00,0x00,0x00,0x00,0x00,0x00,0x00,0x00,0x00,0x00,0x00,0x00,0x00,0x00,0x00,0x00,0x00,
	0x00,0x00,0x00,0x00,0x00,0x00,0x00,0x00,0x00,0x00,0x00,0x00,0x00,0x00,0x00,0x00,0x00,0x00,0x00,0x00,
	0x00,0x00,0x00,0x00,0x00,0x00,0x00,0x00,0x00,0x00,0x00,0x00,0x00,0x00,0x00,0x00,0x00,0x00,0x00,0x00,
	0x00,0x00,0x00,0x00,0x00,0x00,0x00,0x00,0x00,0x00,0x00,0x00,0x00,0x00,0x00,0x00,0x00,0x00,0x00,0x00,
	0x00,0x00,0x00,0x00,0x00,0x00,0x00,0x00,0x00,0x00,0x00,0x00,0x00,0x00,0x00,0x00,0x00,0x00,0x00,0x00,
	0x00,0x00,0x00,0x00,0x00,0x00,0x00,0x00,0x00,0x00,0x00,0x00,0x00,0x00,0x00,0x00,0x00,0x00,0x00,0x00,
	0x00,0x00,0x00,0x00,0x00,0x00,0x00,0x00,0x00,0x00,0x00,0x00,0x00,0x00,0x00,0x00,0x00,0x00,0x00,0x00,
	0x00,0x00,0x00,0x00,0x00,0x00,0x00,0x00,0x00,0x00,0x00,0x00,0x00,0x00,0x00,0x00,0x00,0x00,0x00,0x00,
	0x00,0x00,0x00,0x00,0x00,0x00,0x00,0x00,0x00,0x00,0x00,0x00,0x00,0x00,0x00,0x00,0x00,0x00,0x00,0x00,
	0x00,0x00,0x00,0x00,0x00,0x00,0x00,0x00,0x00,0x00,0x00,0x00,0x00,0x00,0x00,0x00,0x00,0x00,0x00,0x00,
	0x00,0x00,0x00,0x00,0x00,0x00,0x00,0x00,0x00,0x00,0x00,0x00,0x00,0x00,0x00,0x00,0x00,0x00,0x00,0x00,
	0x00,0x00,0x00,0x00,0x00,0x00,0x00,0x00,0x00,0x00,0x00,0x00,0x00,0x00,0x00,0x00,0x00,0x00,0x00,0x00,
	0x00,0x00,0x00,0x00,0x00,0x00,0x00,0x00,0x00,0x00,0x00,0x00,0x00,0x00,0x00,0x00,0x00,0x00,0x00,0x00,
	0x00,0x00,0x00,0x00,0x00,0x00,0x00,0x00,0x00,0x00,0x00,0x00,0x00,0x00,0x00,0x00,0x00,0x00,0x00,0x00,
	0x00,0x00,0x00,0x00,0x00,0x00,0x00,0x00,0x00,0x00,0x00,0x00,0x00,0x00,0x00,0x00,0x00,0x00,0x00,0x00,
	0x00,0x00,0x00,0x00,0x00,0x00,0x00,0x00,0x00,0x00,0x00,0x00,0x00,0x00,0x00,0x00,0x00,0x00,0x00,0x00,
	0x00,0x00,0x00,0x00,0x00,0x00,0x00,0x00,0x00,0x00,0x00,0x00,0x00,0x00,0x00,0x00,0x00,0x00,0x00,0x00,
	0x00,0x00,0x00,0x00,0x00,0x00,0x00,0x00,0x00,0x00,0x00,0x00,0x00,0x00,0x00,0x00,0x00,0x00,0x00,0x00,
	0x20,0x00,0x61,0x00,0x62,0x00,0x63,0x00,0x83,0x08,0x83,0x08,0x83,0x08,0x83,0x08,0x83,0x08,0x83,0x08,
	0x83,0x08,0x83,0x08,0x83,0x08,0x83,0x08,0x83,0x08,0x83,0x08,0x63,0x08,0x63,0x08,0x63,0x08,0x63,0x08,
	0x63,0x08,0x63,0x08,0x63,0x08,0x63,0x08,0x63,0x08,0x63,0x08,0x63,0x08,0x63,0x08,0x63,0x08,0x63,0x08,
	0x63,0x08,0x63,0x08,0x63,0x08,0x63,0x08,0x63,0x08,0x63,0x08,0x43,0x08,0x43,0x08,0x43,0x08,0x43,0x08,
	0x43,0x10,0x43,0x10,0x43,0x10,0x43,0x10,0x43,0x10,0x43,0x10,0x43,0x10,0x43,0x10,0x43,0x10,0x43,0x10,
	0x43,0x10,0x43,0x10,0x43,0x10,0x43,0x10,0x43,0x10,0x43,0x10,0x23,0x08,0x22,0x08,0x01,0x00,0x00,0x00,
	0x00,0x00,0x00,0x00,0x00,0x00,0x00,0x00,0x00,0x00,0x00,0x00,0x00,0x00,0x00,0x00,0x00,0x00,0x00,0x00,
	0x00,0x00,0x00,0x00,0x00,0x00,0x00,0x00,0x00,0x00,0x00,0x00,0x00,0x00,0x00,0x00,0x00,0x00,0x00,0x00,
	0x00,0x00,0x00,0x00,0x00,0x00,0x00,0x00,0x00,0x00,0x00,0x00,0x00,0x00,0x00,0x00,0x00,0x00,0x00,0x00,
	0x00,0x00,0x00,0x00,0x00,0x00,0x00,0x00,0x00,0x00,0x00,0x00,0x00,0x00,0x00,0x00,0x00,0x00,0x00,0x00,
	0x00,0x00,0x00,0x00,0x00,0x00,0x00,0x00,0x00,0x00,0x00,0x00,0x00,0x00,0x00,0x00,0x00,0x00,0x00,0x00,
	0x00,0x00,0x00,0x00,0x00,0x00,0x00,0x00,0x00,0x00,0x00,0x00,0x00,0x00,0x00,0x00,0x00,0x00,0x00,0x00,
	0x00,0x00,0x00,0x00,0x00,0x00,0x00,0x00,0x00,0x00,0x00,0x00,0x00,0x00,0x00,0x00,0x00,0x00,0x00,0x00,
	0x00,0x00,0x00,0x00,0x00,0x00,0x00,0x00,0x00,0x00,0x00,0x00,0x00,0x00,0x00,0x00,0x00,0x00,0x00,0x00,
	0x00,0x00,0x00,0x00,0x00,0x00,0x00,0x00,0x00,0x00,0x00,0x00,0x00,0x00,0x00,0x00,0x00,0x00,0x00,0x00,
	0x00,0x00,0x00,0x00,0x00,0x00,0x00,0x00,0x00,0x00,0x00,0x00,0x00,0x00,0x00,0x00,0x00,0x00,0x00,0x00,
	0x00,0x00,0x00,0x00,0x00,0x00,0x00,0x00,0x00,0x00,0x00,0x00,0x00,0x00,0x00,0x00,0x00,0x00,0x00,0x00,
	0x00,0x00,0x00,0x00,0x00,0x00,0x00,0x00,0x00,0x00,0x00,0x00,0x00,0x00,0x00,0x00,0x00,0x00,0x00,0x00,
	0x00,0x00,0x00,0x00,0x00,0x00,0x00,0x00,0x00,0x00,0x00,0x00,0x00,0x00,0x00,0x00,0x00,0x00,0x00,0x00,
	0x00,0x00,0x00,0x00,0x00,0x00,0x00,0x00,0x00,0x00,0x00,0x00,0x00,0x00,0x00,0x00,0x00,0x00,0x00,0x00,
	0x00,0x00,0x00,0x00,0x00,0x00,0x00,0x00,0x00,0x00,0x00,0x00,0x00,0x00,0x00,0x00,0x00,0x00,0x00,0x00,
	0x00,0x00,0x00,0x00,0x00,0x00,0x00,0x00,0x00,0x00,0x00,0x00,0x00,0x00,0x00,0x00,0x00,0x00,0x00,0x00,
	0x00,0x00,0x00,0x00,0x00,0x00,0x00,0x00,0x00,0x00,0x00,0x00,0x00,0x00,0x00,0x00,0x00,0x00,0x00,0x00,
	0x00,0x00,0x00,0x00,0x00,0x00,0x00,0x00,0x00,0x00,0x00,0x00,0x00,0x00,0x00,0x00,0x00,0x00,0x00,0x00,
	0x00,0x00,0x00,0x00,0x00,0x00,0x00,0x00,0x00,0x00,0x00,0x00,0x00,0x00,0x00,0x00,0x00,0x00,0x00,0x00,
	0x00,0x00,0x00,0x00,0x00,0x00,0x00,0x00,0x00,0x00,0x00,0x00,0x00,0x00,0x00,0x00,0x00,0x00,0x00,0x00,
	0x00,0x00,0x00,0x00,0x00,0x00,0x00,0x00,0x00,0x00,0x00,0x00,0x00,0x00,0x00,0x00,0x00,0x00,0x00,0x00,
	0x00,0x00,0x20,0x00,0x21,0x00,0x61,0x00,0x82,0x00,0x83,0x00,0x83,0x00,0x83,0x08,0x83,0x08,0x83,0x08,
	0x83,0x08,0x83,0x08,0x83,0x08,0x83,0x08,0x83,0x08,0x83,0x08,0x83,0x08,0x83,0x08,0x83,0x08,0x63,0x08,
	0x63,0x08,0x63,0x08,0x63,0x08,0x63,0x08,0x63,0x08,0x63,0x08,0x63,0x08,0x63,0x08,0x63,0x08,0x63,0x08,
	0x63,0x08,0x63,0x08,0x63,0x08,0x63,0x08,0x63,0x08,0x63,0x08,0x63,0x08,0x63,0x08,0x63,0x08,0x43,0x08,
	0x43,0x08,0x43,0x08,0x43,0x08,0x43,0x10,0x43,0x10,0x43,0x10,0x43,0x10,0x43,0x10,0x43,0x10,0x43,0x10,
	0x43,0x10,0x43,0x10,0x43,0x10,0x43,0x10,0x43,0x10,0x43,0x10,0x43,0x10,0x43,0x10,0x43,0x10,0x43,0x10,
	0x23,0x08,0x22,0x08,0x01,0x08,0x01,0x00,0x00,0x00,0x00,0x00,0x00,0x00,0x00,0x00,0x00,0x00,0x00,0x00,
	0x00,0x00,0x00,0x00,0x00,0x00,0x00,0x00,0x00,0x00,0x00,0x00,0x00,0x00,0x00,0x00,0x00,0x00,0x00,0x00,
	0x00,0x00,0x00,0x00,0x00,0x00,0x00,0x00,0x00,0x00,0x00,0x00,0x00,0x00,0x00,0x00,0x00,0x00,0x00,0x00,
	0x00,0x00,0x00,0x00,0x00,0x00,0x00,0x00,0x00,0x00,0x00,0x00,0x00,0x00,0x00,0x00,0x00,0x00,0x00,0x00,
	0x00,0x00,0x00,0x00,0x00,0x00,0x00,0x00,0x00,0x00,0x00,0x00,0x00,0x00,0x00,0x00,0x00,0x00,0x00,0x00,
	0x00,0x00,0x00,0x00,0x00,0x00,0x00,0x00,0x00,0x00,0x00,0x00,0x00,0x00,0x00,0x00,0x00,0x00,0x00,0x00,
	0x00,0x00,0x00,0x00,0x00,0x00,0x00,0x00,0x00,0x00,0x00,0x00,0x00,0x00,0x00,0x00,0x00,0x00,0x00,0x00,
	0x00,0x00,0x00,0x00,0x00,0x00,0x00,0x00,0x00,0x00,0x00,0x00,0x00,0x00,0x00,0x00,0x00,0x00,0x00,0x00,
	0x00,0x00,0x00,0x00,0x00,0x00,0x00,0x00,0x00,0x00,0x00,0x00,0x00,0x00,0x00,0x00,0x00,0x00,0x00,0x00,
	0x00,0x00,0x00,0x00,0x00,0x00,0x00,0x00,0x00,0x00,0x00,0x00,0x00,0x00,0x00,0x00,0x00,0x00,0x00,0x00,
	0x00,0x00,0x00,0x00,0x00,0x00,0x00,0x00,0x00,0x00,0x00,0x00,0x00,0x00,0x00,0x00,0x00,0x00,0x00,0x00,
	0x00,0x00,0x00,0x00,0x00,0x00,0x00,0x00,0x00,0x00,0x00,0x00,0x00,0x00,0x00,0x00,0x00,0x00,0x00,0x00,
	0x00,0x00,0x00,0x00,0x00,0x00,0x00,0x00,0x00,0x00,0x00,0x00,0x00,0x00,0x00,0x00,0x00,0x00,0x00,0x00,
	0x00,0x00,0x00,0x00,0x00,0x00,0x00,0x00,0x00,0x00,0x00,0x00,0x00,0x00,0x00,0x00,0x00,0x00,0x00,0x00,
	0x00,0x00,0x00,0x00,0x00,0x00,0x00,0x00,0x00,0x00,0x00,0x00,0x00,0x00,0x00,0x00,0x00,0x00,0x00,0x00,
	0x00,0x00,0x00,0x00,0x00,0x00,0x00,0x00,0x00,0x00,0x00,0x00,0x00,0x00,0x00,0x00,0x00,0x00,0x00,0x00,
	0x00,0x00,0x00,0x00,0x00,0x00,0x00,0x00,0x00,0x00,0x00,0x00,0x00,0x00,0x00,0x00,0x00,0x00,0x00,0x00,
	0x00,0x00,0x00,0x00,0x00,0x00,0x00,0x00,0x00,0x00,0x00,0x00,0x00,0x00,0x00,0x00,0x00,0x00,0x00,0x00,
	0x00,0x00,0x00,0x00,0x00,0x00,0x00,0x00,0x00,0x00,0x00,0x00,0x00,0x00,0x00,0x00,0x00,0x00,0x00,0x00,
	0x00,0x00,0x00,0x00,0x00,0x00,0x00,0x00,0x00,0x00,0x00,0x00,0x00,0x00,0x00,0x00,0x00,0x00,0x00,0x00,
	0x00,0x00,0x00,0x00,0x00,0x00,0x00,0x00,0x00,0x00,0x00,0x00,0x00,0x00,0x00,0x00,0x00,0x00,0x00,0x00,
	0x00,0x00,0x00,0x00,0x00,0x00,0x00,0x00,0x40,0x00,0x82,0x00,0xA3,0x00,0xA3,0x00,0x83,0x00,0x83,0x00,
	0x83,0x08,0x83,0x08,0x83,0x08,0x83,0x08,0x83,0x08,0x83,0x08,0x83,0x08,0x83,0x08,0x83,0x08,0x83,0x08,
	0x83,0x08,0x83,0x08,0x63,0x08,0x63,0x08,0x63,0x08,0x63,0x08,0x63,0x08,0x63,0x08,0x63,0x08,0x63,0x08,
	0x63,0x08,0x63,0x08,0x63,0x08,0x63,0x08,0x63,0x08,0x63,0x08,0x63,0x08,0x63,0x08,0x63,0x08,0x63,0x08,
	0x63,0x08,0x63,0x08,0x43,0x08,0x43,0x08,0x43,0x08,0x43,0x08,0x43,0x10,0x43,0x10,0x43,0x10,0x43,0x10,
	0x43,0x10,0x43,0x10,0x43,0x10,0x43,0x10,0x43,0x10,0x43,0x10,0x43,0x10,0x43,0x10,0x43,0x10,0x43,0x10,
	0x43,0x10,0x43,0x10,0x43,0x10,0x43,0x10,0x23,0x10,0x23,0x10,0x02,0x08,0x01,0x08,0x00,0x00,0x00,0x00,
	0x00,0x00,0x00,0x00,0x00,0x00,0x00,0x00,0x00,0x00,0x00,0x00,0x00,0x00,0x00,0x00,0x00,0x00,0x00,0x00,
	0x00,0x00,0x00,0x00,0x00,0x00,0x00,0x00,0x00,0x00,0x00,0x00,0x00,0x00,0x00,0x00,0x00,0x00,0x00,0x00,
	0x00,0x00,0x00,0x00,0x00,0x00,0x00,0x00,0x00,0x00,0x00,0x00,0x00,0x00,0x00,0x00,0x00,0x00,0x00,0x00,
	0x00,0x00,0x00,0x00,0x00,0x00,0x00,0x00,0x00,0x00,0x00,0x00,0x00,0x00,0x00,0x00,0x00,0x00,0x00,0x00,
	0x00,0x00,0x00,0x00,0x00,0x00,0x00,0x00,0x00,0x00,0x00,0x00,0x00,0x00,0x00,0x00,0x00,0x00,0x00,0x00,
	0x00,0x00,0x00,0x00,0x00,0x00,0x00,0x00,0x00,0x00,0x00,0x00,0x00,0x00,0x00,0x00,0x00,0x00,0x00,0x00,
	0x00,0x00,0x00,0x00,0x00,0x00,0x00,0x00,0x00,0x00,0x00,0x00,0x00,0x00,0x00,0x00,0x00,0x00,0x00,0x00,
	0x00,0x00,0x00,0x00,0x00,0x00,0x00,0x00,0x00,0x00,0x00,0x00,0x00,0x00,0x00,0x00,0x00,0x00,0x00,0x00,
	0x00,0x00,0x00,0x00,0x00,0x00,0x00,0x00,0x00,0x00,0x00,0x00,0x00,0x00,0x00,0x00,0x00,0x00,0x00,0x00,
	0x00,0x00,0x00,0x00,0x00,0x00,0x00,0x00,0x00,0x00,0x00,0x00,0x00,0x00,0x00,0x00,0x00,0x00,0x00,0x00,
	0x00,0x00,0x00,0x00,0x00,0x00,0x00,0x00,0x00,0x00,0x00,0x00,0x00,0x00,0x00,0x00,0x00,0x00,0x00,0x00,
	0x00,0x00,0x00,0x00,0x00,0x00,0x00,0x00,0x00,0x00,0x00,0x00,0x00,0x00,0x00,0x00,0x00,0x00,0x00,0x00,
	0x00,0x00,0x00,0x00,0x00,0x00,0x00,0x00,0x00,0x00,0x00,0x00,0x00,0x00,0x00,0x00,0x00,0x00,0x00,0x00,
	0x00,0x00,0x00,0x00,0x00,0x00,0x00,0x00,0x00,0x00,0x00,0x00,0x00,0x00,0x00,0x00,0x00,0x00,0x00,0x00,
	0x00,0x00,0x00,0x00,0x00,0x00,0x00,0x00,0x00,0x00,0x00,0x00,0x00,0x00,0x00,0x00,0x00,0x00,0x00,0x00,
	0x00,0x00,0x00,0x00,0x00,0x00,0x00,0x00,0x00,0x00,0x00,0x00,0x00,0x00,0x00,0x00,0x00,0x00,0x00,0x00,
	0x00,0x00,0x00,0x00,0x00,0x00,0x00,0x00,0x00,0x00,0x00,0x00,0x00,0x00,0x00,0x00,0x00,0x00,0x00,0x00,
	0x00,0x00,0x00,0x00,0x00,0x00,0x00,0x00,0x00,0x00,0x00,0x00,0x00,0x00,0x00,0x00,0x00,0x00,0x00,0x00,
	0x00,0x00,0x00,0x00,0x00,0x00,0x00,0x00,0x00,0x00,0x00,0x00,0x00,0x00,0x00,0x00,0x00,0x00,0x00,0x00,
	0x00,0x00,0x00,0x00,0x00,0x00,0x00,0x00,0x00,0x00,0x00,0x00,0x00,0x00,0x00,0x00,0x00,0x00,0x00,0x00,
	0x00,0x00,0x00,0x00,0x00,0x00,0x00,0x00,0x00,0x00,0x21,0x00,0x42,0x00,0x62,0x00,0x82,0x00,0x82,0x00,
	0x82,0x00,0x82,0x00,0x82,0x00,0x82,0x00,0x83,0x08,0x83,0x08,0x83,0x08,0x83,0x08,0x83,0x08,0x83,0x08,
	0x83,0x08,0x83,0x08,0x83,0x08,0x83,0x08,0x83,0x08,0x63,0x08,0x63,0x08,0x63,0x08,0x63,0x08,0x63,0x08,
	0x63,0x08,0x63,0x08,0x63,0x08,0x63,0x08,0x63,0x08,0x63,0x08,0x63,0x08,0x63,0x08,0x63,0x08,0x63,0x08,
	0x63,0x08,0x63,0x08,0x63,0x08,0x63,0x08,0x63,0x08,0x43,0x08,0x43,0x08,0x43,0x08,0x43,0x08,0x43,0x10,
	0x43,0x10,0x43,0x10,0x43,0x10,0x43,0x10,0x43,0x10,0x43,0x10,0x43,0x10,0x43,0x10,0x43,0x10,0x43,0x10,
	0x43,0x10,0x43,0x10,0x43,0x10,0x43,0x10,0x23,0x10,0x22,0x10,0x22,0x10,0x23,0x10,0x22,0x10,0x22,0x10,
	0x01,0x08,0x01,0x00,0x00,0x00,0x00,0x00,0x00,0x00,0x00,0x00,0x00,0x00,0x00,0x00,0x00,0x00,0x00,0x00,
	0x00,0x00,0x00,0x00,0x00,0x00,0x00,0x00,0x00,0x00,0x00,0x00,0x00,0x00,0x00,0x00,0x00,0x00,0x00,0x00,
	0x00,0x00,0x00,0x00,0x00,0x00,0x00,0x00,0x00,0x00,0x00,0x00,0x00,0x00,0x00,0x00,0x00,0x00,0x00,0x00,
	0x00,0x00,0x00,0x00,0x00,0x00,0x00,0x00,0x00,0x00,0x00,0x00,0x00,0x00,0x00,0x00,0x00,0x00,0x00,0x00,
	0x00,0x00,0x00,0x00,0x00,0x00,0x00,0x00,0x00,0x00,0x00,0x00,0x00,0x00,0x00,0x00,0x04,0x21,0xCB,0x5A,
	0x08,0x42,0xC3,0x18,0x21,0x08,0x00,0x00,0x00,0x00,0x00,0x00,0x00,0x00,0x00,0x00,0x00,0x00,0x00,0x00,
	0x00,0x00,0x00,0x00,0x00,0x00,0x00,0x00,0x00,0x00,0x00,0x00,0x00,0x00,0x00,0x00,0x00,0x00,0x00,0x00,
	0x00,0x00,0x00,0x00,0x00,0x00,0x00,0x00,0x00,0x00,0x00,0x00,0x00,0x00,0x00,0x00,0x00,0x00,0x00,0x00,
	0x00,0x00,0x00,0x00,0x00,0x00,0x00,0x00,0x00,0x00,0x00,0x00,0x00,0x00,0x00,0x00,0x00,0x00,0x00,0x00,
	0x00,0x00,0x00,0x00,0x00,0x00,0x00,0x00,0x00,0x00,0x00,0x00,0x00,0x00,0x00,0x00,0x00,0x00,0x00,0x00,
	0x00,0x00,0x00,0x00,0x00,0x00,0x00,0x00,0x00,0x00,0x00,0x00,0x00,0x00,0x00,0x00,0x00,0x00,0x00,0x00,
	0x00,0x00,0x00,0x00,0x00,0x00,0x00,0x00,0x00,0x00,0x00,0x00,0x00,0x00,0x00,0x00,0x00,0x00,0x00,0x00,
	0x00,0x00,0x00,0x00,0x00,0x00,0x00,0x00,0x00,0x00,0x00,0x00,0x00,0x00,0x00,0x00,0x00,0x00,0x00,0x00,
	0x00,0x00,0x00,0x00,0x00,0x00,0x00,0x00,0x00,0x00,0x00,0x00,0x00,0x00,0x00,0x00,0x00,0x00,0x00,0x00,
	0x00,0x00,0x00,0x00,0x00,0x00,0x00,0x00,0x00,0x00,0x00,0x00,0x00,0x00,0x00,0x00,0x00,0x00,0x00,0x00,
	0x00,0x00,0x00,0x00,0x00,0x00,0x00,0x00,0x00,0x00,0x00,0x00,0x00,0x00,0x00,0x00,0x00,0x00,0x00,0x00,
	0x00,0x00,0x00,0x00,0x00,0x00,0x00,0x00,0x00,0x00,0x00,0x00,0x00,0x00,0x00,0x00,0x00,0x00,0x00,0x00,
	0x00,0x00,0x00,0x00,0x00,0x00,0x00,0x00,0x00,0x00,0x00,0x00,0x00,0x00,0x00,0x00,0x00,0x00,0x00,0x00,
	0x00,0x00,0x00,0x00,0x00,0x00,0x00,0x00,0x00,0x00,0x00,0x00,0x00,0x00,0x00,0x00,0x00,0x00,0x00,0x00,
	0x00,0x00,0x00,0x00,0x00,0x00,0x00,0x00,0x00,0x00,0x00,0x00,0x00,0x00,0x00,0x00,0x00,0x00,0x00,0x00,
	0x00,0x00,0x00,0x00,0x00,0x00,0x00,0x00,0x00,0x00,0x00,0x00,0x00,0x00,0x21,0x00,0x41,0x00,0x83,0x00,
	0x83,0x00,0x82,0x00,0x82,0x00,0x82,0x00,0x82,0x00,0x82,0x00,0x82,0x00,0x82,0x00,0x83,0x08,0x83,0x08,
	0x83,0x08,0x83,0x08,0x83,0x08,0x83,0x08,0x83,0x08,0x83,0x08,0x83,0x08,0x83,0x08,0x63,0x08,0x63,0x08,
	0x63,0x08,0x63,0x08,0x63,0x08,0x63,0x08,0x63,0x08,0x63,0x08,0x63,0x08,0x63,0x08,0x63,0x08,0x63,0x08,
	0x63,0x08,0x63,0x08,0x63,0x08,0x63,0x08,0x63,0x08,0x63,0x08,0x63,0x08,0x63,0x08,0x43,0x08,0x43,0x08,
	0x43,0x08,0x43,0x08,0x43,0x10,0x43,0x10,0x43,0x10,0x43,0x10,0x43,0x10,0x43,0x10,0x43,0x10,0x43,0x10,
	0x43,0x10,0x43,0x10,0x43,0x10,0x43,0x10,0x43,0x10,0x43,0x10,0x43,0x10,0x22,0x10,0x22,0x10,0x22,0x10,
	0x22,0x10,0x22,0x10,0x22,0x10,0x22,0x10,0x01,0x00,0x01,0x00,0x00,0x00,0x00,0x00,0x00,0x00,0x00,0x00,
	0x00,0x00,0x00,0x00,0x00,0x00,0x00,0x00,0x00,0x00,0x00,0x00,0x00,0x00,0x00,0x00,0x00,0x00,0x00,0x00,
	0x00,0x00,0x00,0x00,0x00,0x00,0x00,0x00,0x00,0x00,0x00,0x00,0x00,0x00,0x00,0x00,0x00,0x00,0x00,0x00,
	0x00,0x00,0x00,0x00,0x00,0x00,0x00,0x00,0x00,0x00,0x00,0x00,0x00,0x00,0x00,0x00,0x00,0x00,0x00,0x00,
	0x00,0x00,0x00,0x00,0x00,0x00,0x00,0x00,0x00,0x00,0x00,0x00,0x00,0x00,0x00,0x00,0x00,0x00,0x00,0x00,
	0x82,0x10,0xCB,0x5A,0x95,0xAD,0xCE,0x73,0x65,0x29,0x41,0x08,0x00,0x00,0x00,0x00,0x00,0x00,0x00,0x00,
	0x00,0x00,0x00,0x00,0x00,0x00,0x00,0x00,0x00,0x00,0x00,0x00,0x00,0x00,0x00,0x00,0x00,0x00,0x00,0x00,
	0x00,0x00,0x00,0x00,0x00,0x00,0x00,0x00,0x00,0x00,0x00,0x00,0x00,0x00,0x00,0x00,0x00,0x00,0x00,0x00,
	0x00,0x00,0x00,0x00,0x00,0x00,0x00,0x00,0x00,0x00,0x00,0x00,0x00,0x00,0x00,0x00,0x00,0x00,0x00,0x00,
	0x00,0x00,0x00,0x00,0x00,0x00,0x00,0x00,0x00,0x00,0x00,0x00,0x00,0x00,0x00,0x00,0x00,0x00,0x00,0x00,
	0x00,0x00,0x00,0x00,0x00,0x00,0x00,0x00,0x00,0x00,0x00,0x00,0x00,0x00,0x00,0x00,0x00,0x00,0x00,0x00,
	0x00,0x00,0x00,0x00,0x00,0x00,0x00,0x00,0x00,0x00,0x00,0x00,0x00,0x00,0x00,0x00,0x00,0x00,0x00,0x00,
	0x00,0x00,0x00,0x00,0x00,0x00,0x00,0x00,0x00,0x00,0x00,0x00,0x00,0x00,0x00,0x00,0x00,0x00,0x00,0x00,
	0x00,0x00,0x00,0x00,0x00,0x00,0x00,0x00,0x00,0x00,0x00,0x00,0x00,0x00,0x00,0x00,0x00,0x00,0x00,0x00,
	0x00,0x00,0x00,0x00,0x00,0x00,0x00,0x00,0x00,0x00,0x00,0x00,0x00,0x00,0x00,0x00,0x00,0x00,0x00,0x00,
	0x00,0x00,0x00,0x00,0x00,0x00,0x00,0x00,0x00,0x00,0x00,0x00,0x00,0x00,0x00,0x00,0x00,0x00,0x00,0x00,
	0x00,0x00,0x00,0x00,0x00,0x00,0x00,0x00,0x00,0x00,0x00,0x00,0x00,0x00,0x00,0x00,0x00,0x00,0x00,0x00,
	0x00,0x00,0x00,0x00,0x00,0x00,0x00,0x00,0x00,0x00,0x00,0x00,0x00,0x00,0x00,0x00,0x00,0x00,0x00,0x00,
	0x00,0x00,0x00,0x00,0x00,0x00,0x00,0x00,0x00,0x00,0x00,0x00,0x00,0x00,0x00,0x00,0x00,0x00,0x00,0x00,
	0x00,0x00,0x00,0x00,0x00,0x00,0x00,0x00,0x00,0x00,0x00,0x00,0x00,0x00,0x00,0x00,0x00,0x00,0x00,0x00,
	0x00,0x00,0x00,0x00,0x00,0x00,0x00,0x00,0x00,0x00,0x00,0x00,0x00,0x00,0x00,0x00,0x20,0x00,0x61,0x00,
	0x82,0x00,0x82,0x00,0x82,0x00,0x82,0x00,0x82,0x00,0x82,0x00,0x82,0x00,0x82,0x00,0x82,0x00,0x82,0x00,
	0x82,0x00,0x82,0x00,0x82,0x00,0x82,0x00,0x62,0x08,0x62,0x08,0x62,0x08,0x63,0x08,0x63,0x08,0x83,0x08,
	0x83,0x08,0x63,0x08,0x63,0x08,0x63,0x08,0x63,0x08,0x63,0x08,0x63,0x08,0x63,0x08,0x63,0x08,0x63,0x08,
	0x63,0x08,0x63,0x08,0x63,0x08,0x63,0x08,0x63,0x08,0x63,0x08,0x63,0x08,0x63,0x08,0x63,0x08,0x63,0x08,
	0x63,0x08,0x43,0x08,0x43,0x08,0x43,0x08,0x43,0x08,0x43,0x10,0x43,0x10,0x43,0x10,0x43,0x10,0x43,0x10,
	0x43,0x10,0x23,0x08,0x22,0x08,0x22,0x10,0x22,0x10,0x22,0x10,0x22,0x10,0x22,0x10,0x43,0x10,0x43,0x10,
	0x22,0x10,0x21,0x10,0x22,0x10,0x22,0x10,0x22,0x10,0x22,0x10,0x22,0x10,0x02,0x08,0x03,0x08,0x02,0x08,
	0x01,0x00,0x00,0x00,0x00,0x00,0x00,0x00,0x00,0x00,0x00,0x00,0x00,0x00,0x00,0x00,0x00,0x00,0x00,0x00,
	0x00,0x00,0x00,0x00,0x00,0x00,0x00,0x00,0x00,0x00,0x00,0x00,0x00,0x00,0x00,0x00,0x00,0x00,0x00,0x00,
	0x00,0x00,0x00,0x00,0x00,0x00,0x00,0x00,0x00,0x00,0x00,0x00,0x00,0x00,0x00,0x00,0x00,0x00,0x00,0x00,
	0x00,0x00,0x00,0x00,0x00,0x00,0x00,0x00,0x00,0x00,0x00,0x00,0x00,0x00,0x00,0x00,0x00,0x00,0x00,0x00,
	0x00,0x00,0x00,0x00,0x41,0x08,0xEC,0x62,0x96,0xB5,0x5C,0xE7,0x71,0x8C,0x45,0x29,0x41,0x08,0x00,0x00,
	0x00,0x00,0x00,0x00,0x00,0x00,0x00,0x00,0x00,0x00,0x00,0x00,0x00,0x00,0x00,0x00,0x00,0x00,0x00,0x00,
	0x00,0x00,0x00,0x00,0x00,0x00,0x00,0x00,0x00,0x00,0x00,0x00,0x00,0x00,0x00,0x00,0x00,0x00,0x00,0x00,
	0x00,0x00,0x00,0x00,0x00,0x00,0x00,0x00,0x00,0x00,0x00,0x00,0x00,0x00,0x00,0x00,0x00,0x00,0x00,0x00,
	0x00,0x00,0x00,0x00,0x00,0x00,0x00,0x00,0x00,0x00,0x00,0x00,0x00,0x00,0x00,0x00,0x00,0x00,0x00,0x00,
	0x00,0x00,0x00,0x00,0x00,0x00,0x00,0x00,0x00,0x00,0x00,0x00,0x00,0x00,0x00,0x00,0x00,0x00,0x00,0x00,
	0x00,0x00,0x00,0x00,0x00,0x00,0x00,0x00,0x00,0x00,0x00,0x00,0x00,0x00,0x00,0x00,0x00,0x00,0x00,0x00,
	0x00,0x00,0x00,0x00,0x00,0x00,0x00,0x00,0x00,0x00,0x00,0x00,0x00,0x00,0x00,0x00,0x00,0x00,0x00,0x00,
	0x00,0x00,0x00,0x00,0x00,0x00,0x00,0x00,0x00,0x00,0x00,0x00,0x00,0x00,0x00,0x00,0x00,0x00,0x00,0x00,
	0x00,0x00,0x00,0x00,0x00,0x00,0x00,0x00,0x00,0x00,0x00,0x00,0x00,0x00,0x00,0x00,0x00,0x00,0x00,0x00,
	0x00,0x00,0x00,0x00,0x00,0x00,0x00,0x00,0x00,0x00,0x00,0x00,0x00,0x00,0x00,0x00,0x00,0x00,0x00,0x00,
	0x00,0x00,0x00,0x00,0x00,0x00,0x00,0x00,0x00,0x00,0x00,0x00,0x00,0x00,0x00,0x00,0x00,0x00,0x00,0x00,
	0x00,0x00,0x00,0x00,0x00,0x00,0x00,0x00,0x00,0x00,0x00,0x00,0x00,0x00,0x00,0x00,0x00,0x00,0x00,0x00,
	0x00,0x00,0x00,0x00,0x00,0x00,0x00,0x00,0x00,0x00,0x00,0x00,0x00,0x00,0x00,0x00,0x00,0x00,0x00,0x00,
	0x00,0x00,0x00,0x00,0x00,0x00,0x00,0x00,0x00,0x00,0x00,0x00,0x00,0x00,0x00,0x00,0x00,0x00,0x00,0x00,
	0x00,0x00,0x00,0x00,0x00,0x00,0x00,0x00,0x00,0x00,0x00,0x00,0x20,0x00,0x20,0x00,0x20,0x00,0x20,0x00,
	0x41,0x00,0x62,0x00,0xC3,0x00,0xC4,0x00,0xC4,0x00,0xA3,0x00,0xA3,0x00,0xA3,0x00,0xA3,0x00,0xA3,0x00,
	0xA3,0x00,0xA3,0x00,0xA3,0x00,0xA3,0x00,0xA3,0x00,0xA3,0x00,0x82,0x00,0x82,0x08,0x62,0x08,0x62,0x08,
	0x63,0x08,0x63,0x08,0x63,0x08,0x63,0x08,0x63,0x08,0x63,0x08,0x63,0x08,0x63,0x08,0x63,0x08,0x63,0x08,
	0x63,0x08,0x63,0x08,0x63,0x08,0x63,0x08,0x63,0x08,0x63,0x08,0x63,0x08,0x63,0x08,0x63,0x08,0x63,0x08,
	0x63,0x08,0x63,0x08,0x63,0x08,0x63,0x08,0x43,0x08,0x43,0x08,0x43,0x08,0x43,0x08,0x43,0x10,0x43,0x10,
	0x43,0x10,0x43,0x10,0x43,0x10,0x43,0x10,0x43,0x10,0x22,0x08,0x22,0x10,0x22,0x10,0x43,0x10,0x43,0x10,
	0x43,0x10,0x43,0x10,0x44,0x10,0x43,0x10,0x43,0x10,0x43,0x18,0x43,0x18,0x43,0x18,0x43,0x18,0x43,0x18,
	0x44,0x18,0x44,0x18,0x44,0x18,0x42,0x10,0x21,0x08,0x01,0x00,0x01,0x00,0x00,0x00,0x00,0x00,0x00,0x00,
	0x00,0x00,0x00,0x00,0x00,0x00,0x00,0x00,0x00,0x00,0x00,0x00,0x00,0x00,0x00,0x00,0x00,0x00,0x00,0x00,
	0x00,0x00,0x00,0x00,0x00,0x00,0x00,0x00,0x00,0x00,0x00,0x00,0x00,0x00,0x00,0x00,0x00,0x00,0x00,0x00,
	0x00,0x00,0x00,0x00,0x00,0x00,0x00,0x00,0x00,0x00,0x00,0x00,0x00,0x00,0x00,0x00,0x00,0x00,0x00,0x00,
	0x00,0x00,0x00,0x00,0x00,0x00,0x00,0x00,0xA2,0x10,0x08,0x42,0x55,0xAD,0xBA,0xD6,0x17,0xBE,0x4D,0x6B,
	0xC3,0x18,0x20,0x00,0x00,0x00,0x00,0x00,0x00,0x00,0x00,0x00,0x00,0x00,0x00,0x00,0x00,0x00,0x00,0x00,
	0x00,0x00,0x00,0x00,0x00,0x00,0x00,0x00,0x00,0x00,0x00,0x00,0x00,0x00,0x00,0x00,0x00,0x00,0x00,0x00,
	0x00,0x00,0x00,0x00,0x00,0x00,0x00,0x00,0x00,0x00,0x00,0x00,0x00,0x00,0x00,0x00,0x00,0x00,0x00,0x00,
	0x00,0x00,0x00,0x00,0x00,0x00,0x00,0x00,0x00,0x00,0x00,0x00,0x00,0x00,0x00,0x00,0x00,0x00,0x00,0x00,
	0x00,0x00,0x00,0x00,0x00,0x00,0x00,0x00,0x00,0x00,0x00,0x00,0x00,0x00,0x00,0x00,0x00,0x00,0x00,0x00,
	0x00,0x00,0x00,0x00,0x00,0x00,0x00,0x00,0x00,0x00,0x00,0x00,0x00,0x00,0x00,0x00,0x00,0x00,0x00,0x00,
	0x00,0x00,0x00,0x00,0x00,0x00,0x00,0x00,0x00,0x00,0x00,0x00,0x00,0x00,0x00,0x00,0x00,0x00,0x00,0x00,
	0x00,0x00,0x00,0x00,0x00,0x00,0x00,0x00,0x00,0x00,0x00,0x00,0x00,0x00,0x00,0x00,0x00,0x00,0x00,0x00,
	0x00,0x00,0x00,0x00,0x00,0x00,0x00,0x00,0x00,0x00,0x00,0x00,0x00,0x00,0x00,0x00,0x00,0x00,0x00,0x00,
	0x00,0x00,0x00,0x00,0x00,0x00,0x00,0x00,0x00,0x00,0x00,0x00,0x00,0x00,0x00,0x00,0x00,0x00,0x00,0x00,
	0x00,0x00,0x00,0x00,0x00,0x00,0x00,0x00,0x00,0x00,0x00,0x00,0x00,0x00,0x00,0x00,0x00,0x00,0x00,0x00,
	0x00,0x00,0x00,0x00,0x00,0x00,0x00,0x00,0x00,0x00,0x00,0x00,0x00,0x00,0x00,0x00,0x00,0x00,0x00,0x00,
	0x00,0x00,0x00,0x00,0x00,0x00,0x00,0x00,0x00,0x00,0x00,0x00,0x00,0x00,0x00,0x00,0x00,0x00,0x00,0x00,
	0x00,0x00,0x00,0x00,0x00,0x00,0x00,0x00,0x00,0x00,0x00,0x00,0x00,0x00,0x00,0x00,0x00,0x00,0x00,0x00,
	0x00,0x00,0x00,0x00,0x00,0x00,0x00,0x00,0x00,0x00,0x20,0x00,0x20,0x00,0x20,0x00,0x41,0x00,0x41,0x00,
	0x61,0x00,0x61,0x00,0x81,0x00,0xC4,0x00,0x05,0x01,0x26,0x09,0x05,0x09,0x05,0x09,0x06,0x09,0x06,0x09,
	0x06,0x09,0x06,0x09,0x06,0x09,0x05,0x09,0x05,0x09,0x05,0x09,0xE5,0x08,0xE5,0x08,0xC4,0x08,0xA4,0x08,
	0xA4,0x08,0xA4,0x08,0xA4,0x08,0x83,0x08,0x63,0x08,0x62,0x08,0x62,0x08,0x62,0x08,0x63,0x08,0x63,0x08,
	0x62,0x08,0x62,0x08,0x63,0x08,0x63,0x08,0x63,0x08,0x63,0x08,0x63,0x08,0x63,0x08,0x63,0x08,0x63,0x08,
	0x63,0x08,0x63,0x08,0x63,0x08,0x63,0x08,0x63,0x08,0x63,0x08,0x63,0x08,0x43,0x08,0x43,0x08,0x42,0x08,
	0x42,0x08,0x43,0x08,0x43,0x08,0x42,0x08,0x42,0x08,0x42,0x08,0x43,0x10,0x43,0x10,0x64,0x10,0x64,0x10,
	0x64,0x10,0x65,0x10,0x85,0x10,0x85,0x18,0x85,0x18,0x85,0x18,0x86,0x18,0x86,0x18,0xA6,0x20,0xA6,0x20,
	0xA6,0x20,0x86,0x20,0x86,0x20,0x86,0x20,0x86,0x20,0x86,0x20,0x85,0x18,0x64,0x18,0x43,0x08,0x42,0x08,
	0x42,0x08,0x21,0x00,0x21,0x00,0x21,0x00,0x21,0x00,0x00,0x00,0x00,0x00,0x00,0x00,0x00,0x00,0x00,0x00,
	0x00,0x00,0x00,0x00,0x00,0x00,0x00,0x00,0x00,0x00,0x00,0x00,0x00,0x00,0x00,0x00,0x00,0x00,0x00,0x00,
	0x00,0x00,0x00,0x00,0x00,0x00,0x00,0x00,0x00,0x00,0x00,0x00,0x00,0x00,0x00,0x00,0x00,0x00,0x00,0x00,
	0x00,0x00,0x00,0x00,0x00,0x00,0x00,0x00,0x00,0x00,0x00,0x00,0x41,0x08,0x69,0x4A,0xF3,0x9C,0x5C,0xE7,
	0x18,0xC6,0xAB,0x5A,0xE4,0x20,0x00,0x00,0x00,0x00,0x00,0x00,0x00,0x00,0x00,0x00,0x00,0x00,0x00,0x00,
	0x00,0x00,0x00,0x00,0x00,0x00,0x00,0x00,0x00,0x00,0x00,0x00,0x00,0x00,0x00,0x00,0x00,0x00,0x00,0x00,
	0x00,0x00,0x00,0x00,0x00,0x00,0x00,0x00,0x00,0x00,0x00,0x00,0x00,0x00,0x00,0x00,0x00,0x00,0x00,0x00,
	0x00,0x00,0x00,0x00,0x00,0x00,0x00,0x00,0x00,0x00,0x00,0x00,0x00,0x00,0x00,0x00,0x00,0x00,0x00,0x00,
	0x00,0x00,0x00,0x00,0x00,0x00,0x00,0x00,0x00,0x00,0x00,0x00,0x00,0x00,0x00,0x00,0x00,0x00,0x00,0x00,
	0x00,0x00,0x00,0x00,0x00,0x00,0x00,0x00,0x00,0x00,0x00,0x00,0x00,0x00,0x00,0x00,0x00,0x00,0x00,0x00,
	0x00,0x00,0x00,0x00,0x00,0x00,0x00,0x00,0x00,0x00,0x00,0x00,0x00,0x00,0x00,0x00,0x00,0x00,0x00,0x00,
	0x00,0x00,0x00,0x00,0x00,0x00,0x00,0x00,0x00,0x00,0x00,0x00,0x00,0x00,0x00,0x00,0x00,0x00,0x00,0x00,
	0x00,0x00,0x00,0x00,0x00,0x00,0x00,0x00,0x00,0x00,0x00,0x00,0x00,0x00,0x00,0x00,0x00,0x00,0x00,0x00,
	0x00,0x00,0x00,0x00,0x00,0x00,0x00,0x00,0x00,0x00,0x00,0x00,0x00,0x00,0x00,0x00,0x00,0x00,0x00,0x00,
	0x00,0x00,0x00,0x00,0x00,0x00,0x00,0x00,0x00,0x00,0x00,0x00,0x00,0x00,0x00,0x00,0x00,0x00,0x00,0x00,
	0x00,0x00,0x00,0x00,0x00,0x00,0x00,0x00,0x00,0x00,0x00,0x00,0x00,0x00,0x00,0x00,0x00,0x00,0x00,0x00,
	0x00,0x00,0x00,0x00,0x00,0x00,0x00,0x00,0x00,0x00,0x00,0x00,0x00,0x00,0x00,0x00,0x00,0x00,0x00,0x00,
	0x00,0x00,0x00,0x00,0x00,0x00,0x00,0x00,0x00,0x00,0x00,0x00,0x00,0x00,0x00,0x00,0x00,0x00,0x00,0x00,
	0x00,0x00,0x00,0x00,0x00,0x00,0x20,0x00,0x21,0x00,0x41,0x00,0x42,0x00,0x62,0x00,0x62,0x00,0x62,0x00,
	0x62,0x00,0x62,0x00,0x61,0x00,0x61,0x00,0xA2,0x00,0xE4,0x08,0x05,0x01,0x26,0x09,0x26,0x09,0x26,0x09,
	0x06,0x09,0x06,0x09,0x06,0x09,0x06,0x09,0x06,0x09,0x06,0x09,0x06,0x09,0x06,0x09,0x06,0x09,0x06,0x09,
	0x06,0x11,0xE5,0x10,0xE5,0x08,0xE5,0x08,0xE5,0x08,0xE5,0x08,0xC5,0x10,0xA4,0x08,0xA4,0x08,0xA3,0x08,
	0x83,0x08,0x84,0x08,0x83,0x08,0x63,0x08,0x42,0x08,0x63,0x08,0x63,0x08,0x62,0x08,0x42,0x08,0x42,0x08,
	0x63,0x08,0x63,0x08,0x63,0x08,0x63,0x08,0x63,0x08,0x63,0x08,0x63,0x08,0x42,0x08,0x42,0x08,0x42,0x08,
	0x43,0x08,0x43,0x08,0x43,0x08,0x43,0x08,0x43,0x08,0x64,0x08,0x64,0x08,0x64,0x08,0x64,0x10,0x64,0x10,
	0x85,0x18,0x85,0x18,0x85,0x18,0x85,0x18,0x86,0x10,0xA6,0x18,0xA6,0x20,0xA6,0x20,0xA6,0x20,0xA6,0x20,
	0xA6,0x20,0xA6,0x20,0xA6,0x20,0xA6,0x20,0x86,0x20,0x86,0x20,0x86,0x20,0x86,0x20,0x86,0x20,0x86,0x20,
	0x86,0x18,0x65,0x10,0x64,0x10,0x43,0x08,0x42,0x08,0x21,0x00,0x22,0x00,0x22,0x00,0x22,0x00,0x22,0x00,
	0x22,0x00,0x21,0x00,0x21,0x00,0x00,0x00,0x00,0x00,0x00,0x00,0x00,0x00,0x00,0x00,0x00,0x00,0x00,0x00,
	0x00,0x00,0x00,0x00,0x00,0x00,0x00,0x00,0x00,0x00,0x00,0x00,0x00,0x00,0x00,0x00,0x00,0x00,0x00,0x00,
	0x00,0x00,0x00,0x00,0x00,0x00,0x00,0x00,0x00,0x00,0x00,0x00,0x00,0x00,0x00,0x00,0x61,0x08,0xA7,0x39,
	0x13,0x9D,0xDA,0xD6,0xF7,0xBD,0xCE,0x73,0xE4,0x20,0x20,0x00,0x00,0x00,0x00,0x00,0x00,0x00,0x00,0x00,
	0x00,0x00,0x00,0x00,0x00,0x00,0x00,0x00,0x00,0x00,0x00,0x00,0x00,0x00,0x00,0x00,0x00,0x00,0x00,0x00,
	0x00,0x00,0x00,0x00,0x00,0x00,0x00,0x00,0x00,0x00,0x00,0x00,0x00,0x00,0x00,0x00,0x00,0x00,0x00,0x00,
	0x00,0x00,0x00,0x00,0x00,0x00,0x00,0x00,0x00,0x00,0x00,0x00,0x00,0x00,0x00,0x00,0x00,0x00,0x00,0x00,
	0x00,0x00,0x00,0x00,0x00,0x00,0x00,0x00,0x00,0x00,0x00,0x00,0x00,0x00,0x00,0x00,0x00,0x00,0x00,0x00,
	0x00,0x00,0x00,0x00,0x00,0x00,0x00,0x00,0x00,0x00,0x00,0x00,0x00,0x00,0x00,0x00,0x00,0x00,0x00,0x00,
	0x00,0x00,0x00,0x00,0x00,0x00,0x00,0x00,0x00,0x00,0x00,0x00,0x00,0x00,0x00,0x00,0x00,0x00,0x00,0x00,
	0x00,0x00,0x00,0x00,0x00,0x00,0x00,0x00,0x00,0x00,0x00,0x00,0x00,0x00,0x00,0x00,0x00,0x00,0x00,0x00,
	0x00,0x00,0x00,0x00,0x00,0x00,0x00,0x00,0x00,0x00,0x00,0x00,0x00,0x00,0x00,0x00,0x00,0x00,0x00,0x00,
	0x00,0x00,0x00,0x00,0x00,0x00,0x00,0x00,0x00,0x00,0x00,0x00,0x00,0x00,0x00,0x00,0x00,0x00,0x00,0x00,
	0x00,0x00,0x00,0x00,0x00,0x00,0x00,0x00,0x00,0x00,0x00,0x00,0x00,0x00,0x00,0x00,0x00,0x00,0x00,0x00,
	0x00,0x00,0x00,0x00,0x00,0x00,0x00,0x00,0x00,0x00,0x00,0x00,0x00,0x00,0x00,0x00,0x00,0x00,0x00,0x00,
	0x00,0x00,0x00,0x00,0x00,0x00,0x00,0x00,0x00,0x00,0x00,0x00,0x00,0x00,0x00,0x00,0x00,0x00,0x00,0x00,
	0x00,0x00,0x00,0x00,0x00,0x00,0x00,0x00,0x00,0x00,0x00,0x00,0x00,0x00,0x00,0x00,0x00,0x00,0x00,0x00,
	0x00,0x00,0x00,0x00,0x00,0x00,0x00,0x00,0x00,0x00,0x21,0x00,0x41,0x00,0x62,0x00,0x83,0x00,0xA3,0x00,
	0xA3,0x00,0xA3,0x00,0xA3,0x00,0xA3,0x00,0x82,0x00,0x82,0x00,0x82,0x00,0xE4,0x08,0x26,0x09,0x26,0x09,
	0x26,0x09,0x26,0x09,0x06,0x09,0x06,0x09,0x06,0x09,0x06,0x09,0x06,0x09,0x06,0x09,0x06,0x09,0x06,0x09,
	0x06,0x09,0x06,0x09,0x06,0x09,0x06,0x11,0x06,0x11,0x06,0x11,0x06,0x11,0x06,0x11,0x06,0x11,0xE6,0x10,
	0xE6,0x10,0xE5,0x08,0xE5,0x08,0xC5,0x08,0xC5,0x08,0xA4,0x08,0x84,0x08,0x63,0x08,0x63,0x08,0x63,0x08,
	0x62,0x08,0x42,0x08,0x42,0x08,0x63,0x08,0x63,0x08,0x63,0x08,0x63,0x08,0x63,0x08,0x63,0x08,0x63,0x08,
	0x42,0x08,0x42,0x08,0x42,0x08,0x43,0x08,0x43,0x08,0x64,0x08,0x64,0x08,0x64,0x10,0x85,0x10,0xA6,0x10,
	0xA6,0x10,0xA6,0x10,0xA6,0x18,0xA6,0x18,0xA6,0x18,0xA6,0x18,0xA6,0x18,0xA6,0x18,0xA6,0x18,0xA6,0x20,
	0xA6,0x20,0xA6,0x20,0xA6,0x20,0xA6,0x20,0xA6,0x20,0x86,0x20,0x86,0x20,0x86,0x20,0x86,0x20,0x86,0x20,
	0x86,0x20,0x86,0x20,0x86,0x20,0x86,0x20,0x86,0x18,0x85,0x18,0x63,0x10,0x42,0x08,0x42,0x08,0x43,0x08,
	0x43,0x08,0x43,0x08,0x43,0x08,0x43,0x08,0x43,0x08,0x42,0x08,0x21,0x00,0x01,0x00,0x00,0x00,0x00,0x00,
	0x00,0x00,0x00,0x00,0x00,0x00,0x00,0x00,0x00,0x00,0x00,0x00,0x00,0x00,0x00,0x00,0x00,0x00,0x00,0x00,
	0x00,0x00,0x00,0x00,0x00,0x00,0x00,0x00,0x00,0x00,0x00,0x00,0x00,0x00,0x00,0x00,0x00,0x00,0x00,0x00,
	0x20,0x00,0x86,0x31,0xEF,0x7B,0xDB,0xDE,0x1B,0xDF,0x8D,0x6B,0x44,0x21,0x00,0x00,0x00,0x00,0x00,0x00,
	0x00,0x00,0x00,0x00,0x00,0x00,0x00,0x00,0x00,0x00,0x00,0x00,0x00,0x00,0x00,0x00,0x00,0x00,0x00,0x00,
	0x00,0x00,0x00,0x00,0x00,0x00,0x00,0x00,0x00,0x00,0x00,0x00,0x00,0x00,0x00,0x00,0x00,0x00,0x00,0x00,
	0x00,0x00,0x00,0x00,0x00,0x00,0x00,0x00,0x00,0x00,0x00,0x00,0x00,0x00,0x00,0x00,0x00,0x00,0x00,0x00,
	0x00,0x00,0x00,0x00,0x00,0x00,0x00,0x00,0x00,0x00,0x00,0x00,0x00,0x00,0x00,0x00,0x00,0x00,0x00,0x00,
	0x00,0x00,0x00,0x00,0x00,0x00,0x00,0x00,0x00,0x00,0x00,0x00,0x00,0x00,0x00,0x00,0x00,0x00,0x00,0x00,
	0x00,0x00,0x00,0x00,0x00,0x00,0x00,0x00,0x00,0x00,0x00,0x00,0x00,0x00,0x00,0x00,0x00,0x00,0x00,0x00,
	0x00,0x00,0x00,0x00,0x00,0x00,0x00,0x00,0x00,0x00,0x00,0x00,0x00,0x00,0x00,0x00,0x00,0x00,0x00,0x00,
	0x00,0x00,0x00,0x00,0x00,0x00,0x00,0x00,0x00,0x00,0x00,0x00,0x00,0x00,0x00,0x00,0x00,0x00,0x00,0x00,
	0x00,0x00,0x00,0x00,0x00,0x00,0x00,0x00,0x00,0x00,0x00,0x00,0x00,0x00,0x00,0x00,0x00,0x00,0x00,0x00,
	0x00,0x00,0x00,0x00,0x00,0x00,0x00,0x00,0x00,0x00,0x00,0x00,0x00,0x00,0x00,0x00,0x00,0x00,0x00,0x00,
	0x00,0x00,0x00,0x00,0x00,0x00,0x00,0x00,0x00,0x00,0x00,0x00,0x00,0x00,0x00,0x00,0x00,0x00,0x00,0x00,
	0x00,0x00,0x00,0x00,0x00,0x00,0x00,0x00,0x00,0x00,0x00,0x00,0x00,0x00,0x00,0x00,0x00,0x00,0x00,0x00,
	0x00,0x00,0x00,0x00,0x00,0x00,0x00,0x00,0x00,0x00,0x00,0x00,0x00,0x00,0x00,0x00,0x00,0x00,0x00,0x00,
	0x00,0x00,0x00,0x00,0x00,0x00,0x00,0x00,0x20,0x00,0x41,0x00,0x61,0x00,0x61,0x00,0x82,0x00,0x83,0x00,
	0x83,0x00,0xA3,0x00,0xA3,0x00,0xA3,0x00,0xA3,0x00,0x83,0x00,0x82,0x00,0x82,0x00,0xC3,0x00,0x04,0x01,
	0x25,0x09,0x26,0x09,0x26,0x09,0x26,0x09,0x26,0x09,0x06,0x09,0x06,0x09,0x06,0x09,0x06,0x09,0x06,0x09,
	0x06,0x09,0x06,0x09,0x06,0x09,0x06,0x09,0x06,0x09,0x06,0x09,0x06,0x09,0x06,0x11,0x06,0x11,0x06,0x11,
	0x06,0x11,0x06,0x11,0xE6,0x10,0xE6,0x10,0xE6,0x10,0xE6,0x10,0xE6,0x10,0xE6,0x10,0xC5,0x10,0xC5,0x10,
	0xC5,0x10,0xC5,0x10,0xC5,0x10,0xA4,0x10,0x84,0x10,0x63,0x10,0x63,0x08,0x43,0x08,0x42,0x08,0x42,0x08,
	0x42,0x08,0x43,0x08,0x43,0x08,0x43,0x10,0x64,0x10,0x64,0x10,0x85,0x10,0x85,0x18,0x85,0x10,0x85,0x18,
	0x85,0x18,0xA6,0x18,0xA6,0x18,0xA6,0x18,0xA6,0x18,0xA6,0x18,0xA6,0x18,0xA6,0x18,0xA6,0x18,0xA6,0x18,
	0xA6,0x18,0xA6,0x18,0xA6,0x20,0xA6,0x20,0xA6,0x20,0xA6,0x20,0xA6,0x20,0xA6,0x20,0x86,0x20,0x86,0x20,
	0x86,0x20,0x86,0x20,0x86,0x20,0x86,0x20,0x86,0x20,0x86,0x20,0x86,0x20,0x86,0x20,0x86,0x20,0x85,0x20,
	0x64,0x10,0x62,0x08,0x42,0x08,0x43,0x08,0x43,0x08,0x43,0x08,0x43,0x10,0x43,0x10,0x43,0x10,0x43,0x08,
	0x22,0x08,0x22,0x08,0x22,0x08,0x21,0x00,0x21,0x00,0x00,0x00,0x00,0x00,0x00,0x00,0x00,0x00,0x00,0x00,
	0x00,0x00,0x00,0x00,0x00,0x00,0x00,0x00,0x00,0x00,0x00,0x00,0x00,0x00,0x00,0x00,0x00,0x00,0x00,0x00,
	0x00,0x00,0x00,0x00,0x21,0x08,0x65,0x29,0x50,0x84,0xFB,0xDE,0x38,0xC6,0x31,0x8C,0x45,0x29,0x41,0x08,
	0x00,0x00,0x00,0x00,0x00,0x00,0x00,0x00,0x00,0x00,0x00,0x00,0x00,0x00,0x00,0x00,0x00,0x00,0x00,0x00,
	0x00,0x00,0x00,0x00,0x00,0x00,0x00,0x00,0x00,0x00,0x00,0x00,0x00,0x00,0x00,0x00,0x00,0x00,0x00,0x00,
	0x00,0x00,0x00,0x00,0x00,0x00,0x00,0x00,0x00,0x00,0x00,0x00,0x00,0x00,0x00,0x00,0x00,0x00,0x00,0x00,
	0x00,0x00,0x00,0x00,0x00,0x00,0x00,0x00,0x00,0x00,0x00,0x00,0x00,0x00,0x00,0x00,0x00,0x00,0x00,0x00,
	0x00,0x00,0x00,0x00,0x00,0x00,0x00,0x00,0x00,0x00,0x00,0x00,0x00,0x00,0x00,0x00,0x00,0x00,0x00,0x00,
	0x00,0x00,0x00,0x00,0x00,0x00,0x00,0x00,0x00,0x00,0x00,0x00,0x00,0x00,0x00,0x00,0x00,0x00,0x00,0x00,
	0x00,0x00,0x00,0x00,0x00,0x00,0x00,0x00,0x00,0x00,0x00,0x00,0x00,0x00,0x00,0x00,0x00,0x00,0x00,0x00,
	0x00,0x00,0x00,0x00,0x00,0x00,0x00,0x00,0x00,0x00,0x00,0x00,0x00,0x00,0x00,0x00,0x00,0x00,0x00,0x00,
	0x00,0x00,0x00,0x00,0x00,0x00,0x00,0x00,0x00,0x00,0x00,0x00,0x00,0x00,0x00,0x00,0x00,0x00,0x00,0x00,
	0x00,0x00,0x00,0x00,0x00,0x00,0x00,0x00,0x00,0x00,0x00,0x00,0x00,0x00,0x00,0x00,0x00,0x00,0x00,0x00,
	0x00,0x00,0x00,0x00,0x00,0x00,0x00,0x00,0x00,0x00,0x00,0x00,0x00,0x00,0x00,0x00,0x00,0x00,0x00,0x00,
	0x00,0x00,0x00,0x00,0x00,0x00,0x00,0x00,0x00,0x00,0x00,0x00,0x00,0x00,0x00,0x00,0x00,0x00,0x00,0x00,
	0x00,0x00,0x00,0x00,0x00,0x00,0x00,0x00,0x00,0x00,0x00,0x00,0x00,0x00,0x00,0x00,0x00,0x00,0x00,0x00,
	0x00,0x00,0x00,0x00,0x00,0x00,0x00,0x00,0x20,0x00,0x20,0x00,0x21,0x00,0x41,0x00,0x82,0x00,0xA2,0x00,
	0xA2,0x00,0xA3,0x00,0xA3,0x00,0xA3,0x00,0xA3,0x00,0xA3,0x00,0xA3,0x00,0xA3,0x00,0x82,0x00,0x82,0x00,
	0xC3,0x00,0x04,0x01,0x25,0x01,0x26,0x09,0x26,0x09,0x26,0x09,0x26,0x09,0x26,0x09,0x06,0x09,0x06,0x09,
	0x06,0x09,0x06,0x09,0x06,0x09,0x06,0x09,0x06,0x09,0x06,0x09,0x06,0x09,0x06,0x09,0x06,0x09,0x06,0x09,
	0x06,0x11,0x06,0x11,0x06,0x11,0x06,0x11,0x06,0x11,0xE6,0x10,0xE6,0x10,0xE6,0x10,0xE6,0x10,0xE6,0x10,
	0xE6,0x10,0xE6,0x10,0xE6,0x10,0xE6,0x10,0xE6,0x10,0xE6,0x10,0xC5,0x10,0xA5,0x10,0x84,0x10,0x84,0x10,
	0x63,0x08,0x63,0x08,0x63,0x08,0x63,0x08,0x63,0x08,0x64,0x10,0x64,0x10,0x85,0x10,0x85,0x10,0xA6,0x18,
	0xA6,0x18,0xA6,0x18,0xA6,0x18,0xA6,0x18,0xA6,0x18,0xA6,0x18,0xA6,0x18,0xA6,0x18,0xA6,0x18,0xA6,0x18,
	0xA6,0x18,0xA6,0x18,0xA6,0x18,0xA6,0x18,0xA6,0x18,0xA6,0x20,0xA6,0x20,0xA6,0x20,0xA6,0x20,0xA6,0x20,
	0xA6,0x20,0x86,0x20,0x86,0x20,0x86,0x20,0x86,0x20,0x86,0x20,0x86,0x20,0x86,0x20,0x86,0x20,0x86,0x20,
	0x86,0x20,0x86,0x20,0x86,0x20,0x65,0x18,0x64,0x10,0x42,0x08,0x42,0x08,0x43,0x08,0x43,0x08,0x43,0x10,
	0x43,0x10,0x43,0x10,0x43,0x10,0x43,0x10,0x43,0x10,0x43,0x10,0x42,0x08,0x22,0x08,0x21,0x00,0x01,0x00,
	0x01,0x00,0x00,0x00,0x00,0x00,0x00,0x00,0x00,0x00,0x00,0x00,0x00,0x00,0x00,0x00,0x00,0x00,0x00,0x00,
	0x00,0x00,0x00,0x00,0x00,0x00,0x00,0x00,0x20,0x00,0x24,0x21,0xAE,0x73,0x18,0xC6,0x5D,0xEF,0x92,0x94,
	0xC7,0x39,0x20,0x00,0x00,0x00,0x00,0x00,0x00,0x00,0x00,0x00,0x00,0x00,0x00,0x00,0x00,0x00,0x00,0x00,
	0x00,0x00,0x00,0x00,0x00,0x00,0x00,0x00,0x00,0x00,0x00,0x00,0x00,0x00,0x00,0x00,0x00,0x00,0x00,0x00,
	0x00,0x00,0x00,0x00,0x00,0x00,0x00,0x00,0x00,0x00,0x00,0x00,0x00,0x00,0x00,0x00,0x00,0x00,0x00,0x00,
	0x00,0x00,0x00,0x00,0x00,0x00,0x00,0x00,0x00,0x00,0x00,0x00,0x00,0x00,0x00,0x00,0x00,0x00,0x00,0x00,
	0x00,0x00,0x00,0x00,0x00,0x00,0x00,0x00,0x00,0x00,0x00,0x00,0x00,0x00,0x00,0x00,0x00,0x00,0x00,0x00,
	0x00,0x00,0x00,0x00,0x00,0x00,0x00,0x00,0x00,0x00,0x00,0x00,0x00,0x00,0x00,0x00,0x00,0x00,0x00,0x00,
	0x00,0x00,0x00,0x00,0x00,0x00,0x00,0x00,0x00,0x00,0x00,0x00,0x00,0x00,0x00,0x00,0x00,0x00,0x00,0x00,
	0x00,0x00,0x00,0x00,0x00,0x00,0x00,0x00,0x00,0x00,0x00,0x00,0x00,0x00,0x00,0x00,0x00,0x00,0x00,0x00,
	0x00,0x00,0x00,0x00,0x00,0x00,0x00,0x00,0x00,0x00,0x00,0x00,0x00,0x00,0x00,0x00,0x00,0x00,0x00,0x00,
	0x00,0x00,0x00,0x00,0x00,0x00,0x00,0x00,0x00,0x00,0x00,0x00,0x00,0x00,0x00,0x00,0x00,0x00,0x00,0x00,
	0x00,0x00,0x00,0x00,0x00,0x00,0x00,0x00,0x00,0x00,0x00,0x00,0x00,0x00,0x00,0x00,0x00,0x00,0x00,0x00,
	0x00,0x00,0x00,0x00,0x00,0x00,0x00,0x00,0x00,0x00,0x00,0x00,0x00,0x00,0x00,0x00,0x00,0x00,0x00,0x00,
	0x00,0x00,0x00,0x00,0x00,0x00,0x00,0x00,0x00,0x00,0x00,0x00,0x00,0x00,0x00,0x00,0x00,0x00,0x00,0x00,
	0x00,0x00,0x00,0x00,0x00,0x00,0x00,0x00,0x00,0x00,0x00,0x00,0x41,0x00,0x81,0x00,0x82,0x00,0x83,0x00,
	0xA3,0x00,0xA3,0x00,0xA3,0x00,0xA3,0x00,0xA3,0x00,0xA3,0x00,0xA3,0x00,0xA3,0x00,0xA3,0x00,0xA3,0x00,
	0xA3,0x00,0x82,0x00,0xA3,0x00,0x05,0x01,0x26,0x01,0x26,0x09,0x26,0x09,0x26,0x09,0x26,0x09,0x26,0x09,
	0x26,0x09,0x06,0x09,0x06,0x09,0x06,0x09,0x06,0x09,0x06,0x09,0x06,0x09,0x06,0x09,0x06,0x09,0x06,0x09,
	0x06,0x09,0x06,0x09,0x06,0x09,0x06,0x11,0x06,0x11,0x06,0x11,0x06,0x11,0x06,0x11,0xE6,0x10,0xE6,0x10,
	0xE6,0x10,0xE6,0x10,0xE6,0x10,0xE6,0x10,0xE6,0x10,0xE6,0x10,0xE6,0x10,0xE6,0x10,0xE6,0x10,0xC5,0x10,
	0xC5,0x10,0xC5,0x10,0xA5,0x18,0xC6,0x18,0xC6,0x18,0xE7,0x18,0xC6,0x18,0xC6,0x18,0xA5,0x18,0x85,0x10,
	0xA5,0x10,0xA6,0x10,0xA6,0x18,0xA6,0x18,0xA6,0x18,0xA6,0x18,0xA6,0x18,0xA6,0x18,0xA6,0x18,0xA6,0x18,
	0xA6,0x18,0xA6,0x18,0xA6,0x18,0xA6,0x18,0xA6,0x18,0xA6,0x18,0xA6,0x18,0xA6,0x18,0xA6,0x20,0xA6,0x20,
	0xA6,0x20,0xA6,0x20,0xA6,0x20,0xA6,0x20,0x86,0x20,0x86,0x20,0x86,0x20,0x86,0x20,0x86,0x20,0x86,0x20,
	0x86,0x20,0x86,0x20,0x86,0x20,0x86,0x20,0x86,0x20,0x86,0x20,0x66,0x20,0x65,0x20,0x44,0x10,0x42,0x08,
	0x42,0x08,0x42,0x08,0x43,0x10,0x43,0x10,0x43,0x10,0x43,0x10,0x43,0x10,0x43,0x10,0x43,0x10,0x43,0x10,
	0x43,0x10,0x43,0x08,0x43,0x08,0x22,0x08,0x22,0x08,0x00,0x00,0x00,0x00,0x00,0x00,0x00,0x00,0x00,0x00,
	0x00,0x00,0x00,0x00,0x00,0x00,0x00,0x00,0x00,0x00,0x00,0x00,0x00,0x00,0xC3,0x18,0x0C,0x63,0xB9,0xCE,
	0xBA,0xD6,0xD3,0x9C,0x08,0x42,0x41,0x08,0x00,0x00,0x00,0x00,0x00,0x00,0x00,0x00,0x00,0x00,0x00,0x00,
	0x00,0x00,0x00,0x00,0x00,0x00,0x00,0x00,0x00,0x00,0x00,0x00,0x00,0x00,0x00,0x00,0x00,0x00,0x00,0x00,
	0x00,0x00,0x00,0x00,0x00,0x00,0x00,0x00,0x00,0x00,0x00,0x00,0x00,0x00,0x00,0x00,0x00,0x00,0x00,0x00,
	0x00,0x00,0x00,0x00,0x00,0x00,0x00,0x00,0x00,0x00,0x00,0x00,0x00,0x00,0x00,0x00,0x00,0x00,0x00,0x00,
	0x00,0x00,0x00,0x00,0x00,0x00,0x00,0x00,0x00,0x00,0x00,0x00,0x00,0x00,0x00,0x00,0x00,0x00,0x00,0x00,
	0x00,0x00,0x00,0x00,0x00,0x00,0x00,0x00,0x00,0x00,0x00,0x00,0x00,0x00,0x00,0x00,0x00,0x00,0x00,0x00,
	0x00,0x00,0x00,0x00,0x00,0x00,0x00,0x00,0x00,0x00,0x00,0x00,0x00,0x00,0x00,0x00,0x00,0x00,0x00,0x00,
	0x00,0x00,0x00,0x00,0x00,0x00,0x00,0x00,0x00,0x00,0x00,0x00,0x00,0x00,0x00,0x00,0x00,0x00,0x00,0x00,
	0x00,0x00,0x00,0x00,0x00,0x00,0x00,0x00,0x00,0x00,0x00,0x00,0x00,0x00,0x00,0x00,0x00,0x00,0x00,0x00,
	0x00,0x00,0x00,0x00,0x00,0x00,0x00,0x00,0x00,0x00,0x00,0x00,0x00,0x00,0x00,0x00,0x00,0x00,0x00,0x00,
	0x00,0x00,0x00,0x00,0x00,0x00,0x00,0x00,0x00,0x00,0x00,0x00,0x00,0x00,0x00,0x00,0x00,0x00,0x00,0x00,
	0x00,0x00,0x00,0x00,0x00,0x00,0x00,0x00,0x00,0x00,0x00,0x00,0x00,0x00,0x00,0x00,0x00,0x00,0x00,0x00,
	0x00,0x00,0x00,0x00,0x00,0x00,0x00,0x00,0x00,0x00,0x00,0x00,0x00,0x00,0x00,0x00,0x00,0x00,0x00,0x00,
	0x00,0x00,0x00,0x00,0x00,0x00,0x00,0x00,0x00,0x00,0x00,0x00,0x20,0x00,0x41,0x00,0x61,0x00,0x82,0x00,
	0xA2,0x00,0xA3,0x00,0xA3,0x00,0xA3,0x00,0xA3,0x00,0xA3,0x00,0xA3,0x00,0xA3,0x00,0xA3,0x00,0xA3,0x00,
	0xA3,0x00,0xA3,0x00,0x83,0x00,0x82,0x00,0xC3,0x00,0xE4,0x00,0x26,0x01,0x26,0x09,0x26,0x09,0x26,0x09,
	0x26,0x09,0x26,0x09,0x26,0x09,0x26,0x09,0x06,0x09,0x06,0x09,0x06,0x09,0x06,0x09,0x06,0x09,0x06,0x09,
	0x06,0x09,0x06,0x09,0x06,0x09,0x06,0x09,0x06,0x09,0x06,0x09,0x06,0x11,0x06,0x11,0x06,0x11,0x06,0x11,
	0x06,0x11,0xE6,0x10,0xE6,0x10,0xE6,0x10,0xE6,0x10,0xE6,0x10,0xE6,0x10,0xC6,0x10,0xC5,0x10,0xC5,0x10,
	0xC5,0x10,0xC5,0x10,0xE6,0x10,0xE6,0x10,0xE6,0x18,0xE7,0x18,0xE8,0x20,0x08,0x21,0x08,0x21,0x08,0x21,
	0x08,0x21,0xE7,0x20,0xC6,0x18,0xC6,0x10,0xA6,0x10,0xA6,0x18,0xA6,0x18,0xA6,0x18,0xA6,0x18,0xA5,0x18,
	0xA6,0x18,0xA6,0x18,0xA6,0x18,0xA6,0x18,0xA6,0x18,0xA6,0x18,0xA6,0x18,0xA6,0x18,0xA6,0x18,0xA6,0x18,
	0xA6,0x18,0xA6,0x20,0xA6,0x20,0xA6,0x20,0xA6,0x20,0xA6,0x20,0xA6,0x20,0x86,0x20,0x86,0x20,0x86,0x20,
	0x86,0x20,0x86,0x20,0x86,0x20,0x86,0x20,0x86,0x20,0x86,0x20,0x86,0x20,0x86,0x20,0x86,0x20,0x86,0x20,
	0x66,0x20,0x65,0x18,0x64,0x10,0x42,0x08,0x42,0x08,0x43,0x10,0x43,0x10,0x43,0x10,0x43,0x10,0x43,0x10,
	0x43,0x10,0x43,0x10,0x43,0x10,0x43,0x10,0x43,0x10,0x43,0x08,0x43,0x08,0x22,0x08,0x22,0x08,0x21,0x08,
	0x01,0x00,0x00,0x00,0x00,0x00,0x00,0x00,0x00,0x00,0x00,0x00,0x00,0x00,0x00,0x00,0x00,0x00,0xC3,0x18,
	0x4D,0x6B,0x96,0xB5,0xFB,0xDE,0x34,0xA5,0x29,0x4A,0xA2,0x10,0x00,0x00,0x00,0x00,0x00,0x00,0x00,0x00,
	0x00,0x00,0x00,0x00,0x00,0x00,0x00,0x00,0x00,0x00,0x00,0x00,0x00,0x00,0x00,0x00,0x00,0x00,0x00,0x00,
	0x00,0x00,0x00,0x00,0x00,0x00,0x00,0x00,0x00,0x00,0x00,0x00,0x00,0x00,0x00,0x00,0x00,0x00,0x00,0x00,
	0x00,0x00,0x00,0x00,0x00,0x00,0x00,0x00,0x00,0x00,0x00,0x00,0x00,0x00,0x00,0x00,0x00,0x00,0x00,0x00,
	0x00,0x00,0x00,0x00,0x00,0x00,0x00,0x00,0x00,0x00,0x00,0x00,0x00,0x00,0x00,0x00,0x00,0x00,0x00,0x00,
	0x00,0x00,0x00,0x00,0x00,0x00,0x00,0x00,0x00,0x00,0x00,0x00,0x00,0x00,0x00,0x00,0x00,0x00,0x00,0x00,
	0x00,0x00,0x00,0x00,0x00,0x00,0x00,0x00,0x00,0x00,0x00,0x00,0x00,0x00,0x00,0x00,0x00,0x00,0x00,0x00,
	0x00,0x00,0x00,0x00,0x00,0x00,0x00,0x00,0x00,0x00,0x00,0x00,0x00,0x00,0x00,0x00,0x00,0x00,0x00,0x00,
	0x00,0x00,0x00,0x00,0x00,0x00,0x00,0x00,0x00,0x00,0x00,0x00,0x00,0x00,0x00,0x00,0x00,0x00,0x00,0x00,
	0x00,0x00,0x00,0x00,0x00,0x00,0x00,0x00,0x00,0x00,0x00,0x00,0x00,0x00,0x00,0x00,0x00,0x00,0x00,0x00,
	0x00,0x00,0x00,0x00,0x00,0x00,0x00,0x00,0x00,0x00,0x00,0x00,0x00,0x00,0x00,0x00,0x00,0x00,0x00,0x00,
	0x00,0x00,0x00,0x00,0x00,0x00,0x00,0x00,0x00,0x00,0x00,0x00,0x00,0x00,0x00,0x00,0x00,0x00,0x00,0x00,
	0x00,0x00,0x00,0x00,0x00,0x00,0x00,0x00,0x00,0x00,0x00,0x00,0x00,0x00,0x00,0x00,0x00,0x00,0x00,0x00,
	0x00,0x00,0x00,0x00,0x00,0x00,0x00,0x00,0x00,0x00,0x00,0x00,0x00,0x00,0x00,0x00,0x20,0x00,0x41,0x00,
	0x83,0x00,0xA3,0x00,0xA3,0x00,0xA3,0x00,0xA3,0x00,0xA3,0x00,0xA3,0x00,0xA3,0x00,0xA3,0x00,0xA3,0x00,
	0xA3,0x00,0xA3,0x00,0xA3,0x00,0xA3,0x00,0xA3,0x00,0x82,0x00,0x82,0x00,0x04,0x01,0x25,0x01,0x26,0x09,
	0x26,0x09,0x26,0x09,0x26,0x09,0x26,0x09,0x26,0x09,0x26,0x09,0x26,0x09,0x06,0x09,0x06,0x09,0x06,0x09,
	0x06,0x09,0x06,0x09,0x06,0x09,0x06,0x09,0x06,0x09,0x06,0x09,0x06,0x09,0x06,0x09,0x06,0x11,0x06,0x11,
	0x06,0x11,0x06,0x11,0x06,0x11,0x06,0x11,0xE6,0x10,0xE6,0x10,0xE6,0x10,0xE6,0x10,0xE6,0x10,0xC5,0x10,
	0xC5,0x10,0xC5,0x10,0xC5,0x10,0xC5,0x10,0xE6,0x10,0x07,0x11,0x08,0x19,0x08,0x19,0x29,0x21,0x29,0x21,
	0x09,0x21,0x09,0x21,0x29,0x21,0x29,0x29,0x29,0x29,0x08,0x21,0xE8,0x20,0xC7,0x18,0xA6,0x18,0xA6,0x18,
	0xA6,0x18,0xA6,0x18,0xA5,0x10,0xA5,0x10,0xA6,0x18,0xA6,0x18,0xA6,0x18,0xA6,0x18,0xA6,0x18,0xA6,0x18,
	0xA6,0x18,0xA6,0x18,0xA6,0x18,0xA6,0x18,0xA6,0x20,0xA6,0x20,0xA6,0x20,0xA6,0x20,0xA6,0x20,0xA6,0x20,
	0x86,0x20,0x86,0x20,0x86,0x20,0x86,0x20,0x86,0x20,0x86,0x20,0x86,0x20,0x86,0x20,0x86,0x20,0x86,0x20,
	0x86,0x20,0x86,0x20,0x86,0x20,0x86,0x20,0x86,0x20,0x65,0x18,0x43,0x08,0x43,0x08,0x43,0x08,0x43,0x10,
	0x43,0x10,0x43,0x10,0x43,0x10,0x43,0x10,0x43,0x10,0x43,0x10,0x43,0x10,0x43,0x10,0x43,0x10,0x43,0x10,
	0x43,0x10,0x43,0x10,0x43,0x10,0x22,0x08,0x01,0x00,0x00,0x00,0x00,0x00,0x00,0x00,0x00,0x00,0x00,0x00,
	0x00,0x00,0xA2,0x10,0x68,0x42,0x38,0xC6,0x5D,0xEF,0x76,0xB5,0x8A,0x52,0x00,0x00,0x00,0x00,0x00,0x00,
	0x00,0x00,0x00,0x00,0x00,0x00,0x00,0x00,0x00,0x00,0x00,0x00,0x00,0x00,0x00,0x00,0x00,0x00,0x00,0x00,
	0x00,0x00,0x00,0x00,0x00,0x00,0x00,0x00,0x00,0x00,0x00,0x00,0x00,0x00,0x00,0x00,0x00,0x00,0x00,0x00,
	0x00,0x00,0x00,0x00,0x00,0x00,0x00,0x00,0x00,0x00,0x00,0x00,0x00,0x00,0x00,0x00,0x00,0x00,0x00,0x00,
	0x00,0x00,0x00,0x00,0x00,0x00,0x00,0x00,0x00,0x00,0x00,0x00,0x00,0x00,0x00,0x00,0x00,0x00,0x00,0x00,
	0x00,0x00,0x00,0x00,0x00,0x00,0x00,0x00,0x00,0x00,0x00,0x00,0x00,0x00,0x00,0x00,0x00,0x00,0x00,0x00,
	0x00,0x00,0x00,0x00,0x00,0x00,0x00,0x00,0x00,0x00,0x00,0x00,0x00,0x00,0x00,0x00,0x00,0x00,0x00,0x00,
	0x00,0x00,0x00,0x00,0x00,0x00,0x00,0x00,0x00,0x00,0x00,0x00,0x00,0x00,0x00,0x00,0x00,0x00,0x00,0x00,
	0x00,0x00,0x00,0x00,0x00,0x00,0x00,0x00,0x00,0x00,0x00,0x00,0x00,0x00,0x00,0x00,0x00,0x00,0x00,0x00,
	0x00,0x00,0x00,0x00,0x00,0x00,0x00,0x00,0x00,0x00,0x00,0x00,0x00,0x00,0x00,0x00,0x00,0x00,0x00,0x00,
	0x00,0x00,0x00,0x00,0x00,0x00,0x00,0x00,0x00,0x00,0x00,0x00,0x00,0x00,0x00,0x00,0x00,0x00,0x00,0x00,
	0x00,0x00,0x00,0x00,0x00,0x00,0x00,0x00,0x00,0x00,0x00,0x00,0x00,0x00,0x00,0x00,0x00,0x00,0x00,0x00,
	0x00,0x00,0x00,0x00,0x00,0x00,0x00,0x00,0x00,0x00,0x00,0x00,0x00,0x00,0x00,0x00,0x00,0x00,0x00,0x00,
	0x00,0x00,0x00,0x00,0x00,0x00,0x00,0x00,0x00,0x00,0x00,0x00,0x00,0x00,0x00,0x00,0x00,0x00,0x20,0x00,
	0x41,0x00,0x62,0x00,0x83,0x00,0xA3,0x00,0xA3,0x00,0xA3,0x00,0xA3,0x00,0xA3,0x00,0xA3,0x00,0xA3,0x00,
	0xA3,0x00,0xA3,0x00,0xA3,0x00,0xA3,0x00,0xA3,0x00,0xA3,0x00,0xA3,0x00,0x82,0x00,0xA3,0x00,0xE4,0x00,
	0x05,0x01,0x26,0x09,0x26,0x09,0x26,0x09,0x26,0x09,0x26,0x09,0x26,0x09,0x26,0x09,0x26,0x09,0x26,0x09,
	0x06,0x09,0x06,0x09,0x06,0x09,0x06,0x09,0x06,0x09,0x06,0x09,0x06,0x09,0x06,0x09,0x06,0x09,0x06,0x09,
	0x06,0x09,0x06,0x11,0x06,0x11,0x06,0x11,0x06,0x11,0x06,0x11,0x06,0x11,0xE6,0x10,0xE6,0x10,0xE6,0x10,
	0xE6,0x10,0xC5,0x10,0xC5,0x10,0xC5,0x10,0xC6,0x10,0xE6,0x18,0x07,0x19,0x27,0x19,0x28,0x19,0x29,0x21,
	0x29,0x21,0x29,0x21,0x29,0x21,0x29,0x21,0x09,0x21,0x09,0x21,0x29,0x21,0x29,0x21,0x09,0x21,0x09,0x21,
	0xE8,0x20,0xE8,0x20,0xE7,0x20,0xC7,0x20,0xC6,0x18,0xA5,0x10,0x85,0x10,0x85,0x18,0xA6,0x18,0xA6,0x18,
	0xA6,0x18,0xA6,0x18,0xA6,0x18,0xA6,0x18,0xA6,0x18,0xA6,0x18,0xA6,0x18,0xA6,0x20,0xA6,0x20,0xA6,0x20,
	0xA6,0x20,0xA6,0x20,0xA6,0x20,0x86,0x20,0x86,0x20,0x86,0x20,0x86,0x20,0x86,0x20,0x86,0x20,0x86,0x20,
	0x86,0x20,0x86,0x20,0x86,0x20,0x86,0x20,0x86,0x20,0x86,0x20,0x86,0x20,0x86,0x20,0x86,0x20,0x65,0x18,
	0x44,0x10,0x42,0x08,0x43,0x08,0x43,0x08,0x43,0x10,0x43,0x10,0x43,0x10,0x43,0x10,0x43,0x10,0x43,0x10,
	0x43,0x10,0x43,0x10,0x43,0x10,0x43,0x10,0x43,0x10,0x43,0x10,0x43,0x10,0x22,0x08,0x22,0x08,0x21,0x00,
	0x00,0x00,0x00,0x00,0x00,0x00,0x41,0x08,0xCA,0x52,0x75,0xAD,0xFB,0xDE,0xF7,0xBD,0xAA,0x52,0xC3,0x18,
	0x00,0x00,0x00,0x00,0x00,0x00,0x00,0x00,0x00,0x00,0x00,0x00,0x00,0x00,0x00,0x00,0x00,0x00,0x00,0x00,
	0x00,0x00,0x00,0x00,0x00,0x00,0x00,0x00,0x00,0x00,0x00,0x00,0x00,0x00,0x00,0x00,0x00,0x00,0x00,0x00,
	0x00,0x00,0x00,0x00,0x00,0x00,0x00,0x00,0x00,0x00,0x00,0x00,0x00,0x00,0x00,0x00,0x00,0x00,0x00,0x00,
	0x00,0x00,0x00,0x00,0x00,0x00,0x00,0x00,0x00,0x00,0x00,0x00,0x00,0x00,0x00,0x00,0x00,0x00,0x00,0x00,
	0x00,0x00,0x00,0x00,0x00,0x00,0x00,0x00,0x00,0x00,0x00,0x00,0x00,0x00,0x00,0x00,0x00,0x00,0x00,0x00,
	0x00,0x00,0x00,0x00,0x00,0x00,0x00,0x00,0x00,0x00,0x00,0x00,0x00,0x00,0x00,0x00,0x00,0x00,0x00,0x00,
	0x00,0x00,0x00,0x00,0x00,0x00,0x00,0x00,0x00,0x00,0x00,0x00,0x00,0x00,0x00,0x00,0x00,0x00,0x00,0x00,
	0x00,0x00,0x00,0x00,0x00,0x00,0x00,0x00,0x00,0x00,0x00,0x00,0x00,0x00,0x00,0x00,0x00,0x00,0x00,0x00,
	0x00,0x00,0x00,0x00,0x00,0x00,0x00,0x00,0x00,0x00,0x00,0x00,0x00,0x00,0x00,0x00,0x00,0x00,0x00,0x00,
	0x00,0x00,0x00,0x00,0x00,0x00,0x00,0x00,0x00,0x00,0x00,0x00,0x00,0x00,0x00,0x00,0x00,0x00,0x00,0x00,
	0x00,0x00,0x00,0x00,0x00,0x00,0x00,0x00,0x00,0x00,0x00,0x00,0x00,0x00,0x00,0x00,0x00,0x00,0x00,0x00,
	0x00,0x00,0x00,0x00,0x00,0x00,0x00,0x00,0x00,0x00,0x00,0x00,0x00,0x00,0x00,0x00,0x00,0x00,0x00,0x00,
	0x00,0x00,0x00,0x00,0x00,0x00,0x00,0x00,0x00,0x00,0x00,0x00,0x00,0x00,0x00,0x00,0x00,0x00,0x00,0x00,
	0x00,0x00,0x20,0x00,0x61,0x00,0x82,0x00,0xA3,0x00,0xA3,0x00,0xA3,0x00,0xA3,0x00,0xA3,0x00,0xA3,0x00,
	0xA3,0x00,0xA3,0x00,0xA3,0x00,0xA3,0x00,0xA3,0x00,0xA3,0x00,0xA3,0x00,0xA3,0x00,0xA3,0x00,0x83,0x00,
	0x82,0x00,0xC4,0x00,0x25,0x01,0x26,0x09,0x26,0x09,0x26,0x09,0x26,0x09,0x26,0x09,0x26,0x09,0x26,0x09,
	0x26,0x09,0x26,0x09,0x26,0x09,0x06,0x09,0x06,0x09,0x06,0x09,0x06,0x09,0x06,0x09,0x06,0x09,0x06,0x09,
	0x06,0x09,0x06,0x09,0x06,0x09,0x06,0x09,0x06,0x11,0x06,0x11,0x06,0x11,0x06,0x11,0x06,0x11,0x06,0x11,
	0xE6,0x10,0xE6,0x10,0xE6,0x10,0xE6,0x10,0xC5,0x10,0xC5,0x10,0xC6,0x10,0xE7,0x18,0x08,0x19,0x48,0x19,
	0x49,0x21,0x29,0x21,0x29,0x21,0x29,0x21,0x29,0x21,0x29,0x21,0x29,0x21,0x09,0x21,0x09,0x21,0x09,0x21,
	0x29,0x21,0x09,0x21,0x09,0x29,0x09,0x29,0x09,0x21,0x08,0x21,0xE8,0x20,0xC7,0x20,0xA6,0x10,0xA6,0x18,
	0x85,0x18,0xA6,0x18,0xA6,0x18,0xA6,0x18,0xA6,0x18,0xA6,0x18,0xA6,0x18,0xA6,0x18,0xA6,0x18,0xA6,0x18,
	0xA6,0x20,0xA6,0x20,0xA6,0x20,0xA6,0x20,0xA6,0x20,0xA6,0x20,0x86,0x20,0x86,0x20,0x86,0x20,0x86,0x20,
	0x86,0x20,0x86,0x20,0x86,0x20,0x86,0x20,0x86,0x20,0x86,0x20,0x86,0x20,0x86,0x20,0x86,0x20,0x86,0x20,
	0x86,0x20,0x86,0x20,0x66,0x20,0x64,0x18,0x42,0x08,0x43,0x08,0x43,0x08,0x43,0x10,0x43,0x10,0x43,0x10,
	0x43,0x10,0x43,0x10,0x43,0x10,0x43,0x10,0x43,0x10,0x43,0x10,0x43,0x10,0x43,0x10,0x43,0x10,0x43,0x10,
	0x43,0x10,0x43,0x08,0x42,0x00,0x21,0x00,0x00,0x00,0x82,0x10,0xC7,0x39,0x13,0x9D,0x3C,0xE7,0xF7,0xBD,
	0x8D,0x6B,0x82,0x10,0x00,0x00,0x00,0x00,0x00,0x00,0x00,0x00,0x00,0x00,0x00,0x00,0x00,0x00,0x00,0x00,
	0x00,0x00,0x00,0x00,0x00,0x00,0x00,0x00,0x00,0x00,0x00,0x00,0x00,0x00,0x00,0x00,0x00,0x00,0x00,0x00,
	0x00,0x00,0x00,0x00,0x00,0x00,0x00,0x00,0x00,0x00,0x00,0x00,0x00,0x00,0x00,0x00,0x00,0x00,0x00,0x00,
	0x00,0x00,0x00,0x00,0x00,0x00,0x00,0x00,0x00,0x00,0x00,0x00,0x00,0x00,0x00,0x00,0x00,0x00,0x00,0x00,
	0x00,0x00,0x00,0x00,0x00,0x00,0x00,0x00,0x00,0x00,0x00,0x00,0x00,0x00,0x00,0x00,0x00,0x00,0x00,0x00,
	0x00,0x00,0x00,0x00,0x00,0x00,0x00,0x00,0x00,0x00,0x00,0x00,0x00,0x00,0x00,0x00,0x00,0x00,0x00,0x00,
	0x00,0x00,0x00,0x00,0x00,0x00,0x00,0x00,0x00,0x00,0x00,0x00,0x00,0x00,0x00,0x00,0x00,0x00,0x00,0x00,
	0x00,0x00,0x00,0x00,0x00,0x00,0x00,0x00,0x00,0x00,0x00,0x00,0x00,0x00,0x00,0x00,0x00,0x00,0x00,0x00,
	0x00,0x00,0x00,0x00,0x00,0x00,0x00,0x00,0x00,0x00,0x00,0x00,0x00,0x00,0x00,0x00,0x00,0x00,0x00,0x00,
	0x00,0x00,0x00,0x00,0x00,0x00,0x00,0x00,0x00,0x00,0x00,0x00,0x00,0x00,0x00,0x00,0x00,0x00,0x00,0x00,
	0x00,0x00,0x00,0x00,0x00,0x00,0x00,0x00,0x00,0x00,0x00,0x00,0x00,0x00,0x00,0x00,0x00,0x00,0x00,0x00,
	0x00,0x00,0x00,0x00,0x00,0x00,0x00,0x00,0x00,0x00,0x00,0x00,0x00,0x00,0x00,0x00,0x00,0x00,0x00,0x00,
	0x00,0x00,0x00,0x00,0x00,0x00,0x00,0x00,0x00,0x00,0x00,0x00,0x00,0x00,0x00,0x00,0x00,0x00,0x00,0x00,
	0x00,0x00,0x00,0x00,0x00,0x00,0x41,0x00,0xA1,0x00,0xC2,0x00,0xC3,0x00,0xA3,0x00,0xA3,0x00,0xA3,0x00,
	0xA3,0x00,0xA3,0x00,0xA3,0x00,0xA3,0x00,0xA3,0x00,0xA3,0x00,0xA3,0x00,0xA3,0x00,0xA3,0x00,0xA3,0x00,
	0xA3,0x00,0x82,0x00,0x82,0x00,0xC4,0x00,0x04,0x01,0x45,0x01,0x26,0x09,0x26,0x09,0x26,0x09,0x26,0x09,
	0x26,0x09,0x26,0x09,0x26,0x09,0x26,0x09,0x26,0x09,0x26,0x09,0x06,0x09,0x06,0x09,0x06,0x09,0x06,0x09,
	0x06,0x09,0x06,0x09,0x06,0x09,0x06,0x09,0x06,0x09,0x06,0x09,0x06,0x09,0x06,0x11,0x06,0x11,0x06,0x11,
	0x06,0x11,0x06,0x11,0xE5,0x10,0xC5,0x10,0xC5,0x10,0xC5,0x10,0xC5,0x10,0xE6,0x10,0x07,0x11,0x08,0x19,
	0x08,0x19,0x29,0x19,0x29,0x19,0x29,0x19,0x29,0x21,0x29,0x21,0x29,0x21,0x29,0x21,0x29,0x21,0x08,0x21,
	0x09,0x21,0x09,0x21,0x09,0x21,0x09,0x21,0x09,0x29,0x09,0x29,0x09,0x29,0x09,0x21,0x09,0x21,0x09,0x29,
	0x08,0x21,0xE8,0x20,0xE7,0x18,0xC6,0x18,0xA5,0x18,0x85,0x18,0x85,0x18,0x85,0x18,0x85,0x18,0xA6,0x18,
	0xA6,0x18,0xA6,0x18,0xA6,0x18,0xA6,0x20,0xA6,0x20,0xA6,0x20,0xA6,0x20,0xA6,0x20,0xA6,0x20,0x86,0x20,
	0x86,0x20,0x86,0x20,0x86,0x20,0x86,0x20,0x86,0x20,0x86,0x20,0x86,0x20,0x86,0x20,0x86,0x20,0x86,0x20,
	0x86,0x20,0x86,0x20,0x86,0x20,0x86,0x20,0x86,0x20,0x86,0x20,0x65,0x20,0x64,0x18,0x43,0x08,0x42,0x08,
	0x43,0x10,0x43,0x10,0x43,0x10,0x43,0x10,0x43,0x10,0x43,0x10,0x43,0x10,0x43,0x10,0x43,0x10,0x43,0x10,
	0x43,0x10,0x43,0x10,0x43,0x10,0x43,0x10,0x43,0x10,0x43,0x08,0x22,0x00,0x01,0x00,0x08,0x42,0x55,0xAD,
	0xDB,0xDE,0x59,0xCE,0xEB,0x5A,0xA3,0x18,0x00,0x00,0x00,0x00,0x00,0x00,0x00,0x00,0x00,0x00,0x00,0x00,
	0x00,0x00,0x00,0x00,0x00,0x00,0x00,0x00,0x00,0x00,0x00,0x00,0x00,0x00,0x00,0x00,0x00,0x00,0x00,0x00,
	0x00,0x00,0x00,0x00,0x00,0x00,0x00,0x00,0x00,0x00,0x00,0x00,0x00,0x00,0x00,0x00,0x00,0x00,0x00,0x00,
	0x00,0x00,0x00,0x00,0x00,0x00,0x00,0x00,0x00,0x00,0x00,0x00,0x00,0x00,0x00,0x00,0x00,0x00,0x00,0x00,
	0x00,0x00,0x00,0x00,0x00,0x00,0x00,0x00,0x00,0x00,0x00,0x00,0x00,0x00,0x00,0x00,0x00,0x00,0x00,0x00,
	0x00,0x00,0x00,0x00,0x00,0x00,0x00,0x00,0x00,0x00,0x00,0x00,0x00,0x00,0x00,0x00,0x00,0x00,0x00,0x00,
	0x00,0x00,0x00,0x00,0x00,0x00,0x00,0x00,0x00,0x00,0x00,0x00,0x00,0x00,0x00,0x00,0x00,0x00,0x00,0x00,
	0x00,0x00,0x00,0x00,0x00,0x00,0x00,0x00,0x00,0x00,0x00,0x00,0x00,0x00,0x00,0x00,0x00,0x00,0x00,0x00,
	0x00,0x00,0x00,0x00,0x00,0x00,0x00,0x00,0x00,0x00,0x00,0x00,0x00,0x00,0x00,0x00,0x00,0x00,0x00,0x00,
	0x00,0x00,0x00,0x00,0x00,0x00,0x00,0x00,0x00,0x00,0x00,0x00,0x00,0x00,0x00,0x00,0x00,0x00,0x00,0x00,
	0x00,0x00,0x00,0x00,0x00,0x00,0x00,0x00,0x00,0x00,0x00,0x00,0x00,0x00,0x00,0x00,0x00,0x00,0x00,0x00,
	0x00,0x00,0x00,0x00,0x00,0x00,0x00,0x00,0x00,0x00,0x00,0x00,0x00,0x00,0x00,0x00,0x00,0x00,0x00,0x00,
	0x00,0x00,0x00,0x00,0x00,0x00,0x00,0x00,0x00,0x00,0x00,0x00,0x00,0x00,0x00,0x00,0x00,0x00,0x00,0x00,
	0x00,0x00,0x00,0x00,0x00,0x00,0x20,0x00,0x41,0x00,0x61,0x00,0x82,0x00,0xC2,0x00,0xC3,0x00,0xC3,0x00,
	0xA3,0x00,0xA3,0x00,0xA3,0x00,0xA3,0x00,0xA3,0x00,0xA3,0x00,0xA3,0x00,0xA3,0x00,0xA3,0x00,0xA3,0x00,
	0xA3,0x00,0xA3,0x00,0xA3,0x00,0xA3,0x00,0xA2,0x00,0xC3,0x00,0x04,0x01,0x45,0x01,0x45,0x01,0x26,0x09,
	0x26,0x09,0x26,0x09,0x26,0x09,0x26,0x09,0x26,0x09,0x26,0x09,0x26,0x09,0x26,0x09,0x26,0x09,0x06,0x09,
	0x06,0x09,0x06,0x09,0x06,0x09,0x06,0x09,0x06,0x09,0x06,0x09,0x06,0x09,0x06,0x09,0x06,0x09,0x06,0x09,
	0x06,0x11,0x06,0x11,0x06,0x11,0x06,0x11,0xE5,0x08,0xE5,0x10,0xE5,0x10,0xE6,0x10,0xE6,0x10,0x06,0x11,
	0x28,0x11,0x28,0x19,0x29,0x19,0x29,0x19,0x29,0x19,0x29,0x19,0x29,0x19,0x29,0x21,0x29,0x21,0x29,0x21,
	0x29,0x21,0x29,0x21,0x08,0x21,0x09,0x21,0x09,0x21,0x09,0x21,0x09,0x21,0x09,0x29,0x09,0x29,0x09,0x29,
	0x09,0x21,0x09,0x21,0x09,0x29,0x09,0x29,0x09,0x21,0x08,0x21,0xE8,0x20,0xC6,0x18,0xA6,0x18,0xA6,0x18,
	0x86,0x18,0x85,0x18,0x85,0x18,0x86,0x18,0xA6,0x18,0xA6,0x18,0xA6,0x20,0xA6,0x20,0xA6,0x20,0xA6,0x20,
	0xA6,0x20,0xA6,0x20,0x86,0x20,0x86,0x20,0x86,0x20,0x86,0x20,0x86,0x20,0x86,0x20,0x86,0x20,0x86,0x20,
	0x86,0x20,0x86,0x20,0x86,0x20,0x86,0x20,0x86,0x20,0x86,0x20,0x86,0x20,0x86,0x20,0x86,0x20,0x86,0x20,
	0x65,0x18,0x64,0x10,0x43,0x08,0x43,0x10,0x43,0x10,0x43,0x10,0x43,0x10,0x43,0x10,0x43,0x10,0x43,0x10,
	0x43,0x10,0x43,0x10,0x43,0x10,0x43,0x10,0x43,0x10,0x43,0x10,0x43,0x10,0x43,0x10,0x23,0x08,0x84,0x10,
	0xE8,0x39,0x71,0x8C,0x1B,0xDF,0x38,0xC6,0xEF,0x7B,0x03,0x19,0x00,0x00,0x00,0x00,0x00,0x00,0x00,0x00,
	0x00,0x00,0x00,0x00,0x00,0x00,0x00,0x00,0x00,0x00,0x00,0x00,0x00,0x00,0x00,0x00,0x00,0x00,0x00,0x00,
	0x00,0x00,0x00,0x00,0x00,0x00,0x00,0x00,0x00,0x00,0x00,0x00,0x00,0x00,0x00,0x00,0x00,0x00,0x00,0x00,
	0x00,0x00,0x00,0x00,0x00,0x00,0x00,0x00,0x00,0x00,0x00,0x00,0x00,0x00,0x00,0x00,0x00,0x00,0x00,0x00,
	0x00,0x00,0x00,0x00,0x00,0x00,0x00,0x00,0x00,0x00,0x00,0x00,0x00,0x00,0x00,0x00,0x00,0x00,0x00,0x00,
	0x00,0x00,0x00,0x00,0x00,0x00,0x00,0x00,0x00,0x00,0x00,0x00,0x00,0x00,0x00,0x00,0x00,0x00,0x00,0x00,
	0x00,0x00,0x00,0x00,0x00,0x00,0x00,0x00,0x00,0x00,0x00,0x00,0x00,0x00,0x00,0x00,0x00,0x00,0x00,0x00,
	0x00,0x00,0x00,0x00,0x00,0x00,0x00,0x00,0x00,0x00,0x00,0x00,0x00,0x00,0x00,0x00,0x00,0x00,0x00,0x00,
	0x00,0x00,0x00,0x00,0x00,0x00,0x00,0x00,0x00,0x00,0x00,0x00,0x00,0x00,0x00,0x00,0x00,0x00,0x00,0x00,
	0x00,0x00,0x00,0x00,0x00,0x00,0x00,0x00,0x00,0x00,0x00,0x00,0x00,0x00,0x00,0x00,0x00,0x00,0x00,0x00,
	0x00,0x00,0x00,0x00,0x00,0x00,0x00,0x00,0x00,0x00,0x00,0x00,0x00,0x00,0x00,0x00,0x00,0x00,0x00,0x00,
	0x00,0x00,0x00,0x00,0x00,0x00,0x00,0x00,0x00,0x00,0x00,0x00,0x00,0x00,0x00,0x00,0x00,0x00,0x00,0x00,
	0x00,0x00,0x00,0x00,0x00,0x00,0x00,0x00,0x00,0x00,0x00,0x00,0x00,0x00,0x00,0x00,0x00,0x00,0x00,0x00,
	0x00,0x00,0x00,0x00,0x00,0x00,0x00,0x00,0x00,0x00,0x00,0x00,0x41,0x00,0xA2,0x00,0xC3,0x00,0xC3,0x00,
	0xC3,0x00,0xC3,0x00,0xC3,0x00,0xA3,0x00,0xA3,0x00,0xA3,0x00,0xA3,0x00,0xA3,0x00,0xA3,0x00,0xA3,0x00,
	0xA3,0x00,0xA3,0x00,0xA3,0x00,0xA3,0x00,0xA3,0x00,0xA2,0x00,0xA2,0x00,0xC3,0x00,0x04,0x01,0x45,0x01,
	0x45,0x01,0x45,0x01,0x26,0x09,0x26,0x09,0x26,0x09,0x26,0x09,0x26,0x09,0x26,0x09,0x26,0x09,0x26,0x09,
	0x26,0x09,0x26,0x09,0x06,0x09,0x06,0x09,0x06,0x09,0x06,0x09,0x06,0x09,0x06,0x09,0x06,0x09,0x06,0x09,
	0x06,0x09,0x06,0x09,0x06,0x09,0x06,0x11,0x06,0x11,0x06,0x11,0xE5,0x08,0xE5,0x08,0xE5,0x08,0x07,0x11,
	0x28,0x19,0x48,0x19,0x48,0x19,0x49,0x19,0x49,0x19,0x49,0x19,0x29,0x19,0x29,0x19,0x29,0x19,0x29,0x19,
	0x29,0x21,0x29,0x21,0x29,0x21,0x29,0x21,0x29,0x21,0x29,0x21,0x09,0x21,0x09,0x21,0x09,0x21,0x09,0x21,
	0x09,0x29,0x09,0x29,0x09,0x29,0x09,0x21,0x09,0x21,0x09,0x29,0x09,0x29,0x09,0x29,0x09,0x29,0x09,0x29,
	0x08,0x21,0xE8,0x20,0xC8,0x20,0xA7,0x20,0xA6,0x18,0x85,0x18,0x85,0x18,0xA6,0x18,0xA6,0x18,0xA6,0x20,
	0xA6,0x20,0xA6,0x20,0xA6,0x20,0xA6,0x20,0xA6,0x20,0x86,0x20,0x86,0x20,0x86,0x20,0x86,0x20,0x86,0x20,
	0x86,0x20,0x86,0x20,0x86,0x20,0x86,0x20,0x86,0x20,0x86,0x20,0x86,0x20,0x86,0x20,0x86,0x20,0x86,0x20,
	0x86,0x20,0x86,0x20,0x86,0x20,0x86,0x20,0x65,0x20,0x64,0x18,0x42,0x08,0x42,0x08,0x43,0x10,0x43,0x10,
	0x43,0x10,0x43,0x10,0x43,0x10,0x43,0x10,0x43,0x10,0x43,0x10,0x43,0x10,0x43,0x10,0x43,0x10,0x43,0x10,
	0x43,0x10,0x23,0x10,0x87,0x31,0xF3,0x9C,0xDA,0xD6,0xFB,0xDE,0xEF,0x7B,0xC3,0x18,0x20,0x00,0x00,0x00,
	0x00,0x00,0x00,0x00,0x00,0x00,0x00,0x00,0x00,0x00,0x00,0x00,0x00,0x00,0x00,0x00,0x00,0x00,0x00,0x00,
	0x00,0x00,0x00,0x00,0x00,0x00,0x00,0x00,0x00,0x00,0x00,0x00,0x00,0x00,0x00,0x00,0x00,0x00,0x00,0x00,
	0x00,0x00,0x00,0x00,0x00,0x00,0x00,0x00,0x00,0x00,0x00,0x00,0x00,0x00,0x00,0x00,0x00,0x00,0x00,0x00,
	0x00,0x00,0x00,0x00,0x00,0x00,0x00,0x00,0x00,0x00,0x00,0x00,0x00,0x00,0x00,0x00,0x00,0x00,0x00,0x00,
	0x00,0x00,0x00,0x00,0x00,0x00,0x00,0x00,0x00,0x00,0x00,0x00,0x00,0x00,0x00,0x00,0x00,0x00,0x00,0x00,
	0x00,0x00,0x00,0x00,0x00,0x00,0x00,0x00,0x00,0x00,0x00,0x00,0x00,0x00,0x00,0x00,0x00,0x00,0x00,0x00,
	0x00,0x00,0x00,0x00,0x00,0x00,0x00,0x00,0x00,0x00,0x00,0x00,0x00,0x00,0x00,0x00,0x00,0x00,0x00,0x00,
	0x00,0x00,0x00,0x00,0x00,0x00,0x00,0x00,0x00,0x00,0x00,0x00,0x00,0x00,0x00,0x00,0x00,0x00,0x00,0x00,
	0x00,0x00,0x00,0x00,0x00,0x00,0x00,0x00,0x00,0x00,0x00,0x00,0x00,0x00,0x00,0x00,0x00,0x00,0x00,0x00,
	0x00,0x00,0x00,0x00,0x00,0x00,0x00,0x00,0x00,0x00,0x00,0x00,0x00,0x00,0x00,0x00,0x00,0x00,0x00,0x00,
	0x00,0x00,0x00,0x00,0x00,0x00,0x00,0x00,0x00,0x00,0x00,0x00,0x00,0x00,0x00,0x00,0x00,0x00,0x00,0x00,
	0x00,0x00,0x00,0x00,0x00,0x00,0x00,0x00,0x00,0x00,0x00,0x00,0x00,0x00,0x00,0x00,0x00,0x00,0x00,0x00,
	0x00,0x00,0x00,0x00,0x00,0x00,0x00,0x00,0x00,0x00,0x00,0x00,0x00,0x00,0x00,0x00,0x40,0x00,0x81,0x00,
	0xC3,0x00,0xC3,0x00,0xC3,0x00,0xC3,0x00,0xC3,0x00,0xC3,0x00,0xA3,0x00,0xA3,0x00,0xA3,0x00,0xA3,0x00,
	0xA3,0x00,0xA3,0x00,0xA3,0x00,0xA3,0x00,0xA3,0x00,0xA3,0x00,0xA3,0x00,0xA2,0x00,0xA2,0x00,0xA2,0x00,
	0x04,0x01,0x25,0x01,0x45,0x01,0x45,0x01,0x45,0x01,0x26,0x09,0x26,0x09,0x26,0x09,0x26,0x09,0x26,0x09,
	0x26,0x09,0x26,0x09,0x26,0x09,0x26,0x09,0x26,0x09,0x06,0x09,0x06,0x09,0x06,0x09,0x06,0x09,0x06,0x09,
	0x06,0x09,0x06,0x09,0x06,0x09,0x06,0x09,0x06,0x09,0x06,0x09,0x05,0x09,0x05,0x09,0x05,0x09,0xE6,0x08,
	0x06,0x11,0x27,0x11,0x28,0x19,0x49,0x19,0x49,0x19,0x49,0x19,0x49,0x19,0x49,0x19,0x49,0x19,0x29,0x19,
	0x29,0x19,0x29,0x19,0x29,0x19,0x29,0x19,0x29,0x21,0x29,0x21,0x29,0x21,0x29,0x21,0x09,0x21,0x09,0x21,
	0x09,0x21,0x09,0x21,0x09,0x21,0x09,0x21,0x09,0x21,0x09,0x21,0x09,0x21,0x09,0x29,0x09,0x29,0x09,0x29,
	0xE9,0x28,0xE9,0x28,0xE9,0x28,0x09,0x29,0xE9,0x28,0xE9,0x28,0xC8,0x20,0xC8,0x20,0xA7,0x20,0xA6,0x18,
	0x85,0x18,0x85,0x18,0x85,0x18,0xA6,0x18,0xA6,0x20,0xA6,0x20,0xA6,0x20,0xA6,0x20,0x86,0x20,0x86,0x20,
	0x86,0x20,0x86,0x20,0x86,0x20,0x86,0x20,0x86,0x20,0x86,0x20,0x86,0x20,0x86,0x20,0x86,0x20,0x86,0x20,
	0x86,0x20,0x86,0x20,0x86,0x20,0x86,0x20,0x86,0x20,0x86,0x20,0x86,0x20,0x66,0x20,0x65,0x18,0x43,0x10,
	0x43,0x08,0x42,0x08,0x43,0x10,0x43,0x10,0x43,0x10,0x43,0x10,0x43,0x10,0x43,0x10,0x43,0x10,0x43,0x10,
	0x43,0x10,0x43,0x10,0x02,0x08,0x23,0x10,0xA8,0x39,0xF0,0x7B,0xDA,0xD6,0x99,0xCE,0x10,0x84,0xC7,0x39,
	0x21,0x00,0x00,0x00,0x00,0x00,0x00,0x00,0x00,0x00,0x00,0x00,0x00,0x00,0x00,0x00,0x00,0x00,0x00,0x00,
	0x00,0x00,0x00,0x00,0x00,0x00,0x00,0x00,0x00,0x00,0x00,0x00,0x00,0x00,0x00,0x00,0x00,0x00,0x00,0x00,
	0x00,0x00,0x00,0x00,0x00,0x00,0x00,0x00,0x00,0x00,0x00,0x00,0x00,0x00,0x00,0x00,0x00,0x00,0x00,0x00,
	0x00,0x00,0x00,0x00,0x00,0x00,0x00,0x00,0x00,0x00,0x00,0x00,0x00,0x00,0x00,0x00,0x00,0x00,0x00,0x00,
	0x00,0x00,0x00,0x00,0x00,0x00,0x00,0x00,0x00,0x00,0x00,0x00,0x00,0x00,0x00,0x00,0x00,0x00,0x00,0x00,
	0x00,0x00,0x00,0x00,0x00,0x00,0x00,0x00,0x00,0x00,0x00,0x00,0x00,0x00,0x00,0x00,0x00,0x00,0x00,0x00,
	0x00,0x00,0x00,0x00,0x00,0x00,0x00,0x00,0x00,0x00,0x00,0x00,0x00,0x00,0x00,0x00,0x00,0x00,0x00,0x00,
	0x00,0x00,0x00,0x00,0x00,0x00,0x00,0x00,0x00,0x00,0x00,0x00,0x00,0x00,0x00,0x00,0x00,0x00,0x00,0x00,
	0x00,0x00,0x00,0x00,0x00,0x00,0x00,0x00,0x00,0x00,0x00,0x00,0x00,0x00,0x00,0x00,0x00,0x00,0x00,0x00,
	0x00,0x00,0x00,0x00,0x00,0x00,0x00,0x00,0x00,0x00,0x00,0x00,0x00,0x00,0x00,0x00,0x00,0x00,0x00,0x00,
	0x00,0x00,0x00,0x00,0x00,0x00,0x00,0x00,0x00,0x00,0x00,0x00,0x00,0x00,0x00,0x00,0x00,0x00,0x00,0x00,
	0x00,0x00,0x00,0x00,0x00,0x00,0x00,0x00,0x00,0x00,0x00,0x00,0x00,0x00,0x00,0x00,0x00,0x00,0x00,0x00,
	0x00,0x00,0x00,0x00,0x00,0x00,0x00,0x00,0x00,0x00,0x00,0x00,0x00,0x00,0x00,0x00,0x00,0x00,0x00,0x00,
	0x20,0x00,0x81,0x00,0xA2,0x00,0xC3,0x00,0xC3,0x00,0xC3,0x00,0xC3,0x00,0xC3,0x00,0xC3,0x00,0xA3,0x00,
	0xA3,0x00,0xA3,0x00,0xA3,0x00,0xA3,0x00,0xA3,0x00,0xA3,0x00,0xA3,0x00,0xA3,0x00,0xA3,0x00,0xA3,0x00,
	0xA2,0x00,0xA2,0x00,0xC3,0x00,0x25,0x01,0x45,0x01,0x45,0x01,0x45,0x01,0x45,0x01,0x26,0x09,0x26,0x09,
	0x26,0x09,0x26,0x09,0x26,0x09,0x26,0x09,0x26,0x09,0x26,0x09,0x26,0x09,0x26,0x09,0x06,0x09,0x06,0x09,
	0x06,0x09,0x06,0x09,0x06,0x09,0x06,0x09,0x06,0x09,0x06,0x09,0x06,0x09,0x06,0x09,0x05,0x09,0x05,0x09,
	0x05,0x09,0x05,0x09,0x07,0x11,0x28,0x19,0x48,0x19,0x49,0x19,0x49,0x19,0x49,0x19,0x49,0x19,0x49,0x19,
	0x49,0x19,0x49,0x19,0x29,0x19,0x29,0x19,0x29,0x19,0x29,0x19,0x29,0x19,0x29,0x21,0x29,0x21,0x29,0x21,
	0x29,0x21,0x09,0x21,0x09,0x21,0x08,0x21,0x29,0x21,0x29,0x21,0x09,0x21,0x09,0x21,0x09,0x21,0x09,0x29,
	0x09,0x29,0x09,0x29,0x09,0x29,0xE9,0x28,0xE9,0x28,0xE9,0x28,0xE9,0x28,0xE9,0x28,0xE9,0x28,0xE9,0x28,
	0xE9,0x28,0xE8,0x20,0xC7,0x20,0x85,0x18,0x85,0x18,0x85,0x18,0x86,0x18,0xA6,0x18,0xA6,0x20,0xA6,0x20,
	0xA6,0x20,0x86,0x20,0x86,0x20,0x86,0x20,0x86,0x20,0x86,0x20,0x86,0x20,0x86,0x20,0x86,0x20,0x86,0x20,
	0x86,0x20,0x86,0x20,0x86,0x20,0x86,0x20,0x86,0x20,0x86,0x20,0x86,0x20,0x86,0x20,0x86,0x20,0x86,0x20,
	0x66,0x20,0x66,0x20,0x44,0x18,0x43,0x08,0x42,0x08,0x42,0x08,0x43,0x10,0x43,0x10,0x43,0x10,0x43,0x10,
	0x43,0x10,0x43,0x10,0x43,0x10,0x43,0x10,0x23,0x10,0x43,0x10,0x05,0x21,0xCF,0x7B,0x17,0xBE,0xFB,0xDE,
	0x13,0x9D,0x45,0x29,0x42,0x08,0x22,0x08,0x01,0x00,0x00,0x00,0x00,0x00,0x00,0x00,0x00,0x00,0x00,0x00,
	0x00,0x00,0x00,0x00,0x00,0x00,0x00,0x00,0x00,0x00,0x00,0x00,0x00,0x00,0x00,0x00,0x00,0x00,0x00,0x00,
	0x00,0x00,0x00,0x00,0x00,0x00,0x00,0x00,0x00,0x00,0x00,0x00,0x00,0x00,0x00,0x00,0x00,0x00,0x00,0x00,
	0x00,0x00,0x00,0x00,0x00,0x00,0x00,0x00,0x00,0x00,0x00,0x00,0x00,0x00,0x00,0x00,0x00,0x00,0x00,0x00,
	0x00,0x00,0x00,0x00,0x00,0x00,0x00,0x00,0x00,0x00,0x00,0x00,0x00,0x00,0x00,0x00,0x00,0x00,0x00,0x00,
	0x00,0x00,0x00,0x00,0x00,0x00,0x00,0x00,0x00,0x00,0x00,0x00,0x00,0x00,0x00,0x00,0x00,0x00,0x00,0x00,
	0x00,0x00,0x00,0x00,0x00,0x00,0x00,0x00,0x00,0x00,0x00,0x00,0x00,0x00,0x00,0x00,0x00,0x00,0x00,0x00,
	0x00,0x00,0x00,0x00,0x00,0x00,0x00,0x00,0x00,0x00,0x00,0x00,0x00,0x00,0x00,0x00,0x00,0x00,0x00,0x00,
	0x00,0x00,0x00,0x00,0x00,0x00,0x00,0x00,0x00,0x00,0x00,0x00,0x00,0x00,0x00,0x00,0x00,0x00,0x00,0x00,
	0x00,0x00,0x00,0x00,0x00,0x00,0x00,0x00,0x00,0x00,0x00,0x00,0x00,0x00,0x00,0x00,0x00,0x00,0x00,0x00,
	0x00,0x00,0x00,0x00,0x00,0x00,0x00,0x00,0x00,0x00,0x00,0x00,0x00,0x00,0x00,0x00,0x00,0x00,0x00,0x00,
	0x00,0x00,0x00,0x00,0x00,0x00,0x00,0x00,0x00,0x00,0x00,0x00,0x00,0x00,0x00,0x00,0x00,0x00,0x00,0x00,
	0x00,0x00,0x00,0x00,0x00,0x00,0x00,0x00,0x00,0x00,0x00,0x00,0x00,0x00,0x00,0x00,0x00,0x00,0x00,0x00,
	0x00,0x00,0x00,0x00,0x61,0x00,0x82,0x00,0xA2,0x00,0xC3,0x00,0xC3,0x00,0xC3,0x00,0xC3,0x00,0xC3,0x00,
	0xC3,0x00,0xC3,0x00,0xA3,0x00,0xA3,0x00,0xA3,0x00,0xA3,0x00,0xA3,0x00,0xA3,0x00,0xA3,0x00,0xA3,0x00,
	0xA3,0x00,0xA3,0x00,0x82,0x00,0x82,0x00,0xC3,0x00,0x04,0x01,0x45,0x01,0x45,0x01,0x45,0x01,0x45,0x01,
	0x45,0x01,0x26,0x09,0x26,0x09,0x26,0x09,0x26,0x09,0x26,0x09,0x26,0x09,0x26,0x09,0x26,0x09,0x26,0x09,
	0x26,0x09,0x06,0x09,0x06,0x09,0x06,0x09,0x06,0x09,0x06,0x09,0x06,0x09,0x06,0x09,0x05,0x09,0x05,0x09,
	0x05,0x09,0x05,0x09,0x06,0x11,0x27,0x11,0x48,0x19,0x29,0x19,0x49,0x19,0x49,0x19,0x49,0x19,0x49,0x19,
	0x49,0x19,0x49,0x19,0x49,0x19,0x29,0x19,0x28,0x19,0x28,0x19,0x28,0x19,0x28,0x19,0x28,0x19,0x29,0x21,
	0x29,0x21,0x29,0x21,0x29,0x21,0x09,0x21,0x09,0x21,0x08,0x21,0x08,0x21,0x09,0x21,0x09,0x21,0x09,0x21,
	0x09,0x21,0x08,0x21,0x08,0x21,0x08,0x21,0x08,0x21,0x08,0x21,0x08,0x21,0xE8,0x20,0xE8,0x20,0xE9,0x28,
	0xE9,0x28,0xE9,0x28,0xE9,0x28,0xE9,0x28,0xE9,0x28,0xE8,0x28,0xC7,0x28,0xC7,0x20,0xA6,0x20,0x86,0x18,
	0x85,0x18,0x85,0x18,0x85,0x20,0xA6,0x20,0x86,0x20,0x86,0x20,0x86,0x20,0x86,0x20,0x86,0x20,0x86,0x20,
	0x86,0x20,0x86,0x20,0x86,0x20,0x86,0x20,0x86,0x20,0x86,0x20,0x86,0x20,0x86,0x20,0x86,0x20,0x86,0x20,
	0x86,0x20,0x86,0x20,0x86,0x20,0x66,0x20,0x66,0x20,0x65,0x20,0x44,0x10,0x42,0x08,0x42,0x08,0x42,0x08,
	0x43,0x10,0x43,0x10,0x43,0x10,0x43,0x10,0x43,0x10,0x43,0x10,0x23,0x08,0x02,0x00,0x87,0x31,0xEF,0x7B,
	0x58,0xC6,0xFB,0xDE,0x72,0x8C,0x29,0x4A,0x84,0x18,0x22,0x08,0x43,0x08,0x43,0x08,0x22,0x00,0x00,0x00,
	0x00,0x00,0x00,0x00,0x00,0x00,0x00,0x00,0x00,0x00,0x00,0x00,0x00,0x00,0x00,0x00,0x00,0x00,0x00,0x00,
	0x00,0x00,0x00,0x00,0x00,0x00,0x00,0x00,0x00,0x00,0x00,0x00,0x00,0x00,0x00,0x00,0x00,0x00,0x00,0x00,
	0x00,0x00,0x00,0x00,0x00,0x00,0x00,0x00,0x00,0x00,0x00,0x00,0x00,0x00,0x00,0x00,0x00,0x00,0x00,0x00,
	0x00,0x00,0x00,0x00,0x00,0x00,0x00,0x00,0x00,0x00,0x00,0x00,0x00,0x00,0x00,0x00,0x00,0x00,0x00,0x00,
	0x00,0x00,0x00,0x00,0x00,0x00,0x00,0x00,0x00,0x00,0x00,0x00,0x00,0x00,0x00,0x00,0x00,0x00,0x00,0x00,
	0x00,0x00,0x00,0x00,0x00,0x00,0x00,0x00,0x00,0x00,0x00,0x00,0x00,0x00,0x00,0x00,0x00,0x00,0x00,0x00,
	0x00,0x00,0x00,0x00,0x00,0x00,0x00,0x00,0x00,0x00,0x00,0x00,0x00,0x00,0x00,0x00,0x00,0x00,0x00,0x00,
	0x00,0x00,0x00,0x00,0x00,0x00,0x00,0x00,0x00,0x00,0x00,0x00,0x00,0x00,0x00,0x00,0x00,0x00,0x00,0x00,
	0x00,0x00,0x00,0x00,0x00,0x00,0x00,0x00,0x00,0x00,0x00,0x00,0x00,0x00,0x00,0x00,0x00,0x00,0x00,0x00,
	0x00,0x00,0x00,0x00,0x00,0x00,0x00,0x00,0x00,0x00,0x00,0x00,0x00,0x00,0x00,0x00,0x00,0x00,0x00,0x00,
	0x00,0x00,0x00,0x00,0x00,0x00,0x00,0x00,0x00,0x00,0x00,0x00,0x00,0x00,0x00,0x00,0x00,0x00,0x00,0x00,
	0x00,0x00,0x00,0x00,0x00,0x00,0x00,0x00,0x00,0x00,0x00,0x00,0x00,0x00,0x00,0x00,0x00,0x00,0x00,0x00,
	0x00,0x00,0x00,0x00,0x00,0x00,0x00,0x00,0x20,0x00,0x82,0x00,0xC3,0x00,0xC3,0x00,0xC3,0x00,0xC3,0x00,
	0xC3,0x00,0xC3,0x00,0xC3,0x00,0xC3,0x00,0xC3,0x00,0xA3,0x00,0xA3,0x00,0xA3,0x00,0xA3,0x00,0xA3,0x00,
	0xA3,0x00,0xA3,0x00,0xA3,0x00,0xA3,0x00,0xA3,0x00,0x82,0x00,0x82,0x00,0xE4,0x00,0x25,0x01,0x45,0x01,
	0x45,0x01,0x45,0x01,0x45,0x01,0x45,0x01,0x26,0x09,0x26,0x09,0x26,0x09,0x26,0x09,0x26,0x09,0x26,0x09,
	0x26,0x09,0x26,0x09,0x26,0x09,0x26,0x09,0x06,0x09,0x06,0x09,0x06,0x09,0x06,0x09,0x06,0x09,0x06,0x09,
	0x06,0x09,0x05,0x09,0x05,0x09,0x05,0x09,0x06,0x11,0x06,0x11,0x28,0x19,0x48,0x19,0x49,0x19,0x49,0x19,
	0x49,0x19,0x49,0x19,0x49,0x19,0x49,0x19,0x49,0x19,0x49,0x19,0x49,0x19,0x28,0x19,0x28,0x19,0x28,0x19,
	0x29,0x19,0x49,0x21,0x49,0x21,0x49,0x21,0x29,0x21,0x4A,0x21,0x29,0x21,0x09,0x21,0x09,0x21,0x09,0x21,
	0x09,0x21,0x2A,0x21,0x2A,0x21,0x29,0x21,0x29,0x21,0x29,0x21,0x09,0x21,0x09,0x21,0x08,0x21,0x08,0x21,
	0x08,0x21,0xE9,0x20,0xE9,0x28,0xE9,0x28,0xE9,0x28,0xE9,0x28,0xE9,0x28,0xE9,0x28,0xE9,0x28,0xE9,0x28,
	0xE8,0x28,0xC8,0x20,0xA6,0x20,0x85,0x18,0x85,0x18,0x85,0x18,0xA6,0x20,0x86,0x20,0x86,0x20,0x86,0x20,
	0x86,0x20,0x86,0x20,0x86,0x20,0x86,0x20,0x86,0x20,0x86,0x20,0x86,0x20,0x86,0x20,0x86,0x20,0x86,0x20,
	0x86,0x20,0x86,0x20,0x86,0x20,0x86,0x20,0x86,0x20,0x86,0x20,0x66,0x20,0x66,0x20,0x66,0x20,0x64,0x18,
	0x43,0x08,0x42,0x08,0x42,0x08,0x43,0x10,0x43,0x10,0x43,0x10,0x43,0x10,0x43,0x10,0x23,0x08,0x43,0x10,
	0xE4,0x18,0x4D,0x63,0x37,0xBE,0xDA,0xD6,0x96,0xB5,0x2A,0x4A,0x84,0x18,0x23,0x10,0x23,0x10,0x43,0x10,
	0x44,0x10,0x43,0x08,0x21,0x00,0x00,0x00,0x00,0x00,0x00,0x00,0x00,0x00,0x00,0x00,0x00,0x00,0x00,0x00,
	0x00,0x00,0x00,0x00,0x00,0x00,0x00,0x00,0x00,0x00,0x00,0x00,0x00,0x00,0x00,0x00,0x00,0x00,0x00,0x00,
	0x00,0x00,0x00,0x00,0x00,0x00,0x00,0x00,0x00,0x00,0x00,0x00,0x00,0x00,0x00,0x00,0x00,0x00,0x00,0x00,
	0x00,0x00,0x00,0x00,0x00,0x00,0x00,0x00,0x00,0x00,0x00,0x00,0x00,0x00,0x00,0x00,0x00,0x00,0x00,0x00,
	0x00,0x00,0x00,0x00,0x00,0x00,0x00,0x00,0x00,0x00,0x00,0x00,0x00,0x00,0x00,0x00,0x00,0x00,0x00,0x00,
	0x00,0x00,0x00,0x00,0x00,0x00,0x00,0x00,0x00,0x00,0x00,0x00,0x00,0x00,0x00,0x00,0x00,0x00,0x00,0x00,
	0x00,0x00,0x00,0x00,0x00,0x00,0x00,0x00,0x00,0x00,0x00,0x00,0x00,0x00,0x00,0x00,0x00,0x00,0x00,0x00,
	0x00,0x00,0x00,0x00,0x00,0x00,0x00,0x00,0x00,0x00,0x00,0x00,0x00,0x00,0x00,0x00,0x00,0x00,0x00,0x00,
	0x00,0x00,0x00,0x00,0x00,0x00,0x00,0x00,0x00,0x00,0x00,0x00,0x00,0x00,0x00,0x00,0x00,0x00,0x00,0x00,
	0x00,0x00,0x00,0x00,0x00,0x00,0x00,0x00,0x00,0x00,0x00,0x00,0x00,0x00,0x00,0x00,0x00,0x00,0x00,0x00,
	0x00,0x00,0x00,0x00,0x00,0x00,0x00,0x00,0x00,0x00,0x00,0x00,0x00,0x00,0x00,0x00,0x00,0x00,0x00,0x00,
	0x00,0x00,0x00,0x00,0x00,0x00,0x00,0x00,0x00,0x00,0x00,0x00,0x00,0x00,0x00,0x00,0x00,0x00,0x00,0x00,
	0x00,0x00,0x00,0x00,0x00,0x00,0x00,0x00,0x00,0x00,0x00,0x00,0x40,0x00,0x81,0x00,0xA2,0x00,0xC3,0x00,
	0xC3,0x00,0xC3,0x00,0xC3,0x00,0xC3,0x00,0xC3,0x00,0xC3,0x00,0xC3,0x00,0xC3,0x00,0xA3,0x00,0xA3,0x00,
	0xA3,0x00,0xA3,0x00,0xA3,0x00,0xA3,0x00,0xA3,0x00,0xA3,0x00,0xA3,0x00,0xA2,0x00,0xA3,0x00,0xC4,0x00,
	0x05,0x01,0x45,0x01,0x45,0x01,0x45,0x01,0x45,0x01,0x45,0x01,0x45,0x01,0x26,0x09,0x26,0x09,0x26,0x09,
	0x26,0x09,0x26,0x09,0x26,0x09,0x26,0x09,0x26,0x09,0x26,0x09,0x26,0x09,0x06,0x09,0x06,0x09,0x06,0x09,
	0x06,0x09,0x05,0x09,0x05,0x09,0x05,0x09,0x05,0x09,0x05,0x09,0x07,0x11,0x27,0x11,0x48,0x19,0x48,0x19,
	0x48,0x19,0x68,0x11,0x48,0x11,0x49,0x19,0x49,0x19,0x69,0x19,0x69,0x21,0x69,0x21,0x69,0x21,0x69,0x21,
	0x69,0x21,0x69,0x21,0x69,0x21,0x6A,0x21,0x6B,0x21,0x8B,0x21,0x6B,0x21,0x6B,0x29,0x6B,0x29,0x6B,0x29,
	0x4A,0x21,0x2A,0x21,0x4A,0x21,0x6B,0x29,0x6B,0x29,0x6B,0x29,0x6B,0x29,0x6B,0x29,0x4B,0x29,0x2B,0x29,
	0x2A,0x31,0x2A,0x31,0x2A,0x31,0x2A,0x31,0x2A,0x31,0x09,0x29,0x09,0x29,0x09,0x29,0xE9,0x28,0xE9,0x28,
	0xE9,0x28,0xE9,0x28,0xE9,0x28,0xE9,0x28,0xE9,0x28,0xA8,0x28,0xA6,0x20,0xA6,0x18,0x85,0x18,0x85,0x18,
	0x85,0x18,0x85,0x18,0x86,0x20,0x86,0x20,0x86,0x20,0x86,0x20,0x86,0x20,0x86,0x20,0x86,0x20,0x86,0x20,
	0x86,0x20,0x86,0x20,0x86,0x20,0x86,0x20,0x86,0x20,0x86,0x20,0x86,0x20,0x86,0x20,0x86,0x20,0x66,0x20,
	0x66,0x20,0x66,0x20,0x66,0x20,0x45,0x18,0x43,0x10,0x42,0x08,0x43,0x10,0x43,0x10,0x43,0x10,0x43,0x10,
	0x43,0x10,0x02,0x08,0xC4,0x18,0xCA,0x52,0x75,0xAD,0x7D,0xEF,0x34,0xA5,0x8A,0x52,0xC5,0x20,0x23,0x08,
	0x43,0x10,0x43,0x10,0x43,0x10,0x43,0x10,0x43,0x10,0x42,0x08,0x21,0x00,0x00,0x00,0x00,0x00,0x00,0x00,
	0x00,0x00,0x00,0x00,0x00,0x00,0x00,0x00,0x00,0x00,0x00,0x00,0x00,0x00,0x00,0x00,0x00,0x00,0x00,0x00,
	0x00,0x00,0x00,0x00,0x00,0x00,0x00,0x00,0x00,0x00,0x00,0x00,0x00,0x00,0x00,0x00,0x00,0x00,0x00,0x00,
	0x00,0x00,0x00,0x00,0x00,0x00,0x00,0x00,0x00,0x00,0x00,0x00,0x00,0x00,0x00,0x00,0x00,0x00,0x00,0x00,
	0x00,0x00,0x00,0x00,0x00,0x00,0x00,0x00,0x00,0x00,0x00,0x00,0x00,0x00,0x00,0x00,0x00,0x00,0x00,0x00,
	0x00,0x00,0x00,0x00,0x00,0x00,0x00,0x00,0x00,0x00,0x00,0x00,0x00,0x00,0x00,0x00,0x00,0x00,0x00,0x00,
	0x00,0x00,0x00,0x00,0x00,0x00,0x00,0x00,0x00,0x00,0x00,0x00,0x00,0x00,0x00,0x00,0x00,0x00,0x00,0x00,
	0x00,0x00,0x00,0x00,0x00,0x00,0x00,0x00,0x00,0x00,0x00,0x00,0x00,0x00,0x00,0x00,0x00,0x00,0x00,0x00,
	0x00,0x00,0x00,0x00,0x00,0x00,0x00,0x00,0x00,0x00,0x00,0x00,0x00,0x00,0x00,0x00,0x00,0x00,0x00,0x00,
	0x00,0x00,0x00,0x00,0x00,0x00,0x00,0x00,0x00,0x00,0x00,0x00,0x00,0x00,0x00,0x00,0x00,0x00,0x00,0x00,
	0x00,0x00,0x00,0x00,0x00,0x00,0x00,0x00,0x00,0x00,0x00,0x00,0x00,0x00,0x00,0x00,0x00,0x00,0x00,0x00,
	0x00,0x00,0x00,0x00,0x00,0x00,0x00,0x00,0x00,0x00,0x00,0x00,0x00,0x00,0x00,0x00,0x00,0x00,0x00,0x00,
	0x00,0x00,0x00,0x00,0x00,0x00,0x00,0x00,0x00,0x00,0x00,0x00,0x00,0x00,0x00,0x00,0x20,0x00,0x61,0x00,
	0xA2,0x00,0xC3,0x00,0xC3,0x00,0xC3,0x00,0xC3,0x00,0xC3,0x00,0xC3,0x00,0xC3,0x00,0xC3,0x00,0xC3,0x00,
	0xC3,0x00,0xA3,0x00,0xA3,0x00,0xA3,0x00,0xA3,0x00,0xA3,0x00,0xA3,0x00,0xA3,0x00,0xA3,0x00,0xA3,0x00,
	0xA2,0x00,0xC3,0x00,0x05,0x01,0x25,0x01,0x45,0x01,0x45,0x01,0x45,0x01,0x45,0x01,0x45,0x01,0x45,0x01,
	0x26,0x09,0x26,0x09,0x26,0x09,0x26,0x09,0x26,0x09,0x26,0x09,0x26,0x09,0x06,0x09,0x05,0x09,0x05,0x09,
	0x05,0x09,0x05,0x09,0x05,0x09,0x05,0x09,0x05,0x09,0x26,0x09,0x26,0x09,0x47,0x11,0x47,0x11,0x68,0x11,
	0x69,0x19,0x89,0x21,0x89,0x21,0x69,0x19,0x89,0x19,0x89,0x19,0x6A,0x21,0x8A,0x19,0x8A,0x21,0x8A,0x21,
	0x8A,0x29,0x8A,0x21,0x8A,0x21,0x8A,0x21,0x8A,0x21,0x8A,0x21,0x8B,0x21,0x8B,0x21,0x8B,0x21,0x8B,0x29,
	0x6B,0x29,0x08,0x19,0xAA,0x31,0x0F,0x5B,0x71,0x6B,0x0F,0x5B,0xAA,0x31,0x08,0x19,0x6B,0x29,0x8B,0x31,
	0x6B,0x29,0x6B,0x29,0x4B,0x31,0x4B,0x31,0x4B,0x31,0x2B,0x31,0x2B,0x31,0x2B,0x31,0x2B,0x31,0x2A,0x29,
	0x0A,0x29,0x0A,0x29,0x0A,0x29,0x0A,0x29,0x0A,0x29,0xEA,0x28,0xEA,0x30,0xEA,0x30,0xC9,0x30,0xC9,0x28,
	0xC9,0x28,0xC8,0x20,0xA7,0x20,0xA6,0x20,0x85,0x18,0x85,0x18,0x85,0x18,0x85,0x18,0x85,0x18,0x85,0x20,
	0x65,0x20,0x65,0x20,0x86,0x20,0x86,0x20,0x86,0x20,0x86,0x20,0x86,0x20,0x86,0x20,0x86,0x20,0x86,0x20,
	0x86,0x20,0x86,0x20,0x66,0x20,0x66,0x20,0x66,0x20,0x66,0x20,0x46,0x20,0x44,0x10,0x42,0x08,0x42,0x08,
	0x43,0x10,0x43,0x10,0x22,0x08,0x22,0x08,0x05,0x21,0xCB,0x5A,0x75,0xAD,0x58,0xC6,0x76,0xB5,0xEC,0x62,
	0xE5,0x20,0x43,0x10,0x23,0x08,0x43,0x10,0x43,0x10,0x43,0x10,0x43,0x10,0x43,0x10,0x43,0x10,0x22,0x08,
	0x21,0x00,0x00,0x00,0x00,0x00,0x00,0x00,0x00,0x00,0x00,0x00,0x00,0x00,0x00,0x00,0x00,0x00,0x00,0x00,
	0x00,0x00,0x00,0x00,0x00,0x00,0x00,0x00,0x00,0x00,0x00,0x00,0x00,0x00,0x00,0x00,0x00,0x00,0x00,0x00,
	0x00,0x00,0x00,0x00,0x00,0x00,0x00,0x00,0x00,0x00,0x00,0x00,0x00,0x00,0x00,0x00,0x00,0x00,0x00,0x00,
	0x00,0x00,0x00,0x00,0x00,0x00,0x00,0x00,0x00,0x00,0x00,0x00,0x00,0x00,0x00,0x00,0x00,0x00,0x00,0x00,
	0x00,0x00,0x00,0x00,0x00,0x00,0x00,0x00,0x00,0x00,0x00,0x00,0x00,0x00,0x00,0x00,0x00,0x00,0x00,0x00,
	0x00,0x00,0x00,0x00,0x00,0x00,0x00,0x00,0x00,0x00,0x00,0x00,0x00,0x00,0x00,0x00,0x00,0x00,0x00,0x00,
	0x00,0x00,0x00,0x00,0x00,0x00,0x00,0x00,0x00,0x00,0x00,0x00,0x00,0x00,0x00,0x00,0x00,0x00,0x00,0x00,
	0x00,0x00,0x00,0x00,0x00,0x00,0x00,0x00,0x00,0x00,0x00,0x00,0x00,0x00,0x00,0x00,0x00,0x00,0x00,0x00,
	0x00,0x00,0x00,0x00,0x00,0x00,0x00,0x00,0x00,0x00,0x00,0x00,0x00,0x00,0x00,0x00,0x00,0x00,0x00,0x00,
	0x00,0x00,0x00,0x00,0x00,0x00,0x00,0x00,0x00,0x00,0x00,0x00,0x00,0x00,0x00,0x00,0x00,0x00,0x00,0x00,
	0x00,0x00,0x00,0x00,0x00,0x00,0x00,0x00,0x00,0x00,0x00,0x00,0x00,0x00,0x00,0x00,0x00,0x00,0x00,0x00,
	0x00,0x00,0x00,0x00,0x00,0x00,0x00,0x00,0x00,0x00,0x00,0x00,0x00,0x00,0x00,0x00,0x00,0x00,0x00,0x00,
	0x20,0x00,0x81,0x00,0xA2,0x00,0xC3,0x00,0xC3,0x00,0xC3,0x00,0xC3,0x00,0xC3,0x00,0xC3,0x00,0xC3,0x00,
	0xC3,0x00,0xC3,0x00,0xC3,0x00,0xC3,0x00,0xA3,0x00,0xA3,0x00,0xA3,0x00,0xA3,0x00,0xA3,0x00,0xA3,0x00,
	0xA3,0x00,0xA3,0x00,0xA3,0x00,0xA2,0x00,0xE3,0x00,0x45,0x01,0x45,0x01,0x45,0x01,0x45,0x01,0x45,0x01,
	0x45,0x01,0x45,0x01,0x45,0x01,0x26,0x09,0x26,0x09,0x26,0x09,0x26,0x09,0x26,0x09,0x26,0x09,0x26,0x09,
	0x05,0x09,0x05,0x09,0x05,0x09,0x05,0x09,0x05,0x09,0x05,0x09,0x05,0x09,0x26,0x09,0x47,0x09,0x88,0x11,
	0x89,0x19,0xA9,0x19,0xAA,0x19,0xCB,0x19,0xCB,0x21,0xCA,0x21,0xAA,0x21,0xAA,0x21,0xAA,0x21,0xAB,0x21,
	0xAB,0x21,0xAB,0x21,0xAB,0x29,0xAB,0x29,0xAB,0x29,0xAB,0x29,0xAB,0x29,0x8B,0x29,0x8B,0x29,0x8B,0x29,
	0x8B,0x29,0x8B,0x29,0x8B,0x29,0x8A,0x29,0x26,0x21,0xAB,0x52,0x56,0xAD,0xF9,0xC5,0x56,0xAD,0xAB,0x4A,
	0x26,0x21,0x6A,0x31,0x6B,0x31,0x6B,0x31,0x4B,0x31,0x4B,0x31,0x6B,0x31,0x6B,0x31,0x4C,0x31,0x4C,0x31,
	0x4C,0x31,0x4C,0x31,0x4C,0x31,0x2B,0x31,0x2B,0x31,0x2B,0x31,0x2B,0x31,0x2B,0x31,0x0B,0x31,0xEB,0x30,
	0xEB,0x38,0xEB,0x30,0x0B,0x31,0xEB,0x30,0xEB,0x30,0xE9,0x28,0xC8,0x28,0xA6,0x20,0x85,0x18,0x85,0x18,
	0x85,0x18,0x85,0x18,0x85,0x18,0x65,0x18,0x65,0x18,0x86,0x20,0x86,0x20,0x86,0x20,0x86,0x20,0x86,0x20,
	0x86,0x20,0x86,0x20,0x86,0x20,0x86,0x20,0x86,0x20,0x66,0x20,0x66,0x20,0x66,0x20,0x66,0x20,0x66,0x20,
	0x44,0x18,0x43,0x10,0x42,0x08,0x42,0x08,0x43,0x10,0x02,0x08,0x83,0x10,0xCB,0x52,0x34,0xA5,0x7D,0xEF,
	0xD7,0xBD,0x8A,0x52,0xE5,0x20,0x02,0x08,0x23,0x10,0x43,0x10,0x43,0x10,0x43,0x10,0x43,0x10,0x43,0x10,
	0x43,0x10,0x43,0x10,0x43,0x10,0x43,0x08,0x21,0x00,0x00,0x00,0x00,0x00,0x00,0x00,0x00,0x00,0x00,0x00,
	0x00,0x00,0x00,0x00,0x00,0x00,0x00,0x00,0x00,0x00,0x00,0x00,0x00,0x00,0x00,0x00,0x00,0x00,0x00,0x00,
	0x00,0x00,0x00,0x00,0x00,0x00,0x00,0x00,0x00,0x00,0x00,0x00,0x00,0x00,0x00,0x00,0x00,0x00,0x00,0x00,
	0x00,0x00,0x00,0x00,0x00,0x00,0x00,0x00,0x00,0x00,0x00,0x00,0x00,0x00,0x00,0x00,0x00,0x00,0x00,0x00,
	0x00,0x00,0x00,0x00,0x00,0x00,0x00,0x00,0x00,0x00,0x00,0x00,0x00,0x00,0x00,0x00,0x00,0x00,0x00,0x00,
	0x00,0x00,0x00,0x00,0x00,0x00,0x00,0x00,0x00,0x00,0x00,0x00,0x00,0x00,0x00,0x00,0x00,0x00,0x00,0x00,
	0x00,0x00,0x00,0x00,0x00,0x00,0x00,0x00,0x00,0x00,0x00,0x00,0x00,0x00,0x00,0x00,0x00,0x00,0x00,0x00,
	0x00,0x00,0x00,0x00,0x00,0x00,0x00,0x00,0x00,0x00,0x00,0x00,0x00,0x00,0x00,0x00,0x00,0x00,0x00,0x00,
	0x00,0x00,0x00,0x00,0x00,0x00,0x00,0x00,0x00,0x00,0x00,0x00,0x00,0x00,0x00,0x00,0x41,0x08,0x41,0x08,
	0x20,0x00,0x00,0x00,0x00,0x00,0x00,0x00,0x00,0x00,0x00,0x00,0x00,0x00,0x00,0x00,0x00,0x00,0x00,0x00,
	0x00,0x00,0x00,0x00,0x00,0x00,0x00,0x00,0x00,0x00,0x00,0x00,0x00,0x00,0x00,0x00,0x00,0x00,0x00,0x00,
	0x00,0x00,0x00,0x00,0x00,0x00,0x00,0x00,0x00,0x00,0x00,0x00,0x00,0x00,0x00,0x00,0x00,0x00,0x00,0x00,
	0x00,0x00,0x00,0x00,0x20,0x00,0x61,0x00,0xA2,0x00,0xC3,0x00,0xC3,0x00,0xC3,0x00,0xC3,0x00,0xC3,0x00,
	0xC3,0x00,0xC3,0x00,0xC3,0x00,0xC3,0x00,0xC3,0x00,0xC3,0x00,0xC3,0x00,0xA3,0x00,0xA3,0x00,0xA3,0x00,
	0xA3,0x00,0xA3,0x00,0xA3,0x00,0xA3,0x00,0x82,0x00,0x82,0x00,0xC3,0x00,0x04,0x01,0x45,0x01,0x45,0x01,
	0x45,0x01,0x45,0x01,0x45,0x01,0x45,0x01,0x45,0x01,0x45,0x01,0x26,0x09,0x26,0x09,0x26,0x09,0x06,0x09,
	0x05,0x09,0x05,0x09,0x05,0x09,0x05,0x09,0x25,0x09,0x26,0x09,0x46,0x09,0x46,0x09,0x46,0x09,0x67,0x09,
	0x89,0x11,0xAA,0x19,0xAA,0x19,0xCA,0x21,0xCB,0x21,0xCB,0x21,0xCB,0x21,0xCB,0x21,0xCB,0x21,0xCB,0x21,
	0xCB,0x21,0xCB,0x21,0xCB,0x21,0xCB,0x21,0xAB,0x29,0xAB,0x29,0xAB,0x29,0xAB,0x29,0xAB,0x29,0xAB,0x29,
	0x8B,0x29,0x8B,0x29,0x8B,0x29,0x8B,0x29,0x8B,0x29,0x6B,0x21,0xCB,0x31,0x8F,0x6B,0x55,0xAD,0x1C,0xE7,
	0x7D,0xEF,0x1C,0xE7,0x54,0xA5,0x6E,0x6B,0xAB,0x39,0x4B,0x29,0x6B,0x31,0x4B,0x31,0x4B,0x31,0x4B,0x31,
	0x4B,0x31,0x4C,0x31,0x4C,0x31,0x4C,0x31,0x4C,0x31,0x4C,0x31,0x2B,0x31,0x2B,0x31,0x2B,0x39,0x2B,0x39,
	0x2B,0x39,0x2B,0x39,0x0B,0x39,0x0B,0x39,0x0B,0x39,0x0C,0x39,0x0C,0x39,0x0C,0x39,0x0B,0x39,0xEB,0x30,
	0xEA,0x30,0xC8,0x28,0xA7,0x20,0x86,0x20,0x86,0x20,0x86,0x20,0x86,0x18,0x65,0x18,0x85,0x18,0x85,0x18,
	0x85,0x18,0x65,0x20,0x66,0x20,0x86,0x20,0x86,0x20,0x86,0x20,0x86,0x20,0x86,0x20,0x66,0x20,0x66,0x20,
	0x66,0x20,0x66,0x20,0x66,0x20,0x66,0x20,0x65,0x18,0x42,0x08,0x22,0x00,0x02,0x00,0x83,0x10,0xC7,0x39,
	0x55,0xAD,0xDB,0xDE,0xF7,0xBD,0x8E,0x73,0xE4,0x20,0x22,0x10,0x23,0x08,0x43,0x10,0x43,0x10,0x43,0x10,
	0x43,0x10,0x43,0x10,0x43,0x10,0x43,0x10,0x43,0x10,0x43,0x10,0x43,0x10,0x21,0x00,0x00,0x00,0x00,0x00,
	0x00,0x00,0x00,0x00,0x00,0x00,0x00,0x00,0x00,0x00,0x00,0x00,0x00,0x00,0x00,0x00,0x00,0x00,0x00,0x00,
	0x00,0x00,0x00,0x00,0x00,0x00,0x00,0x00,0x00,0x00,0x00,0x00,0x00,0x00,0x00,0x00,0x00,0x00,0x00,0x00,
	0x00,0x00,0x00,0x00,0x00,0x00,0x00,0x00,0x00,0x00,0x00,0x00,0x00,0x00,0x00,0x00,0x00,0x00,0x00,0x00,
	0x00,0x00,0x41,0x08,0x41,0x08,0x00,0x00,0x00,0x00,0x00,0x00,0x00,0x00,0x00,0x00,0x00,0x00,0x00,0x00,
	0x00,0x00,0x00,0x00,0x00,0x00,0x00,0x00,0x00,0x00,0x00,0x00,0x00,0x00,0x00,0x00,0x00,0x00,0x00,0x00,
	0x00,0x00,0x00,0x00,0x00,0x00,0x00,0x00,0x00,0x00,0x00,0x00,0x00,0x00,0x00,0x00,0x00,0x00,0x00,0x00,
	0x00,0x00,0x00,0x00,0x00,0x00,0x00,0x00,0x00,0x00,0x00,0x00,0x00,0x00,0x00,0x00,0x00,0x00,0x00,0x00,
	0x00,0x00,0x00,0x00,0x00,0x00,0x00,0x00,0x00,0x00,0x00,0x00,0x00,0x00,0x00,0x00,0x00,0x00,0x41,0x08,
	0xA2,0x10,0x25,0x29,0x24,0x21,0xC3,0x18,0x41,0x08,0x00,0x00,0x00,0x00,0x00,0x00,0x00,0x00,0x00,0x00,
	0x00,0x00,0x00,0x00,0x00,0x00,0x00,0x00,0x00,0x00,0x00,0x00,0x00,0x00,0x00,0x00,0x00,0x00,0x00,0x00,
	0x00,0x00,0x00,0x00,0x00,0x00,0x00,0x00,0x00,0x00,0x00,0x00,0x00,0x00,0x00,0x00,0x00,0x00,0x00,0x00,
	0x00,0x00,0x00,0x00,0x00,0x00,0x00,0x00,0x00,0x00,0x41,0x00,0x82,0x00,0xC3,0x00,0xC3,0x00,0xC3,0x00,
	0xC3,0x00,0xC3,0x00,0xC3,0x00,0xC3,0x00,0xC3,0x00,0xC3,0x00,0xC3,0x00,0xC3,0x00,0xC3,0x00,0xC3,0x00,
	0xA3,0x00,0xA3,0x00,0xA3,0x00,0xA3,0x00,0xA3,0x00,0xA3,0x00,0xA3,0x00,0x82,0x00,0xA3,0x00,0x04,0x01,
	0x25,0x01,0x45,0x01,0x45,0x01,0x45,0x01,0x45,0x01,0x45,0x01,0x45,0x01,0x45,0x01,0x45,0x01,0x26,0x09,
	0x26,0x09,0x26,0x09,0x26,0x09,0x25,0x09,0x25,0x09,0x25,0x09,0x45,0x09,0x46,0x09,0x47,0x09,0x67,0x09,
	0x88,0x09,0x87,0x09,0xA9,0x11,0xCA,0x19,0xEB,0x19,0xCB,0x19,0xCB,0x21,0xCB,0x21,0xCB,0x21,0xCB,0x21,
	0xCB,0x21,0xCB,0x21,0xCB,0x21,0xCB,0x21,0xCB,0x21,0xCB,0x21,0xCB,0x21,0xAB,0x29,0xAB,0x29,0xAB,0x29,
	0xAB,0x29,0xAB,0x29,0xAB,0x29,0x8B,0x29,0x8B,0x29,0x8B,0x29,0x8B,0x29,0x8B,0x29,0x2A,0x21,0x0C,0x3A,
	0x76,0xAD,0x5C,0xEF,0xFF,0xFF,0xFF,0xFF,0xFF,0xFF,0x5B,0xE7,0x55,0xA5,0x0C,0x42,0x0A,0x29,0x6B,0x31,
	0x4B,0x31,0x4B,0x31,0x4B,0x31,0x4B,0x31,0x4C,0x31,0x4C,0x31,0x4C,0x31,0x4C,0x31,0x4C,0x31,0x2B,0x31,
	0x2B,0x31,0x2B,0x39,0x2B,0x39,0x2B,0x39,0x2B,0x39,0x2B,0x39,0x2B,0x39,0x0C,0x39,0x0C,0x39,0x0C,0x39,
	0x0C,0x39,0x0C,0x39,0x0D,0x39,0x0C,0x39,0xEB,0x30,0xC9,0x28,0x88,0x28,0xA8,0x28,0xA8,0x20,0xA7,0x20,
	0x86,0x18,0x86,0x20,0x85,0x20,0x85,0x18,0x86,0x20,0x66,0x20,0x86,0x20,0x86,0x20,0x86,0x20,0x86,0x20,
	0x86,0x20,0x66,0x20,0x66,0x20,0x66,0x20,0x66,0x20,0x66,0x20,0x66,0x20,0x66,0x20,0x43,0x10,0x22,0x08,
	0x84,0x10,0x08,0x42,0x0F,0x7C,0x79,0xCE,0x9A,0xD6,0xAE,0x73,0x86,0x31,0x02,0x08,0x02,0x08,0x43,0x10,
	0x43,0x10,0x43,0x10,0x43,0x10,0x43,0x10,0x43,0x10,0x43,0x10,0x43,0x10,0x43,0x10,0x43,0x10,0x43,0x10,
	0x42,0x08,0x21,0x00,0x00,0x00,0x00,0x00,0x00,0x00,0x00,0x00,0x00,0x00,0x00,0x00,0x00,0x00,0x00,0x00,
	0x00,0x00,0x00,0x00,0x00,0x00,0x00,0x00,0x00,0x00,0x00,0x00,0x00,0x00,0x00,0x00,0x00,0x00,0x00,0x00,
	0x00,0x00,0x00,0x00,0x00,0x00,0x00,0x00,0x00,0x00,0x00,0x00,0x00,0x00,0x00,0x00,0x00,0x00,0x00,0x00,
	0x00,0x00,0x00,0x00,0x41,0x08,0xA3,0x18,0x24,0x21,0x25,0x29,0xA2,0x10,0x41,0x08,0x00,0x00,0x00,0x00,
	0x00,0x00,0x00,0x00,0x00,0x00,0x00,0x00,0x00,0x00,0x00,0x00,0x00,0x00,0x00,0x00,0x00,0x00,0x00,0x00,
	0x00,0x00,0x00,0x00,0x00,0x00,0x00,0x00,0x00,0x00,0x00,0x00,0x00,0x00,0x00,0x00,0x00,0x00,0x00,0x00,
	0x00,0x00,0x00,0x00,0x00,0x00,0x00,0x00,0x00,0x00,0x00,0x00,0x00,0x00,0x00,0x00,0x00,0x00,0x00,0x00,
	0x00,0x00,0x00,0x00,0x00,0x00,0x00,0x00,0x00,0x00,0x00,0x00,0x00,0x00,0x00,0x00,0x00,0x00,0x00,0x00,
	0x00,0x00,0x20,0x00,0x04,0x21,0x08,0x42,0xAB,0x5A,0xCB,0x5A,0x49,0x4A,0xE3,0x18,0x00,0x00,0x00,0x00,
	0x00,0x00,0x00,0x00,0x00,0x00,0x00,0x00,0x00,0x00,0x00,0x00,0x00,0x00,0x00,0x00,0x00,0x00,0x00,0x00,
	0x00,0x00,0x00,0x00,0x00,0x00,0x00,0x00,0x00,0x00,0x00,0x00,0x00,0x00,0x00,0x00,0x00,0x00,0x00,0x00,
	0x00,0x00,0x00,0x00,0x00,0x00,0x00,0x00,0x00,0x00,0x00,0x00,0x00,0x00,0x20,0x00,0xA1,0x00,0xC2,0x00,
	0xC3,0x00,0xC3,0x00,0xC3,0x00,0xC3,0x00,0xC3,0x00,0xC3,0x00,0xC3,0x00,0xC3,0x00,0xC3,0x00,0xC3,0x00,
	0xC3,0x00,0xC3,0x00,0xC3,0x00,0xA3,0x00,0xA3,0x00,0xA3,0x00,0xA3,0x00,0xA3,0x00,0xA3,0x00,0xA2,0x00,
	0xA2,0x00,0xE4,0x00,0x45,0x01,0x66,0x01,0x45,0x01,0x45,0x01,0x45,0x01,0x45,0x01,0x45,0x01,0x25,0x01,
	0x25,0x01,0x25,0x01,0x26,0x09,0x26,0x09,0x06,0x09,0x46,0x09,0x67,0x09,0x87,0x09,0x88,0x09,0xA8,0x09,
	0x87,0x09,0x67,0x09,0x88,0x09,0xA9,0x11,0xA9,0x19,0xCA,0x19,0xEB,0x19,0xEB,0x19,0xCB,0x19,0xCB,0x21,
	0xCB,0x21,0xCB,0x21,0xCB,0x21,0xCB,0x21,0xCB,0x21,0xCB,0x21,0xCB,0x21,0xCB,0x21,0xCB,0x21,0xCB,0x21,
	0xAB,0x29,0xAB,0x29,0xAB,0x29,0xAB,0x29,0xAB,0x29,0xAB,0x29,0x8B,0x29,0x8B,0x29,0x8B,0x29,0x8B,0x29,
	0x8B,0x29,0x2A,0x19,0x2D,0x42,0x59,0xC6,0xDF,0xFF,0xFF,0xFF,0xFF,0xFF,0xFF,0xFF,0xDF,0xFF,0x59,0xC6,
	0x2D,0x4A,0x0A,0x21,0x6B,0x31,0x4B,0x31,0x4B,0x31,0x4B,0x31,0x4B,0x31,0x4C,0x31,0x4C,0x31,0x4C,0x31,
	0x4C,0x31,0x4C,0x31,0x2B,0x31,0x2B,0x31,0x2B,0x39,0x2B,0x39,0x2B,0x39,0x2B,0x39,0x2B,0x39,0x2B,0x39,
	0x0C,0x39,0x0C,0x39,0x0C,0x39,0x0C,0x39,0x0C,0x39,0x0C,0x39,0x0C,0x39,0x0B,0x39,0xEA,0x38,0xCA,0x30,
	0xC9,0x28,0xE9,0x28,0xA9,0x28,0xA9,0x28,0xA9,0x28,0xA8,0x28,0xA8,0x28,0xA7,0x20,0xA7,0x20,0x86,0x20,
	0x86,0x20,0x66,0x20,0x66,0x20,0x66,0x20,0x66,0x20,0x66,0x20,0x66,0x20,0x66,0x20,0x66,0x20,0x66,0x20,
	0x66,0x20,0x04,0x10,0x84,0x18,0xC8,0x39,0xD3,0x9C,0x1B,0xDF,0xF6,0xB5,0xCE,0x73,0x46,0x29,0x43,0x10,
	0x43,0x10,0x43,0x10,0x43,0x10,0x43,0x10,0x43,0x10,0x43,0x10,0x43,0x10,0x43,0x10,0x43,0x10,0x43,0x10,
	0x43,0x10,0x43,0x10,0x43,0x10,0x43,0x10,0x22,0x08,0x21,0x00,0x00,0x00,0x00,0x00,0x00,0x00,0x00,0x00,
	0x00,0x00,0x00,0x00,0x00,0x00,0x00,0x00,0x00,0x00,0x00,0x00,0x00,0x00,0x00,0x00,0x00,0x00,0x00,0x00,
	0x00,0x00,0x00,0x00,0x00,0x00,0x00,0x00,0x00,0x00,0x00,0x00,0x00,0x00,0x00,0x00,0x00,0x00,0x00,0x00,
	0x00,0x00,0x00,0x00,0x00,0x00,0x00,0x00,0x00,0x00,0xC3,0x18,0x29,0x4A,0xAB,0x5A,0xAB,0x5A,0x08,0x42,
	0x04,0x21,0x20,0x00,0x00,0x00,0x00,0x00,0x00,0x00,0x00,0x00,0x00,0x00,0x00,0x00,0x00,0x00,0x00,0x00,
	0x00,0x00,0x00,0x00,0x00,0x00,0x00,0x00,0x00,0x00,0x00,0x00,0x00,0x00,0x00,0x00,0x00,0x00,0x00,0x00,
	0x00,0x00,0x00,0x00,0x00,0x00,0x00,0x00,0x00,0x00,0x00,0x00,0x00,0x00,0x00,0x00,0x00,0x00,0x00,0x00,
	0x00,0x00,0x00,0x00,0x00,0x00,0x00,0x00,0x00,0x00,0x00,0x00,0x00,0x00,0x00,0x00,0x00,0x00,0x00,0x00,
	0x00,0x00,0x00,0x00,0x00,0x00,0x00,0x00,0x20,0x00,0x45,0x29,0x6A,0x52,0x2D,0x6B,0x6D,0x6B,0xEB,0x5A,
	0x04,0x21,0x00,0x00,0x00,0x00,0x00,0x00,0x00,0x00,0x00,0x00,0x00,0x00,0x00,0x00,0x00,0x00,0x00,0x00,
	0x00,0x00,0x00,0x00,0x00,0x00,0x00,0x00,0x00,0x00,0x00,0x00,0x00,0x00,0x00,0x00,0x00,0x00,0x00,0x00,
	0x00,0x00,0x00,0x00,0x00,0x00,0x00,0x00,0x00,0x00,0x00,0x00,0x00,0x00,0x00,0x00,0x00,0x00,0x20,0x00,
	0x61,0x00,0xC2,0x00,0xC3,0x00,0xC3,0x00,0xC3,0x00,0xC3,0x00,0xC3,0x00,0xC3,0x00,0xC3,0x00,0xC3,0x00,
	0xC3,0x00,0xC3,0x00,0xC3,0x00,0xC3,0x00,0xC3,0x00,0xC3,0x00,0xA3,0x00,0xA3,0x00,0xA3,0x00,0xA3,0x00,
	0xA3,0x00,0xA2,0x00,0xA2,0x00,0xE3,0x00,0x24,0x01,0x66,0x01,0x66,0x01,0x45,0x01,0x45,0x01,0x45,0x01,
	0x45,0x01,0x45,0x01,0x25,0x01,0x25,0x01,0x46,0x01,0x46,0x09,0x67,0x09,0x47,0x09,0x87,0x09,0xA8,0x09,
	0xA8,0x09,0xA8,0x09,0xA8,0x09,0x88,0x09,0x88,0x09,0xA9,0x11,0xCA,0x19,0xEA,0x19,0xEB,0x19,0xEB,0x19,
	0xEB,0x19,0xCB,0x19,0xCB,0x21,0xCB,0x21,0xCB,0x21,0xCB,0x21,0xCB,0x21,0xCB,0x21,0xCB,0x21,0xCB,0x21,
	0xCB,0x21,0xCB,0x21,0xCB,0x21,0xAB,0x29,0xAB,0x29,0xAB,0x29,0xAB,0x29,0xAB,0x29,0xAB,0x29,0x8B,0x29,
	0x8B,0x29,0x8B,0x29,0x8B,0x29,0x8B,0x29,0x29,0x19,0x4D,0x42,0xBB,0xCE,0xFF,0xFF,0xFF,0xFF,0xFF,0xFF,
	0xFF,0xFF,0xFF,0xFF,0x9B,0xD6,0x2D,0x4A,0xE9,0x20,0x6B,0x31,0x6B,0x31,0x4B,0x31,0x4B,0x31,0x4B,0x31,
	0x4C,0x31,0x4C,0x31,0x4C,0x31,0x4C,0x31,0x4C,0x31,0x2B,0x31,0x2B,0x31,0x2B,0x39,0x2B,0x39,0x2B,0x39,
	0x2B,0x39,0x0B,0x39,0x0B,0x39,0x0C,0x39,0x0C,0x39,0x0C,0x39,0x0C,0x39,0x0C,0x39,0x0C,0x39,0x0C,0x39,
	0x0C,0x39,0x0B,0x39,0xEB,0x38,0xCA,0x30,0xE9,0x30,0xC9,0x28,0xA9,0x28,0xC9,0x30,0xC9,0x30,0xA9,0x30,
	0xA8,0x28,0xA8,0x28,0x87,0x28,0x87,0x28,0x66,0x20,0x66,0x20,0x66,0x20,0x66,0x20,0x66,0x20,0x66,0x20,
	0x66,0x20,0x66,0x20,0x46,0x20,0x46,0x20,0x45,0x18,0xC9,0x41,0x51,0x8C,0x59,0xCE,0xFB,0xDE,0x30,0x84,
	0xA7,0x31,0x43,0x10,0x02,0x08,0x43,0x10,0x43,0x10,0x43,0x10,0x43,0x10,0x43,0x10,0x43,0x10,0x43,0x10,
	0x43,0x10,0x43,0x10,0x43,0x10,0x43,0x10,0x43,0x10,0x43,0x10,0x43,0x10,0x43,0x10,0x42,0x08,0x21,0x00,
	0x00,0x00,0x00,0x00,0x00,0x00,0x00,0x00,0x00,0x00,0x00,0x00,0x00,0x00,0x00,0x00,0x00,0x00,0x00,0x00,
	0x00,0x00,0x00,0x00,0x00,0x00,0x00,0x00,0x00,0x00,0x00,0x00,0x00,0x00,0x00,0x00,0x00,0x00,0x00,0x00,
	0x00,0x00,0x00,0x00,0x00,0x00,0x00,0x00,0x00,0x00,0x00,0x00,0x00,0x00,0x00,0x00,0x04,0x21,0xCB,0x5A,
	0x4D,0x6B,0x2D,0x6B,0x6A,0x52,0x45,0x29,0x20,0x00,0x00,0x00,0x00,0x00,0x00,0x00,0x00,0x00,0x00,0x00,
	0x00,0x00,0x00,0x00,0x00,0x00,0x00,0x00,0x00,0x00,0x00,0x00,0x00,0x00,0x00,0x00,0x00,0x00,0x00,0x00,
	0x00,0x00,0x00,0x00,0x00,0x00,0x00,0x00,0x00,0x00,0x00,0x00,0x00,0x00,0x00,0x00,0x00,0x00,0x00,0x00,
	0x00,0x00,0x00,0x00,0x00,0x00,0x00,0x00,0x00,0x00,0x00,0x00,0x00,0x00,0x00,0x00,0x00,0x00,0x00,0x00,
	0x00,0x00,0x00,0x00,0x00,0x00,0x00,0x00,0x00,0x00,0x00,0x00,0x00,0x00,0x20,0x00,0x25,0x29,0x49,0x4A,
	0xEC,0x62,0x0C,0x63,0xAA,0x52,0xE3,0x18,0x00,0x00,0x00,0x00,0x00,0x00,0x00,0x00,0x00,0x00,0x00,0x00,
	0x00,0x00,0x00,0x00,0x00,0x00,0x00,0x00,0x00,0x00,0x00,0x00,0x00,0x00,0x00,0x00,0x00,0x00,0x00,0x00,
	0x00,0x00,0x00,0x00,0x00,0x00,0x00,0x00,0x00,0x00,0x00,0x00,0x00,0x00,0x00,0x00,0x00,0x00,0x00,0x00,
	0x00,0x00,0x00,0x00,0x61,0x00,0xA2,0x00,0xC3,0x00,0xC3,0x00,0xC3,0x00,0xC3,0x00,0xC3,0x00,0xC3,0x00,
	0xC3,0x00,0xC3,0x00,0xC3,0x00,0xC3,0x00,0xC3,0x00,0xC3,0x00,0xC3,0x00,0xC3,0x00,0xC3,0x00,0xA3,0x00,
	0xA3,0x00,0xA3,0x00,0xA3,0x00,0xA3,0x00,0xA2,0x00,0xA2,0x00,0x04,0x01,0x65,0x01,0x66,0x01,0x66,0x01,
	0x45,0x01,0x45,0x01,0x45,0x01,0x45,0x01,0x45,0x01,0x46,0x01,0x47,0x01,0x67,0x09,0xA8,0x09,0xA8,0x09,
	0xA8,0x09,0xA8,0x09,0xA8,0x09,0x87,0x09,0x87,0x09,0x88,0x11,0x88,0x11,0xA9,0x11,0xCA,0x19,0xEB,0x19,
	0xEB,0x19,0xEB,0x19,0xEB,0x19,0xEB,0x19,0xCB,0x19,0xCB,0x21,0xCB,0x21,0xCB,0x21,0xCB,0x21,0xCB,0x21,
	0xCB,0x21,0xCB,0x21,0xCB,0x21,0xCB,0x21,0xCB,0x21,0xCB,0x21,0xAB,0x29,0xAB,0x29,0xAB,0x29,0xAB,0x29,
	0xAB,0x29,0xAB,0x29,0x8B,0x29,0x8B,0x29,0x8B,0x29,0x8B,0x29,0x8B,0x29,0x29,0x19,0x4D,0x42,0x9B,0xD6,
	0xFF,0xFF,0xFF,0xFF,0xFF,0xFF,0xFF,0xFF,0xFF,0xFF,0x9B,0xD6,0x2D,0x4A,0xE9,0x20,0x6B,0x31,0x6B,0x31,
	0x6B,0x31,0x4B,0x31,0x4B,0x31,0x4C,0x31,0x4C,0x31,0x4C,0x31,0x4C,0x31,0x4C,0x31,0x2B,0x31,0x2B,0x31,
	0x2B,0x39,0x2B,0x39,0x2B,0x39,0x0B,0x39,0x0B,0x39,0x0B,0x39,0x0C,0x39,0x0C,0x39,0x0C,0x39,0x0C,0x39,
	0x0C,0x39,0x0C,0x39,0x0C,0x39,0x0C,0x39,0x0C,0x39,0xEC,0x38,0xCB,0x38,0xCA,0x38,0xC9,0x30,0xC9,0x28,
	0xC9,0x28,0xC9,0x28,0xC9,0x30,0xA9,0x30,0xA9,0x30,0xA9,0x30,0xA9,0x30,0x87,0x28,0x87,0x20,0x87,0x20,
	0x66,0x20,0x66,0x20,0x66,0x20,0x66,0x20,0x65,0x20,0x45,0x20,0x86,0x20,0x49,0x31,0xB0,0x7B,0xDB,0xDE,
	0xBA,0xD6,0xD3,0x9C,0xE8,0x41,0x22,0x10,0x43,0x10,0x43,0x10,0x43,0x10,0x43,0x10,0x43,0x10,0x43,0x10,
	0x43,0x10,0x43,0x10,0x43,0x10,0x43,0x10,0x43,0x10,0x43,0x10,0x43,0x10,0x43,0x10,0x43,0x10,0x43,0x10,
	0x43,0x10,0x43,0x08,0x22,0x08,0x00,0x00,0x00,0x00,0x00,0x00,0x00,0x00,0x00,0x00,0x00,0x00,0x00,0x00,
	0x00,0x00,0x00,0x00,0x00,0x00,0x00,0x00,0x00,0x00,0x00,0x00,0x00,0x00,0x00,0x00,0x00,0x00,0x00,0x00,
	0x00,0x00,0x00,0x00,0x00,0x00,0x00,0x00,0x00,0x00,0x00,0x00,0x00,0x00,0x00,0x00,0x00,0x00,0x00,0x00,
	0x00,0x00,0xE3,0x18,0x8A,0x52,0x0C,0x63,0xEC,0x62,0x49,0x4A,0x25,0x29,0x20,0x00,0x00,0x00,0x00,0x00,
	0x00,0x00,0x00,0x00,0x00,0x00,0x00,0x00,0x00,0x00,0x00,0x00,0x00,0x00,0x00,0x00,0x00,0x00,0x00,0x00,
	0x00,0x00,0x00,0x00,0x00,0x00,0x00,0x00,0x00,0x00,0x00,0x00,0x00,0x00,0x00,0x00,0x00,0x00,0x00,0x00,
	0x00,0x00,0x00,0x00,0x00,0x00,0x00,0x00,0x00,0x00,0x00,0x00,0x00,0x00,0x00,0x00,0x00,0x00,0x00,0x00,
	0x00,0x00,0x00,0x00,0x00,0x00,0x00,0x00,0x00,0x00,0x00,0x00,0x00,0x00,0x00,0x00,0x00,0x00,0x00,0x00,
	0x00,0x00,0x82,0x10,0x24,0x21,0xA7,0x39,0xA6,0x31,0x45,0x29,0x82,0x10,0x00,0x00,0x00,0x00,0x00,0x00,
	0x00,0x00,0x00,0x00,0x00,0x00,0x00,0x00,0x00,0x00,0x00,0x00,0x00,0x00,0x00,0x00,0x00,0x00,0x00,0x00,
	0x00,0x00,0x00,0x00,0x00,0x00,0x00,0x00,0x00,0x00,0x00,0x00,0x00,0x00,0x00,0x00,0x00,0x00,0x00,0x00,
	0x00,0x00,0x00,0x00,0x00,0x00,0x00,0x00,0x20,0x00,0x82,0x00,0xC3,0x00,0xC3,0x00,0xC3,0x00,0xC3,0x00,
	0xC3,0x00,0xC3,0x00,0xC3,0x00,0xC3,0x00,0xC3,0x00,0xC3,0x00,0xC3,0x00,0xC3,0x00,0xC3,0x00,0xC3,0x00,
	0xC3,0x00,0xC3,0x00,0xA3,0x00,0xA3,0x00,0xA3,0x00,0xA3,0x00,0xA2,0x00,0xA3,0x00,0xC3,0x00,0x25,0x01,
	0x66,0x01,0x45,0x01,0x45,0x01,0x45,0x01,0x46,0x01,0x66,0x01,0x87,0x01,0x87,0x01,0x87,0x01,0x88,0x01,
	0xA8,0x09,0xA8,0x09,0xA8,0x09,0xA8,0x09,0xA8,0x09,0xA8,0x09,0x87,0x09,0x87,0x09,0xA9,0x11,0xCA,0x19,
	0xCA,0x19,0xEB,0x19,0xEB,0x19,0xEB,0x19,0xEB,0x19,0xEB,0x19,0xEB,0x19,0xCB,0x19,0xCB,0x21,0xCB,0x21,
	0xCB,0x21,0xCB,0x21,0xCB,0x21,0xCB,0x21,0xCB,0x21,0xCB,0x21,0xCB,0x21,0xCB,0x21,0xCB,0x21,0xAB,0x21,
	0xAB,0x29,0xAB,0x29,0xAB,0x29,0xAB,0x29,0xAB,0x29,0x8B,0x29,0x8B,0x29,0x8B,0x29,0x8B,0x29,0x8B,0x29,
	0x29,0x19,0x4D,0x42,0x9B,0xD6,0xFF,0xFF,0xFF,0xFF,0xFF,0xFF,0xFF,0xFF,0xFF,0xFF,0x9B,0xD6,0x2D,0x4A,
	0xE9,0x20,0x6B,0x31,0x6B,0x31,0x6B,0x31,0x4B,0x31,0x4B,0x31,0x4C,0x31,0x4C,0x31,0x4C,0x31,0x4C,0x31,
	0x4C,0x31,0x2B,0x31,0x2B,0x31,0x2B,0x39,0x2B,0x39,0x2B,0x39,0x2B,0x39,0x0B,0x39,0x0B,0x39,0x0C,0x39,
	0x0C,0x39,0x0C,0x39,0x0C,0x39,0x0C,0x39,0x0C,0x39,0x0C,0x39,0x0C,0x39,0x0C,0x39,0xEC,0x38,0xEC,0x38,
	0xCB,0x38,0xCB,0x38,0xCA,0x30,0xC9,0x28,0xC9,0x28,0xA9,0x28,0xA9,0x28,0xA9,0x28,0xC9,0x28,0xA9,0x28,
	0xA8,0x30,0xA8,0x28,0xA8,0x28,0x88,0x28,0x88,0x28,0x87,0x28,0x66,0x28,0x45,0x20,0x44,0x18,0x27,0x31,
	0x31,0x8C,0x18,0xBE,0xB9,0xD6,0xB2,0x94,0x09,0x42,0xA4,0x18,0x02,0x08,0x43,0x10,0x43,0x10,0x43,0x10,
	0x43,0x10,0x43,0x10,0x43,0x10,0x43,0x10,0x43,0x10,0x43,0x10,0x43,0x10,0x43,0x10,0x43,0x10,0x43,0x10,
	0x43,0x10,0x43,0x10,0x43,0x10,0x43,0x10,0x43,0x10,0x22,0x08,0x01,0x00,0x00,0x00,0x00,0x00,0x00,0x00,
	0x00,0x00,0x00,0x00,0x00,0x00,0x00,0x00,0x00,0x00,0x00,0x00,0x00,0x00,0x00,0x00,0x00,0x00,0x00,0x00,
	0x00,0x00,0x00,0x00,0x00,0x00,0x00,0x00,0x00,0x00,0x00,0x00,0x00,0x00,0x00,0x00,0x00,0x00,0x00,0x00,
	0x00,0x00,0x00,0x00,0x00,0x00,0x00,0x00,0x62,0x10,0x25,0x29,0xA6,0x31,0xA7,0x39,0x24,0x21,0x82,0x10,
	0x00,0x00,0x00,0x00,0x00,0x00,0x00,0x00,0x00,0x00,0x00,0x00,0x00,0x00,0x00,0x00,0x00,0x00,0x00,0x00,
	0x00,0x00,0x00,0x00,0x00,0x00,0x00,0x00,0x00,0x00,0x00,0x00,0x00,0x00,0x00,0x00,0x00,0x00,0x00,0x00,
	0x00,0x00,0x00,0x00,0x00,0x00,0x00,0x00,0x00,0x00,0x00,0x00,0x00,0x00,0x00,0x00,0x00,0x00,0x00,0x00,
	0x00,0x00,0x00,0x00,0x00,0x00,0x00,0x00,0x00,0x00,0x00,0x00,0x00,0x00,0x00,0x00,0x00,0x00,0x00,0x00,
	0x00,0x00,0x00,0x00,0x00,0x00,0x00,0x00,0x00,0x00,0x20,0x00,0x82,0x10,0x62,0x10,0x40,0x00,0x00,0x00,
	0x00,0x00,0x00,0x00,0x00,0x00,0x00,0x00,0x00,0x00,0x00,0x00,0x00,0x00,0x00,0x00,0x00,0x00,0x00,0x00,
	0x00,0x00,0x00,0x00,0x00,0x00,0x00,0x00,0x00,0x00,0x00,0x00,0x00,0x00,0x00,0x00,0x00,0x00,0x00,0x00,
	0x00,0x00,0x00,0x00,0x00,0x00,0x00,0x00,0x00,0x00,0x00,0x00,0x20,0x00,0x41,0x00,0xA2,0x00,0xC3,0x00,
	0xC3,0x00,0xC3,0x00,0xC3,0x00,0xC3,0x00,0xC3,0x00,0xC3,0x00,0xC3,0x00,0xC3,0x00,0xC3,0x00,0xC3,0x00,
	0xC3,0x00,0xC3,0x00,0xC3,0x00,0xC3,0x00,0xC3,0x00,0xA3,0x00,0xA3,0x00,0xA3,0x00,0xA3,0x00,0xA2,0x00,
	0xC3,0x00,0x04,0x01,0x46,0x01,0x66,0x01,0x45,0x01,0x45,0x01,0x45,0x01,0x86,0x01,0xA8,0x01,0xA8,0x09,
	0xA8,0x09,0xA8,0x01,0xC8,0x01,0xC8,0x09,0xA8,0x09,0xA8,0x09,0xA8,0x09,0xA8,0x09,0x88,0x09,0x88,0x09,
	0xA8,0x11,0xCA,0x19,0xEB,0x19,0xEB,0x19,0xEB,0x19,0xEB,0x19,0xEB,0x19,0xEB,0x19,0xEB,0x19,0xEB,0x19,
	0xCB,0x19,0xCB,0x21,0xCB,0x21,0xCB,0x21,0xCB,0x21,0xCB,0x21,0xCB,0x21,0xCB,0x21,0xCB,0x21,0xCB,0x21,
	0xCB,0x21,0xCB,0x21,0xAB,0x21,0xAB,0x29,0xAB,0x29,0xAB,0x29,0xAB,0x29,0xAB,0x29,0x8B,0x29,0x8B,0x29,
	0x8B,0x29,0x8B,0x29,0x8B,0x29,0x29,0x19,0x4D,0x42,0x9B,0xD6,0xFF,0xFF,0xFF,0xFF,0xFF,0xFF,0xFF,0xFF,
	0xFF,0xFF,0x9B,0xD6,0x2D,0x4A,0xE9,0x20,0x6B,0x31,0x6B,0x31,0x6B,0x31,0x4B,0x31,0x4B,0x31,0x4C,0x31,
	0x4C,0x31,0x4C,0x31,0x4C,0x31,0x4C,0x31,0x2B,0x31,0x2B,0x31,0x2B,0x39,0x2B,0x39,0x2B,0x39,0x2B,0x39,
	0x2B,0x39,0x0B,0x39,0x0C,0x39,0x0C,0x39,0x0C,0x39,0x0C,0x39,0x0C,0x39,0x0C,0x39,0x0C,0x39,0x0C,0x39,
	0x0C,0x39,0xEC,0x38,0xEC,0x38,0xEC,0x38,0xCC,0x38,0xCB,0x38,0xCA,0x38,0xC9,0x30,0xA9,0x28,0xA9,0x28,
	0xC9,0x28,0xC9,0x28,0xC9,0x28,0xA9,0x30,0xA9,0x30,0xA9,0x30,0xA9,0x30,0xA9,0x30,0xA9,0x30,0x87,0x28,
	0x66,0x20,0x27,0x31,0xCB,0x62,0x78,0xCE,0x1B,0xDF,0x13,0x9D,0x6A,0x4A,0x21,0x00,0x22,0x08,0x43,0x10,
	0x43,0x10,0x43,0x10,0x43,0x10,0x43,0x10,0x43,0x10,0x43,0x10,0x43,0x10,0x43,0x10,0x43,0x10,0x43,0x10,
	0x43,0x10,0x43,0x10,0x43,0x10,0x43,0x10,0x43,0x10,0x43,0x10,0x43,0x10,0x43,0x10,0x43,0x10,0x22,0x08,
	0x01,0x00,0x00,0x00,0x00,0x00,0x00,0x00,0x00,0x00,0x00,0x00,0x00,0x00,0x00,0x00,0x00,0x00,0x00,0x00,
	0x00,0x00,0x00,0x00,0x00,0x00,0x00,0x00,0x00,0x00,0x00,0x00,0x00,0x00,0x00,0x00,0x00,0x00,0x00,0x00,
	0x00,0x00,0x00,0x00,0x00,0x00,0x00,0x00,0x00,0x00,0x00,0x00,0x00,0x00,0x00,0x00,0x20,0x00,0x62,0x10,
	0x82,0x10,0x20,0x00,0x00,0x00,0x00,0x00,0x00,0x00,0x00,0x00,0x00,0x00,0x00,0x00,0x00,0x00,0x00,0x00,
	0x00,0x00,0x00,0x00,0x00,0x00,0x00,0x00,0x00,0x00,0x00,0x00,0x00,0x00,0x00,0x00,0x00,0x00,0x00,0x00,
	0x00,0x00,0x00,0x00,0x00,0x00,0x00,0x00,0x00,0x00,0x00,0x00,0x00,0x00,0x00,0x00,0x00,0x00,0x00,0x00,
	0x00,0x00,0x00,0x00,0x00,0x00,0x00,0x00,0x00,0x00,0x00,0x00,0x00,0x00,0x00,0x00,0x00,0x00,0x00,0x00,
	0x00,0x00,0x00,0x00,0x00,0x00,0x00,0x00,0x00,0x00,0x00,0x00,0x00,0x00,0x00,0x00,0x00,0x00,0x20,0x00,
	0x00,0x00,0x00,0x00,0x00,0x00,0x00,0x00,0x00,0x00,0x00,0x00,0x00,0x00,0x00,0x00,0x00,0x00,0x00,0x00,
	0x00,0x00,0x00,0x00,0x00,0x00,0x00,0x00,0x00,0x00,0x00,0x00,0x00,0x00,0x00,0x00,0x00,0x00,0x00,0x00,
	0x00,0x00,0x00,0x00,0x00,0x00,0x00,0x00,0x00,0x00,0x00,0x00,0x00,0x00,0x00,0x00,0x00,0x00,0x21,0x00,
	0x83,0x00,0xA3,0x00,0xC3,0x00,0xC3,0x00,0xC3,0x00,0xC3,0x00,0xC3,0x00,0xC3,0x00,0xC3,0x00,0xC3,0x00,
	0xC3,0x00,0xC3,0x00,0xC3,0x00,0xC3,0x00,0xC3,0x00,0xC3,0x00,0xC3,0x00,0xC3,0x00,0xA3,0x00,0xA3,0x00,
	0xA3,0x00,0xA3,0x00,0x82,0x00,0xE3,0x00,0x25,0x01,0x66,0x01,0x66,0x01,0x86,0x01,0xA7,0x01,0xA7,0x09,
	0xC8,0x09,0xC8,0x09,0xC8,0x09,0xC8,0x09,0xA8,0x09,0xA8,0x09,0xA8,0x09,0xA8,0x09,0xA8,0x09,0xA8,0x09,
	0xA8,0x09,0xA8,0x11,0xC9,0x11,0xEA,0x19,0xEB,0x19,0xEB,0x19,0xEB,0x19,0xEB,0x19,0xEB,0x19,0xEB,0x19,
	0xEB,0x19,0xEB,0x19,0xEB,0x19,0xCB,0x19,0xCB,0x21,0xCB,0x21,0xCB,0x21,0xCB,0x21,0xCB,0x21,0xCB,0x21,
	0xCB,0x21,0xCB,0x21,0xCB,0x21,0xCB,0x21,0xCB,0x21,0xAB,0x29,0xAB,0x29,0xAB,0x29,0xAB,0x29,0xAB,0x29,
	0xAB,0x29,0x8B,0x29,0x8B,0x29,0x8B,0x29,0x8B,0x29,0x8B,0x29,0x29,0x19,0x4D,0x42,0x9B,0xD6,0xFF,0xFF,
	0xFF,0xFF,0xFF,0xFF,0xFF,0xFF,0xFF,0xFF,0x9B,0xD6,0x2D,0x4A,0x09,0x21,0x6B,0x31,0x4B,0x31,0x4B,0x31,
	0x4B,0x31,0x4B,0x31,0x4C,0x31,0x4C,0x31,0x4C,0x31,0x4C,0x31,0x4C,0x31,0x2B,0x31,0x2B,0x31,0x2B,0x39,
	0x2B,0x39,0x2B,0x39,0x0B,0x39,0x0B,0x39,0x0B,0x39,0x0C,0x39,0x0C,0x39,0x0C,0x39,0x0C,0x39,0x0C,0x39,
	0x0C,0x39,0x0C,0x39,0x0C,0x39,0x0C,0x39,0xEC,0x38,0xEC,0x38,0xEC,0x38,0xEC,0x40,0xEC,0x40,0xCB,0x40,
	0xAA,0x38,0xAA,0x30,0xA9,0x28,0xC9,0x28,0xA9,0x28,0xA9,0x28,0xA9,0x30,0xA9,0x30,0xA9,0x30,0xA9,0x30,
	0xA9,0x30,0xA9,0x30,0x88,0x28,0xC7,0x28,0x8F,0x73,0xF7,0xBD,0xFA,0xDE,0x76,0xB5,0x4B,0x52,0xC5,0x20,
	0x22,0x08,0x23,0x08,0x43,0x08,0x43,0x10,0x43,0x10,0x43,0x10,0x43,0x10,0x43,0x10,0x43,0x10,0x43,0x10,
	0x43,0x10,0x43,0x10,0x43,0x10,0x43,0x10,0x43,0x10,0x43,0x10,0x43,0x10,0x43,0x10,0x43,0x10,0x43,0x10,
	0x43,0x10,0x43,0x10,0x43,0x10,0x02,0x08,0x00,0x00,0x00,0x00,0x00,0x00,0x00,0x00,0x00,0x00,0x00,0x00,
	0x00,0x00,0x00,0x00,0x00,0x00,0x00,0x00,0x00,0x00,0x00,0x00,0x00,0x00,0x00,0x00,0x00,0x00,0x00,0x00,
	0x00,0x00,0x00,0x00,0x00,0x00,0x00,0x00,0x00,0x00,0x00,0x00,0x00,0x00,0x00,0x00,0x00,0x00,0x00,0x00,
	0x00,0x00,0x00,0x00,0x00,0x00,0x20,0x00,0x00,0x00,0x00,0x00,0x00,0x00,0x00,0x00,0x00,0x00,0x00,0x00,
	0x00,0x00,0x00,0x00,0x00,0x00,0x00,0x00,0x00,0x00,0x00,0x00,0x00,0x00,0x00,0x00,0x00,0x00,0x00,0x00,
	0x00,0x00,0x00,0x00,0x00,0x00,0x00,0x00,0x00,0x00,0x00,0x00,0x00,0x00,0x00,0x00,0x00,0x00,0x00,0x00,
	0x00,0x00,0x00,0x00,0x00,0x00,0x00,0x00,0x00,0x00,0x00,0x00,0x00,0x00,0x00,0x00,0x00,0x00,0x00,0x00,
	0x00,0x00,0x00,0x00,0x00,0x00,0x00,0x00,0x00,0x00,0x00,0x00,0x00,0x00,0x00,0x00,0x00,0x00,0x00,0x00,
	0x00,0x00,0x00,0x00,0x00,0x00,0x00,0x00,0x00,0x00,0x00,0x00,0x00,0x00,0x00,0x00,0x00,0x00,0x00,0x00,
	0x00,0x00,0x00,0x00,0x00,0x00,0x00,0x00,0x00,0x00,0x00,0x00,0x00,0x00,0x00,0x00,0x00,0x00,0x00,0x00,
	0x00,0x00,0x00,0x00,0x00,0x00,0x00,0x00,0x00,0x00,0x00,0x00,0x00,0x00,0x00,0x00,0x00,0x00,0x00,0x00,
	0x00,0x00,0x20,0x00,0x62,0x00,0xA3,0x00,0xC3,0x00,0xC3,0x00,0xC3,0x00,0xC3,0x00,0xC3,0x00,0xC3,0x00,
	0xC3,0x00,0xC3,0x00,0xC3,0x00,0xC3,0x00,0xC3,0x00,0xC3,0x00,0xC3,0x00,0xC3,0x00,0xC3,0x00,0xC3,0x00,
	0xC3,0x00,0xA3,0x00,0xA3,0x00,0xA3,0x00,0xA2,0x00,0xA2,0x00,0x04,0x01,0x86,0x01,0x86,0x01,0x87,0x01,
	0xA7,0x01,0xC8,0x09,0xC8,0x09,0xC8,0x09,0xC8,0x09,0xC8,0x09,0xC8,0x09,0xA8,0x09,0xA8,0x09,0xA8,0x09,
	0xA8,0x09,0xA8,0x09,0xA8,0x09,0xC8,0x09,0xC9,0x11,0xEA,0x19,0x0B,0x1A,0xEB,0x19,0xEB,0x19,0xEB,0x19,
	0xEB,0x19,0xEB,0x19,0xEB,0x19,0xEB,0x19,0xEB,0x19,0xEB,0x19,0xCB,0x19,0xCB,0x21,0xCB,0x21,0xCB,0x21,
	0xCB,0x21,0xCB,0x21,0xCB,0x21,0xCB,0x21,0xCB,0x21,0xCB,0x21,0xCB,0x21,0xCB,0x21,0xAB,0x29,0xAB,0x29,
	0xAB,0x29,0xAB,0x29,0xAB,0x29,0x8B,0x29,0x6A,0x21,0x6A,0x21,0x6A,0x21,0x6B,0x21,0x6B,0x21,0x09,0x11,
	0x2D,0x3A,0x9B,0xCE,0xFF,0xFF,0xFF,0xFF,0xFF,0xFF,0xFF,0xFF,0xFF,0xFF,0x9B,0xD6,0x0D,0x42,0xE9,0x20,
	0x6B,0x29,0x4B,0x31,0x4B,0x31,0x4B,0x31,0x2B,0x31,0x2B,0x29,0x2B,0x29,0x4C,0x31,0x4C,0x31,0x4C,0x31,
	0x2B,0x31,0x2B,0x39,0x2B,0x39,0x2B,0x39,0x2B,0x39,0x0B,0x39,0x0B,0x39,0x0B,0x39,0x0C,0x39,0x0C,0x39,
	0x0C,0x39,0x0C,0x39,0x0C,0x39,0x0C,0x39,0x0C,0x39,0x0C,0x39,0x0C,0x39,0xEC,0x38,0xEC,0x38,0xEC,0x38,
	0xEC,0x40,0xEC,0x40,0xCC,0x40,0xCB,0x40,0xAB,0x38,0xCA,0x30,0xC9,0x28,0xA9,0x28,0x89,0x28,0xA9,0x30,
	0xA9,0x30,0xA9,0x30,0xA9,0x30,0x89,0x30,0x67,0x20,0x29,0x39,0xCD,0x62,0x96,0xB5,0x3B,0xDF,0x96,0xB5,
	0x50,0x7B,0xC8,0x30,0x25,0x18,0x44,0x10,0x43,0x08,0x42,0x08,0x43,0x08,0x43,0x10,0x43,0x10,0x43,0x10,
	0x43,0x10,0x43,0x10,0x43,0x10,0x43,0x10,0x43,0x10,0x43,0x10,0x43,0x10,0x43,0x10,0x43,0x10,0x43,0x10,
	0x43,0x10,0x43,0x10,0x43,0x10,0x43,0x10,0x43,0x10,0x43,0x10,0x22,0x08,0x01,0x00,0x00,0x00,0x00,0x00,
	0x00,0x00,0x00,0x00,0x00,0x00,0x00,0x00,0x00,0x00,0x00,0x00,0x00,0x00,0x00,0x00,0x00,0x00,0x00,0x00,
	0x00,0x00,0x00,0x00,0x00,0x00,0x00,0x00,0x00,0x00,0x00,0x00,0x00,0x00,0x00,0x00,0x00,0x00,0x00,0x00,
	0x00,0x00,0x00,0x00,0x00,0x00,0x00,0x00,0x00,0x00,0x00,0x00,0x00,0x00,0x00,0x00,0x00,0x00,0x00,0x00,
	0x00,0x00,0x00,0x00,0x00,0x00,0x00,0x00,0x00,0x00,0x00,0x00,0x00,0x00,0x00,0x00,0x00,0x00,0x00,0x00,
	0x00,0x00,0x00,0x00,0x00,0x00,0x00,0x00,0x00,0x00,0x00,0x00,0x00,0x00,0x00,0x00,0x00,0x00,0x00,0x00,
	0x00,0x00,0x00,0x00,0x00,0x00,0x00,0x00,0x00,0x00,0x00,0x00,0x00,0x00,0x00,0x00,0x00,0x00,0x00,0x00,
	0x00,0x00,0x00,0x00,0x00,0x00,0x00,0x00,0x00,0x00,0x00,0x00,0x00,0x00,0x00,0x00,0x00,0x00,0x00,0x00,
	0x00,0x00,0x00,0x00,0x00,0x00,0x00,0x00,0x00,0x00,0x00,0x00,0x00,0x00,0x00,0x00,0x00,0x00,0x00,0x00,
	0x00,0x00,0x00,0x00,0x00,0x00,0x00,0x00,0x00,0x00,0x00,0x00,0x00,0x00,0x00,0x00,0x00,0x00,0x00,0x00,
	0x00,0x00,0x00,0x00,0x00,0x00,0x00,0x00,0x00,0x00,0x00,0x00,0x00,0x00,0x00,0x00,0x00,0x00,0x00,0x00,
	0x00,0x00,0x00,0x00,0x00,0x00,0x00,0x00,0x41,0x00,0x82,0x00,0xC3,0x00,0xC3,0x00,0xC3,0x00,0xC3,0x00,
	0xC3,0x00,0xC3,0x00,0xC3,0x00,0xC3,0x00,0xC3,0x00,0xC3,0x00,0xC3,0x00,0xC3,0x00,0xC3,0x00,0xC3,0x00,
	0xC3,0x00,0xC3,0x00,0xC3,0x00,0xC3,0x00,0xA2,0x00,0xA2,0x00,0xA2,0x00,0xA2,0x00,0xE4,0x00,0x66,0x01,
	0xC8,0x01,0xC8,0x01,0xC8,0x01,0xC8,0x09,0xC8,0x09,0xC8,0x09,0xC8,0x09,0xC8,0x09,0xC8,0x09,0xC8,0x09,
	0xA8,0x09,0xA8,0x09,0xA8,0x09,0xA8,0x09,0xA8,0x09,0xC9,0x09,0xE9,0x11,0xEA,0x19,0xEB,0x19,0xEB,0x19,
	0xEB,0x19,0xEB,0x19,0xEB,0x19,0xEB,0x19,0xEB,0x19,0xEB,0x19,0xEB,0x19,0xEB,0x19,0xEB,0x19,0xCB,0x19,
	0xCB,0x21,0xCB,0x21,0xCB,0x21,0xCB,0x21,0xCB,0x21,0xCB,0x21,0xCB,0x21,0xCB,0x21,0xCB,0x21,0xCB,0x21,
	0xCB,0x21,0xAB,0x21,0xAB,0x29,0xAB,0x29,0x8B,0x29,0x8B,0x29,0x8B,0x29,0x6B,0x21,0x6A,0x21,0x6A,0x21,
	0x6B,0x21,0x8C,0x21,0x0A,0x19,0x4E,0x3A,0x9B,0xCE,0xFF,0xFF,0xFF,0xFF,0xFF,0xFF,0xFF,0xFF,0xFF,0xFF,
	0x9B,0xD6,0x2F,0x42,0xEB,0x20,0x6C,0x31,0x6C,0x31,0x6C,0x31,0x4B,0x31,0x2B,0x31,0x2B,0x29,0x2B,0x31,
	0x4B,0x31,0x4B,0x31,0x4B,0x31,0x2B,0x39,0x2B,0x39,0x2B,0x39,0x2B,0x39,0x2B,0x39,0x2B,0x39,0x2B,0x39,
	0x0B,0x39,0x0C,0x39,0x0C,0x39,0x0C,0x39,0x0C,0x39,0x0C,0x39,0x0C,0x39,0x0C,0x39,0x0C,0x39,0x0C,0x39,
	0xEC,0x38,0xEC,0x38,0xEC,0x38,0xEC,0x40,0xEC,0x40,0xEC,0x40,0xEC,0x40,0xEC,0x40,0xCB,0x38,0xCA,0x38,
	0x88,0x30,0x88,0x30,0xA9,0x30,0xA9,0x30,0xA9,0x30,0xA9,0x30,0x88,0x28,0x44,0x18,0x6B,0x52,0xB7,0xBD,
	0xFB,0xDE,0x58,0xC6,0xCE,0x6A,0x09,0x39,0xA9,0x30,0x67,0x28,0x65,0x20,0x43,0x10,0x42,0x08,0x42,0x08,
	0x42,0x08,0x43,0x08,0x43,0x10,0x43,0x10,0x43,0x10,0x43,0x10,0x43,0x10,0x43,0x10,0x43,0x10,0x43,0x10,
	0x43,0x10,0x43,0x10,0x43,0x10,0x43,0x10,0x43,0x10,0x43,0x10,0x43,0x10,0x43,0x10,0x43,0x10,0x43,0x08,
	0x42,0x08,0x00,0x00,0x00,0x00,0x00,0x00,0x00,0x00,0x00,0x00,0x00,0x00,0x00,0x00,0x00,0x00,0x00,0x00,
	0x00,0x00,0x00,0x00,0x00,0x00,0x00,0x00,0x00,0x00,0x00,0x00,0x00,0x00,0x00,0x00,0x00,0x00,0x00,0x00,
	0x00,0x00,0x00,0x00,0x00,0x00,0x00,0x00,0x00,0x00,0x00,0x00,0x00,0x00,0x00,0x00,0x00,0x00,0x00,0x00,
	0x00,0x00,0x00,0x00,0x00,0x00,0x00,0x00,0x00,0x00,0x00,0x00,0x00,0x00,0x00,0x00,0x00,0x00,0x00,0x00,
	0x00,0x00,0x00,0x00,0x00,0x00,0x00,0x00,0x00,0x00,0x00,0x00,0x00,0x00,0x00,0x00,0x00,0x00,0x00,0x00,
	0x00,0x00,0x00,0x00,0x00,0x00,0x00,0x00,0x00,0x00,0x00,0x00,0x00,0x00,0x00,0x00,0x00,0x00,0x00,0x00,
	0x00,0x00,0x00,0x00,0x00,0x00,0x00,0x00,0x00,0x00,0x00,0x00,0x00,0x00,0x00,0x00,0x00,0x00,0x00,0x00,
	0x00,0x00,0x00,0x00,0x00,0x00,0x00,0x00,0x00,0x00,0x00,0x00,0x00,0x00,0x00,0x00,0x00,0x00,0x00,0x00,
	0x00,0x00,0x00,0x00,0x00,0x00,0x00,0x00,0x00,0x00,0x00,0x00,0x00,0x00,0x00,0x00,0x00,0x00,0x00,0x00,
	0x00,0x00,0x00,0x00,0x00,0x00,0x00,0x00,0x00,0x00,0x00,0x00,0x00,0x00,0x00,0x00,0x00,0x00,0x00,0x00,
	0x00,0x00,0x00,0x00,0x00,0x00,0x00,0x00,0x00,0x00,0x00,0x00,0x20,0x00,0x81,0x00,0xA2,0x00,0xC3,0x00,
	0xC3,0x00,0xC3,0x00,0xC3,0x00,0xC3,0x00,0xC3,0x00,0xC3,0x00,0xC3,0x00,0xC3,0x00,0xC3,0x00,0xC3,0x00,
	0xC3,0x00,0xC3,0x00,0xC3,0x00,0xC3,0x00,0xA3,0x00,0xA2,0x00,0xA2,0x00,0xA2,0x00,0xC2,0x00,0xC3,0x00,
	0x04,0x01,0x66,0x01,0xC7,0x01,0xE8,0x01,0xE8,0x01,0xC8,0x01,0xC8,0x01,0xC8,0x09,0xC8,0x09,0xC8,0x09,
	0xC8,0x09,0xC8,0x09,0xC8,0x09,0xA8,0x09,0xA8,0x09,0xA8,0x09,0xA8,0x09,0xC9,0x09,0xEA,0x11,0xEA,0x19,
	0x0B,0x1A,0xEB,0x19,0xEB,0x19,0xEB,0x19,0xEB,0x19,0xEB,0x19,0xEB,0x19,0xEB,0x19,0xEB,0x19,0xEB,0x19,
	0xEB,0x19,0xEB,0x19,0xCB,0x19,0xCB,0x21,0xCB,0x21,0xCB,0x21,0xCB,0x21,0xCB,0x21,0xCB,0x21,0xCB,0x21,
	0xCB,0x21,0xCB,0x21,0xCB,0x21,0xCB,0x21,0xAB,0x21,0xAB,0x21,0xAB,0x21,0x8B,0x21,0xAB,0x29,0x2D,0x3A,
	0x91,0x6B,0x53,0x84,0x13,0x7C,0x13,0x7C,0x33,0x7C,0xF3,0x73,0x95,0x8C,0x3D,0xE7,0xFF,0xFF,0xFF,0xFF,
	0xFF,0xFF,0xFF,0xFF,0xFF,0xFF,0x3D,0xE7,0xB6,0x94,0x72,0x6B,0xF1,0x5A,0x0E,0x42,0x6C,0x31,0x4C,0x31,
	0x2E,0x4A,0x71,0x73,0xCF,0x62,0xCC,0x41,0x4B,0x31,0x2B,0x31,0x2B,0x31,0x2B,0x39,0x2B,0x39,0x2B,0x39,
	0x2B,0x39,0x2B,0x39,0x2B,0x39,0x0B,0x39,0x0C,0x39,0x0C,0x39,0x0C,0x39,0x0C,0x39,0x0C,0x39,0x0C,0x39,
	0x0C,0x39,0x0C,0x39,0x0C,0x39,0xEC,0x38,0xEC,0x38,0xEC,0x38,0xEC,0x40,0xEC,0x40,0xEC,0x40,0xEC,0x40,
	0xEC,0x40,0xEC,0x40,0xCB,0x40,0xA9,0x38,0xA9,0x30,0xA9,0x28,0xA9,0x30,0xA9,0x30,0x47,0x20,0xC7,0x30,
	0x8B,0x5A,0xF3,0x9C,0x1B,0xDF,0xB5,0xB5,0x6E,0x73,0x6A,0x41,0x68,0x28,0xA9,0x30,0x89,0x30,0x68,0x30,
	0x65,0x20,0x63,0x10,0x63,0x08,0x43,0x08,0x42,0x08,0x43,0x08,0x43,0x08,0x43,0x10,0x43,0x10,0x43,0x10,
	0x43,0x10,0x43,0x10,0x43,0x10,0x43,0x10,0x43,0x10,0x43,0x10,0x43,0x10,0x43,0x10,0x43,0x10,0x43,0x10,
	0x43,0x10,0x43,0x10,0x43,0x08,0x42,0x08,0x00,0x00,0x00,0x00,0x00,0x00,0x00,0x00,0x00,0x00,0x00,0x00,
	0x00,0x00,0x00,0x00,0x00,0x00,0x00,0x00,0x00,0x00,0x00,0x00,0x00,0x00,0x00,0x00,0x00,0x00,0x00,0x00,
	0x00,0x00,0x00,0x00,0x00,0x00,0x00,0x00,0x00,0x00,0x00,0x00,0x00,0x00,0x00,0x00,0x00,0x00,0x00,0x00,
	0x00,0x00,0x00,0x00,0x00,0x00,0x00,0x00,0x00,0x00,0x00,0x00,0x00,0x00,0x00,0x00,0x00,0x00,0x00,0x00,
	0x00,0x00,0x00,0x00,0x00,0x00,0x00,0x00,0x00,0x00,0x00,0x00,0x00,0x00,0x00,0x00,0x00,0x00,0x00,0x00,
	0x00,0x00,0x00,0x00,0x00,0x00,0x00,0x00,0x00,0x00,0x00,0x00,0x00,0x00,0x00,0x00,0x00,0x00,0x00,0x00,
	0x00,0x00,0x00,0x00,0x00,0x00,0x00,0x00,0x00,0x00,0x00,0x00,0x00,0x00,0x00,0x00,0x00,0x00,0x00,0x00,
	0x00,0x00,0x00,0x00,0x00,0x00,0x00,0x00,0x00,0x00,0x00,0x00,0x00,0x00,0x00,0x00,0x00,0x00,0x00,0x00,
	0x00,0x00,0x00,0x00,0x00,0x00,0x00,0x00,0x00,0x00,0x00,0x00,0x00,0x00,0x00,0x00,0x00,0x00,0x00,0x00,
	0x00,0x00,0x00,0x00,0x00,0x00,0x00,0x00,0x00,0x00,0x00,0x00,0x00,0x00,0x00,0x00,0x00,0x00,0x00,0x00,
	0x00,0x00,0x00,0x00,0x00,0x00,0x00,0x00,0x00,0x00,0x00,0x00,0x00,0x00,0x00,0x00,0x00,0x00,0x20,0x00,
	0x82,0x00,0xC3,0x00,0xC3,0x00,0xC3,0x00,0xC3,0x00,0xC3,0x00,0xC3,0x00,0xC3,0x00,0xC3,0x00,0xC3,0x00,
	0xC3,0x00,0xC3,0x00,0xC3,0x00,0xC3,0x00,0xC3,0x00,0xC3,0x00,0xC3,0x00,0xA2,0x00,0xA2,0x00,0xA2,0x00,
	0xC3,0x00,0xE3,0x00,0x04,0x01,0x66,0x01,0xE8,0x01,0x08,0x02,0xE8,0x01,0xC8,0x01,0xC8,0x01,0xC8,0x01,
	0xC8,0x01,0xC8,0x09,0xC8,0x09,0xC8,0x09,0xC8,0x09,0xC8,0x09,0xA8,0x09,0xA8,0x09,0xA8,0x09,0xC9,0x09,
	0xEA,0x11,0xEB,0x19,0x0B,0x1A,0x0B,0x1A,0xEB,0x19,0xEB,0x19,0xEB,0x19,0xEB,0x19,0xEB,0x19,0xEB,0x19,
	0xEB,0x19,0xEB,0x19,0xEB,0x19,0xEB,0x19,0xEB,0x19,0xCB,0x19,0xCB,0x21,0xCB,0x21,0xCB,0x21,0xCB,0x21,
	0xCB,0x21,0xCB,0x21,0xCB,0x21,0xCB,0x21,0xCB,0x21,0xCB,0x21,0xCB,0x21,0xAB,0x21,0xAB,0x21,0xAB,0x21,
	0x8B,0x21,0xEC,0x29,0xF0,0x52,0xB8,0xB5,0x1C,0xDF,0x5B,0xC6,0xFA,0xBD,0x19,0xBE,0xF8,0xB5,0x3A,0xC6,
	0x9E,0xEF,0xFF,0xFF,0xFF,0xFF,0xFF,0xFF,0xFF,0xFF,0xFF,0xFF,0x9E,0xF7,0x7B,0xCE,0x99,0xB5,0xD7,0x9C,
	0xF2,0x62,0xAD,0x39,0x4C,0x31,0x11,0x6B,0xD9,0xC5,0x75,0x94,0x6E,0x52,0x6C,0x39,0x0B,0x31,0x2B,0x31,
	0x2B,0x31,0x2B,0x39,0x2B,0x39,0x2B,0x39,0x2B,0x39,0x2B,0x39,0x2B,0x39,0x0C,0x39,0x0C,0x39,0x0C,0x39,
	0x0C,0x39,0x0C,0x39,0x0C,0x39,0x0C,0x39,0x0C,0x39,0x0C,0x39,0xEC,0x38,0xEC,0x38,0xEC,0x38,0xEC,0x40,
	0xEC,0x40,0xEC,0x40,0xEC,0x40,0xEC,0x40,0xEC,0x40,0xEC,0x40,0xCB,0x40,0xCA,0x38,0xC9,0x28,0xA9,0x28,
	0xA9,0x30,0x86,0x28,0xE9,0x49,0x34,0xA5,0xBA,0xD6,0x99,0xCE,0x8D,0x6B,0xC5,0x20,0x88,0x28,0x89,0x30,
	0xA9,0x30,0x89,0x38,0x69,0x38,0x87,0x28,0x86,0x20,0x65,0x10,0x43,0x10,0x42,0x08,0x43,0x08,0x43,0x08,
	0x43,0x10,0x43,0x10,0x43,0x10,0x43,0x10,0x43,0x10,0x43,0x10,0x43,0x10,0x43,0x10,0x43,0x10,0x43,0x10,
	0x43,0x10,0x43,0x10,0x43,0x10,0x43,0x10,0x43,0x10,0x43,0x08,0x43,0x08,0x01,0x00,0x00,0x00,0x00,0x00,
	0x00,0x00,0x00,0x00,0x00,0x00,0x00,0x00,0x00,0x00,0x00,0x00,0x00,0x00,0x00,0x00,0x00,0x00,0x00,0x00,
	0x00,0x00,0x00,0x00,0x00,0x00,0x00,0x00,0x00,0x00,0x00,0x00,0x00,0x00,0x00,0x00,0x00,0x00,0x00,0x00,
	0x00,0x00,0x00,0x00,0x00,0x00,0x00,0x00,0x00,0x00,0x00,0x00,0x00,0x00,0x00,0x00,0x00,0x00,0x00,0x00,
	0x00,0x00,0x00,0x00,0x00,0x00,0x00,0x00,0x00,0x00,0x00,0x00,0x00,0x00,0x00,0x00,0x00,0x00,0x00,0x00,
	0x00,0x00,0x00,0x00,0x00,0x00,0x00,0x00,0x00,0x00,0x00,0x00,0x00,0x00,0x00,0x00,0x00,0x00,0x00,0x00,
	0x00,0x00,0x00,0x00,0x00,0x00,0x00,0x00,0x00,0x00,0x00,0x00,0x00,0x00,0x00,0x00,0x00,0x00,0x00,0x00,
	0x00,0x00,0x00,0x00,0x00,0x00,0x00,0x00,0x00,0x00,0x00,0x00,0x00,0x00,0x00,0x00,0x00,0x00,0x00,0x00,
	0x00,0x00,0x00,0x00,0x00,0x00,0x00,0x00,0x00,0x00,0x00,0x00,0x00,0x00,0x00,0x00,0x00,0x00,0x00,0x00,
	0x00,0x00,0x00,0x00,0x00,0x00,0x00,0x00,0x00,0x00,0x00,0x00,0x00,0x00,0x00,0x00,0x00,0x00,0x00,0x00,
	0x00,0x00,0x00,0x00,0x00,0x00,0x00,0x00,0x00,0x00,0x00,0x00,0x00,0x00,0x00,0x00,0x00,0x00,0x00,0x00,
	0x00,0x00,0x00,0x00,0x20,0x00,0x82,0x00,0xC3,0x00,0xC3,0x00,0xC3,0x00,0xC3,0x00,0xC3,0x00,0xC3,0x00,
	0xC3,0x00,0xC3,0x00,0xC3,0x00,0xC3,0x00,0xC3,0x00,0xC3,0x00,0xC3,0x00,0xA3,0x00,0xA2,0x00,0xA2,0x00,
	0xC2,0x00,0xE3,0x00,0x04,0x01,0x24,0x01,0x25,0x01,0x65,0x01,0xA7,0x01,0xE8,0x01,0xE8,0x01,0xC8,0x01,
	0xC8,0x01,0xC8,0x01,0xC8,0x01,0xC8,0x01,0xC8,0x09,0xC8,0x09,0xC8,0x09,0xC8,0x09,0xC8,0x09,0xA8,0x01,
	0xC8,0x09,0xE9,0x11,0x0A,0x12,0xEB,0x19,0xEB,0x19,0x0B,0x1A,0x0B,0x1A,0xEB,0x19,0xEB,0x19,0xEB,0x19,
	0xEB,0x19,0xEB,0x19,0xEB,0x19,0xEB,0x19,0xEB,0x19,0xEB,0x19,0xEB,0x19,0xEB,0x19,0xCB,0x19,0xCB,0x21,
	0xCB,0x21,0xCB,0x21,0xCB,0x21,0xCB,0x21,0xCB,0x21,0xCB,0x21,0xCB,0x21,0xCB,0x21,0xAB,0x21,0xAB,0x21,
	0xAB,0x21,0xCC,0x21,0xCC,0x21,0xCC,0x21,0x2D,0x32,0x30,0x5B,0x1A,0xBE,0x1C,0xDF,0xD6,0x94,0xD3,0x73,
	0xB2,0x73,0x71,0x63,0x34,0x84,0x1C,0xDF,0xFF,0xFF,0xFF,0xFF,0xFF,0xFF,0xFF,0xFF,0xFF,0xFF,0x1D,0xE7,
	0x75,0x94,0xF7,0xA4,0x7B,0xCE,0x96,0x94,0xB1,0x5A,0x6D,0x39,0x32,0x6B,0x7B,0xD6,0x17,0xA5,0xB0,0x62,
	0xAD,0x41,0x2C,0x31,0x2C,0x39,0x2B,0x39,0x2B,0x39,0x2B,0x39,0x2B,0x39,0x2B,0x39,0x2B,0x39,0x2B,0x39,
	0x0C,0x39,0x0C,0x39,0x0C,0x39,0x0C,0x39,0x0C,0x39,0x0C,0x39,0x0C,0x39,0x0C,0x39,0x0C,0x39,0xEC,0x38,
	0xEC,0x38,0xEC,0x38,0xEC,0x40,0xEC,0x40,0xEC,0x40,0xEC,0x40,0xEC,0x40,0xEC,0x40,0xEC,0x40,0xCC,0x40,
	0xCB,0x40,0xCB,0x38,0x69,0x30,0x68,0x28,0x4B,0x52,0x92,0x94,0x3B,0xDF,0x58,0xC6,0x6D,0x6B,0x89,0x39,
	0x87,0x20,0x88,0x28,0xA9,0x30,0xA9,0x30,0xA9,0x30,0x89,0x30,0x88,0x28,0x86,0x20,0x66,0x20,0x65,0x18,
	0x65,0x18,0x44,0x10,0x43,0x08,0x42,0x08,0x42,0x08,0x43,0x08,0x43,0x10,0x43,0x10,0x43,0x10,0x43,0x10,
	0x43,0x10,0x43,0x10,0x43,0x10,0x43,0x10,0x43,0x10,0x43,0x10,0x43,0x10,0x43,0x10,0x43,0x10,0x43,0x10,
	0x22,0x08,0x01,0x00,0x00,0x00,0x00,0x00,0x00,0x00,0x00,0x00,0x00,0x00,0x00,0x00,0x00,0x00,0x00,0x00,
	0x00,0x00,0x00,0x00,0x00,0x00,0x00,0x00,0x00,0x00,0x00,0x00,0x00,0x00,0x00,0x00,0x00,0x00,0x00,0x00,
	0x00,0x00,0x00,0x00,0x00,0x00,0x00,0x00,0x00,0x00,0x00,0x00,0x00,0x00,0x00,0x00,0x00,0x00,0x00,0x00,
	0x00,0x00,0x00,0x00,0x00,0x00,0x00,0x00,0x00,0x00,0x00,0x00,0x00,0x00,0x00,0x00,0x00,0x00,0x00,0x00,
	0x00,0x00,0x00,0x00,0x00,0x00,0x00,0x00,0x00,0x00,0x00,0x00,0x00,0x00,0x00,0x00,0x00,0x00,0x00,0x00,
	0x00,0x00,0x00,0x00,0x00,0x00,0x00,0x00,0x00,0x00,0x00,0x00,0x00,0x00,0x00,0x00,0x00,0x00,0x00,0x00,
	0x00,0x00,0x00,0x00,0x00,0x00,0x00,0x00,0x00,0x00,0x00,0x00,0x00,0x00,0x00,0x00,0x00,0x00,0x00,0x00,
	0x00,0x00,0x00,0x00,0x00,0x00,0x00,0x00,0x00,0x00,0x00,0x00,0x00,0x00,0x00,0x00,0x00,0x00,0x00,0x00,
	0x00,0x00,0x00,0x00,0x00,0x00,0x00,0x00,0x00,0x00,0x00,0x00,0x00,0x00,0x00,0x00,0x00,0x00,0x00,0x00,
	0x00,0x00,0x00,0x00,0x00,0x00,0x00,0x00,0x00,0x00,0x00,0x00,0x00,0x00,0x00,0x00,0x00,0x00,0x00,0x00,
	0x00,0x00,0x00,0x00,0x00,0x00,0x00,0x00,0x20,0x00,0x61,0x00,0xA2,0x00,0xC3,0x00,0xC3,0x00,0xC3,0x00,
	0xC3,0x00,0xC3,0x00,0xC3,0x00,0xC3,0x00,0xC3,0x00,0xC3,0x00,0xC3,0x00,0xC3,0x00,0xC3,0x00,0xA3,0x00,
	0xA3,0x00,0xA2,0x00,0xC3,0x00,0xE4,0x00,0x25,0x01,0x65,0x01,0x45,0x01,0x45,0x01,0x86,0x01,0xA7,0x01,
	0xE8,0x01,0xE8,0x01,0xC8,0x01,0xC8,0x01,0xC8,0x01,0xC8,0x01,0xC8,0x01,0xC8,0x09,0xC8,0x09,0xC8,0x09,
	0xC8,0x09,0xC8,0x01,0xC8,0x01,0xE9,0x09,0x0A,0x1A,0x0B,0x1A,0x0B,0x1A,0xEB,0x19,0x0B,0x1A,0x0B,0x1A,
	0xEB,0x19,0xEB,0x19,0xEB,0x19,0xEB,0x19,0xEB,0x19,0xEB,0x19,0xEB,0x19,0xEB,0x19,0xEB,0x19,0xEB,0x19,
	0xEB,0x19,0xCB,0x19,0xCB,0x21,0xCB,0x21,0xCB,0x21,0xCB,0x21,0xCB,0x21,0xCB,0x21,0xCB,0x21,0xCB,0x21,
	0xCB,0x21,0xAB,0x21,0xAB,0x21,0xCC,0x21,0xED,0x29,0xED,0x29,0xED,0x29,0x4E,0x32,0x31,0x5B,0x3A,0xC6,
	0xBB,0xD6,0x92,0x6B,0x4E,0x42,0x0D,0x3A,0x8C,0x29,0xAF,0x52,0xBB,0xD6,0xFF,0xFF,0xFF,0xFF,0xFF,0xFF,
	0xFF,0xFF,0xFF,0xFF,0x9B,0xD6,0xB1,0x5A,0x14,0x84,0xFC,0xDE,0xB9,0xB5,0x94,0x73,0xAE,0x39,0x33,0x6B,
	0xBC,0xD6,0x38,0xAD,0xD1,0x62,0xCE,0x41,0x4D,0x39,0x2D,0x39,0x2C,0x39,0x2B,0x39,0x2B,0x39,0x2B,0x39,
	0x2B,0x39,0x2B,0x39,0x2B,0x39,0x0C,0x39,0x0C,0x39,0x0C,0x39,0x0C,0x39,0x0C,0x39,0x0C,0x39,0x0C,0x39,
	0x0C,0x39,0x0C,0x39,0xEC,0x38,0xEC,0x38,0xEC,0x38,0xEC,0x40,0xEC,0x40,0xEC,0x40,0xEC,0x40,0xEC,0x40,
	0xEC,0x40,0xEC,0x40,0xCC,0x40,0xCC,0x40,0xAB,0x40,0xCA,0x38,0x8B,0x49,0x72,0x94,0x78,0xC6,0xDA,0xD6,
	0x92,0x94,0x47,0x31,0x87,0x20,0x89,0x28,0xA9,0x30,0xA9,0x30,0xA9,0x30,0xA9,0x30,0xA9,0x30,0x88,0x28,
	0x87,0x28,0x66,0x20,0x66,0x20,0x66,0x20,0x65,0x18,0x44,0x10,0x43,0x10,0x43,0x08,0x43,0x08,0x43,0x08,
	0x43,0x10,0x43,0x10,0x43,0x10,0x43,0x10,0x43,0x10,0x43,0x10,0x43,0x10,0x43,0x10,0x43,0x10,0x43,0x10,
	0x43,0x10,0x43,0x10,0x43,0x10,0x23,0x08,0x22,0x08,0x00,0x00,0x00,0x00,0x00,0x00,0x00,0x00,0x00,0x00,
	0x00,0x00,0x00,0x00,0x00,0x00,0x00,0x00,0x00,0x00,0x00,0x00,0x00,0x00,0x00,0x00,0x00,0x00,0x00,0x00,
	0x00,0x00,0x00,0x00,0x00,0x00,0x00,0x00,0x00,0x00,0x00,0x00,0x00,0x00,0x00,0x00,0x00,0x00,0x00,0x00,
	0x00,0x00,0x00,0x00,0x00,0x00,0x00,0x00,0x00,0x00,0x00,0x00,0x00,0x00,0x00,0x00,0x00,0x00,0x00,0x00,
	0x00,0x00,0x00,0x00,0x00,0x00,0x00,0x00,0x00,0x00,0x00,0x00,0x00,0x00,0x00,0x00,0x00,0x00,0x00,0x00,
	0x00,0x00,0x00,0x00,0x00,0x00,0x00,0x00,0x00,0x00,0x00,0x00,0x00,0x00,0x00,0x00,0x00,0x00,0x00,0x00,
	0x00,0x00,0x00,0x00,0x00,0x00,0x00,0x00,0x00,0x00,0x00,0x00,0x00,0x00,0x00,0x00,0x00,0x00,0x00,0x00,
	0x00,0x00,0x00,0x00,0x00,0x00,0x00,0x00,0x00,0x00,0x00,0x00,0x00,0x00,0x00,0x00,0x00,0x00,0x00,0x00,
	0x00,0x00,0x00,0x00,0x00,0x00,0x00,0x00,0x00,0x00,0x00,0x00,0x00,0x00,0x00,0x00,0x00,0x00,0x00,0x00,
	0x00,0x00,0x00,0x00,0x00,0x00,0x00,0x00,0x00,0x00,0x00,0x00,0x00,0x00,0x00,0x00,0x00,0x00,0x00,0x00,
	0x00,0x00,0x00,0x00,0x00,0x00,0x00,0x00,0x00,0x00,0x00,0x00,0x00,0x00,0x40,0x00,0x81,0x00,0xA3,0x00,
	0xC3,0x00,0xC3,0x00,0xC3,0x00,0xC3,0x00,0xC3,0x00,0xC3,0x00,0xC3,0x00,0xC3,0x00,0xC3,0x00,0xA3,0x00,
	0xA3,0x00,0xA2,0x00,0xA2,0x00,0xA2,0x00,0xE3,0x00,0x04,0x01,0x45,0x01,0x66,0x01,0x66,0x01,0x45,0x01,
	0x45,0x01,0x86,0x01,0xC7,0x01,0xE8,0x01,0xE8,0x01,0xE8,0x01,0xC8,0x01,0xC8,0x01,0xC8,0x01,0xC8,0x01,
	0xC8,0x09,0xC8,0x09,0xC8,0x09,0xA8,0x01,0xC8,0x01,0xE9,0x09,0x0A,0x12,0x0B,0x1A,0x0B,0x1A,0x0B,0x1A,
	0x0B,0x1A,0x0B,0x1A,0x0B,0x1A,0xEB,0x19,0xEB,0x19,0xEB,0x19,0xEB,0x19,0xEB,0x19,0xEB,0x19,0xEB,0x19,
	0xEB,0x19,0xEB,0x19,0xEB,0x19,0xEB,0x19,0xCB,0x19,0xCB,0x21,0xCB,0x21,0xCB,0x21,0xCB,0x21,0xCB,0x21,
	0xCB,0x21,0xCB,0x21,0xAB,0x21,0xAB,0x21,0xCB,0x21,0xCC,0x21,0xED,0x29,0xED,0x29,0xED,0x29,0xED,0x29,
	0x2E,0x32,0x31,0x5B,0x39,0xC6,0xBA,0xD6,0x51,0x63,0xCD,0x31,0xAC,0x29,0x2B,0x19,0x6F,0x42,0x9B,0xD6,
	0xFF,0xFF,0xFF,0xFF,0xFF,0xFF,0xFF,0xFF,0xFF,0xFF,0x7B,0xCE,0x0F,0x4A,0x52,0x6B,0x7B,0xCE,0xFA,0xBD,
	0x55,0x8C,0xCF,0x41,0x32,0x6B,0xDC,0xD6,0x38,0xA5,0xD1,0x62,0xCF,0x49,0x6E,0x41,0x6E,0x41,0x4D,0x39,
	0x4C,0x39,0x2B,0x39,0x2B,0x39,0x2B,0x39,0x2B,0x39,0x0B,0x39,0x0C,0x39,0x0C,0x39,0x0C,0x39,0x0C,0x39,
	0x0C,0x39,0x0C,0x39,0x0C,0x39,0x0C,0x39,0x0C,0x39,0xEC,0x38,0xEC,0x38,0xEC,0x38,0xEC,0x40,0xEC,0x40,
	0xEC,0x40,0xEC,0x40,0xEC,0x40,0xEC,0x40,0xEC,0x40,0xCC,0x40,0xAC,0x40,0xAB,0x38,0x0E,0x5A,0x12,0x8C,
	0xBB,0xD6,0x1B,0xDF,0xEF,0x7B,0xEA,0x49,0xC9,0x30,0x89,0x28,0xA9,0x30,0xA9,0x30,0xA9,0x30,0xA9,0x30,
	0x89,0x30,0x89,0x30,0x89,0x30,0x88,0x28,0x86,0x20,0x86,0x20,0x86,0x20,0x66,0x20,0x66,0x20,0x65,0x20,
	0x64,0x18,0x43,0x10,0x42,0x08,0x42,0x08,0x43,0x08,0x43,0x08,0x43,0x10,0x43,0x10,0x43,0x10,0x43,0x10,
	0x43,0x10,0x43,0x10,0x43,0x10,0x43,0x10,0x43,0x10,0x43,0x10,0x43,0x08,0x22,0x08,0x00,0x00,0x00,0x00,
	0x00,0x00,0x00,0x00,0x00,0x00,0x00,0x00,0x00,0x00,0x00,0x00,0x00,0x00,0x00,0x00,0x00,0x00,0x00,0x00,
	0x00,0x00,0x00,0x00,0x00,0x00,0x00,0x00,0x00,0x00,0x00,0x00,0x00,0x00,0x00,0x00,0x00,0x00,0x00,0x00,
	0x00,0x00,0x00,0x00,0x00,0x00,0x00,0x00,0x00,0x00,0x00,0x00,0x00,0x00,0x00,0x00,0x00,0x00,0x00,0x00,
	0x00,0x00,0x00,0x00,0x00,0x00,0x00,0x00,0x00,0x00,0x00,0x00,0x00,0x00,0x00,0x00,0x00,0x00,0x00,0x00,
	0x00,0x00,0x00,0x00,0x00,0x00,0x00,0x00,0x00,0x00,0x00,0x00,0x00,0x00,0x00,0x00,0x00,0x00,0x00,0x00,
	0x00,0x00,0x00,0x00,0x00,0x00,0x00,0x00,0x00,0x00,0x00,0x00,0x00,0x00,0x00,0x00,0x00,0x00,0x00,0x00,
	0x00,0x00,0x00,0x00,0x00,0x00,0x00,0x00,0x00,0x00,0x00,0x00,0x00,0x00,0x00,0x00,0x00,0x00,0x00,0x00,
	0x00,0x00,0x00,0x00,0x00,0x00,0x00,0x00,0x00,0x00,0x00,0x00,0x00,0x00,0x00,0x00,0x00,0x00,0x00,0x00,
	0x00,0x00,0x00,0x00,0x00,0x00,0x00,0x00,0x00,0x00,0x00,0x00,0x00,0x00,0x00,0x00,0x00,0x00,0x00,0x00,
	0x00,0x00,0x00,0x00,0x00,0x00,0x00,0x00,0x00,0x00,0x00,0x00,0x00,0x00,0x00,0x00,0x00,0x00,0x00,0x00,
	0x61,0x00,0xA2,0x00,0xC3,0x00,0xC3,0x00,0xC3,0x00,0xC3,0x00,0xC3,0x00,0xC3,0x00,0xC3,0x00,0xC3,0x00,
	0xC3,0x00,0xA2,0x00,0xA3,0x00,0xA2,0x00,0xA2,0x00,0xE2,0x00,0x03,0x01,0x24,0x01,0x45,0x01,0x66,0x01,
	0x66,0x01,0x66,0x01,0x45,0x01,0x65,0x01,0xA7,0x01,0xE8,0x01,0xE8,0x01,0xE8,0x01,0xE8,0x01,0xC8,0x01,
	0xC8,0x01,0xC8,0x01,0xC8,0x01,0xC8,0x09,0xC8,0x09,0xC8,0x01,0xC9,0x09,0xC9,0x09,0x0A,0x12,0x0B,0x1A,
	0x0B,0x1A,0x0B,0x1A,0x0B,0x1A,0x0B,0x1A,0x0B,0x1A,0x0B,0x1A,0xEB,0x19,0xEB,0x19,0xEB,0x19,0xEB,0x19,
	0xEB,0x19,0xEB,0x19,0xEB,0x19,0xEB,0x19,0xEB,0x19,0xEB,0x19,0xEB,0x19,0xCB,0x19,0xCB,0x21,0xCB,0x21,
	0xCB,0x21,0xCB,0x21,0xCB,0x21,0xCB,0x21,0xAB,0x21,0xAB,0x21,0xCB,0x21,0xEC,0x21,0xED,0x29,0x0D,0x2A,
	0xED,0x29,0xED,0x29,0xCD,0x29,0x2E,0x32,0x30,0x5B,0x39,0xC6,0x3C,0xE7,0xF6,0x94,0x13,0x74,0xD3,0x73,
	0x51,0x63,0xF3,0x7B,0xFC,0xDE,0xFF,0xFF,0xFF,0xFF,0xFF,0xFF,0xFF,0xFF,0xFF,0xFF,0xDC,0xDE,0x32,0x6B,
	0x75,0x94,0xFC,0xDE,0x98,0xB5,0x93,0x73,0x8E,0x39,0x52,0x6B,0xDC,0xD6,0x38,0xA5,0xD1,0x62,0xCF,0x49,
	0x6E,0x41,0x6E,0x41,0x6D,0x41,0x4D,0x39,0x4C,0x39,0x2B,0x39,0x2B,0x39,0x0B,0x39,0x0B,0x39,0x0B,0x39,
	0x0C,0x39,0x0C,0x39,0x0C,0x39,0x0C,0x39,0x0C,0x39,0x0C,0x39,0x0C,0x39,0x0C,0x39,0xEC,0x38,0xEC,0x38,
	0xEC,0x38,0xEC,0x40,0xEC,0x40,0xEC,0x40,0xEC,0x40,0xEC,0x40,0xEC,0x40,0xEC,0x40,0xAC,0x40,0xCC,0x40,
	0xAC,0x49,0x13,0x8C,0x79,0xCE,0x99,0xCE,0x14,0xA5,0x0A,0x4A,0xA8,0x28,0x89,0x30,0x89,0x30,0xA9,0x30,
	0xA9,0x30,0xA9,0x30,0xA9,0x30,0xA9,0x30,0x89,0x30,0x89,0x38,0x69,0x30,0x67,0x28,0x66,0x20,0x86,0x20,
	0x66,0x20,0x66,0x20,0x66,0x20,0x65,0x20,0x44,0x18,0x43,0x10,0x43,0x10,0x42,0x08,0x42,0x08,0x42,0x08,
	0x43,0x10,0x43,0x10,0x43,0x10,0x43,0x10,0x43,0x10,0x43,0x10,0x43,0x10,0x43,0x10,0x43,0x10,0x43,0x10,
	0x42,0x08,0x01,0x00,0x00,0x00,0x00,0x00,0x00,0x00,0x00,0x00,0x00,0x00,0x00,0x00,0x00,0x00,0x00,0x00,
	0x00,0x00,0x00,0x00,0x00,0x00,0x00,0x00,0x00,0x00,0x00,0x00,0x00,0x00,0x00,0x00,0x00,0x00,0x00,0x00,
	0x00,0x00,0x00,0x00,0x00,0x00,0x00,0x00,0x00,0x00,0x00,0x00,0x00,0x00,0x00,0x00,0x00,0x00,0x00,0x00,
	0x00,0x00,0x00,0x00,0x00,0x00,0x00,0x00,0x00,0x00,0x00,0x00,0x00,0x00,0x00,0x00,0x00,0x00,0x00,0x00,
	0x00,0x00,0x00,0x00,0x00,0x00,0x00,0x00,0x00,0x00,0x00,0x00,0x00,0x00,0x00,0x00,0x00,0x00,0x00,0x00,
	0x00,0x00,0x00,0x00,0x00,0x00,0x00,0x00,0x00,0x00,0x00,0x00,0x00,0x00,0x00,0x00,0x00,0x00,0x00,0x00,
	0x00,0x00,0x00,0x00,0x00,0x00,0x00,0x00,0x00,0x00,0x00,0x00,0x00,0x00,0x00,0x00,0x00,0x00,0x00,0x00,
	0x00,0x00,0x00,0x00,0x00,0x00,0x00,0x00,0x00,0x00,0x00,0x00,0x00,0x00,0x00,0x00,0x00,0x00,0x00,0x00,
	0x00,0x00,0x00,0x00,0x00,0x00,0x00,0x00,0x00,0x00,0x00,0x00,0x00,0x00,0x00,0x00,0x00,0x00,0x00,0x00,
	0x00,0x00,0x00,0x00,0x00,0x00,0x00,0x00,0x00,0x00,0x00,0x00,0x00,0x00,0x00,0x00,0x00,0x00,0x00,0x00,
	0x00,0x00,0x00,0x00,0x00,0x00,0x61,0x00,0xA2,0x00,0xC3,0x00,0xC3,0x00,0xC3,0x00,0xC3,0x00,0xC3,0x00,
	0xC3,0x00,0xC3,0x00,0xC3,0x00,0xA2,0x00,0xA2,0x00,0xA2,0x00,0xA2,0x00,0xE3,0x00,0x24,0x01,0x65,0x01,
	0x66,0x01,0x66,0x01,0x66,0x01,0x66,0x01,0x45,0x01,0x45,0x01,0x86,0x01,0xC8,0x01,0xE8,0x01,0xE8,0x01,
	0xE8,0x01,0xE8,0x01,0xC8,0x01,0xC8,0x01,0xC8,0x01,0xC8,0x01,0xC8,0x09,0xA8,0x01,0xA8,0x01,0xEA,0x11,
	0x0A,0x12,0x0B,0x1A,0x0B,0x1A,0x0B,0x1A,0x0B,0x1A,0x0B,0x1A,0x0B,0x1A,0x0B,0x1A,0x0B,0x1A,0xEB,0x19,
	0xEB,0x19,0xEB,0x19,0xEB,0x19,0xEB,0x19,0xEB,0x19,0xEB,0x19,0xEB,0x19,0xEB,0x19,0xEB,0x19,0xEB,0x19,
	0xCB,0x19,0xCB,0x21,0xCB,0x21,0xCB,0x21,0xCB,0x21,0xCB,0x21,0xAB,0x21,0xAB,0x21,0xCB,0x21,0xEC,0x21,
	0x0D,0x2A,0x0D,0x2A,0x0D,0x2A,0xED,0x29,0xED,0x29,0xED,0x29,0x2E,0x32,0x31,0x5B,0x5A,0xC6,0xDE,0xFF,
	0xDC,0xD6,0x7B,0xC6,0x5A,0xC6,0xB8,0xB5,0xD9,0xB5,0x7D,0xEF,0xFF,0xFF,0xFF,0xFF,0xFF,0xFF,0xFF,0xFF,
	0xFF,0xFF,0x5D,0xEF,0x58,0xAD,0x1A,0xC6,0x5D,0xEF,0xB5,0x94,0x4E,0x4A,0x4C,0x31,0x52,0x6B,0xDC,0xD6,
	0x38,0xA5,0xD1,0x62,0xCF,0x49,0x6E,0x41,0x6E,0x41,0x6E,0x41,0x6E,0x41,0x4E,0x41,0x4D,0x41,0x2B,0x39,
	0x0B,0x39,0x0B,0x39,0x0B,0x39,0x0B,0x39,0x0C,0x39,0x0C,0x39,0x0C,0x39,0x0C,0x39,0x0C,0x39,0x0C,0x39,
	0x0C,0x39,0xEC,0x38,0xEC,0x38,0xEC,0x38,0xEC,0x40,0xEC,0x40,0xEC,0x40,0xEC,0x40,0xEC,0x40,0xEC,0x40,
	0xEC,0x40,0xAC,0x40,0x6D,0x49,0x4F,0x73,0xF8,0xBD,0xBE,0xF7,0xF4,0x9C,0x4B,0x52,0xE9,0x38,0x69,0x28,
	0xA9,0x30,0xA9,0x30,0xA9,0x30,0xA9,0x30,0xA9,0x30,0xA9,0x30,0xA9,0x30,0xA9,0x30,0x69,0x38,0x69,0x38,
	0x67,0x28,0x66,0x20,0x66,0x20,0x66,0x20,0x66,0x20,0x66,0x20,0x66,0x20,0x66,0x20,0x45,0x20,0x44,0x18,
	0x42,0x08,0x42,0x08,0x42,0x08,0x42,0x08,0x43,0x10,0x43,0x10,0x43,0x10,0x43,0x10,0x43,0x10,0x43,0x10,
	0x43,0x10,0x43,0x10,0x43,0x10,0x43,0x08,0x21,0x00,0x00,0x00,0x00,0x00,0x00,0x00,0x00,0x00,0x00,0x00,
	0x00,0x00,0x00,0x00,0x00,0x00,0x00,0x00,0x00,0x00,0x00,0x00,0x00,0x00,0x00,0x00,0x00,0x00,0x00,0x00,
	0x00,0x00,0x00,0x00,0x00,0x00,0x00,0x00,0x00,0x00,0x00,0x00,0x00,0x00,0x00,0x00,0x00,0x00,0x00,0x00,
	0x00,0x00,0x00,0x00,0x00,0x00,0x00,0x00,0x00,0x00,0x00,0x00,0x00,0x00,0x00,0x00,0x00,0x00,0x00,0x00,
	0x00,0x00,0x00,0x00,0x00,0x00,0x00,0x00,0x00,0x00,0x00,0x00,0x00,0x00,0x00,0x00,0x00,0x00,0x00,0x00,
	0x00,0x00,0x00,0x00,0x00,0x00,0x00,0x00,0x00,0x00,0x00,0x00,0x00,0x00,0x00,0x00,0x00,0x00,0x00,0x00,
	0x00,0x00,0x00,0x00,0x00,0x00,0x00,0x00,0x00,0x00,0x00,0x00,0x00,0x00,0x00,0x00,0x00,0x00,0x00,0x00,
	0x00,0x00,0x00,0x00,0x00,0x00,0x00,0x00,0x00,0x00,0x00,0x00,0x00,0x00,0x00,0x00,0x00,0x00,0x00,0x00,
	0x00,0x00,0x00,0x00,0x00,0x00,0x00,0x00,0x00,0x00,0x00,0x00,0x00,0x00,0x00,0x00,0x00,0x00,0x00,0x00,
	0x00,0x00,0x00,0x00,0x00,0x00,0x00,0x00,0x00,0x00,0x00,0x00,0x00,0x00,0x00,0x00,0x00,0x00,0x00,0x00,
	0x00,0x00,0x00,0x00,0x00,0x00,0x00,0x00,0x00,0x00,0x21,0x00,0x82,0x00,0xC3,0x00,0xC3,0x00,0xC3,0x00,
	0xC3,0x00,0xC3,0x00,0xC3,0x00,0xC3,0x00,0xC3,0x00,0xA2,0x00,0xA2,0x00,0xA2,0x00,0xE3,0x00,0x04,0x01,
	0x25,0x01,0x65,0x01,0x66,0x01,0x66,0x01,0x66,0x01,0x66,0x01,0x45,0x01,0x45,0x01,0x86,0x01,0xA7,0x01,
	0xE8,0x01,0xE8,0x01,0xE8,0x01,0xE8,0x01,0xC8,0x01,0xC8,0x01,0xC8,0x01,0xC8,0x01,0xC8,0x01,0xA8,0x01,
	0xC8,0x01,0xE9,0x09,0x0A,0x12,0x2B,0x12,0x0B,0x12,0x0B,0x1A,0x0B,0x1A,0x0B,0x1A,0x0B,0x1A,0x0B,0x1A,
	0x0B,0x1A,0x0B,0x1A,0xEB,0x19,0xEB,0x19,0xEB,0x19,0xEB,0x19,0xEB,0x19,0xEB,0x19,0xEB,0x19,0xEB,0x19,
	0xEB,0x19,0xCB,0x19,0xCB,0x19,0xCB,0x19,0xCB,0x19,0xCB,0x19,0xEB,0x19,0xCB,0x21,0xCB,0x21,0xCB,0x21,
	0xCC,0x21,0xEC,0x21,0x0D,0x2A,0x4E,0x32,0x4E,0x32,0x2E,0x32,0x2E,0x2A,0x2E,0x32,0x2E,0x32,0x6F,0x3A,
	0x52,0x5B,0x5A,0xC6,0x5D,0xE7,0x78,0xAD,0xB6,0x94,0x95,0x8C,0xF3,0x73,0x55,0x8C,0x1D,0xDF,0xFF,0xFF,
	0xFF,0xFF,0xFF,0xFF,0xFF,0xFF,0xFF,0xFF,0xDF,0xF7,0x1D,0xDF,0x1A,0xC6,0xD6,0x9C,0xF1,0x62,0xAD,0x41,
	0x6D,0x31,0x93,0x73,0xDC,0xD6,0x58,0xAD,0xF2,0x6A,0x10,0x4A,0x8F,0x41,0x8F,0x49,0x8F,0x49,0x8F,0x49,
	0x8F,0x49,0x6E,0x41,0x2C,0x39,0x0B,0x39,0x0B,0x39,0x0B,0x39,0x0C,0x39,0x0B,0x39,0x0B,0x39,0x0B,0x39,
	0x0C,0x39,0x0C,0x39,0x0C,0x39,0x0C,0x39,0xEC,0x38,0xEC,0x38,0xEC,0x38,0xEC,0x40,0xEC,0x40,0xEC,0x40,
	0xEC,0x40,0xEC,0x40,0xCC,0x38,0xCB,0x38,0x4A,0x41,0x2F,0x73,0x39,0xCE,0xBA,0xD6,0x56,0xAD,0xCF,0x6A,
	0x0B,0x41,0xAA,0x38,0x8A,0x30,0xA9,0x30,0xA9,0x30,0xA9,0x30,0xA9,0x30,0xA9,0x30,0xA9,0x30,0xA9,0x30,
	0xA9,0x30,0x89,0x30,0x89,0x30,0x89,0x30,0x87,0x28,0x66,0x20,0x66,0x20,0x66,0x20,0x66,0x20,0x66,0x20,
	0x66,0x20,0x66,0x20,0x65,0x20,0x64,0x18,0x43,0x10,0x42,0x08,0x42,0x08,0x42,0x08,0x43,0x10,0x43,0x10,
	0x43,0x10,0x43,0x10,0x43,0x10,0x43,0x10,0x43,0x10,0x43,0x10,0x43,0x10,0x22,0x08,0x01,0x00,0x00,0x00,
	0x00,0x00,0x00,0x00,0x00,0x00,0x00,0x00,0x00,0x00,0x00,0x00,0x00,0x00,0x00,0x00,0x00,0x00,0x00,0x00,
	0x00,0x00,0x00,0x00,0x00,0x00,0x00,0x00,0x00,0x00,0x00,0x00,0x00,0x00,0x00,0x00,0x00,0x00,0x00,0x00,
	0x00,0x00,0x00,0x00,0x00,0x00,0x00,0x00,0x00,0x00,0x00,0x00,0x00,0x00,0x00,0x00,0x00,0x00,0x00,0x00,
	0x00,0x00,0x00,0x00,0x00,0x00,0x00,0x00,0x00,0x00,0x00,0x00,0x00,0x00,0x00,0x00,0x00,0x00,0x00,0x00,
	0x00,0x00,0x00,0x00,0x00,0x00,0x00,0x00,0x00,0x00,0x00,0x00,0x00,0x00,0x00,0x00,0x00,0x00,0x00,0x00,
	0x00,0x00,0x00,0x00,0x00,0x00,0x00,0x00,0x00,0x00,0x00,0x00,0x00,0x00,0x00,0x00,0x00,0x00,0x00,0x00,
	0x00,0x00,0x00,0x00,0x00,0x00,0x00,0x00,0x00,0x00,0x00,0x00,0x00,0x00,0x00,0x00,0x00,0x00,0x00,0x00,
	0x00,0x00,0x00,0x00,0x00,0x00,0x00,0x00,0x00,0x00,0x00,0x00,0x00,0x00,0x00,0x00,0x00,0x00,0x00,0x00,
	0x00,0x00,0x00,0x00,0x00,0x00,0x00,0x00,0x00,0x00,0x00,0x00,0x00,0x00,0x00,0x00,0x00,0x00,0x00,0x00,
	0x00,0x00,0x00,0x00,0x00,0x00,0x00,0x00,0x00,0x00,0x00,0x00,0x00,0x00,0x20,0x00,0x61,0x00,0xA3,0x00,
	0xC3,0x00,0xC3,0x00,0xC3,0x00,0xC3,0x00,0xC3,0x00,0xC3,0x00,0xC3,0x00,0xA3,0x00,0xA2,0x00,0xC3,0x00,
	0xE4,0x00,0x24,0x01,0x45,0x01,0x66,0x01,0x66,0x01,0x66,0x01,0x66,0x01,0x66,0x01,0x66,0x01,0x45,0x01,
	0x45,0x01,0xA6,0x01,0xE8,0x01,0xE8,0x01,0xE8,0x01,0xE8,0x01,0xE8,0x01,0xC8,0x01,0xC8,0x01,0xC8,0x01,
	0xC8,0x01,0xC8,0x01,0xA8,0x01,0xE9,0x09,0x0A,0x0A,0x2B,0x12,0x2B,0x12,0x0B,0x12,0x0B,0x1A,0x0B,0x1A,
	0x0B,0x1A,0x0B,0x1A,0x0B,0x1A,0x0B,0x1A,0x0B,0x1A,0xEB,0x19,0xEB,0x19,0xEB,0x19,0xEB,0x19,0xEB,0x19,
	0xEB,0x19,0xEB,0x19,0xEB,0x19,0xEB,0x19,0xCB,0x19,0xCB,0x19,0xEB,0x19,0xCB,0x19,0xEB,0x19,0xEB,0x19,
	0xEB,0x19,0xEB,0x21,0xEC,0x21,0x0D,0x22,0x0D,0x2A,0x4E,0x2A,0x6F,0x32,0x6F,0x32,0x4F,0x32,0x4F,0x32,
	0x4F,0x32,0x4F,0x3A,0x90,0x42,0x52,0x63,0x5A,0xC6,0xFC,0xD6,0x14,0x7C,0xD1,0x52,0xB0,0x4A,0x2F,0x3A,
	0xF1,0x5A,0xDC,0xD6,0xFF,0xFF,0xFF,0xFF,0xFF,0xFF,0xFF,0xFF,0xFF,0xFF,0xFF,0xFF,0xDF,0xFF,0xDA,0xBD,
	0x33,0x6B,0x0F,0x4A,0x6E,0x39,0x6E,0x39,0xB4,0x7B,0xDC,0xDE,0x58,0xAD,0x12,0x6B,0x31,0x52,0xB0,0x49,
	0xB0,0x49,0xB0,0x49,0xB0,0x49,0xD0,0x49,0xB0,0x49,0x4D,0x41,0x2C,0x39,0x2B,0x39,0x2C,0x39,0x0C,0x39,
	0x0B,0x39,0x0B,0x39,0x0B,0x39,0x0C,0x39,0x0C,0x39,0x0C,0x39,0x0C,0x39,0xEC,0x38,0xEC,0x38,0xEC,0x38,
	0xEC,0x40,0xEC,0x40,0xEC,0x40,0xEC,0x40,0xEC,0x40,0xCB,0x38,0x4B,0x41,0xCD,0x62,0x14,0x9D,0x7D,0xEF,
	0xF8,0xBD,0xCE,0x6A,0x4C,0x51,0x8C,0x48,0xCB,0x48,0xCA,0x40,0xA9,0x30,0xA9,0x30,0xA9,0x30,0xA9,0x30,
	0xA9,0x30,0xA9,0x30,0xA9,0x30,0xA9,0x30,0xA9,0x30,0xA9,0x30,0xA9,0x30,0x88,0x28,0x66,0x20,0x66,0x20,
	0x66,0x20,0x66,0x20,0x66,0x20,0x66,0x20,0x66,0x20,0x66,0x20,0x66,0x20,0x65,0x18,0x44,0x10,0x43,0x10,
	0x42,0x08,0x43,0x10,0x43,0x10,0x43,0x10,0x43,0x10,0x43,0x10,0x43,0x10,0x43,0x10,0x43,0x10,0x43,0x10,
	0x22,0x08,0x01,0x00,0x00,0x00,0x00,0x00,0x00,0x00,0x00,0x00,0x00,0x00,0x00,0x00,0x00,0x00,0x00,0x00,
	0x00,0x00,0x00,0x00,0x00,0x00,0x00,0x00,0x00,0x00,0x00,0x00,0x00,0x00,0x00,0x00,0x00,0x00,0x00,0x00,
	0x00,0x00,0x00,0x00,0x00,0x00,0x00,0x00,0x00,0x00,0x00,0x00,0x00,0x00,0x00,0x00,0x00,0x00,0x00,0x00,
	0x00,0x00,0x00,0x00,0x00,0x00,0x00,0x00,0x00,0x00,0x00,0x00,0x00,0x00,0x00,0x00,0x00,0x00,0x00,0x00,
	0x00,0x00,0x00,0x00,0x00,0x00,0x00,0x00,0x00,0x00,0x00,0x00,0x00,0x00,0x00,0x00,0x00,0x00,0x00,0x00,
	0x00,0x00,0x00,0x00,0x00,0x00,0x00,0x00,0x00,0x00,0x00,0x00,0x00,0x00,0x00,0x00,0x00,0x00,0x00,0x00,
	0x00,0x00,0x00,0x00,0x00,0x00,0x00,0x00,0x00,0x00,0x00,0x00,0x00,0x00,0x00,0x00,0x00,0x00,0x00,0x00,
	0x00,0x00,0x00,0x00,0x00,0x00,0x00,0x00,0x00,0x00,0x00,0x00,0x00,0x00,0x00,0x00,0x00,0x00,0x00,0x00,
	0x00,0x00,0x00,0x00,0x00,0x00,0x00,0x00,0x00,0x00,0x00,0x00,0x00,0x00,0x00,0x00,0x00,0x00,0x00,0x00,
	0x00,0x00,0x00,0x00,0x00,0x00,0x00,0x00,0x00,0x00,0x00,0x00,0x00,0x00,0x00,0x00,0x00,0x00,0x00,0x00,
	0x41,0x00,0x82,0x00,0xA3,0x00,0xC3,0x00,0xC3,0x00,0xC3,0x00,0xC3,0x00,0xC3,0x00,0xC3,0x00,0xA2,0x00,
	0xA2,0x00,0xE3,0x00,0x04,0x01,0x25,0x01,0x45,0x01,0x66,0x01,0x66,0x01,0x66,0x01,0x66,0x01,0x66,0x01,
	0x66,0x01,0x66,0x01,0x45,0x01,0x45,0x01,0xA7,0x01,0xE8,0x01,0xE8,0x01,0xE8,0x01,0xE8,0x01,0xE8,0x01,
	0xE8,0x01,0xC8,0x01,0xC8,0x01,0xA8,0x01,0xC9,0x01,0xEA,0x09,0x0A,0x0A,0x2B,0x12,0x2B,0x12,0x0B,0x12,
	0x0B,0x12,0x0B,0x1A,0x0B,0x1A,0x0B,0x1A,0x0B,0x1A,0x0B,0x1A,0x0B,0x1A,0x0B,0x1A,0xEB,0x19,0xEB,0x19,
	0xEB,0x19,0xEB,0x19,0xEB,0x19,0xEB,0x19,0xCB,0x19,0xCB,0x19,0xCB,0x19,0xEC,0x19,0x0C,0x1A,0x2C,0x22,
	0x0C,0x22,0x0D,0x22,0x2D,0x22,0x2D,0x22,0x0D,0x22,0x4E,0x2A,0x6F,0x32,0x6F,0x32,0x6F,0x32,0x6F,0x32,
	0x6F,0x32,0x4F,0x32,0x4F,0x32,0x4F,0x32,0x4F,0x3A,0x90,0x42,0x72,0x63,0x5A,0xC6,0xBC,0xD6,0x93,0x6B,
	0x50,0x42,0x50,0x3A,0xAE,0x31,0xB1,0x52,0xBC,0xD6,0xFF,0xFF,0xFF,0xFF,0xFF,0xFF,0xFF,0xFF,0xFF,0xFF,
	0xDF,0xFF,0x5D,0xEF,0xF9,0xBD,0xF5,0x7B,0x71,0x52,0x6F,0x41,0x6F,0x39,0x94,0x7B,0xDC,0xDE,0x58,0xAD,
	0x12,0x6B,0x11,0x52,0xB0,0x49,0xB0,0x49,0xB0,0x49,0xB0,0x49,0xB0,0x49,0xB0,0x49,0x6F,0x49,0x4E,0x49,
	0x4D,0x49,0x4D,0x41,0x2D,0x41,0x0D,0x41,0x0D,0x41,0x0D,0x41,0x0C,0x41,0x0C,0x41,0x0C,0x39,0x0C,0x39,
	0xEC,0x38,0xEC,0x38,0xEC,0x38,0xEC,0x40,0xEC,0x40,0xEC,0x40,0xCC,0x40,0xCC,0x40,0x09,0x39,0x4A,0x52,
	0xB6,0xB5,0xFA,0xD6,0xD6,0xB5,0x91,0x83,0x2C,0x49,0xCC,0x48,0xAC,0x48,0xCC,0x48,0xCB,0x48,0xCB,0x40,
	0xA9,0x38,0xA9,0x30,0xA9,0x30,0xA9,0x30,0xA9,0x30,0xA9,0x30,0xA9,0x30,0xA9,0x30,0x89,0x30,0x69,0x38,
	0x68,0x30,0x86,0x20,0x66,0x20,0x66,0x20,0x66,0x20,0x66,0x20,0x66,0x20,0x66,0x20,0x66,0x20,0x66,0x20,
	0x66,0x20,0x66,0x20,0x45,0x18,0x43,0x18,0x42,0x08,0x42,0x08,0x43,0x10,0x43,0x10,0x43,0x10,0x43,0x10,
	0x43,0x10,0x43,0x10,0x43,0x10,0x43,0x08,0x22,0x00,0x00,0x00,0x00,0x00,0x00,0x00,0x00,0x00,0x00,0x00,
	0x00,0x00,0x00,0x00,0x00,0x00,0x00,0x00,0x00,0x00,0x00,0x00,0x00,0x00,0x00,0x00,0x00,0x00,0x00,0x00,
	0x00,0x00,0x00,0x00,0x00,0x00,0x00,0x00,0x00,0x00,0x00,0x00,0x00,0x00,0x00,0x00,0x00,0x00,0x00,0x00,
	0x00,0x00,0x00,0x00,0x00,0x00,0x00,0x00,0x00,0x00,0x00,0x00,0x00,0x00,0x00,0x00,0x00,0x00,0x00,0x00,
	0x00,0x00,0x00,0x00,0x00,0x00,0x00,0x00,0x00,0x00,0x00,0x00,0x00,0x00,0x00,0x00,0x00,0x00,0x00,0x00,
	0x00,0x00,0x00,0x00,0x00,0x00,0x00,0x00,0x00,0x00,0x00,0x00,0x00,0x00,0x00,0x00,0x00,0x00,0x00,0x00,
	0x00,0x00,0x00,0x00,0x00,0x00,0x00,0x00,0x00,0x00,0x00,0x00,0x00,0x00,0x00,0x00,0x00,0x00,0x00,0x00,
	0x00,0x00,0x00,0x00,0x00,0x00,0x00,0x00,0x00,0x00,0x00,0x00,0x00,0x00,0x00,0x00,0x00,0x00,0x00,0x00,
	0x00,0x00,0x00,0x00,0x00,0x00,0x00,0x00,0x00,0x00,0x00,0x00,0x00,0x00,0x00,0x00,0x00,0x00,0x00,0x00,
	0x00,0x00,0x00,0x00,0x00,0x00,0x00,0x00,0x00,0x00,0x00,0x00,0x00,0x00,0x00,0x00,0x00,0x00,0x00,0x00,
	0x00,0x00,0x00,0x00,0x00,0x00,0x41,0x00,0xA2,0x00,0xC3,0x00,0xC3,0x00,0xC3,0x00,0xC3,0x00,0xC3,0x00,
	0xA3,0x00,0xA2,0x00,0xA2,0x00,0xE3,0x00,0x25,0x01,0x45,0x01,0x66,0x01,0x66,0x01,0x66,0x01,0x66,0x01,
	0x66,0x01,0x66,0x01,0x66,0x01,0x66,0x01,0x66,0x01,0x45,0x01,0x45,0x01,0xA7,0x01,0xE8,0x01,0xE8,0x01,
	0xE8,0x01,0xE8,0x01,0xE8,0x01,0xE8,0x01,0xC8,0x01,0xC8,0x01,0xC8,0x01,0xE9,0x09,0x0A,0x0A,0x2B,0x12,
	0x2B,0x12,0x0B,0x12,0x0B,0x12,0x0B,0x12,0x0B,0x1A,0x0B,0x1A,0x0B,0x1A,0x0B,0x1A,0x0B,0x1A,0x0B,0x1A,
	0x0B,0x1A,0xEB,0x19,0xEB,0x19,0xEB,0x19,0xEB,0x19,0xEB,0x19,0xEB,0x19,0xEB,0x19,0xEB,0x19,0x0C,0x1A,
	0x2C,0x1A,0x2C,0x22,0x4C,0x22,0x2D,0x22,0x2D,0x22,0x4D,0x22,0x4D,0x22,0x4E,0x2A,0x6F,0x32,0x8F,0x32,
	0x6F,0x32,0x6F,0x32,0x6F,0x32,0x6F,0x32,0x4F,0x32,0x4F,0x32,0x4F,0x32,0x4F,0x3A,0x90,0x42,0x73,0x63,
	0x5B,0xC6,0xDC,0xD6,0x73,0x6B,0x30,0x3A,0x10,0x3A,0x8E,0x29,0xB1,0x4A,0xBC,0xD6,0xFF,0xFF,0xFF,0xFF,
	0xFF,0xFF,0xFF,0xFF,0xFF,0xFF,0x7E,0xEF,0xD9,0xBD,0x98,0xB5,0x99,0xB5,0x94,0x7B,0xF0,0x49,0x6F,0x41,
	0x94,0x83,0xFC,0xDE,0x78,0xB5,0x12,0x6B,0x11,0x52,0xB0,0x49,0xB0,0x49,0xB0,0x49,0xB0,0x49,0xB0,0x49,
	0xB0,0x49,0x90,0x51,0x6F,0x51,0x6F,0x49,0x4E,0x49,0x2D,0x41,0x2D,0x41,0x0D,0x41,0x0D,0x41,0x0D,0x49,
	0x0D,0x41,0x0C,0x41,0x0C,0x39,0xEC,0x38,0xEC,0x38,0xEC,0x38,0xEC,0x40,0xEC,0x40,0xCC,0x40,0xCB,0x38,
	0xEA,0x38,0xAD,0x62,0xB1,0x94,0xB9,0xCE,0x59,0xC6,0x91,0x7B,0xAD,0x51,0x8C,0x40,0xAC,0x48,0xCC,0x48,
	0xCC,0x48,0xCC,0x48,0xCB,0x48,0xAA,0x38,0xA9,0x30,0xA9,0x30,0xA9,0x30,0xA9,0x30,0xA9,0x30,0xA9,0x30,
	0xA9,0x30,0xA9,0x30,0x89,0x38,0x88,0x30,0x86,0x20,0x66,0x20,0x66,0x20,0x66,0x20,0x66,0x20,0x66,0x20,
	0x66,0x20,0x66,0x20,0x66,0x20,0x66,0x20,0x66,0x20,0x66,0x20,0x45,0x18,0x43,0x10,0x43,0x08,0x42,0x08,
	0x43,0x10,0x43,0x10,0x43,0x10,0x43,0x10,0x43,0x10,0x43,0x10,0x43,0x08,0x21,0x00,0x00,0x00,0x00,0x00,
	0x00,0x00,0x00,0x00,0x00,0x00,0x00,0x00,0x00,0x00,0x00,0x00,0x00,0x00,0x00,0x00,0x00,0x00,0x00,0x00,
	0x00,0x00,0x00,0x00,0x00,0x00,0x00,0x00,0x00,0x00,0x00,0x00,0x00,0x00,0x00,0x00,0x00,0x00,0x00,0x00,
	0x00,0x00,0x00,0x00,0x00,0x00,0x00,0x00,0x00,0x00,0x00,0x00,0x00,0x00,0x00,0x00,0x00,0x00,0x00,0x00,
	0x00,0x00,0x00,0x00,0x00,0x00,0x00,0x00,0x00,0x00,0x00,0x00,0x00,0x00,0x00,0x00,0x00,0x00,0x00,0x00,
	0x00,0x00,0x00,0x00,0x00,0x00,0x00,0x00,0x00,0x00,0x00,0x00,0x00,0x00,0x00,0x00,0x00,0x00,0x00,0x00,
	0x00,0x00,0x00,0x00,0x00,0x00,0x00,0x00,0x00,0x00,0x00,0x00,0x00,0x00,0x00,0x00,0x00,0x00,0x00,0x00,
	0x00,0x00,0x00,0x00,0x00,0x00,0x00,0x00,0x00,0x00,0x00,0x00,0x00,0x00,0x00,0x00,0x00,0x00,0x00,0x00,
	0x00,0x00,0x00,0x00,0x00,0x00,0x00,0x00,0x00,0x00,0x00,0x00,0x00,0x00,0x00,0x00,0x00,0x00,0x00,0x00,
	0x00,0x00,0x00,0x00,0x00,0x00,0x00,0x00,0x00,0x00,0x00,0x00,0x00,0x00,0x00,0x00,0x00,0x00,0x00,0x00,
	0x00,0x00,0x00,0x00,0x00,0x00,0x00,0x00,0x00,0x00,0x00,0x00,0x41,0x00,0xA2,0x00,0xC3,0x00,0xC3,0x00,
	0xC3,0x00,0xA3,0x00,0xA3,0x00,0xA2,0x00,0xA2,0x00,0xE3,0x00,0x25,0x01,0x66,0x01,0x66,0x01,0x66,0x01,
	0x66,0x01,0x66,0x01,0x66,0x01,0x66,0x01,0x66,0x01,0x66,0x01,0x66,0x01,0x45,0x01,0x45,0x01,0x66,0x01,
	0xC7,0x01,0xE8,0x01,0xE8,0x01,0xE8,0x01,0xE8,0x01,0xE8,0x01,0xE8,0x01,0xA8,0x01,0xC8,0x01,0x09,0x0A,
	0x2A,0x0A,0x2B,0x12,0x2B,0x12,0x0B,0x12,0x0B,0x12,0x0B,0x12,0x0B,0x12,0x0B,0x1A,0x0B,0x1A,0x0B,0x1A,
	0x0B,0x1A,0x0B,0x1A,0x0B,0x1A,0x0B,0x1A,0xEB,0x19,0xEB,0x19,0xEB,0x19,0xEB,0x19,0xCB,0x19,0xEB,0x19,
	0x0B,0x1A,0x2C,0x22,0x2C,0x22,0x4D,0x22,0x4D,0x22,0x4D,0x22,0x2D,0x22,0x2D,0x22,0x4D,0x22,0x6E,0x2A,
	0x6F,0x32,0x6F,0x32,0x6F,0x32,0x6F,0x32,0x6F,0x32,0x6F,0x32,0x6F,0x32,0x4F,0x32,0x4F,0x32,0x4F,0x32,
	0x4F,0x3A,0x90,0x42,0x72,0x63,0x5B,0xC6,0xDC,0xD6,0x93,0x6B,0x2F,0x42,0x0F,0x3A,0x8E,0x29,0xB1,0x52,
	0xBC,0xD6,0xFF,0xFF,0xFF,0xFF,0xFF,0xFF,0xFF,0xFF,0xFF,0xFF,0xFC,0xDE,0xB4,0x7B,0xF7,0xA4,0x5D,0xEF,
	0xF7,0xAC,0xB2,0x62,0x8F,0x41,0x93,0x7B,0xDC,0xDE,0x58,0xAD,0x12,0x6B,0x11,0x52,0xB0,0x49,0xB0,0x49,
	0xB0,0x49,0xB0,0x49,0xB0,0x49,0xB0,0x49,0x90,0x51,0x90,0x51,0x90,0x51,0x4F,0x49,0x2E,0x49,0x4E,0x41,
	0x4E,0x41,0x2E,0x49,0x2E,0x49,0x2E,0x49,0x0D,0x41,0x0D,0x41,0xEC,0x40,0xEC,0x40,0xEC,0x40,0xEB,0x38,
	0xEB,0x38,0xAB,0x38,0xE9,0x30,0xA7,0x39,0xF3,0x9C,0x5C,0xE7,0x37,0xBE,0x11,0x84,0x2D,0x49,0x8C,0x38,
	0xCC,0x40,0xCC,0x48,0xCC,0x48,0xCC,0x48,0xCC,0x48,0xCC,0x48,0xAC,0x48,0xAB,0x40,0xA9,0x30,0xA9,0x30,
	0xA9,0x30,0xA9,0x30,0xA9,0x30,0xA9,0x30,0xA9,0x30,0xA9,0x30,0xA8,0x30,0x87,0x28,0x66,0x20,0x66,0x20,
	0x66,0x20,0x66,0x20,0x66,0x20,0x66,0x20,0x66,0x20,0x66,0x20,0x66,0x20,0x66,0x20,0x66,0x20,0x66,0x20,
	0x45,0x20,0x44,0x18,0x42,0x08,0x42,0x08,0x43,0x08,0x43,0x10,0x43,0x10,0x43,0x10,0x43,0x10,0x42,0x08,
	0x21,0x00,0x00,0x00,0x00,0x00,0x00,0x00,0x00,0x00,0x00,0x00,0x00,0x00,0x00,0x00,0x00,0x00,0x00,0x00,
	0x00,0x00,0x00,0x00,0x00,0x00,0x00,0x00,0x00,0x00,0x00,0x00,0x00,0x00,0x00,0x00,0x00,0x00,0x00,0x00,
	0x00,0x00,0x00,0x00,0x00,0x00,0x00,0x00,0x00,0x00,0x00,0x00,0x00,0x00,0x00,0x00,0x00,0x00,0x00,0x00,
	0x00,0x00,0x00,0x00,0x00,0x00,0x00,0x00,0x00,0x00,0x00,0x00,0x00,0x00,0x00,0x00,0x00,0x00,0x00,0x00,
	0x00,0x00,0x00,0x00,0x00,0x00,0x00,0x00,0x00,0x00,0x00,0x00,0x00,0x00,0x00,0x00,0x00,0x00,0x00,0x00,
	0x00,0x00,0x00,0x00,0x00,0x00,0x00,0x00,0x00,0x00,0x00,0x00,0x00,0x00,0x00,0x00,0x00,0x00,0x00,0x00,
	0x00,0x00,0x00,0x00,0x00,0x00,0x00,0x00,0x00,0x00,0x00,0x00,0x00,0x00,0x00,0x00,0x00,0x00,0x00,0x00,
	0x00,0x00,0x00,0x00,0x00,0x00,0x00,0x00,0x00,0x00,0x00,0x00,0x00,0x00,0x00,0x00,0x00,0x00,0x00,0x00,
	0x00,0x00,0x00,0x00,0x00,0x00,0x00,0x00,0x00,0x00,0x00,0x00,0x00,0x00,0x00,0x00,0x00,0x00,0x00,0x00,
	0x00,0x00,0x00,0x00,0x00,0x00,0x00,0x00,0x00,0x00,0x00,0x00,0x00,0x00,0x00,0x00,0x00,0x00,0x61,0x00,
	0xA2,0x00,0xC3,0x00,0xC3,0x00,0xA3,0x00,0xA3,0x00,0x82,0x00,0xC2,0x00,0xE3,0x00,0x25,0x01,0x66,0x01,
	0x66,0x01,0x66,0x01,0x66,0x01,0x66,0x01,0x66,0x01,0x66,0x01,0x66,0x01,0x66,0x01,0x66,0x01,0x66,0x01,
	0x25,0x01,0x45,0x01,0x87,0x01,0xC8,0x01,0xE8,0x01,0xE8,0x01,0xE8,0x01,0xE8,0x01,0xE8,0x01,0xE8,0x01,
	0xE9,0x01,0xE9,0x09,0x2A,0x0A,0x2B,0x12,0x2B,0x12,0x2B,0x12,0x0B,0x12,0x0B,0x12,0x0B,0x12,0x0B,0x12,
	0x0B,0x1A,0x0B,0x1A,0x0B,0x1A,0x0B,0x1A,0x0B,0x1A,0x0B,0x1A,0x0B,0x1A,0xEB,0x19,0xCB,0x19,0xEB,0x19,
	0xEB,0x19,0x0B,0x1A,0x2C,0x1A,0x2C,0x1A,0x4D,0x22,0x4D,0x22,0x4D,0x22,0x4D,0x22,0x4D,0x22,0x2D,0x22,
	0x2D,0x22,0x4D,0x22,0x6E,0x2A,0x6F,0x32,0x6F,0x32,0x6F,0x32,0x6F,0x32,0x6F,0x32,0x6F,0x32,0x6F,0x32,
	0x4F,0x32,0x4F,0x32,0x4F,0x32,0x4F,0x3A,0x6F,0x3A,0x11,0x53,0x17,0x9D,0x78,0xAD,0x32,0x5B,0x50,0x3A,
	0x2F,0x3A,0xCF,0x29,0xF2,0x52,0xBC,0xD6,0xFF,0xFF,0xFF,0xFF,0xFF,0xFF,0xFF,0xFF,0xFF,0xFF,0xBC,0xD6,
	0xF3,0x62,0x94,0x7B,0xB9,0xBD,0xB7,0xA4,0x53,0x73,0xEF,0x49,0x12,0x6B,0x58,0xAD,0x55,0x94,0xB2,0x62,
	0x10,0x52,0xB0,0x49,0xB0,0x49,0xB0,0x49,0xB0,0x49,0xB0,0x49,0xB0,0x49,0x90,0x51,0x90,0x51,0x90,0x51,
	0x6F,0x51,0x4E,0x49,0x2E,0x49,0x2E,0x49,0x2E,0x49,0x2E,0x49,0x2E,0x49,0x2E,0x49,0x0D,0x49,0x0D,0x49,
	0x0D,0x41,0x0D,0x41,0xEC,0x40,0xCB,0x38,0x88,0x28,0xEA,0x49,0x91,0x8C,0x78,0xCE,0xBA,0xD6,0x10,0x84,
	0xEB,0x49,0xAC,0x40,0x8C,0x38,0xCC,0x40,0xCC,0x48,0xCC,0x48,0xCC,0x48,0xCC,0x48,0xCC,0x48,0xAC,0x48,
	0xAB,0x48,0xAA,0x40,0x89,0x38,0x88,0x30,0x89,0x30,0xA9,0x30,0xA9,0x30,0xA9,0x30,0x89,0x30,0x89,0x30,
	0x88,0x30,0x66,0x20,0x66,0x20,0x66,0x20,0x66,0x20,0x66,0x20,0x66,0x20,0x66,0x20,0x66,0x20,0x66,0x20,
	0x66,0x20,0x66,0x20,0x66,0x20,0x66,0x20,0x45,0x20,0x44,0x18,0x44,0x10,0x43,0x08,0x42,0x08,0x42,0x08,
	0x43,0x10,0x43,0x10,0x43,0x10,0x21,0x08,0x00,0x00,0x00,0x00,0x00,0x00,0x00,0x00,0x00,0x00,0x00,0x00,
	0x00,0x00,0x00,0x00,0x00,0x00,0x00,0x00,0x00,0x00,0x00,0x00,0x00,0x00,0x00,0x00,0x00,0x00,0x00,0x00,
	0x00,0x00,0x00,0x00,0x00,0x00,0x00,0x00,0x00,0x00,0x00,0x00,0x00,0x00,0x00,0x00,0x00,0x00,0x00,0x00,
	0x00,0x00,0x00,0x00,0x00,0x00,0x00,0x00,0x00,0x00,0x00,0x00,0x00,0x00,0x00,0x00,0x00,0x00,0x00,0x00,
	0x00,0x00,0x00,0x00,0x00,0x00,0x00,0x00,0x00,0x00,0x00,0x00,0x00,0x00,0x00,0x00,0x00,0x00,0x00,0x00,
	0x00,0x00,0x00,0x00,0x00,0x00,0x00,0x00,0x00,0x00,0x00,0x00,0x00,0x00,0x00,0x00,0x00,0x00,0x00,0x00,
	0x00,0x00,0x00,0x00,0x00,0x00,0x00,0x00,0x00,0x00,0x00,0x00,0x00,0x00,0x00,0x00,0x00,0x00,0x00,0x00,
	0x00,0x00,0x00,0x00,0x00,0x00,0x00,0x00,0x00,0x00,0x00,0x00,0x00,0x00,0x00,0x00,0x00,0x00,0x00,0x00,
	0x00,0x00,0x00,0x00,0x00,0x00,0x00,0x00,0x00,0x00,0x00,0x00,0x00,0x00,0x00,0x00,0x00,0x00,0x00,0x00,
	0x00,0x00,0x00,0x00,0x00,0x00,0x00,0x00,0x00,0x00,0x00,0x00,0x00,0x00,0x00,0x00,0x00,0x00,0x00,0x00,
	0x00,0x00,0x20,0x00,0x61,0x00,0xA2,0x00,0xC3,0x00,0xC3,0x00,0xA3,0x00,0xA2,0x00,0xA2,0x00,0x03,0x01,
	0x45,0x01,0x66,0x01,0x66,0x01,0x66,0x01,0x66,0x01,0x66,0x01,0x66,0x01,0x66,0x01,0x66,0x01,0x66,0x01,
	0x66,0x01,0x66,0x01,0x66,0x01,0x25,0x01,0x46,0x01,0x87,0x01,0xC8,0x01,0xE8,0x01,0xE8,0x01,0xE8,0x01,
	0xE8,0x01,0xE8,0x01,0xE8,0x01,0x09,0x0A,0x2A,0x0A,0x2B,0x12,0x2B,0x12,0x2B,0x12,0x2B,0x12,0x2B,0x12,
	0x0B,0x12,0x0B,0x12,0x0B,0x12,0x0B,0x1A,0x0B,0x1A,0x0B,0x1A,0x0B,0x1A,0x0B,0x1A,0x0B,0x1A,0xEB,0x19,
	0xCB,0x19,0xCB,0x19,0xEB,0x19,0x2B,0x1A,0x4C,0x1A,0x6D,0x1A,0x4D,0x1A,0x4D,0x22,0x4D,0x22,0x4D,0x22,
	0x4D,0x22,0x4D,0x22,0x2D,0x22,0x2D,0x22,0x4E,0x2A,0x6F,0x2A,0x6F,0x32,0x6F,0x32,0x6F,0x32,0x6F,0x32,
	0x6F,0x32,0x6F,0x32,0x6F,0x32,0x4F,0x32,0x4F,0x32,0x4F,0x32,0x4F,0x3A,0x6F,0x3A,0xB0,0x42,0xB3,0x6B,
	0xD4,0x73,0xB1,0x4A,0x50,0x3A,0x50,0x3A,0xF0,0x31,0x13,0x5B,0xDC,0xD6,0xFF,0xFF,0xFF,0xFF,0xFF,0xFF,
	0xFF,0xFF,0xFF,0xFF,0xBC,0xD6,0xD3,0x5A,0x72,0x52,0x94,0x7B,0xD4,0x83,0x73,0x7B,0x30,0x52,0x70,0x5A,
	0x93,0x7B,0x12,0x6B,0x51,0x52,0xF0,0x49,0xD0,0x49,0xB0,0x49,0xB0,0x49,0xB0,0x49,0xB0,0x49,0xB0,0x49,
	0x90,0x51,0x90,0x51,0x90,0x51,0x90,0x51,0x6F,0x51,0x4E,0x49,0x2E,0x49,0x2E,0x49,0x2E,0x49,0x2E,0x49,
	0x2E,0x49,0x2E,0x49,0x2E,0x49,0x2E,0x49,0x2D,0x41,0xED,0x40,0xEB,0x40,0x68,0x31,0xAE,0x73,0xFA,0xD6,
	0x99,0xCE,0xB3,0x9C,0xEB,0x49,0x88,0x28,0xCC,0x40,0xCC,0x40,0xCC,0x40,0xCC,0x48,0xCC,0x48,0xCC,0x48,
	0xCC,0x48,0xCC,0x48,0xAC,0x48,0xAC,0x48,0xAC,0x48,0x8A,0x40,0x68,0x30,0x88,0x30,0xA9,0x30,0xA9,0x30,
	0xA9,0x30,0x89,0x30,0x89,0x30,0x88,0x30,0x67,0x28,0x66,0x20,0x66,0x20,0x66,0x20,0x66,0x20,0x66,0x20,
	0x66,0x20,0x66,0x20,0x66,0x20,0x66,0x20,0x66,0x20,0x66,0x20,0x66,0x20,0x66,0x20,0x66,0x20,0x65,0x18,
	0x43,0x08,0x42,0x08,0x42,0x08,0x43,0x10,0x43,0x10,0x43,0x10,0x22,0x08,0x00,0x00,0x00,0x00,0x00,0x00,
	0x00,0x00,0x00,0x00,0x00,0x00,0x00,0x00,0x00,0x00,0x00,0x00,0x00,0x00,0x00,0x00,0x00,0x00,0x00,0x00,
	0x00,0x00,0x00,0x00,0x00,0x00,0x00,0x00,0x00,0x00,0x00,0x00,0x00,0x00,0x00,0x00,0x00,0x00,0x00,0x00,
	0x00,0x00,0x00,0x00,0x00,0x00,0x00,0x00,0x00,0x00,0x00,0x00,0x00,0x00,0x00,0x00,0x00,0x00,0x00,0x00,
	0x00,0x00,0x00,0x00,0x00,0x00,0x00,0x00,0x00,0x00,0x00,0x00,0x00,0x00,0x00,0x00,0x00,0x00,0x00,0x00,
	0x00,0x00,0x00,0x00,0x00,0x00,0x00,0x00,0x00,0x00,0x00,0x00,0x00,0x00,0x00,0x00,0x00,0x00,0x00,0x00,
	0x00,0x00,0x00,0x00,0x00,0x00,0x00,0x00,0x00,0x00,0x00,0x00,0x00,0x00,0x00,0x00,0x00,0x00,0x00,0x00,
	0x00,0x00,0x00,0x00,0x00,0x00,0x00,0x00,0x00,0x00,0x00,0x00,0x00,0x00,0x00,0x00,0x00,0x00,0x00,0x00,
	0x00,0x00,0x00,0x00,0x00,0x00,0x00,0x00,0x00,0x00,0x00,0x00,0x00,0x00,0x00,0x00,0x00,0x00,0x00,0x00,
	0x00,0x00,0x00,0x00,0x00,0x00,0x00,0x00,0x00,0x00,0x00,0x00,0x00,0x00,0x00,0x00,0x00,0x00,0x00,0x00,
	0x00,0x00,0x00,0x00,0x00,0x00,0x00,0x00,0x20,0x00,0x61,0x00,0xC3,0x00,0xA2,0x00,0xA2,0x00,0xA2,0x00,
	0xE3,0x00,0x24,0x01,0x45,0x01,0x66,0x01,0x66,0x01,0x66,0x01,0x66,0x01,0x66,0x01,0x66,0x01,0x66,0x01,
	0x66,0x01,0x66,0x01,0x66,0x01,0x66,0x01,0x66,0x01,0x66,0x01,0x46,0x01,0x86,0x01,0xC8,0x01,0xE8,0x01,
	0xE8,0x01,0xE8,0x01,0xE8,0x01,0xE8,0x01,0xE8,0x01,0x09,0x02,0x2A,0x0A,0x2B,0x12,0x2B,0x12,0x2B,0x12,
	0x2B,0x12,0x2B,0x12,0x2B,0x12,0x0B,0x12,0x0B,0x12,0x0B,0x12,0x0B,0x1A,0x0B,0x1A,0x0B,0x1A,0x0B,0x1A,
	0xEB,0x19,0xEB,0x19,0xEB,0x11,0xEB,0x19,0x0C,0x1A,0x4C,0x1A,0x4D,0x1A,0x4D,0x1A,0x4D,0x22,0x4D,0x22,
	0x4D,0x22,0x4D,0x22,0x4D,0x22,0x4D,0x22,0x4D,0x22,0x4D,0x22,0x4E,0x2A,0x6F,0x2A,0x6F,0x2A,0x6F,0x32,
	0x6F,0x32,0x6F,0x32,0x6F,0x32,0x6F,0x32,0x6F,0x32,0x6F,0x32,0x4F,0x32,0x4F,0x32,0x4F,0x32,0x4F,0x3A,
	0x4F,0x3A,0x6F,0x3A,0xB0,0x42,0xB0,0x4A,0x4F,0x3A,0x30,0x42,0x31,0x4A,0xD0,0x39,0xF3,0x5A,0xBC,0xD6,
	0xFF,0xFF,0xFF,0xFF,0xFF,0xFF,0xFF,0xFF,0xFF,0xFF,0xBC,0xD6,0xB3,0x5A,0xD0,0x41,0x72,0x52,0x91,0x5A,
	0x71,0x5A,0xF0,0x49,0xF0,0x49,0x31,0x52,0x11,0x52,0xF0,0x49,0xD0,0x49,0xD0,0x49,0xD0,0x49,0xB0,0x49,
	0x90,0x49,0x90,0x49,0x90,0x49,0x90,0x51,0x90,0x51,0x90,0x51,0x90,0x51,0x90,0x51,0x90,0x51,0x4F,0x49,
	0x2E,0x49,0x2E,0x49,0x2E,0x49,0x2E,0x49,0x2E,0x49,0x2E,0x49,0x2E,0x49,0x2E,0x49,0xCD,0x40,0xAE,0x59,
	0x73,0x94,0x58,0xC6,0xFA,0xD6,0x51,0x8C,0x89,0x41,0xEA,0x38,0xAB,0x38,0xCC,0x40,0xCC,0x40,0xCC,0x40,
	0xCC,0x48,0xCC,0x48,0xCC,0x48,0xCC,0x48,0xCC,0x48,0xCC,0x48,0xCC,0x48,0xCC,0x48,0xAB,0x48,0x89,0x40,
	0x89,0x38,0x88,0x30,0xA9,0x30,0xA9,0x30,0xA9,0x30,0x89,0x30,0x89,0x30,0x68,0x28,0x67,0x20,0x66,0x20,
	0x66,0x20,0x66,0x20,0x66,0x20,0x66,0x20,0x66,0x20,0x66,0x20,0x66,0x20,0x66,0x20,0x66,0x20,0x66,0x20,
	0x66,0x20,0x66,0x20,0x66,0x20,0x65,0x18,0x44,0x10,0x42,0x08,0x42,0x08,0x42,0x08,0x43,0x10,0x22,0x08,
	0x21,0x00,0x00,0x00,0x00,0x00,0x00,0x00,0x00,0x00,0x00,0x00,0x00,0x00,0x00,0x00,0x00,0x00,0x00,0x00,
	0x00,0x00,0x00,0x00,0x00,0x00,0x00,0x00,0x00,0x00,0x00,0x00,0x00,0x00,0x00,0x00,0x00,0x00,0x00,0x00,
	0x00,0x00,0x00,0x00,0x00,0x00,0x00,0x00,0x00,0x00,0x00,0x00,0x00,0x00,0x00,0x00,0x00,0x00,0x00,0x00,
	0x00,0x00,0x00,0x00,0x00,0x00,0x00,0x00,0x00,0x00,0x00,0x00,0x00,0x00,0x00,0x00,0x00,0x00,0x00,0x00,
	0x00,0x00,0x00,0x00,0x00,0x00,0x00,0x00,0x00,0x00,0x00,0x00,0x00,0x00,0x00,0x00,0x00,0x00,0x00,0x00,
	0x00,0x00,0x00,0x00,0x00,0x00,0x00,0x00,0x00,0x00,0x00,0x00,0x00,0x00,0x00,0x00,0x00,0x00,0x00,0x00,
	0x00,0x00,0x00,0x00,0x00,0x00,0x00,0x00,0x00,0x00,0x00,0x00,0x00,0x00,0x00,0x00,0x00,0x00,0x00,0x00,
	0x00,0x00,0x00,0x00,0x00,0x00,0x00,0x00,0x00,0x00,0x00,0x00,0x00,0x00,0x00,0x00,0x00,0x00,0x00,0x00,
	0x00,0x00,0x00,0x00,0x00,0x00,0x00,0x00,0x00,0x00,0x00,0x00,0x00,0x00,0x00,0x00,0x00,0x00,0x00,0x00,
	0x00,0x00,0x00,0x00,0x00,0x00,0x00,0x00,0x00,0x00,0x00,0x00,0x00,0x00,0x20,0x00,0x82,0x00,0xC3,0x00,
	0xA2,0x00,0xA2,0x00,0xE3,0x00,0x24,0x01,0x65,0x01,0x66,0x01,0x66,0x01,0x66,0x01,0x66,0x01,0x66,0x01,
	0x66,0x01,0x66,0x01,0x66,0x01,0x66,0x01,0x66,0x01,0x66,0x01,0x66,0x01,0x66,0x01,0x66,0x01,0x66,0x01,
	0xA7,0x01,0xE8,0x01,0xE8,0x01,0xE8,0x01,0xE8,0x01,0xE8,0x01,0xE8,0x01,0x09,0x02,0x0A,0x0A,0x2B,0x12,
	0x2B,0x12,0x2B,0x12,0x2B,0x12,0x2B,0x12,0x2B,0x12,0x2B,0x12,0x0B,0x12,0x0B,0x12,0x0B,0x12,0x0B,0x1A,
	0x0B,0x1A,0x0B,0x1A,0x0B,0x1A,0xEB,0x19,0xEB,0x11,0x0B,0x12,0x2C,0x1A,0x4D,0x1A,0x6D,0x1A,0x6D,0x1A,
	0x4D,0x1A,0x4D,0x22,0x4D,0x22,0x4D,0x22,0x4D,0x22,0x4D,0x22,0x4D,0x22,0x6D,0x22,0x6E,0x2A,0x6E,0x2A,
	0x6F,0x2A,0x6F,0x2A,0x6F,0x32,0x6F,0x32,0x6F,0x32,0x6F,0x32,0x6F,0x32,0x6F,0x32,0x6F,0x32,0x4F,0x32,
	0x4F,0x32,0x4F,0x32,0x4F,0x3A,0x4F,0x3A,0x4F,0x3A,0x2F,0x3A,0x0F,0x3A,0x2F,0x3A,0x2F,0x42,0x30,0x4A,
	0xB0,0x39,0xD2,0x5A,0xBC,0xD6,0xFF,0xFF,0xFF,0xFF,0xFF,0xFF,0xFF,0xFF,0xFF,0xFF,0xBC,0xD6,0xB3,0x5A,
	0x90,0x39,0xF1,0x41,0xF0,0x41,0xF0,0x41,0xD0,0x49,0xB0,0x49,0xB0,0x41,0xB0,0x49,0xD0,0x49,0xD0,0x49,
	0xD0,0x49,0xD0,0x49,0xB0,0x49,0x90,0x49,0x90,0x49,0x90,0x49,0x90,0x51,0x90,0x51,0x90,0x51,0x90,0x51,
	0x90,0x51,0xB0,0x51,0x70,0x51,0x4F,0x49,0x2E,0x49,0x2E,0x49,0x2E,0x49,0x2E,0x49,0x2E,0x49,0x0E,0x49,
	0x2E,0x49,0xEF,0x59,0x92,0x8B,0x79,0xCE,0xFA,0xD6,0x35,0xAD,0x6C,0x5A,0x46,0x20,0xAA,0x38,0xED,0x40,
	0xCC,0x40,0xCC,0x40,0xCC,0x40,0xCC,0x48,0xCC,0x48,0xCC,0x48,0xCC,0x48,0xCC,0x48,0xCC,0x48,0xCC,0x48,
	0xCC,0x48,0xCC,0x48,0xAB,0x48,0xA9,0x38,0x88,0x30,0xA9,0x30,0xA9,0x30,0xA9,0x30,0xA9,0x30,0x89,0x30,
	0x68,0x28,0x67,0x28,0x66,0x20,0x66,0x20,0x66,0x20,0x66,0x20,0x66,0x20,0x66,0x20,0x66,0x20,0x66,0x20,
	0x66,0x20,0x66,0x20,0x66,0x20,0x66,0x20,0x66,0x20,0x66,0x20,0x66,0x20,0x65,0x18,0x44,0x10,0x42,0x08,
	0x42,0x08,0x43,0x10,0x22,0x08,0x21,0x00,0x00,0x00,0x00,0x00,0x00,0x00,0x00,0x00,0x00,0x00,0x00,0x00,
	0x00,0x00,0x00,0x00,0x00,0x00,0x00,0x00,0x00,0x00,0x00,0x00,0x00,0x00,0x00,0x00,0x00,0x00,0x00,0x00,
	0x00,0x00,0x00,0x00,0x00,0x00,0x00,0x00,0x00,0x00,0x00,0x00,0x00,0x00,0x00,0x00,0x00,0x00,0x00,0x00,
	0x00,0x00,0x00,0x00,0x00,0x00,0x00,0x00,0x00,0x00,0x00,0x00,0x00,0x00,0x00,0x00,0x00,0x00,0x00,0x00,
	0x00,0x00,0x00,0x00,0x00,0x00,0x00,0x00,0x00,0x00,0x00,0x00,0x00,0x00,0x00,0x00,0x00,0x00,0x00,0x00,
	0x00,0x00,0x00,0x00,0x00,0x00,0x00,0x00,0x00,0x00,0x00,0x00,0x00,0x00,0x00,0x00,0x00,0x00,0x00,0x00,
	0x00,0x00,0x00,0x00,0x00,0x00,0x00,0x00,0x00,0x00,0x00,0x00,0x00,0x00,0x00,0x00,0x00,0x00,0x00,0x00,
	0x00,0x00,0x00,0x00,0x00,0x00,0x00,0x00,0x00,0x00,0x00,0x00,0x00,0x00,0x00,0x00,0x00,0x00,0x00,0x00,
	0x00,0x00,0x00,0x00,0x00,0x00,0x00,0x00,0x00,0x00,0x00,0x00,0x00,0x00,0x00,0x00,0x00,0x00,0x00,0x00,
	0x00,0x00,0x00,0x00,0x00,0x00,0x00,0x00,0x00,0x00,0x00,0x00,0x00,0x00,0x00,0x00,0x00,0x00,0x00,0x00,
	0x41,0x00,0x82,0x00,0xA2,0x00,0x82,0x00,0xC3,0x00,0x25,0x01,0x66,0x01,0x66,0x01,0x66,0x01,0x66,0x01,
	0x66,0x01,0x66,0x01,0x66,0x01,0x66,0x01,0x66,0x01,0x66,0x01,0x66,0x01,0x66,0x01,0x66,0x01,0x66,0x01,
	0x45,0x01,0x45,0x01,0x66,0x01,0xA7,0x01,0xE8,0x01,0xE8,0x01,0xE8,0x01,0xE8,0x01,0xE8,0x01,0x09,0x0A,
	0x0A,0x0A,0x2B,0x12,0x2B,0x12,0x2B,0x12,0x2B,0x12,0x2B,0x12,0x2B,0x12,0x0B,0x12,0x0B,0x12,0x0B,0x1A,
	0x0B,0x1A,0x0B,0x12,0x0B,0x1A,0x0B,0x1A,0x0B,0x12,0x0B,0x12,0xEB,0x11,0x0B,0x12,0x4C,0x1A,0x6D,0x1A,
	0x6D,0x1A,0x4D,0x1A,0x4D,0x1A,0x4D,0x1A,0x4D,0x22,0x4D,0x22,0x4D,0x22,0x4D,0x22,0x4D,0x22,0x6D,0x22,
	0x8E,0x22,0x6F,0x2A,0x6F,0x2A,0x6F,0x2A,0x6F,0x2A,0x6F,0x32,0x6F,0x32,0x6F,0x32,0x6F,0x32,0x6F,0x32,
	0x6F,0x32,0x6F,0x32,0x4F,0x32,0x4F,0x3A,0x4F,0x3A,0x4F,0x3A,0x4F,0x3A,0x4F,0x3A,0x30,0x42,0x30,0x42,
	0x2F,0x3A,0x2F,0x3A,0x2F,0x3A,0xAF,0x39,0xD2,0x5A,0xBC,0xD6,0xFF,0xFF,0xFF,0xFF,0xFF,0xFF,0xFF,0xFF,
	0xFF,0xFF,0xBC,0xD6,0xD3,0x5A,0xB0,0x39,0x31,0x4A,0x10,0x4A,0xF0,0x49,0xB0,0x49,0xB0,0x49,0xF0,0x49,
	0xF0,0x49,0xD0,0x49,0xB0,0x49,0xB0,0x49,0xB0,0x49,0xB0,0x49,0x90,0x49,0x90,0x49,0x90,0x49,0x90,0x51,
	0x90,0x51,0x90,0x51,0x90,0x51,0x90,0x51,0x90,0x51,0x90,0x51,0x70,0x51,0x4F,0x49,0x2E,0x49,0x2E,0x49,
	0x2E,0x49,0x2E,0x49,0x0D,0x41,0x8E,0x51,0x13,0x94,0x38,0xC6,0x1B,0xDF,0x56,0xAD,0x2C,0x5A,0x0B,0x41,
	0xAB,0x40,0xCB,0x40,0xCB,0x40,0xCC,0x40,0xCC,0x40,0xCC,0x40,0xCC,0x48,0xCC,0x48,0xCC,0x48,0xCC,0x48,
	0xCC,0x48,0xCC,0x48,0xCC,0x48,0xCC,0x48,0xCC,0x48,0xAC,0x48,0xAB,0x48,0xAA,0x40,0xA9,0x30,0xA9,0x30,
	0xA9,0x30,0x89,0x30,0x89,0x30,0x89,0x28,0x88,0x28,0x66,0x20,0x66,0x20,0x66,0x20,0x66,0x20,0x66,0x20,
	0x66,0x20,0x66,0x20,0x66,0x20,0x66,0x20,0x66,0x20,0x66,0x20,0x66,0x20,0x66,0x20,0x66,0x20,0x66,0x20,
	0x66,0x20,0x65,0x20,0x44,0x10,0x42,0x08,0x42,0x08,0x22,0x08,0x22,0x08,0x01,0x00,0x00,0x00,0x00,0x00,
	0x00,0x00,0x00,0x00,0x00,0x00,0x00,0x00,0x00,0x00,0x00,0x00,0x00,0x00,0x00,0x00,0x00,0x00,0x00,0x00,
	0x00,0x00,0x00,0x00,0x00,0x00,0x00,0x00,0x00,0x00,0x00,0x00,0x00,0x00,0x00,0x00,0x00,0x00,0x00,0x00,
	0x00,0x00,0x00,0x00,0x00,0x00,0x00,0x00,0x00,0x00,0x00,0x00,0x00,0x00,0x00,0x00,0x00,0x00,0x00,0x00,
	0x00,0x00,0x00,0x00,0x00,0x00,0x00,0x00,0x00,0x00,0x00,0x00,0x00,0x00,0x00,0x00,0x00,0x00,0x00,0x00,
	0x00,0x00,0x00,0x00,0x00,0x00,0x00,0x00,0x00,0x00,0x00,0x00,0x00,0x00,0x00,0x00,0x00,0x00,0x00,0x00,
	0x00,0x00,0x00,0x00,0x00,0x00,0x00,0x00,0x00,0x00,0x00,0x00,0x00,0x00,0x00,0x00,0x00,0x00,0x00,0x00,
	0x00,0x00,0x00,0x00,0x00,0x00,0x00,0x00,0x00,0x00,0x00,0x00,0x00,0x00,0x00,0x00,0x00,0x00,0x00,0x00,
	0x00,0x00,0x00,0x00,0x00,0x00,0x00,0x00,0x00,0x00,0x00,0x00,0x00,0x00,0x00,0x00,0x00,0x00,0x00,0x00,
	0x00,0x00,0x00,0x00,0x00,0x00,0x00,0x00,0x00,0x00,0x00,0x00,0x00,0x00,0x00,0x00,0x00,0x00,0x00,0x00,
	0x00,0x00,0x00,0x00,0x20,0x00,0x41,0x00,0x81,0x00,0xA2,0x00,0xC3,0x00,0x04,0x01,0x46,0x01,0x66,0x01,
	0x66,0x01,0x66,0x01,0x66,0x01,0x66,0x01,0x66,0x01,0x66,0x01,0x66,0x01,0x66,0x01,0x66,0x01,0x66,0x01,
	0x66,0x01,0x66,0x01,0x66,0x01,0x45,0x01,0x45,0x01,0x86,0x01,0xC7,0x01,0xE8,0x01,0xE8,0x01,0xE8,0x01,
	0xE8,0x01,0xE8,0x01,0x09,0x0A,0x2A,0x12,0x4B,0x12,0x2B,0x12,0x2B,0x12,0x2B,0x12,0x2B,0x12,0x2B,0x12,
	0x2B,0x12,0x2B,0x12,0x2B,0x1A,0x2B,0x12,0x0B,0x12,0x0B,0x1A,0x0B,0x1A,0x0B,0x12,0x0B,0x12,0x0B,0x12,
	0x2C,0x1A,0x6D,0x1A,0x6D,0x1A,0x6D,0x1A,0x4D,0x1A,0x4D,0x1A,0x4D,0x1A,0x4D,0x22,0x4D,0x22,0x4D,0x22,
	0x4D,0x22,0x4D,0x22,0x6E,0x22,0x8F,0x22,0x6F,0x2A,0x6F,0x2A,0x6F,0x2A,0x6F,0x2A,0x6F,0x32,0x6F,0x32,
	0x6F,0x32,0x6F,0x32,0x6F,0x32,0x6F,0x32,0x4F,0x32,0x2E,0x32,0x4E,0x32,0x4F,0x3A,0x4F,0x3A,0x70,0x3A,
	0x91,0x3A,0x92,0x42,0x92,0x42,0x92,0x42,0xB2,0x4A,0xB2,0x4A,0x52,0x42,0x55,0x63,0xDD,0xDE,0xFF,0xFF,
	0xFF,0xFF,0xFF,0xFF,0xFF,0xFF,0xFF,0xFF,0xDD,0xDE,0x36,0x6B,0x54,0x52,0x94,0x5A,0x53,0x5A,0x32,0x5A,
	0x12,0x52,0x12,0x52,0x11,0x52,0xF1,0x49,0xD0,0x49,0xB0,0x49,0xB0,0x49,0xB0,0x49,0xB0,0x49,0x90,0x49,
	0x90,0x49,0x90,0x49,0x90,0x51,0x90,0x51,0x90,0x51,0x90,0x51,0x90,0x51,0x90,0x51,0x90,0x51,0x90,0x51,
	0x6F,0x49,0x2E,0x49,0x2E,0x49,0x0E,0x49,0xED,0x40,0xCE,0x51,0x50,0x73,0xF8,0xBD,0xFA,0xDE,0x35,0xA5,
	0x0F,0x73,0x2C,0x49,0xAC,0x40,0xCD,0x48,0xCB,0x40,0xCB,0x40,0xCB,0x40,0xCC,0x40,0xCC,0x40,0xCC,0x48,
	0xCC,0x48,0xCC,0x48,0xCC,0x48,0xCC,0x48,0xCC,0x48,0xCC,0x48,0xCC,0x48,0xCC,0x48,0xAC,0x48,0xAC,0x48,
	0xAB,0x48,0xAA,0x38,0xA9,0x30,0xA9,0x30,0xA9,0x30,0x89,0x30,0x89,0x30,0x68,0x28,0x66,0x20,0x66,0x20,
	0x66,0x20,0x66,0x20,0x66,0x20,0x66,0x20,0x66,0x20,0x66,0x20,0x66,0x20,0x66,0x20,0x66,0x20,0x66,0x20,
	0x66,0x20,0x66,0x20,0x66,0x20,0x66,0x20,0x66,0x20,0x45,0x20,0x44,0x18,0x42,0x08,0x42,0x08,0x22,0x08,
	0x01,0x00,0x00,0x00,0x00,0x00,0x00,0x00,0x00,0x00,0x00,0x00,0x00,0x00,0x00,0x00,0x00,0x00,0x00,0x00,
	0x00,0x00,0x00,0x00,0x00,0x00,0x00,0x00,0x00,0x00,0x00,0x00,0x00,0x00,0x00,0x00,0x00,0x00,0x00,0x00,
	0x00,0x00,0x00,0x00,0x00,0x00,0x00,0x00,0x00,0x00,0x00,0x00,0x00,0x00,0x00,0x00,0x00,0x00,0x00,0x00,
	0x00,0x00,0x00,0x00,0x00,0x00,0x00,0x00,0x00,0x00,0x00,0x00,0x00,0x00,0x00,0x00,0x00,0x00,0x00,0x00,
	0x00,0x00,0x00,0x00,0x00,0x00,0x00,0x00,0x00,0x00,0x00,0x00,0x00,0x00,0x00,0x00,0x00,0x00,0x00,0x00,
	0x00,0x00,0x00,0x00,0x00,0x00,0x00,0x00,0x00,0x00,0x00,0x00,0x00,0x00,0x00,0x00,0x00,0x00,0x00,0x00,
	0x00,0x00,0x00,0x00,0x00,0x00,0x00,0x00,0x00,0x00,0x00,0x00,0x00,0x00,0x00,0x00,0x00,0x00,0x00,0x00,
	0x00,0x00,0x00,0x00,0x00,0x00,0x00,0x00,0x00,0x00,0x00,0x00,0x00,0x00,0x00,0x00,0x00,0x00,0x00,0x00,
	0x00,0x00,0x00,0x00,0x00,0x00,0x00,0x00,0x00,0x00,0x00,0x00,0x00,0x00,0x00,0x00,0x00,0x00,0x00,0x00,
	0x00,0x00,0x00,0x00,0x00,0x00,0x00,0x00,0x00,0x00,0x20,0x00,0x61,0x00,0x81,0x00,0xC2,0x00,0x24,0x01,
	0x66,0x01,0x66,0x01,0x66,0x01,0x66,0x01,0x66,0x01,0x66,0x01,0x66,0x01,0x66,0x01,0x66,0x01,0x66,0x01,
	0x66,0x01,0x66,0x01,0x66,0x01,0x66,0x01,0x66,0x01,0x66,0x01,0x45,0x01,0x65,0x01,0xA7,0x01,0xE8,0x01,
	0xE8,0x01,0xE8,0x01,0xE8,0x01,0xE8,0x01,0x09,0x02,0x2A,0x0A,0x4B,0x12,0x4B,0x12,0x2B,0x12,0x2B,0x12,
	0x2B,0x12,0x2B,0x12,0x2B,0x12,0x2B,0x12,0x2B,0x12,0x2B,0x12,0x2B,0x12,0x0B,0x12,0x0B,0x1A,0x0B,0x1A,
	0x0B,0x12,0x2B,0x12,0x4C,0x1A,0x6D,0x1A,0x6D,0x1A,0x6D,0x1A,0x6D,0x1A,0x4D,0x1A,0x4D,0x1A,0x4D,0x1A,
	0x4D,0x22,0x4D,0x22,0x4D,0x22,0x4D,0x22,0x4D,0x22,0x6E,0x22,0x6F,0x2A,0x6F,0x2A,0x6F,0x2A,0x6F,0x2A,
	0x6F,0x2A,0x6F,0x32,0x6F,0x32,0x6F,0x32,0x4F,0x32,0x4F,0x32,0x4F,0x32,0x4E,0x32,0x2E,0x32,0x4F,0x32,
	0x6F,0x32,0x70,0x3A,0xB2,0x3A,0xF3,0x3A,0x14,0x43,0x15,0x4B,0x15,0x53,0x36,0x5B,0x57,0x5B,0x17,0x53,
	0xD8,0x6B,0xFD,0xDE,0xFF,0xFF,0xFF,0xFF,0xFF,0xFF,0xFF,0xFF,0xFF,0xFF,0xFE,0xDE,0x99,0x83,0xD8,0x6A,
	0x18,0x73,0xB7,0x72,0x76,0x6A,0x75,0x5A,0x74,0x5A,0x53,0x5A,0x32,0x5A,0xF1,0x51,0xF1,0x49,0xD0,0x49,
	0xD0,0x49,0xB0,0x49,0x90,0x49,0x90,0x49,0x90,0x49,0x90,0x51,0x90,0x51,0x90,0x51,0x90,0x51,0x90,0x51,
	0x90,0x51,0x90,0x51,0x90,0x51,0x70,0x49,0x4F,0x49,0x2E,0x49,0x2D,0x49,0x4D,0x49,0x10,0x73,0x75,0xAD,
	0xFA,0xD6,0x59,0xC6,0xAD,0x62,0x0B,0x41,0x0E,0x51,0xEE,0x50,0xED,0x48,0xCC,0x40,0xCB,0x40,0xCB,0x40,
	0xCB,0x40,0xCB,0x40,0xCC,0x48,0xCC,0x48,0xCC,0x48,0xCC,0x48,0xCC,0x48,0xCC,0x48,0xCC,0x48,0xCC,0x48,
	0xCC,0x48,0xAC,0x48,0xAC,0x48,0xAC,0x48,0xAB,0x40,0xAA,0x38,0xA9,0x30,0xA9,0x30,0x89,0x30,0x69,0x30,
	0x68,0x30,0x66,0x20,0x66,0x20,0x66,0x20,0x66,0x20,0x66,0x20,0x66,0x20,0x66,0x20,0x66,0x20,0x66,0x20,
	0x66,0x20,0x66,0x20,0x66,0x20,0x66,0x20,0x66,0x20,0x66,0x20,0x66,0x20,0x66,0x20,0x67,0x28,0x66,0x20,
	0x43,0x10,0x42,0x08,0x42,0x08,0x01,0x00,0x00,0x00,0x00,0x00,0x00,0x00,0x00,0x00,0x00,0x00,0x00,0x00,
	0x00,0x00,0x00,0x00,0x00,0x00,0x00,0x00,0x00,0x00,0x00,0x00,0x00,0x00,0x00,0x00,0x00,0x00,0x00,0x00,
	0x00,0x00,0x00,0x00,0x00,0x00,0x00,0x00,0x00,0x00,0x00,0x00,0x00,0x00,0x00,0x00,0x00,0x00,0x00,0x00,
	0x00,0x00,0x00,0x00,0x00,0x00,0x00,0x00,0x00,0x00,0x00,0x00,0x00,0x00,0x00,0x00,0x00,0x00,0x00,0x00,
	0x00,0x00,0x00,0x00,0x00,0x00,0x00,0x00,0x00,0x00,0x00,0x00,0x00,0x00,0x00,0x00,0x00,0x00,0x00,0x00,
	0x00,0x00,0x00,0x00,0x00,0x00,0x00,0x00,0x00,0x00,0x00,0x00,0x00,0x00,0x00,0x00,0x00,0x00,0x00,0x00,
	0x00,0x00,0x00,0x00,0x00,0x00,0x00,0x00,0x00,0x00,0x00,0x00,0x00,0x00,0x00,0x00,0x00,0x00,0x00,0x00,
	0x00,0x00,0x00,0x00,0x00,0x00,0x00,0x00,0x00,0x00,0x00,0x00,0x00,0x00,0x00,0x00,0x00,0x00,0x00,0x00,
	0x00,0x00,0x00,0x00,0x00,0x00,0x00,0x00,0x00,0x00,0x00,0x00,0x00,0x00,0x00,0x00,0x00,0x00,0x00,0x00,
	0x00,0x00,0x00,0x00,0x00,0x00,0x00,0x00,0x00,0x00,0x00,0x00,0x00,0x00,0x00,0x00,0x20,0x00,0x61,0x00,
	0xC2,0x00,0x24,0x01,0x45,0x01,0x66,0x01,0x66,0x01,0x66,0x01,0x66,0x01,0x66,0x01,0x66,0x01,0x66,0x01,
	0x66,0x01,0x66,0x01,0x66,0x01,0x66,0x01,0x66,0x01,0x66,0x01,0x66,0x01,0x66,0x01,0x66,0x01,0x45,0x01,
	0x65,0x01,0xC7,0x01,0xE8,0x01,0xE8,0x01,0xE8,0x01,0xE8,0x01,0x29,0x02,0x4A,0x0A,0x4B,0x12,0x4B,0x12,
	0x4B,0x12,0x2B,0x12,0x2B,0x12,0x2B,0x12,0x2B,0x12,0x2B,0x12,0x2B,0x12,0x2B,0x12,0x2B,0x12,0x0B,0x12,
	0x0B,0x12,0x0B,0x12,0x0B,0x12,0x0B,0x1A,0x2C,0x1A,0x6D,0x1A,0x6D,0x1A,0x6D,0x1A,0x6D,0x1A,0x6D,0x1A,
	0x4D,0x1A,0x4D,0x1A,0x4D,0x1A,0x4D,0x1A,0x4D,0x1A,0x4D,0x22,0x4D,0x22,0x6D,0x2A,0x6E,0x2A,0x6F,0x2A,
	0x8F,0x22,0x8F,0x22,0x6F,0x2A,0x6F,0x32,0x6F,0x32,0x6F,0x32,0x6F,0x32,0x4F,0x32,0x2F,0x32,0x2E,0x32,
	0x4F,0x32,0x91,0x3A,0xF2,0x3A,0x14,0x43,0x15,0x53,0x35,0x53,0x56,0x53,0x56,0x53,0x56,0x53,0x56,0x5B,
	0x57,0x5B,0x58,0x63,0x17,0x5B,0xD9,0x73,0xFE,0xDE,0xFF,0xFF,0xFF,0xFF,0xFF,0xFF,0xFF,0xFF,0xFF,0xFF,
	0xFE,0xDE,0x99,0x83,0xD8,0x6A,0x18,0x73,0xF8,0x72,0xD7,0x72,0xF7,0x6A,0xD7,0x6A,0xB6,0x6A,0x96,0x6A,
	0x96,0x6A,0x75,0x62,0x54,0x5A,0x13,0x5A,0xD1,0x51,0x8F,0x49,0x90,0x49,0x90,0x49,0x90,0x51,0x90,0x51,
	0x90,0x51,0x90,0x51,0x90,0x51,0x70,0x51,0x70,0x51,0x90,0x51,0x70,0x51,0x30,0x51,0xCD,0x40,0x6D,0x49,
	0x50,0x73,0x76,0xAD,0xFB,0xDE,0x97,0xB5,0x92,0x7B,0x8D,0x51,0xCD,0x40,0x0E,0x49,0x0E,0x51,0x0D,0x51,
	0xED,0x48,0xCC,0x40,0xCB,0x40,0xCB,0x40,0xCB,0x40,0xCC,0x48,0xCC,0x48,0xCC,0x48,0xCC,0x48,0xCC,0x48,
	0xCC,0x48,0xCC,0x48,0xCC,0x48,0xCC,0x48,0xAC,0x48,0xAC,0x48,0xAC,0x48,0xAB,0x48,0xAA,0x40,0x8A,0x38,
	0x89,0x30,0x88,0x30,0x89,0x38,0x68,0x30,0x66,0x20,0x66,0x20,0x66,0x20,0x66,0x20,0x66,0x20,0x66,0x20,
	0x66,0x20,0x66,0x20,0x66,0x20,0x66,0x20,0x66,0x20,0x66,0x20,0x66,0x20,0x66,0x20,0x66,0x20,0x66,0x20,
	0x66,0x20,0x66,0x20,0x66,0x20,0x65,0x20,0x44,0x10,0x42,0x08,0x01,0x00,0x00,0x00,0x00,0x00,0x00,0x00,
	0x00,0x00,0x00,0x00,0x00,0x00,0x00,0x00,0x00,0x00,0x00,0x00,0x00,0x00,0x00,0x00,0x00,0x00,0x00,0x00,
	0x00,0x00,0x00,0x00,0x00,0x00,0x00,0x00,0x00,0x00,0x00,0x00,0x00,0x00,0x00,0x00,0x00,0x00,0x00,0x00,
	0x00,0x00,0x00,0x00,0x00,0x00,0x00,0x00,0x00,0x00,0x00,0x00,0x00,0x00,0x00,0x00,0x00,0x00,0x00,0x00,
	0x00,0x00,0x00,0x00,0x00,0x00,0x00,0x00,0x00,0x00,0x00,0x00,0x00,0x00,0x00,0x00,0x00,0x00,0x00,0x00,
	0x00,0x00,0x00,0x00,0x00,0x00,0x00,0x00,0x00,0x00,0x00,0x00,0x00,0x00,0x00,0x00,0x00,0x00,0x00,0x00,
	0x00,0x00,0x00,0x00,0x00,0x00,0x00,0x00,0x00,0x00,0x00,0x00,0x00,0x00,0x00,0x00,0x00,0x00,0x00,0x00,
	0x00,0x00,0x00,0x00,0x00,0x00,0x00,0x00,0x00,0x00,0x00,0x00,0x00,0x00,0x00,0x00,0x00,0x00,0x00,0x00,
	0x00,0x00,0x00,0x00,0x00,0x00,0x00,0x00,0x00,0x00,0x00,0x00,0x00,0x00,0x00,0x00,0x00,0x00,0x00,0x00,
	0x00,0x00,0x00,0x00,0x00,0x00,0x00,0x00,0x00,0x00,0x00,0x00,0x00,0x00,0x00,0x00,0x00,0x00,0x00,0x00,
	0x00,0x00,0x20,0x00,0x81,0x00,0x04,0x01,0x66,0x01,0x66,0x01,0x66,0x01,0x66,0x01,0x66,0x01,0x66,0x01,
	0x66,0x01,0x66,0x01,0x66,0x01,0x66,0x01,0x66,0x01,0x66,0x01,0x66,0x01,0x66,0x01,0x66,0x01,0x66,0x01,
	0x66,0x01,0x66,0x01,0x45,0x01,0x66,0x01,0xC8,0x01,0x08,0x02,0xE8,0x01,0xE8,0x01,0x09,0x02,0x4A,0x0A,
	0x6B,0x0A,0x4B,0x12,0x4B,0x12,0x4B,0x12,0x2B,0x12,0x2B,0x12,0x2B,0x12,0x2B,0x12,0x2B,0x12,0x2B,0x12,
	0x2B,0x12,0x0B,0x12,0x0B,0x12,0x0B,0x12,0x0B,0x12,0x0B,0x12,0x2C,0x1A,0x4D,0x1A,0x6D,0x1A,0x6D,0x1A,
	0x6D,0x1A,0x6D,0x1A,0x6D,0x1A,0x6D,0x1A,0x4D,0x1A,0x4D,0x1A,0x4D,0x1A,0x4D,0x1A,0x4D,0x22,0x6D,0x22,
	0x8E,0x2A,0x8F,0x2A,0x6F,0x2A,0x8F,0x22,0x8F,0x22,0x6F,0x32,0x6F,0x32,0x6F,0x32,0x6F,0x32,0x6F,0x32,
	0x6F,0x32,0x70,0x32,0x90,0x32,0xB2,0x3A,0x14,0x43,0x75,0x4B,0x96,0x53,0x97,0x5B,0x77,0x5B,0x77,0x5B,
	0x77,0x5B,0x77,0x5B,0x77,0x5B,0x77,0x5B,0x58,0x63,0xF8,0x5A,0xD9,0x73,0xFE,0xDE,0xFF,0xFF,0xFF,0xFF,
	0xFF,0xFF,0xFF,0xFF,0xFF,0xFF,0xFE,0xDE,0x99,0x83,0xB7,0x6A,0x18,0x73,0x18,0x73,0x18,0x73,0x18,0x73,
	0xF8,0x72,0xD8,0x72,0xD8,0x72,0xD8,0x72,0xB8,0x72,0x97,0x6A,0x75,0x6A,0x13,0x62,0xB1,0x59,0xB1,0x51,
	0x91,0x51,0x90,0x51,0x90,0x51,0x90,0x51,0x90,0x51,0x90,0x51,0x50,0x51,0x70,0x51,0x90,0x51,0x70,0x51,
	0x4F,0x51,0x2C,0x41,0x8E,0x62,0x75,0xAD,0xBA,0xD6,0x7A,0xD6,0xB3,0x8B,0x6D,0x49,0x0E,0x49,0xEE,0x48,
	0x0E,0x49,0x0E,0x49,0x0E,0x51,0xEE,0x48,0xED,0x48,0xCB,0x40,0xCB,0x40,0xCB,0x40,0xCC,0x48,0xCC,0x48,
	0xCC,0x48,0xCC,0x48,0xCC,0x48,0xCC,0x48,0xCC,0x48,0xCC,0x48,0xCC,0x48,0xAC,0x48,0xAC,0x48,0xAC,0x48,
	0xAC,0x48,0xAB,0x48,0x8A,0x40,0x89,0x38,0x88,0x30,0x89,0x38,0x89,0x38,0x67,0x28,0x66,0x20,0x66,0x20,
	0x66,0x20,0x66,0x20,0x66,0x20,0x66,0x20,0x66,0x20,0x66,0x20,0x66,0x20,0x66,0x20,0x66,0x20,0x66,0x20,
	0x66,0x20,0x66,0x20,0x66,0x20,0x66,0x20,0x66,0x20,0x66,0x20,0x66,0x20,0x65,0x20,0x44,0x10,0x01,0x08,
	0x00,0x00,0x00,0x00,0x00,0x00,0x00,0x00,0x00,0x00,0x00,0x00,0x00,0x00,0x00,0x00,0x00,0x00,0x00,0x00,
	0x00,0x00,0x00,0x00,0x00,0x00,0x00,0x00,0x00,0x00,0x00,0x00,0x00,0x00,0x00,0x00,0x00,0x00,0x00,0x00,
	0x00,0x00,0x00,0x00,0x00,0x00,0x00,0x00,0x00,0x00,0x00,0x00,0x00,0x00,0x00,0x00,0x00,0x00,0x00,0x00,
	0x00,0x00,0x00,0x00,0x00,0x00,0x00,0x00,0x00,0x00,0x00,0x00,0x00,0x00,0x00,0x00,0x00,0x00,0x00,0x00,
	0x00,0x00,0x00,0x00,0x00,0x00,0x00,0x00,0x00,0x00,0x00,0x00,0x00,0x00,0x00,0x00,0x00,0x00,0x00,0x00,
	0x00,0x00,0x00,0x00,0x00,0x00,0x00,0x00,0x00,0x00,0x00,0x00,0x00,0x00,0x00,0x00,0x00,0x00,0x00,0x00,
	0x00,0x00,0x00,0x00,0x00,0x00,0x00,0x00,0x00,0x00,0x00,0x00,0x00,0x00,0x00,0x00,0x00,0x00,0x00,0x00,
	0x00,0x00,0x00,0x00,0x00,0x00,0x00,0x00,0x00,0x00,0x00,0x00,0x00,0x00,0x00,0x00,0x00,0x00,0x00,0x00,
	0x00,0x00,0x00,0x00,0x00,0x00,0x00,0x00,0x00,0x00,0x00,0x00,0x00,0x00,0x00,0x00,0x00,0x00,0x00,0x00,
	0x00,0x00,0x00,0x00,0x00,0x00,0x00,0x00,0x41,0x00,0xE3,0x00,0x45,0x01,0x66,0x01,0x66,0x01,0x66,0x01,
	0x66,0x01,0x66,0x01,0x66,0x01,0x66,0x01,0x66,0x01,0x66,0x01,0x66,0x01,0x66,0x01,0x66,0x01,0x66,0x01,
	0x66,0x01,0x66,0x01,0x66,0x01,0x66,0x01,0x66,0x01,0x66,0x01,0x86,0x01,0xE8,0x01,0xE8,0x01,0xE8,0x01,
	0x29,0x02,0x4A,0x02,0x4B,0x0A,0x4B,0x0A,0x4B,0x12,0x4B,0x12,0x4B,0x12,0x2B,0x12,0x2B,0x12,0x2B,0x12,
	0x2B,0x12,0x2B,0x12,0x2B,0x12,0x2B,0x12,0x0B,0x12,0x0B,0x12,0x0B,0x12,0x0B,0x12,0x2B,0x12,0x6C,0x1A,
	0x8D,0x1A,0x6D,0x1A,0x6D,0x1A,0x6D,0x1A,0x6D,0x1A,0x6D,0x1A,0x6D,0x1A,0x6D,0x1A,0x4D,0x1A,0x4D,0x22,
	0x4D,0x22,0x6D,0x1A,0x8D,0x1A,0xAF,0x22,0xAF,0x22,0xAF,0x22,0x8F,0x2A,0x8F,0x2A,0x8F,0x2A,0x8F,0x2A,
	0x8F,0x2A,0x6F,0x2A,0x90,0x32,0xD1,0x32,0x12,0x33,0x35,0x43,0x76,0x4B,0x97,0x53,0xB7,0x53,0xB7,0x53,
	0xB7,0x53,0x97,0x53,0x77,0x53,0x77,0x5B,0x77,0x5B,0x57,0x5B,0x57,0x5B,0x58,0x63,0xF7,0x5A,0xD9,0x73,
	0xFE,0xDE,0xFF,0xFF,0xFF,0xFF,0xFF,0xFF,0xFF,0xFF,0xFF,0xFF,0xFE,0xDE,0x99,0x83,0xB7,0x6A,0x18,0x73,
	0x18,0x73,0x18,0x73,0xD8,0x72,0xD8,0x72,0xD8,0x72,0xD8,0x72,0xD8,0x72,0xD8,0x72,0xD8,0x72,0xD8,0x7A,
	0x97,0x7A,0x56,0x72,0x14,0x6A,0xD3,0x61,0xD1,0x51,0xB0,0x51,0x91,0x59,0x91,0x59,0x91,0x59,0x90,0x51,
	0x90,0x51,0x70,0x51,0x4F,0x49,0x4E,0x49,0x6D,0x5A,0x71,0x8C,0x3C,0xE7,0x5A,0xCE,0xB2,0x83,0xEF,0x59,
	0xEE,0x48,0x0E,0x49,0x0E,0x49,0x0E,0x49,0x0E,0x49,0x0E,0x49,0x0E,0x51,0xED,0x50,0xEC,0x48,0xCB,0x40,
	0xCB,0x40,0xCC,0x48,0xCC,0x48,0xCC,0x48,0xCC,0x48,0xCC,0x48,0xCC,0x48,0xCC,0x48,0xCC,0x48,0xCC,0x48,
	0xAC,0x48,0xAC,0x48,0xAC,0x48,0xAC,0x48,0xAC,0x48,0x8B,0x48,0x8A,0x40,0x89,0x30,0x69,0x30,0x69,0x30,
	0x67,0x28,0x66,0x20,0x66,0x20,0x66,0x20,0x66,0x20,0x66,0x20,0x66,0x20,0x66,0x20,0x66,0x20,0x66,0x20,
	0x66,0x20,0x66,0x20,0x66,0x20,0x66,0x20,0x66,0x20,0x66,0x20,0x66,0x20,0x66,0x28,0x66,0x28,0x66,0x28,
	0x67,0x28,0x66,0x20,0x23,0x08,0x00,0x00,0x00,0x00,0x00,0x00,0x00,0x00,0x00,0x00,0x00,0x00,0x00,0x00,
	0x00,0x00,0x00,0x00,0x00,0x00,0x00,0x00,0x00,0x00,0x00,0x00,0x00,0x00,0x00,0x00,0x00,0x00,0x00,0x00,
	0x00,0x00,0x00,0x00,0x00,0x00,0x00,0x00,0x00,0x00,0x00,0x00,0x00,0x00,0x00,0x00,0x00,0x00,0x00,0x00,
	0x00,0x00,0x00,0x00,0x00,0x00,0x00,0x00,0x00,0x00,0x00,0x00,0x00,0x00,0x00,0x00,0x00,0x00,0x00,0x00,
	0x00,0x00,0x00,0x00,0x00,0x00,0x00,0x00,0x00,0x00,0x00,0x00,0x00,0x00,0x00,0x00,0x00,0x00,0x00,0x00,
	0x00,0x00,0x00,0x00,0x00,0x00,0x00,0x00,0x00,0x00,0x00,0x00,0x00,0x00,0x00,0x00,0x00,0x00,0x00,0x00,
	0x00,0x00,0x00,0x00,0x00,0x00,0x00,0x00,0x00,0x00,0x00,0x00,0x00,0x00,0x00,0x00,0x00,0x00,0x00,0x00,
	0x00,0x00,0x00,0x00,0x00,0x00,0x00,0x00,0x00,0x00,0x00,0x00,0x00,0x00,0x00,0x00,0x00,0x00,0x00,0x00,
	0x00,0x00,0x00,0x00,0x00,0x00,0x00,0x00,0x00,0x00,0x00,0x00,0x00,0x00,0x00,0x00,0x00,0x00,0x00,0x00,
	0x00,0x00,0x00,0x00,0x00,0x00,0x00,0x00,0x00,0x00,0x00,0x00,0x20,0x00,0x82,0x00,0x45,0x01,0x66,0x01,
	0x66,0x01,0x66,0x01,0x66,0x01,0x66,0x01,0x66,0x01,0x66,0x01,0x66,0x01,0x66,0x01,0x66,0x01,0x66,0x01,
	0x66,0x01,0x66,0x01,0x66,0x01,0x66,0x01,0x66,0x01,0x66,0x01,0x66,0x01,0x66,0x01,0x66,0x01,0x86,0x01,
	0xE8,0x01,0xE8,0x01,0xE8,0x01,0x2A,0x02,0x4B,0x02,0x4B,0x0A,0x4B,0x0A,0x4B,0x12,0x4B,0x12,0x4B,0x12,
	0x2B,0x12,0x2B,0x12,0x2B,0x12,0x2B,0x12,0x2B,0x12,0x2B,0x12,0x2B,0x12,0x0B,0x12,0x0B,0x12,0x0B,0x12,
	0x2B,0x12,0x4B,0x12,0x8D,0x1A,0x8D,0x1A,0x6D,0x1A,0x6D,0x1A,0x6D,0x1A,0x6D,0x1A,0x6D,0x1A,0x6D,0x1A,
	0x4D,0x1A,0x4D,0x1A,0x4D,0x22,0x4D,0x22,0x6D,0x1A,0xAE,0x1A,0xAF,0x22,0xCF,0x22,0xAF,0x22,0xB0,0x2A,
	0xB0,0x2A,0x8F,0x2A,0x8F,0x2A,0xB0,0x2A,0xD1,0x32,0xF3,0x3A,0x34,0x3B,0x75,0x43,0xB7,0x4B,0xB8,0x53,
	0xB8,0x53,0xB7,0x53,0xB7,0x53,0xB7,0x53,0x97,0x53,0x77,0x53,0x77,0x5B,0x77,0x5B,0x57,0x5B,0x57,0x5B,
	0x58,0x63,0xF7,0x5A,0xD9,0x73,0xFE,0xDE,0xFF,0xFF,0xFF,0xFF,0xFF,0xFF,0xFF,0xFF,0xFF,0xFF,0xFE,0xDE,
	0x99,0x7B,0xB7,0x6A,0x18,0x73,0x18,0x73,0x18,0x73,0xD8,0x72,0xD8,0x72,0xD8,0x72,0xD8,0x72,0xD8,0x72,
	0xD8,0x72,0xD8,0x72,0xD8,0x7A,0xB8,0x7A,0x98,0x7A,0x57,0x7A,0x35,0x6A,0x14,0x62,0xF2,0x59,0x91,0x59,
	0x91,0x59,0xB0,0x51,0xB1,0x51,0x70,0x51,0x50,0x49,0x8E,0x49,0x6E,0x62,0x93,0x94,0xF6,0xBD,0x17,0xC6,
	0x53,0x94,0xEE,0x59,0x2E,0x49,0xEE,0x48,0x0E,0x49,0x0E,0x49,0x0E,0x49,0x0E,0x49,0x0E,0x49,0x0E,0x51,
	0x0E,0x51,0xED,0x48,0xEC,0x48,0xCB,0x40,0xCC,0x48,0xCC,0x48,0xCC,0x48,0xCC,0x48,0xCC,0x48,0xCC,0x48,
	0xCC,0x48,0xCC,0x48,0xCC,0x48,0xAC,0x48,0xAC,0x48,0xAC,0x48,0xAC,0x48,0xAC,0x48,0x8C,0x48,0x8B,0x40,
	0x89,0x38,0x89,0x30,0x69,0x30,0x68,0x30,0x67,0x28,0x66,0x20,0x66,0x20,0x66,0x20,0x66,0x20,0x66,0x20,
	0x66,0x20,0x66,0x20,0x66,0x20,0x66,0x20,0x66,0x20,0x66,0x20,0x66,0x20,0x66,0x20,0x66,0x20,0x66,0x20,
	0x66,0x28,0x66,0x28,0x66,0x28,0x67,0x28,0x67,0x28,0x24,0x10,0x01,0x08,0x00,0x00,0x00,0x00,0x00,0x00,
	0x00,0x00,0x00,0x00,0x00,0x00,0x00,0x00,0x00,0x00,0x00,0x00,0x00,0x00,0x00,0x00,0x00,0x00,0x00,0x00,
	0x00,0x00,0x00,0x00,0x00,0x00,0x00,0x00,0x00,0x00,0x00,0x00,0x00,0x00,0x00,0x00,0x00,0x00,0x00,0x00,
	0x00,0x00,0x00,0x00,0x00,0x00,0x00,0x00,0x00,0x00,0x00,0x00,0x00,0x00,0x00,0x00,0x00,0x00,0x00,0x00,
	0x00,0x00,0x00,0x00,0x00,0x00,0x00,0x00,0x00,0x00,0x00,0x00,0x00,0x00,0x00,0x00,0x00,0x00,0x00,0x00,
	0x00,0x00,0x00,0x00,0x00,0x00,0x00,0x00,0x00,0x00,0x00,0x00,0x00,0x00,0x00,0x00,0x00,0x00,0x00,0x00,
	0x00,0x00,0x00,0x00,0x00,0x00,0x00,0x00,0x00,0x00,0x00,0x00,0x00,0x00,0x00,0x00,0x00,0x00,0x00,0x00,
	0x00,0x00,0x00,0x00,0x00,0x00,0x00,0x00,0x00,0x00,0x00,0x00,0x00,0x00,0x00,0x00,0x00,0x00,0x00,0x00,
	0x00,0x00,0x00,0x00,0x00,0x00,0x00,0x00,0x00,0x00,0x00,0x00,0x00,0x00,0x00,0x00,0x00,0x00,0x00,0x00,
	0x00,0x00,0x00,0x00,0x00,0x00,0x00,0x00,0x00,0x00,0x00,0x00,0x00,0x00,0x00,0x00,0x00,0x00,0x40,0x00,
	0xE3,0x00,0x86,0x01,0x86,0x01,0x66,0x01,0x66,0x01,0x66,0x01,0x66,0x01,0x66,0x01,0x66,0x01,0x66,0x01,
	0x66,0x01,0x66,0x01,0x66,0x01,0x66,0x01,0x66,0x01,0x66,0x01,0x66,0x01,0x66,0x01,0x66,0x01,0x45,0x01,
	0x45,0x01,0x65,0x01,0xA6,0x01,0xE8,0x01,0x08,0x02,0x09,0x02,0x2A,0x0A,0x4B,0x0A,0x4B,0x0A,0x4B,0x0A,
	0x4B,0x12,0x4B,0x12,0x4B,0x12,0x2B,0x12,0x2B,0x12,0x2B,0x12,0x2B,0x12,0x2B,0x12,0x2B,0x12,0x2B,0x12,
	0x0B,0x12,0x0B,0x12,0x0B,0x12,0x4B,0x1A,0x8C,0x1A,0x6D,0x1A,0x6D,0x1A,0x6D,0x1A,0x6D,0x1A,0x6D,0x1A,
	0x6D,0x1A,0x6D,0x1A,0x4D,0x1A,0x4D,0x1A,0x4D,0x1A,0x4D,0x1A,0x4D,0x1A,0x8E,0x1A,0xAF,0x22,0xD0,0x2A,
	0xD0,0x2A,0xD0,0x2A,0xF1,0x2A,0xD1,0x2A,0x8F,0x2A,0xAF,0x2A,0xF1,0x2A,0x34,0x43,0x76,0x4B,0xB7,0x4B,
	0xB7,0x4B,0xD8,0x53,0xB7,0x53,0xB7,0x53,0xB7,0x53,0xB7,0x53,0xB7,0x53,0x97,0x53,0x77,0x53,0x77,0x5B,
	0x77,0x5B,0x57,0x5B,0x57,0x5B,0x58,0x63,0xF7,0x5A,0xD9,0x73,0xFE,0xDE,0xFF,0xFF,0xFF,0xFF,0xFF,0xFF,
	0xFF,0xFF,0xFF,0xFF,0xFE,0xDE,0x99,0x7B,0xB7,0x62,0x18,0x73,0x18,0x73,0x18,0x73,0xD8,0x72,0xD8,0x72,
	0xF8,0x72,0xD8,0x72,0xD8,0x72,0xD8,0x72,0xB8,0x72,0x98,0x72,0x98,0x72,0x98,0x7A,0x98,0x7A,0x98,0x7A,
	0x97,0x7A,0x35,0x72,0xB2,0x61,0xB1,0x59,0xB0,0x51,0xB1,0x59,0x70,0x51,0x2E,0x49,0x4E,0x5A,0x31,0x8C,
	0xBB,0xDE,0xBA,0xD6,0x6D,0x6B,0xCB,0x49,0x0E,0x49,0xEE,0x48,0x0E,0x49,0x0E,0x49,0x0E,0x49,0x0E,0x49,
	0x0E,0x49,0x0E,0x49,0x0E,0x51,0x0E,0x51,0x0E,0x51,0xED,0x48,0xCC,0x48,0xCC,0x48,0xCC,0x48,0xCC,0x48,
	0xCC,0x48,0xCC,0x48,0xCC,0x48,0xCC,0x48,0xCC,0x48,0xCC,0x48,0xAC,0x48,0xAC,0x48,0xAC,0x48,0xAC,0x48,
	0xAC,0x48,0xAC,0x48,0x8B,0x48,0x8A,0x40,0x89,0x38,0x89,0x30,0x68,0x30,0x67,0x28,0x66,0x20,0x66,0x20,
	0x66,0x20,0x66,0x20,0x66,0x20,0x66,0x20,0x66,0x20,0x66,0x20,0x66,0x20,0x66,0x20,0x66,0x20,0x66,0x20,
	0x66,0x20,0x66,0x20,0x66,0x20,0x66,0x28,0x66,0x28,0x66,0x28,0x66,0x28,0x66,0x28,0x24,0x20,0x02,0x10,
	0x00,0x00,0x00,0x00,0x00,0x00,0x00,0x00,0x00,0x00,0x00,0x00,0x00,0x00,0x00,0x00,0x00,0x00,0x00,0x00,
	0x00,0x00,0x00,0x00,0x00,0x00,0x00,0x00,0x00,0x00,0x00,0x00,0x00,0x00,0x00,0x00,0x00,0x00,0x00,0x00,
	0x00,0x00,0x00,0x00,0x00,0x00,0x00,0x00,0x00,0x00,0x00,0x00,0x00,0x00,0x00,0x00,0x00,0x00,0x00,0x00,
	0x00,0x00,0x00,0x00,0x00,0x00,0x00,0x00,0x00,0x00,0x00,0x00,0x00,0x00,0x00,0x00,0x00,0x00,0x00,0x00,
	0x00,0x00,0x00,0x00,0x00,0x00,0x00,0x00,0x00,0x00,0x00,0x00,0x00,0x00,0x00,0x00,0x00,0x00,0x00,0x00,
	0x00,0x00,0x00,0x00,0x00,0x00,0x00,0x00,0x00,0x00,0x00,0x00,0x00,0x00,0x00,0x00,0x00,0x00,0x00,0x00,
	0x00,0x00,0x00,0x00,0x00,0x00,0x00,0x00,0x00,0x00,0x00,0x00,0x00,0x00,0x00,0x00,0x00,0x00,0x00,0x00,
	0x00,0x00,0x00,0x00,0x00,0x00,0x00,0x00,0x00,0x00,0x00,0x00,0x00,0x00,0x00,0x00,0x00,0x00,0x00,0x00,
	0x00,0x00,0x00,0x00,0x00,0x00,0x00,0x00,0x00,0x00,0x00,0x00,0x00,0x00,0x00,0x00,0x00,0x00,0x00,0x00,
	0x00,0x00,0x20,0x00,0x81,0x00,0x03,0x01,0x66,0x01,0x86,0x01,0x66,0x01,0x66,0x01,0x66,0x01,0x66,0x01,
	0x66,0x01,0x66,0x01,0x66,0x01,0x66,0x01,0x66,0x01,0x66,0x01,0x66,0x01,0x66,0x01,0x66,0x01,0x66,0x01,
	0x66,0x01,0x66,0x01,0x45,0x01,0x45,0x01,0x86,0x01,0xA7,0x01,0xE8,0x01,0x09,0x02,0x2A,0x0A,0x4B,0x0A,
	0x4B,0x0A,0x4B,0x0A,0x4B,0x0A,0x4B,0x12,0x4B,0x12,0x4B,0x12,0x2B,0x12,0x2B,0x12,0x2B,0x12,0x2B,0x12,
	0x2B,0x12,0x2B,0x12,0x0B,0x12,0x0B,0x12,0x0B,0x12,0x2B,0x12,0x6C,0x1A,0xAD,0x1A,0x8D,0x1A,0x8D,0x1A,
	0x6D,0x1A,0x6D,0x1A,0x6D,0x1A,0x6D,0x1A,0x6D,0x1A,0x4D,0x1A,0x4D,0x1A,0x4D,0x1A,0x4D,0x1A,0x8E,0x1A,
	0xAF,0x22,0xF0,0x2A,0xF1,0x2A,0xF1,0x2A,0xF1,0x2A,0xD1,0x2A,0xB0,0x2A,0xB0,0x2A,0xF1,0x32,0x54,0x3B,
	0x96,0x4B,0xB7,0x4B,0xD7,0x4B,0xD8,0x4B,0xD8,0x53,0xB7,0x53,0xB7,0x53,0xB7,0x53,0xB7,0x53,0xB7,0x53,
	0x97,0x53,0x77,0x53,0x77,0x5B,0x77,0x5B,0x77,0x5B,0x57,0x5B,0x58,0x63,0xF7,0x5A,0xD9,0x73,0xFE,0xDE,
	0xFF,0xFF,0xFF,0xFF,0xFF,0xFF,0xFF,0xFF,0xFF,0xFF,0xFE,0xDE,0x99,0x7B,0xB7,0x6A,0x18,0x73,0x18,0x73,
	0xF8,0x72,0xF8,0x72,0xD8,0x72,0xD8,0x72,0xD8,0x72,0xD8,0x72,0xB8,0x72,0xB8,0x72,0x98,0x72,0x98,0x72,
	0x98,0x7A,0x98,0x7A,0x98,0x7A,0x98,0x7A,0x77,0x7A,0x36,0x72,0xF3,0x69,0xB2,0x59,0x72,0x59,0x6F,0x49,
	0xAB,0x41,0x32,0x8C,0x99,0xD6,0x78,0xCE,0xD4,0x9C,0x0C,0x52,0xEB,0x40,0xEE,0x48,0xEE,0x48,0x0E,0x49,
	0x0E,0x49,0x0E,0x49,0x0E,0x49,0x0E,0x49,0x0E,0x49,0x0E,0x51,0x0E,0x51,0x0E,0x51,0xED,0x50,0xCD,0x48,
	0xCC,0x48,0xCB,0x48,0xCC,0x48,0xCC,0x48,0xCC,0x48,0xCC,0x48,0xCC,0x48,0xCC,0x48,0xCC,0x48,0xAC,0x48,
	0xAC,0x48,0xAC,0x48,0xAC,0x48,0xAC,0x48,0x8C,0x48,0x8C,0x48,0x8B,0x48,0x8A,0x40,0x89,0x38,0x88,0x30,
	0x67,0x28,0x66,0x20,0x66,0x20,0x66,0x20,0x66,0x20,0x66,0x20,0x66,0x20,0x66,0x20,0x66,0x20,0x66,0x20,
	0x66,0x20,0x66,0x20,0x66,0x20,0x66,0x20,0x66,0x20,0x66,0x20,0x66,0x28,0x66,0x28,0x66,0x28,0x66,0x28,
	0x66,0x28,0x25,0x20,0x03,0x18,0x01,0x08,0x00,0x00,0x00,0x00,0x00,0x00,0x00,0x00,0x00,0x00,0x00,0x00,
	0x00,0x00,0x00,0x00,0x00,0x00,0x00,0x00,0x00,0x00,0x00,0x00,0x00,0x00,0x00,0x00,0x00,0x00,0x00,0x00,
	0x00,0x00,0x00,0x00,0x00,0x00,0x00,0x00,0x00,0x00,0x00,0x00,0x00,0x00,0x00,0x00,0x00,0x00,0x00,0x00,
	0x00,0x00,0x00,0x00,0x00,0x00,0x00,0x00,0x00,0x00,0x00,0x00,0x00,0x00,0x00,0x00,0x00,0x00,0x00,0x00,
	0x00,0x00,0x00,0x00,0x00,0x00,0x00,0x00,0x00,0x00,0x00,0x00,0x00,0x00,0x00,0x00,0x00,0x00,0x00,0x00,
	0x00,0x00,0x00,0x00,0x00,0x00,0x00,0x00,0x00,0x00,0x00,0x00,0x00,0x00,0x00,0x00,0x00,0x00,0x00,0x00,
	0x00,0x00,0x00,0x00,0x00,0x00,0x00,0x00,0x00,0x00,0x00,0x00,0x00,0x00,0x00,0x00,0x00,0x00,0x00,0x00,
	0x00,0x00,0x00,0x00,0x00,0x00,0x00,0x00,0x00,0x00,0x00,0x00,0x00,0x00,0x00,0x00,0x00,0x00,0x00,0x00,
	0x00,0x00,0x00,0x00,0x00,0x00,0x00,0x00,0x00,0x00,0x00,0x00,0x00,0x00,0x00,0x00,0x00,0x00,0x00,0x00,
	0x00,0x00,0x00,0x00,0x00,0x00,0x20,0x00,0x60,0x00,0xA1,0x00,0x03,0x01,0x66,0x01,0x66,0x01,0x66,0x01,
	0x66,0x01,0x66,0x01,0x66,0x01,0x66,0x01,0x66,0x01,0x66,0x01,0x66,0x01,0x66,0x01,0x66,0x01,0x66,0x01,
	0x66,0x01,0x66,0x01,0x66,0x01,0x66,0x01,0x66,0x01,0x45,0x01,0x45,0x01,0x86,0x01,0xC8,0x01,0x09,0x02,
	0x2A,0x02,0x4B,0x0A,0x4B,0x0A,0x4B,0x0A,0x4B,0x0A,0x4B,0x0A,0x4B,0x12,0x4B,0x12,0x4B,0x12,0x2B,0x12,
	0x2B,0x12,0x2B,0x12,0x2B,0x12,0x2B,0x12,0x0B,0x12,0x0B,0x12,0x0B,0x12,0x2B,0x12,0x4B,0x12,0x8C,0x1A,
	0xAD,0x1A,0xAD,0x1A,0x8D,0x1A,0x6D,0x1A,0x6D,0x1A,0x6D,0x1A,0x6D,0x1A,0x6D,0x1A,0x4D,0x1A,0x4D,0x1A,
	0x4D,0x1A,0x8E,0x1A,0xAF,0x1A,0xF1,0x2A,0xF1,0x2A,0xF1,0x2A,0xF1,0x2A,0xF1,0x2A,0xD0,0x2A,0xD0,0x2A,
	0xF1,0x32,0x54,0x43,0xB6,0x4B,0xD7,0x4B,0xD7,0x4B,0xD7,0x4B,0xD7,0x4B,0xD8,0x53,0xB7,0x53,0xB7,0x53,
	0xB7,0x53,0xB7,0x53,0xB7,0x53,0x97,0x53,0x77,0x53,0x77,0x5B,0x77,0x5B,0x77,0x5B,0x77,0x5B,0x58,0x63,
	0xF7,0x5A,0xD9,0x73,0xFE,0xDE,0xFF,0xFF,0xFF,0xFF,0xFF,0xFF,0xFF,0xFF,0xFF,0xFF,0xFE,0xDE,0x99,0x83,
	0xB7,0x6A,0x18,0x73,0xF8,0x72,0xF8,0x72,0xF8,0x72,0xF8,0x72,0xD8,0x72,0xD8,0x72,0xD8,0x72,0xB8,0x72,
	0xB8,0x72,0x98,0x72,0x98,0x7A,0x98,0x7A,0x98,0x7A,0x98,0x7A,0x98,0x7A,0x98,0x82,0x98,0x82,0x36,0x7A,
	0xD4,0x69,0xB2,0x61,0x0F,0x5A,0x2D,0x6B,0xB5,0xB5,0x3C,0xE7,0x14,0xA5,0xCE,0x6A,0x4E,0x51,0xEE,0x48,
	0x2E,0x49,0x0E,0x49,0x0E,0x49,0x2E,0x49,0x2E,0x49,0x0E,0x49,0x0E,0x49,0x0E,0x49,0x0E,0x51,0x0E,0x51,
	0x0E,0x51,0xEE,0x50,0xED,0x48,0xCC,0x40,0xCB,0x40,0xCC,0x48,0xCC,0x48,0xCC,0x48,0xCC,0x48,0xCC,0x48,
	0xCC,0x48,0xCC,0x48,0xAC,0x48,0xAC,0x48,0xAC,0x48,0xAC,0x48,0xAC,0x48,0x8C,0x48,0x8C,0x48,0x8C,0x48,
	0x8B,0x48,0x8A,0x40,0x89,0x38,0x87,0x28,0x66,0x20,0x66,0x20,0x66,0x20,0x66,0x20,0x66,0x20,0x66,0x20,
	0x66,0x20,0x66,0x20,0x66,0x20,0x66,0x20,0x66,0x20,0x66,0x20,0x66,0x20,0x66,0x20,0x66,0x20,0x66,0x28,
	0x66,0x28,0x66,0x28,0x66,0x28,0x66,0x28,0x25,0x20,0x03,0x18,0x02,0x08,0x01,0x08,0x00,0x00,0x00,0x00,
	0x00,0x00,0x00,0x00,0x00,0x00,0x00,0x00,0x00,0x00,0x00,0x00,0x00,0x00,0x00,0x00,0x00,0x00,0x00,0x00,
	0x00,0x00,0x00,0x00,0x00,0x00,0x00,0x00,0x00,0x00,0x00,0x00,0x00,0x00,0x00,0x00,0x00,0x00,0x00,0x00,
	0x00,0x00,0x00,0x00,0x00,0x00,0x00,0x00,0x00,0x00,0x00,0x00,0x00,0x00,0x00,0x00,0x00,0x00,0x00,0x00,
	0x00,0x00,0x00,0x00,0x00,0x00,0x00,0x00,0x00,0x00,0x00,0x00,0x00,0x00,0x00,0x00,0x00,0x00,0x00,0x00,
	0x00,0x00,0x00,0x00,0x00,0x00,0x00,0x00,0x00,0x00,0x00,0x00,0x00,0x00,0x00,0x00,0x00,0x00,0x00,0x00,
	0x00,0x00,0x00,0x00,0x00,0x00,0x00,0x00,0x00,0x00,0x00,0x00,0x00,0x00,0x00,0x00,0x00,0x00,0x00,0x00,
	0x00,0x00,0x00,0x00,0x00,0x00,0x00,0x00,0x00,0x00,0x00,0x00,0x00,0x00,0x00,0x00,0x00,0x00,0x00,0x00,
	0x00,0x00,0x00,0x00,0x00,0x00,0x00,0x00,0x00,0x00,0x00,0x00,0x00,0x00,0x00,0x00,0x00,0x00,0x00,0x00,
	0x00,0x00,0x00,0x00,0x00,0x00,0x00,0x00,0x00,0x00,0x00,0x00,0x61,0x00,0xA2,0x00,0xA2,0x00,0xE3,0x00,
	0x66,0x01,0x86,0x01,0x66,0x01,0x66,0x01,0x66,0x01,0x66,0x01,0x66,0x01,0x66,0x01,0x66,0x01,0x66,0x01,
	0x66,0x01,0x66,0x01,0x66,0x01,0x66,0x01,0x66,0x01,0x66,0x01,0x66,0x01,0x66,0x01,0x45,0x01,0x45,0x01,
	0x87,0x01,0xE8,0x01,0x29,0x0A,0x4A,0x0A,0x4B,0x0A,0x4B,0x0A,0x4B,0x0A,0x4B,0x0A,0x4B,0x0A,0x4B,0x12,
	0x4B,0x12,0x4B,0x12,0x2B,0x12,0x2B,0x12,0x2B,0x12,0x2B,0x12,0x2B,0x12,0x0B,0x12,0x0B,0x12,0x0B,0x12,
	0x2B,0x12,0x6D,0x1A,0x8D,0x1A,0x8D,0x1A,0x8D,0x1A,0x8D,0x1A,0x6D,0x1A,0x6D,0x1A,0x6D,0x1A,0x6D,0x1A,
	0x6D,0x1A,0x6D,0x1A,0x6D,0x1A,0x8E,0x1A,0xAF,0x22,0xD1,0x22,0xF1,0x22,0xF1,0x22,0xF1,0x2A,0xB0,0x2A,
	0x8F,0x2A,0xF1,0x2A,0x53,0x2B,0x95,0x3B,0xD6,0x43,0xF7,0x4B,0xF7,0x4B,0xF7,0x4B,0xD7,0x4B,0xD7,0x4B,
	0xD8,0x53,0xB7,0x53,0xB7,0x53,0xB7,0x53,0xB7,0x53,0xB7,0x53,0x97,0x53,0x77,0x53,0x77,0x5B,0x77,0x5B,
	0x57,0x5B,0x57,0x5B,0x58,0x63,0xF7,0x5A,0xD9,0x73,0xFE,0xDE,0xFF,0xFF,0xFF,0xFF,0xFF,0xFF,0xFF,0xFF,
	0xFF,0xFF,0xFE,0xDE,0x99,0x83,0xB7,0x6A,0x18,0x73,0xF8,0x72,0xF8,0x72,0xD8,0x72,0xD8,0x72,0xF8,0x72,
	0xD8,0x72,0xD8,0x72,0xB8,0x72,0xB8,0x72,0x97,0x7A,0x97,0x7A,0x98,0x7A,0x98,0x7A,0x98,0x7A,0x98,0x7A,
	0x78,0x7A,0x98,0x82,0x58,0x82,0x57,0x7A,0x73,0x6A,0xF4,0x93,0x7A,0xD6,0x37,0xC6,0xB2,0x94,0xAF,0x6A,
	0x8F,0x51,0x71,0x59,0x71,0x59,0x70,0x51,0x2F,0x51,0x0E,0x51,0x0E,0x49,0x0E,0x49,0x0E,0x49,0x0E,0x49,
	0x0E,0x49,0x0E,0x51,0x0E,0x51,0x0E,0x51,0xEE,0x50,0xEE,0x50,0xCC,0x48,0xCB,0x40,0xCB,0x40,0xCC,0x48,
	0xCC,0x48,0xCC,0x48,0xCC,0x48,0xCC,0x48,0xCC,0x48,0xAC,0x48,0xAC,0x48,0xAC,0x48,0xAC,0x48,0xAC,0x48,
	0xAC,0x48,0xAC,0x48,0xAC,0x48,0x8B,0x48,0x8A,0x48,0x6A,0x40,0x68,0x30,0x66,0x20,0x66,0x20,0x66,0x20,
	0x66,0x20,0x66,0x20,0x66,0x20,0x66,0x20,0x66,0x20,0x66,0x20,0x66,0x20,0x66,0x20,0x66,0x20,0x66,0x20,
	0x66,0x20,0x66,0x20,0x66,0x28,0x66,0x28,0x66,0x28,0x66,0x28,0x66,0x28,0x25,0x20,0x04,0x18,0x03,0x18,
	0x02,0x10,0x01,0x08,0x00,0x00,0x00,0x00,0x00,0x00,0x00,0x00,0x00,0x00,0x00,0x00,0x00,0x00,0x00,0x00,
	0x00,0x00,0x00,0x00,0x00,0x00,0x00,0x00,0x00,0x00,0x00,0x00,0x00,0x00,0x00,0x00,0x00,0x00,0x00,0x00,
	0x00,0x00,0x00,0x00,0x00,0x00,0x00,0x00,0x00,0x00,0x00,0x00,0x00,0x00,0x00,0x00,0x00,0x00,0x00,0x00,
	0x00,0x00,0x00,0x00,0x00,0x00,0x00,0x00,0x00,0x00,0x00,0x00,0x00,0x00,0x00,0x00,0x00,0x00,0x00,0x00,
	0x00,0x00,0x00,0x00,0x00,0x00,0x00,0x00,0x00,0x00,0x00,0x00,0x00,0x00,0x00,0x00,0x00,0x00,0x00,0x00,
	0x00,0x00,0x00,0x00,0x00,0x00,0x00,0x00,0x00,0x00,0x00,0x00,0x00,0x00,0x00,0x00,0x00,0x00,0x00,0x00,
	0x00,0x00,0x00,0x00,0x00,0x00,0x00,0x00,0x00,0x00,0x00,0x00,0x00,0x00,0x00,0x00,0x00,0x00,0x00,0x00,
	0x00,0x00,0x00,0x00,0x00,0x00,0x00,0x00,0x00,0x00,0x00,0x00,0x00,0x00,0x00,0x00,0x00,0x00,0x00,0x00,
	0x00,0x00,0x00,0x00,0x00,0x00,0x00,0x00,0x00,0x00,0x00,0x00,0x00,0x00,0x00,0x00,0x40,0x00,0x82,0x00,
	0xA2,0x00,0xA2,0x00,0xE3,0x00,0x66,0x01,0x86,0x01,0x66,0x01,0x66,0x01,0x66,0x01,0x66,0x01,0x66,0x01,
	0x66,0x01,0x66,0x01,0x66,0x01,0x66,0x01,0x66,0x01,0x66,0x01,0x66,0x01,0x66,0x01,0x66,0x01,0x66,0x01,
	0x66,0x01,0x45,0x01,0x45,0x01,0xA7,0x01,0x09,0x02,0x4A,0x0A,0x6B,0x0A,0x4B,0x0A,0x4B,0x0A,0x4B,0x0A,
	0x4B,0x0A,0x4B,0x0A,0x4B,0x12,0x4B,0x12,0x4B,0x12,0x2B,0x12,0x2B,0x12,0x2B,0x12,0x2B,0x12,0x2B,0x12,
	0x0B,0x12,0x0B,0x12,0x0B,0x12,0x4C,0x12,0x6D,0x1A,0x8D,0x1A,0x8D,0x1A,0x8D,0x1A,0x8D,0x1A,0x6D,0x1A,
	0x6D,0x1A,0x6D,0x1A,0x6D,0x1A,0x8D,0x1A,0x8D,0x1A,0xAE,0x1A,0xAF,0x1A,0xD0,0x22,0xF1,0x22,0xF1,0x22,
	0xF1,0x22,0xD1,0x2A,0xD0,0x2A,0xD0,0x2A,0x53,0x2B,0xB5,0x33,0xD6,0x43,0xF7,0x4B,0xF7,0x4B,0xF7,0x4B,
	0xF7,0x4B,0xD7,0x4B,0xD7,0x4B,0xD8,0x53,0xB7,0x53,0xB7,0x53,0xB7,0x53,0xB7,0x53,0xB7,0x53,0x97,0x53,
	0x77,0x53,0x77,0x5B,0x77,0x5B,0x57,0x5B,0x57,0x5B,0x58,0x63,0xF7,0x5A,0xD9,0x73,0xFE,0xDE,0xFF,0xFF,
	0xFF,0xFF,0xFF,0xFF,0xFF,0xFF,0xFF,0xFF,0xFE,0xDE,0x99,0x83,0xB7,0x6A,0x18,0x73,0x18,0x73,0xF8,0x72,
	0xD8,0x72,0xD8,0x72,0xF8,0x72,0xD8,0x72,0xD8,0x72,0xB8,0x72,0xB8,0x72,0x97,0x7A,0x97,0x7A,0x98,0x7A,
	0x98,0x7A,0x98,0x7A,0x78,0x7A,0x78,0x7A,0x78,0x82,0x58,0x82,0xD7,0x82,0x16,0x9C,0xB8,0xBD,0x3C,0xE7,
	0x55,0xAD,0xAD,0x62,0x8E,0x51,0x30,0x51,0x92,0x61,0x92,0x61,0x90,0x51,0x50,0x51,0x2F,0x51,0x0E,0x49,
	0x0E,0x49,0x0E,0x49,0x0E,0x49,0x0E,0x49,0x0E,0x51,0x0E,0x51,0x0E,0x51,0x0E,0x51,0xEE,0x50,0xCD,0x48,
	0xCC,0x40,0xCB,0x40,0xCB,0x40,0xCC,0x48,0xCC,0x48,0xCC,0x48,0xCC,0x48,0xCC,0x48,0xAC,0x48,0xAC,0x48,
	0xAC,0x48,0xAC,0x48,0xAC,0x48,0xAC,0x48,0xAC,0x48,0xAC,0x48,0x8C,0x48,0x8B,0x48,0x6B,0x48,0x69,0x38,
	0x66,0x20,0x66,0x20,0x66,0x20,0x66,0x20,0x66,0x20,0x66,0x20,0x66,0x20,0x66,0x20,0x66,0x20,0x66,0x20,
	0x66,0x20,0x66,0x20,0x66,0x20,0x66,0x20,0x66,0x20,0x66,0x28,0x66,0x28,0x66,0x28,0x66,0x28,0x66,0x28,
	0x25,0x20,0x04,0x18,0x03,0x18,0x03,0x10,0x02,0x10,0x00,0x00,0x00,0x00,0x00,0x00,0x00,0x00,0x00,0x00,
	0x00,0x00,0x00,0x00,0x00,0x00,0x00,0x00,0x00,0x00,0x00,0x00,0x00,0x00,0x00,0x00,0x00,0x00,0x00,0x00,
	0x00,0x00,0x00,0x00,0x00,0x00,0x00,0x00,0x00,0x00,0x00,0x00,0x00,0x00,0x00,0x00,0x00,0x00,0x00,0x00,
	0x00,0x00,0x00,0x00,0x00,0x00,0x00,0x00,0x00,0x00,0x00,0x00,0x00,0x00,0x00,0x00,0x00,0x00,0x00,0x00,
	0x00,0x00,0x00,0x00,0x00,0x00,0x00,0x00,0x00,0x00,0x00,0x00,0x00,0x00,0x00,0x00,0x00,0x00,0x00,0x00,
	0x00,0x00,0x00,0x00,0x00,0x00,0x00,0x00,0x00,0x00,0x00,0x00,0x00,0x00,0x00,0x00,0x00,0x00,0x00,0x00,
	0x00,0x00,0x00,0x00,0x00,0x00,0x00,0x00,0x00,0x00,0x00,0x00,0x00,0x00,0x00,0x00,0x00,0x00,0x00,0x00,
	0x00,0x00,0x00,0x00,0x00,0x00,0x00,0x00,0x00,0x00,0x00,0x00,0x00,0x00,0x00,0x00,0x00,0x00,0x00,0x00,
	0x00,0x00,0x00,0x00,0x00,0x00,0x00,0x00,0x00,0x00,0x00,0x00,0x00,0x00,0x00,0x00,0x00,0x00,0x00,0x00,
	0x21,0x00,0x82,0x00,0xA2,0x00,0xA2,0x00,0x82,0x00,0xE3,0x00,0x66,0x01,0x86,0x01,0x66,0x01,0x66,0x01,
	0x66,0x01,0x66,0x01,0x66,0x01,0x66,0x01,0x66,0x01,0x66,0x01,0x66,0x01,0x66,0x01,0x66,0x01,0x66,0x01,
	0x66,0x01,0x66,0x01,0x66,0x01,0x45,0x01,0x45,0x01,0x66,0x01,0xE9,0x01,0x4A,0x02,0x6B,0x0A,0x6B,0x0A,
	0x4B,0x0A,0x4B,0x0A,0x4B,0x0A,0x4B,0x0A,0x4B,0x0A,0x4B,0x12,0x4B,0x12,0x4B,0x12,0x2B,0x12,0x2B,0x12,
	0x2B,0x12,0x2B,0x12,0x2B,0x12,0x0B,0x12,0x0B,0x12,0x4C,0x12,0x6C,0x12,0x8D,0x1A,0x8D,0x1A,0x8D,0x1A,
	0x6D,0x1A,0x6D,0x1A,0x6D,0x1A,0x6D,0x1A,0x6D,0x1A,0x8D,0x1A,0xAE,0x1A,0xCF,0x22,0xCF,0x22,0xD0,0x22,
	0xD1,0x22,0xF1,0x22,0xF0,0x22,0xD0,0x22,0xB1,0x2A,0x12,0x2B,0x94,0x33,0xD6,0x3B,0xF7,0x43,0xF7,0x43,
	0xF7,0x43,0xF7,0x4B,0xF7,0x4B,0xF7,0x4B,0xD7,0x4B,0xD7,0x4B,0xD7,0x4B,0xB7,0x4B,0xB7,0x53,0xB7,0x53,
	0xB7,0x53,0xB7,0x53,0x97,0x53,0x77,0x53,0x77,0x5B,0x77,0x5B,0x77,0x5B,0x77,0x5B,0x58,0x63,0xF7,0x5A,
	0xD9,0x73,0xFE,0xDE,0xFF,0xFF,0xFF,0xFF,0xFF,0xFF,0xFF,0xFF,0xFF,0xFF,0xFE,0xDE,0x99,0x83,0xB7,0x6A,
	0x18,0x73,0x18,0x73,0x18,0x73,0xD8,0x72,0xD8,0x72,0xD8,0x72,0xD8,0x72,0xD8,0x72,0xB8,0x72,0xB8,0x72,
	0x98,0x72,0x98,0x72,0x98,0x7A,0x98,0x7A,0x98,0x7A,0x78,0x7A,0x78,0x7A,0x78,0x82,0x95,0x7A,0x75,0x8B,
	0x5A,0xD6,0x1B,0xDF,0xB6,0xB5,0x72,0x7B,0x8E,0x51,0x70,0x51,0x91,0x59,0x92,0x61,0x92,0x61,0x91,0x59,
	0x70,0x51,0x50,0x51,0x2F,0x51,0x0E,0x51,0x0E,0x51,0x0E,0x49,0x0E,0x49,0x0E,0x51,0x0E,0x51,0x0E,0x51,
	0x0E,0x51,0x0E,0x51,0xED,0x48,0xED,0x48,0xCB,0x40,0xCB,0x40,0xCC,0x48,0xCC,0x48,0xCC,0x48,0xCC,0x48,
	0xCC,0x48,0xAC,0x48,0xAC,0x48,0xAC,0x48,0xAC,0x48,0xAC,0x48,0xAC,0x48,0xAC,0x48,0xAC,0x48,0x8C,0x50,
	0x8C,0x50,0x8C,0x50,0x8A,0x40,0x67,0x28,0x66,0x20,0x66,0x20,0x66,0x20,0x66,0x20,0x66,0x20,0x66,0x20,
	0x66,0x20,0x66,0x20,0x66,0x20,0x66,0x20,0x66,0x20,0x66,0x20,0x66,0x20,0x66,0x20,0x66,0x28,0x66,0x28,
	0x66,0x28,0x66,0x28,0x66,0x28,0x25,0x20,0x04,0x18,0x03,0x10,0x03,0x10,0x03,0x18,0x01,0x08,0x00,0x00,
	0x00,0x00,0x00,0x00,0x00,0x00,0x00,0x00,0x00,0x00,0x00,0x00,0x00,0x00,0x00,0x00,0x00,0x00,0x00,0x00,
	0x00,0x00,0x00,0x00,0x00,0x00,0x00,0x00,0x00,0x00,0x00,0x00,0x00,0x00,0x00,0x00,0x00,0x00,0x00,0x00,
	0x00,0x00,0x00,0x00,0x00,0x00,0x00,0x00,0x00,0x00,0x00,0x00,0x00,0x00,0x00,0x00,0x00,0x00,0x00,0x00,
	0x00,0x00,0x00,0x00,0x00,0x00,0x00,0x00,0x00,0x00,0x00,0x00,0x00,0x00,0x00,0x00,0x00,0x00,0x00,0x00,
	0x00,0x00,0x00,0x00,0x00,0x00,0x00,0x00,0x00,0x00,0x00,0x00,0x00,0x00,0x00,0x00,0x00,0x00,0x00,0x00,
	0x00,0x00,0x00,0x00,0x00,0x00,0x00,0x00,0x00,0x00,0x00,0x00,0x00,0x00,0x00,0x00,0x00,0x00,0x00,0x00,
	0x00,0x00,0x00,0x00,0x00,0x00,0x00,0x00,0x00,0x00,0x00,0x00,0x00,0x00,0x00,0x00,0x00,0x00,0x00,0x00,
	0x00,0x00,0x00,0x00,0x00,0x00,0x00,0x00,0x00,0x00,0x00,0x00,0x00,0x00,0x00,0x00,0x00,0x00,0x00,0x00,
	0x00,0x00,0x00,0x00,0x20,0x00,0x61,0x00,0xA3,0x00,0xA2,0x00,0xA2,0x00,0x82,0x00,0xE3,0x00,0x66,0x01,
	0x86,0x01,0x66,0x01,0x66,0x01,0x66,0x01,0x66,0x01,0x66,0x01,0x66,0x01,0x66,0x01,0x66,0x01,0x66,0x01,
	0x66,0x01,0x66,0x01,0x66,0x01,0x66,0x01,0x66,0x01,0x66,0x01,0x45,0x01,0x66,0x01,0xA7,0x01,0x29,0x02,
	0x6B,0x0A,0x6B,0x0A,0x6B,0x0A,0x4B,0x0A,0x4B,0x0A,0x4B,0x0A,0x4B,0x0A,0x4B,0x0A,0x4B,0x12,0x4B,0x12,
	0x4B,0x12,0x2B,0x12,0x2B,0x12,0x2B,0x12,0x2B,0x12,0x2B,0x12,0x0B,0x12,0x0B,0x12,0x4C,0x12,0x8C,0x12,
	0xAD,0x1A,0x8D,0x1A,0x8D,0x1A,0x6D,0x1A,0x6D,0x1A,0x8D,0x1A,0x8E,0x1A,0xAE,0x22,0xAE,0x22,0xCF,0x22,
	0xCF,0x22,0xCF,0x22,0xF0,0x22,0xF1,0x22,0xF1,0x22,0xCF,0x22,0xF0,0x22,0x32,0x2B,0x94,0x33,0xF6,0x3B,
	0xF7,0x43,0xF7,0x43,0xF7,0x43,0xF7,0x43,0xF7,0x4B,0xF7,0x4B,0xF7,0x4B,0xD7,0x4B,0xD7,0x4B,0xD7,0x4B,
	0xB7,0x53,0xB7,0x53,0xB7,0x53,0xB7,0x53,0x97,0x53,0x97,0x53,0x77,0x5B,0x77,0x5B,0x77,0x5B,0x77,0x5B,
	0x77,0x5B,0x58,0x63,0xF7,0x5A,0xD9,0x73,0xFE,0xDE,0xFF,0xFF,0xFF,0xFF,0xFF,0xFF,0xFF,0xFF,0xFF,0xFF,
	0xFE,0xDE,0x99,0x83,0xB7,0x6A,0x18,0x73,0x18,0x73,0x18,0x73,0xF8,0x72,0xD8,0x72,0xD8,0x72,0xD8,0x72,
	0xD8,0x72,0xB8,0x72,0xB8,0x72,0x98,0x72,0x98,0x72,0x98,0x7A,0x98,0x7A,0x98,0x7A,0x99,0x7A,0x36,0x72,
	0x33,0x6A,0xD5,0x93,0x98,0xBD,0xB9,0xCE,0xF7,0xBD,0xD5,0x8B,0x73,0x72,0x92,0x61,0x71,0x59,0x71,0x59,
	0x91,0x59,0x92,0x61,0x92,0x61,0x71,0x59,0x50,0x51,0x30,0x51,0x2F,0x59,0x0F,0x59,0x2F,0x51,0x2F,0x49,
	0x0E,0x51,0x0E,0x51,0xEE,0x50,0x0E,0x51,0x0E,0x51,0xED,0x50,0xED,0x48,0xCB,0x40,0xCB,0x40,0xCC,0x48,
	0xCC,0x48,0xCC,0x48,0xCC,0x48,0xCC,0x48,0xAC,0x48,0xAC,0x48,0xAC,0x48,0xAC,0x48,0xAC,0x48,0xAC,0x48,
	0xAC,0x48,0xAC,0x48,0x8C,0x50,0x8C,0x50,0x8C,0x50,0x8B,0x48,0x69,0x38,0x67,0x28,0x66,0x20,0x66,0x20,
	0x66,0x20,0x66,0x20,0x66,0x20,0x66,0x20,0x66,0x20,0x66,0x20,0x66,0x20,0x66,0x20,0x66,0x20,0x66,0x20,
	0x66,0x20,0x66,0x28,0x66,0x28,0x66,0x28,0x66,0x28,0x66,0x28,0x25,0x20,0x04,0x18,0x03,0x10,0x03,0x10,
	0x03,0x18,0x02,0x10,0x01,0x08,0x00,0x00,0x00,0x00,0x00,0x00,0x00,0x00,0x00,0x00,0x00,0x00,0x00,0x00,
	0x00,0x00,0x00,0x00,0x00,0x00,0x00,0x00,0x00,0x00,0x00,0x00,0x00,0x00,0x00,0x00,0x00,0x00,0x00,0x00,
	0x00,0x00,0x00,0x00,0x00,0x00,0x00,0x00,0x00,0x00,0x00,0x00,0x00,0x00,0x00,0x00,0x00,0x00,0x00,0x00,
	0x00,0x00,0x00,0x00,0x00,0x00,0x00,0x00,0x00,0x00,0x00,0x00,0x00,0x00,0x00,0x00,0x00,0x00,0x00,0x00,
	0x00,0x00,0x00,0x00,0x00,0x00,0x00,0x00,0x00,0x00,0x00,0x00,0x00,0x00,0x00,0x00,0x00,0x00,0x00,0x00,
	0x00,0x00,0x00,0x00,0x00,0x00,0x00,0x00,0x00,0x00,0x00,0x00,0x00,0x00,0x00,0x00,0x00,0x00,0x00,0x00,
	0x00,0x00,0x00,0x00,0x00,0x00,0x00,0x00,0x00,0x00,0x00,0x00,0x00,0x00,0x00,0x00,0x00,0x00,0x00,0x00,
	0x00,0x00,0x00,0x00,0x00,0x00,0x00,0x00,0x00,0x00,0x00,0x00,0x00,0x00,0x00,0x00,0x00,0x00,0x00,0x00,
	0x00,0x00,0x00,0x00,0x00,0x00,0x00,0x00,0x00,0x00,0x61,0x00,0xA2,0x00,0xC3,0x00,0xA2,0x00,0xA2,0x00,
	0x82,0x00,0xE3,0x00,0x66,0x01,0x86,0x01,0x66,0x01,0x66,0x01,0x66,0x01,0x66,0x01,0x66,0x01,0x66,0x01,
	0x66,0x01,0x66,0x01,0x66,0x01,0x66,0x01,0x66,0x01,0x66,0x01,0x66,0x01,0x66,0x01,0x66,0x01,0x66,0x01,
	0x87,0x01,0xE8,0x01,0x4A,0x0A,0x6B,0x0A,0x6B,0x0A,0x6B,0x0A,0x4B,0x0A,0x4B,0x0A,0x4B,0x0A,0x4B,0x0A,
	0x4B,0x0A,0x4B,0x12,0x4B,0x12,0x4B,0x12,0x2B,0x12,0x2B,0x12,0x2B,0x12,0x2B,0x12,0x2B,0x12,0x0B,0x12,
	0x0B,0x12,0x4C,0x12,0x8C,0x12,0xAD,0x1A,0x8D,0x1A,0x6D,0x1A,0x6D,0x1A,0x8D,0x1A,0xAE,0x1A,0xCF,0x22,
	0xCF,0x22,0xCF,0x22,0xCF,0x22,0xCF,0x22,0xEF,0x22,0x10,0x23,0xF1,0x22,0xF1,0x22,0xCF,0x22,0x10,0x2B,
	0xB4,0x33,0xF6,0x3B,0x17,0x44,0xF7,0x43,0xF7,0x43,0xF7,0x43,0xF7,0x43,0xF7,0x4B,0xF7,0x4B,0xF7,0x4B,
	0xD7,0x4B,0xD7,0x4B,0xD8,0x53,0xB7,0x53,0xB7,0x53,0xB7,0x53,0xB7,0x53,0x97,0x53,0x77,0x53,0x77,0x5B,
	0x77,0x5B,0x77,0x5B,0x77,0x5B,0x77,0x5B,0x58,0x63,0xF7,0x5A,0xD9,0x73,0xFE,0xDE,0xFF,0xFF,0xFF,0xFF,
	0xFF,0xFF,0xFF,0xFF,0xFF,0xFF,0xFE,0xDE,0x99,0x83,0xB7,0x6A,0x18,0x73,0x18,0x73,0x18,0x73,0x18,0x73,
	0xF8,0x72,0xD8,0x72,0xD8,0x72,0xD8,0x72,0xB8,0x72,0xB8,0x72,0x98,0x72,0x98,0x72,0x98,0x7A,0x98,0x7A,
	0x98,0x7A,0x78,0x7A,0x54,0x6A,0xAF,0x6A,0x76,0xB5,0x3B,0xDF,0xD6,0xB5,0x14,0x94,0x75,0x7A,0x16,0x7A,
	0x16,0x7A,0xB3,0x61,0x71,0x59,0x71,0x59,0x92,0x59,0x92,0x61,0x71,0x59,0x50,0x59,0x30,0x59,0x30,0x59,
	0x30,0x59,0x50,0x59,0x50,0x51,0x0F,0x51,0xEE,0x50,0xEE,0x50,0xEE,0x50,0x0E,0x51,0xED,0x50,0xED,0x50,
	0xCB,0x40,0xCB,0x40,0xCC,0x48,0xCC,0x48,0xCC,0x48,0xCC,0x48,0xCC,0x48,0xAC,0x48,0xAC,0x48,0xAC,0x48,
	0xAC,0x48,0xAC,0x48,0xAC,0x48,0xAC,0x48,0xAC,0x48,0x8C,0x50,0x8C,0x50,0x8C,0x50,0x8C,0x50,0x6A,0x40,
	0x68,0x30,0x66,0x20,0x66,0x20,0x66,0x20,0x66,0x20,0x66,0x20,0x66,0x20,0x66,0x20,0x66,0x20,0x66,0x20,
	0x66,0x20,0x66,0x20,0x66,0x20,0x66,0x20,0x66,0x28,0x66,0x28,0x66,0x28,0x66,0x28,0x66,0x28,0x25,0x20,
	0x04,0x18,0x03,0x10,0x03,0x10,0x03,0x18,0x03,0x18,0x02,0x10,0x00,0x00,0x00,0x00,0x00,0x00,0x00,0x00,
	0x00,0x00,0x00,0x00,0x00,0x00,0x00,0x00,0x00,0x00,0x00,0x00,0x00,0x00,0x00,0x00,0x00,0x00,0x00,0x00,
	0x00,0x00,0x00,0x00,0x00,0x00,0x00,0x00,0x00,0x00,0x00,0x00,0x00,0x00,0x00,0x00,0x00,0x00,0x00,0x00,
	0x00,0x00,0x00,0x00,0x00,0x00,0x00,0x00,0x00,0x00,0x00,0x00,0x00,0x00,0x00,0x00,0x00,0x00,0x00,0x00,
	0x00,0x00,0x00,0x00,0x00,0x00,0x00,0x00,0x00,0x00,0x00,0x00,0x00,0x00,0x00,0x00,0x00,0x00,0x00,0x00,
	0x00,0x00,0x00,0x00,0x00,0x00,0x00,0x00,0x00,0x00,0x00,0x00,0x00,0x00,0x00,0x00,0x00,0x00,0x00,0x00,
	0x00,0x00,0x00,0x00,0x00,0x00,0x00,0x00,0x00,0x00,0x00,0x00,0x00,0x00,0x00,0x00,0x00,0x00,0x00,0x00,
	0x00,0x00,0x00,0x00,0x00,0x00,0x00,0x00,0x00,0x00,0x00,0x00,0x00,0x00,0x00,0x00,0x00,0x00,0x00,0x00,
	0x00,0x00,0x00,0x00,0x00,0x00,0x00,0x00,0x00,0x00,0x00,0x00,0x00,0x00,0x20,0x00,0x82,0x00,0xC3,0x00,
	0xC3,0x00,0xA2,0x00,0xA2,0x00,0x82,0x00,0xE3,0x00,0x66,0x01,0x86,0x01,0x66,0x01,0x66,0x01,0x66,0x01,
	0x66,0x01,0x66,0x01,0x66,0x01,0x66,0x01,0x66,0x01,0x66,0x01,0x66,0x01,0x66,0x01,0x66,0x01,0x66,0x01,
	0x66,0x01,0x66,0x01,0x45,0x01,0x87,0x01,0x09,0x02,0x4A,0x0A,0x6B,0x0A,0x6B,0x0A,0x6B,0x0A,0x4B,0x0A,
	0x4B,0x0A,0x4B,0x0A,0x4B,0x0A,0x4B,0x0A,0x4B,0x12,0x4B,0x12,0x4B,0x12,0x2B,0x12,0x2B,0x12,0x2B,0x12,
	0x2B,0x12,0x2B,0x12,0x0B,0x12,0x2B,0x12,0x6C,0x12,0x8C,0x12,0xAD,0x1A,0x8D,0x1A,0x6D,0x1A,0x6D,0x1A,
	0x8E,0x1A,0xAF,0x22,0xCF,0x22,0xCF,0x1A,0xCF,0x22,0xCF,0x22,0xCF,0x22,0xF0,0x22,0x11,0x23,0xF0,0x22,
	0xF0,0x22,0x11,0x23,0x73,0x2B,0xF6,0x3B,0x17,0x44,0x17,0x44,0x17,0x44,0x17,0x44,0xF7,0x43,0xF7,0x43,
	0xF7,0x4B,0xF7,0x4B,0xF7,0x4B,0xD7,0x4B,0xD7,0x4B,0xD8,0x53,0xB7,0x53,0xB7,0x53,0xB7,0x53,0xB7,0x53,
	0xB7,0x53,0x97,0x53,0x77,0x53,0x77,0x5B,0x77,0x5B,0x57,0x5B,0x57,0x5B,0x58,0x63,0xF7,0x5A,0xD9,0x73,
	0xFE,0xDE,0xFF,0xFF,0xFF,0xFF,0xFF,0xFF,0xFF,0xFF,0xFF,0xFF,0xFE,0xDE,0x99,0x7B,0xB7,0x62,0x18,0x73,
	0xF8,0x72,0xF8,0x72,0xF8,0x72,0xD8,0x72,0xD8,0x72,0xD8,0x72,0xD8,0x72,0xB8,0x72,0xB8,0x72,0x97,0x7A,
	0x97,0x7A,0x98,0x7A,0xB9,0x82,0x98,0x7A,0x13,0x62,0x33,0x7B,0x56,0xAD,0x99,0xCE,0x9A,0xCE,0x56,0x94,
	0xD5,0x7A,0x57,0x82,0x38,0x8A,0x57,0x82,0x16,0x7A,0xD3,0x69,0x91,0x59,0x71,0x59,0x72,0x61,0x51,0x61,
	0x30,0x59,0x30,0x59,0x30,0x59,0x30,0x59,0x30,0x59,0x30,0x59,0x30,0x59,0x0F,0x51,0xEE,0x50,0xEE,0x50,
	0xEE,0x50,0xEE,0x50,0xED,0x50,0xCC,0x40,0xCC,0x40,0xCC,0x48,0xCC,0x48,0xCC,0x48,0xCC,0x48,0xCC,0x48,
	0xAC,0x48,0xAC,0x48,0xAC,0x48,0xAC,0x48,0xAC,0x48,0xAC,0x48,0xAC,0x48,0xAC,0x48,0x8C,0x50,0x8C,0x50,
	0x8C,0x50,0x8C,0x50,0x6B,0x48,0x68,0x38,0x65,0x20,0x66,0x20,0x66,0x20,0x66,0x20,0x66,0x20,0x66,0x20,
	0x66,0x20,0x66,0x20,0x66,0x20,0x66,0x20,0x66,0x20,0x66,0x20,0x66,0x20,0x66,0x28,0x66,0x28,0x66,0x28,
	0x66,0x28,0x66,0x28,0x24,0x20,0x03,0x18,0x03,0x10,0x03,0x10,0x03,0x18,0x03,0x18,0x02,0x10,0x01,0x08,
	0x00,0x00,0x00,0x00,0x00,0x00,0x00,0x00,0x00,0x00,0x00,0x00,0x00,0x00,0x00,0x00,0x00,0x00,0x00,0x00,
	0x00,0x00,0x00,0x00,0x00,0x00,0x00,0x00,0x00,0x00,0x00,0x00,0x00,0x00,0x00,0x00,0x00,0x00,0x00,0x00,
	0x00,0x00,0x00,0x00,0x00,0x00,0x00,0x00,0x00,0x00,0x00,0x00,0x00,0x00,0x00,0x00,0x00,0x00,0x00,0x00,
	0x00,0x00,0x00,0x00,0x00,0x00,0x00,0x00,0x00,0x00,0x00,0x00,0x00,0x00,0x00,0x00,0x00,0x00,0x00,0x00,
	0x00,0x00,0x00,0x00,0x00,0x00,0x00,0x00,0x00,0x00,0x00,0x00,0x00,0x00,0x00,0x00,0x00,0x00,0x00,0x00,
	0x00,0x00,0x00,0x00,0x00,0x00,0x00,0x00,0x00,0x00,0x00,0x00,0x00,0x00,0x00,0x00,0x00,0x00,0x00,0x00,
	0x00,0x00,0x00,0x00,0x00,0x00,0x00,0x00,0x00,0x00,0x00,0x00,0x00,0x00,0x00,0x00,0x00,0x00,0x00,0x00,
	0x00,0x00,0x00,0x00,0x00,0x00,0x00,0x00,0x00,0x00,0x00,0x00,0x00,0x00,0x00,0x00,0x00,0x00,0x00,0x00,
	0x41,0x00,0xA3,0x00,0xC3,0x00,0xC3,0x00,0xA3,0x00,0xA2,0x00,0x82,0x00,0xE3,0x00,0x66,0x01,0x86,0x01,
	0x66,0x01,0x66,0x01,0x66,0x01,0x66,0x01,0x66,0x01,0x66,0x01,0x66,0x01,0x66,0x01,0x66,0x01,0x66,0x01,
	0x66,0x01,0x66,0x01,0x66,0x01,0x66,0x01,0x45,0x01,0x45,0x01,0xA7,0x01,0x29,0x02,0x4B,0x0A,0x6B,0x0A,
	0x6B,0x0A,0x6B,0x0A,0x4B,0x0A,0x4B,0x0A,0x4B,0x0A,0x4B,0x0A,0x4B,0x0A,0x4B,0x12,0x4B,0x12,0x4B,0x12,
	0x2B,0x12,0x2B,0x12,0x2B,0x12,0x2B,0x12,0x2B,0x12,0x0B,0x12,0x2B,0x12,0x6C,0x12,0x8D,0x1A,0x8D,0x1A,
	0x8D,0x1A,0x8E,0x1A,0x8E,0x1A,0xAF,0x1A,0xCF,0x22,0xCF,0x22,0xCF,0x1A,0xCF,0x22,0xCF,0x22,0xCF,0x22,
	0xF0,0x22,0x11,0x23,0xF0,0x22,0x11,0x23,0x73,0x2B,0xD5,0x33,0x17,0x44,0x17,0x44,0x17,0x44,0x17,0x44,
	0x17,0x44,0xF7,0x43,0xF7,0x43,0xF7,0x4B,0xF7,0x4B,0xF7,0x4B,0xD7,0x4B,0xD7,0x4B,0xD8,0x53,0xB7,0x53,
	0xB7,0x53,0xB7,0x53,0xB7,0x53,0xB7,0x53,0x97,0x53,0x77,0x53,0x77,0x5B,0x77,0x5B,0x57,0x5B,0x57,0x5B,
	0x58,0x63,0xF7,0x5A,0xD9,0x73,0xFE,0xDE,0xFF,0xFF,0xFF,0xFF,0xFF,0xFF,0xFF,0xFF,0xFF,0xFF,0xFE,0xDE,
	0x99,0x7B,0xB7,0x62,0x18,0x73,0xF8,0x72,0xF8,0x72,0xD8,0x72,0xD8,0x72,0xD8,0x72,0xD8,0x72,0xD8,0x72,
	0xB8,0x72,0xB8,0x72,0x97,0x7A,0x98,0x7A,0x98,0x7A,0x56,0x72,0x54,0x6A,0xD2,0x6A,0xD5,0x9C,0xFA,0xD6,
	0x7A,0xCE,0xF8,0xAC,0x17,0x83,0x37,0x7A,0x58,0x8A,0x58,0x8A,0x58,0x8A,0x58,0x82,0x16,0x7A,0xB2,0x61,
	0x71,0x59,0x52,0x61,0x51,0x59,0x50,0x59,0x30,0x59,0x30,0x59,0x30,0x59,0x30,0x59,0x30,0x59,0x30,0x59,
	0x30,0x59,0x0E,0x51,0xEE,0x50,0xEE,0x50,0xEE,0x50,0xEE,0x50,0xCC,0x48,0xCC,0x40,0xCC,0x48,0xCC,0x48,
	0xCC,0x48,0xCC,0x48,0xCC,0x48,0xAC,0x48,0xAC,0x48,0xAC,0x48,0xAC,0x48,0xAC,0x48,0xAC,0x48,0xAC,0x48,
	0xAC,0x48,0x8C,0x50,0x8C,0x50,0x8C,0x50,0x8C,0x50,0x6B,0x48,0x69,0x38,0x66,0x28,0x66,0x20,0x66,0x20,
	0x66,0x20,0x66,0x20,0x66,0x20,0x66,0x20,0x66,0x20,0x66,0x20,0x66,0x20,0x66,0x20,0x66,0x20,0x66,0x20,
	0x66,0x28,0x66,0x28,0x66,0x28,0x66,0x28,0x66,0x28,0x24,0x20,0x03,0x18,0x03,0x10,0x03,0x10,0x03,0x18,
	0x03,0x18,0x03,0x18,0x02,0x10,0x01,0x08,0x00,0x00,0x00,0x00,0x00,0x00,0x00,0x00,0x00,0x00,0x00,0x00,
	0x00,0x00,0x00,0x00,0x00,0x00,0x00,0x00,0x00,0x00,0x00,0x00,0x00,0x00,0x00,0x00,0x00,0x00,0x00,0x00,
	0x00,0x00,0x00,0x00,0x00,0x00,0x00,0x00,0x00,0x00,0x00,0x00,0x00,0x00,0x00,0x00,0x00,0x00,0x00,0x00,
	0x00,0x00,0x00,0x00,0x00,0x00,0x00,0x00,0x00,0x00,0x00,0x00,0x00,0x00,0x00,0x00,0x00,0x00,0x00,0x00,
	0x00,0x00,0x00,0x00,0x00,0x00,0x00,0x00,0x00,0x00,0x00,0x00,0x00,0x00,0x00,0x00,0x00,0x00,0x00,0x00,
	0x00,0x00,0x00,0x00,0x00,0x00,0x00,0x00,0x00,0x00,0x00,0x00,0x00,0x00,0x00,0x00,0x00,0x00,0x00,0x00,
	0x00,0x00,0x00,0x00,0x00,0x00,0x00,0x00,0x00,0x00,0x00,0x00,0x00,0x00,0x00,0x00,0x00,0x00,0x00,0x00,
	0x00,0x00,0x00,0x00,0x00,0x00,0x00,0x00,0x00,0x00,0x00,0x00,0x00,0x00,0x00,0x00,0x00,0x00,0x00,0x00,
	0x00,0x00,0x00,0x00,0x40,0x00,0x81,0x00,0xC3,0x00,0xC3,0x00,0xC3,0x00,0xA3,0x00,0xA3,0x00,0x82,0x00,
	0xE3,0x00,0x66,0x01,0x86,0x01,0x66,0x01,0x66,0x01,0x66,0x01,0x66,0x01,0x66,0x01,0x66,0x01,0x66,0x01,
	0x66,0x01,0x66,0x01,0x66,0x01,0x66,0x01,0x66,0x01,0x66,0x01,0x45,0x01,0x45,0x01,0x67,0x01,0xC8,0x01,
	0x2A,0x0A,0x6B,0x0A,0x6B,0x0A,0x6B,0x0A,0x6B,0x0A,0x4B,0x0A,0x4B,0x0A,0x4B,0x0A,0x4B,0x0A,0x4B,0x0A,
	0x4B,0x12,0x4B,0x12,0x4B,0x12,0x2B,0x12,0x2B,0x12,0x2B,0x12,0x2B,0x12,0x2B,0x12,0x0B,0x12,0x2B,0x12,
	0x6D,0x1A,0x8D,0x1A,0x6D,0x1A,0x8E,0x1A,0xCF,0x1A,0xCF,0x1A,0xCF,0x1A,0xCF,0x22,0xCF,0x22,0xCF,0x1A,
	0xCF,0x22,0xCF,0x22,0xF0,0x22,0xF0,0x22,0xF0,0x22,0xF1,0x22,0x32,0x2B,0x16,0x34,0x57,0x3C,0x17,0x44,
	0x17,0x44,0x17,0x44,0xF7,0x43,0xF7,0x43,0xF7,0x43,0xF7,0x43,0xF7,0x4B,0xF7,0x4B,0xF7,0x4B,0xD7,0x4B,
	0xD7,0x4B,0xD8,0x53,0xB7,0x53,0xB7,0x53,0xB7,0x53,0xB7,0x53,0xB7,0x53,0x97,0x53,0x77,0x53,0x77,0x5B,
	0x77,0x5B,0x77,0x5B,0x77,0x5B,0x58,0x63,0xF7,0x5A,0xD9,0x73,0xFE,0xDE,0xFF,0xFF,0xFF,0xFF,0xFF,0xFF,
	0xFF,0xFF,0xFF,0xFF,0xFE,0xDE,0x99,0x7B,0xB7,0x62,0x18,0x73,0x18,0x73,0xF8,0x72,0xF8,0x72,0xD8,0x72,
	0xD8,0x72,0xD8,0x72,0xD8,0x72,0xB8,0x72,0xB8,0x72,0x98,0x72,0xB9,0x7A,0x98,0x7A,0x90,0x49,0x0E,0x52,
	0x15,0xA5,0xB9,0xCE,0xFA,0xD6,0xD8,0xAC,0xF6,0x82,0x97,0x82,0x58,0x82,0x58,0x8A,0x58,0x8A,0x38,0x8A,
	0x58,0x8A,0x37,0x82,0xF4,0x71,0x92,0x61,0x50,0x59,0x71,0x59,0x91,0x59,0x50,0x51,0x30,0x51,0x30,0x59,
	0x30,0x59,0x30,0x59,0x30,0x59,0x30,0x59,0x2F,0x59,0x0E,0x51,0x0E,0x51,0xEE,0x50,0xEE,0x50,0xCC,0x48,
	0xCB,0x48,0xCB,0x40,0xCC,0x48,0xCC,0x48,0xCC,0x48,0xCC,0x48,0xAC,0x48,0xAC,0x48,0xAC,0x48,0xAC,0x48,
	0xAC,0x48,0xAC,0x48,0xAC,0x48,0xAC,0x48,0x8C,0x50,0x8C,0x50,0x8C,0x50,0x8C,0x50,0x8B,0x48,0x8A,0x38,
	0x88,0x30,0x66,0x20,0x66,0x20,0x66,0x20,0x66,0x20,0x66,0x20,0x66,0x20,0x66,0x20,0x66,0x20,0x66,0x20,
	0x66,0x20,0x66,0x20,0x66,0x20,0x66,0x28,0x66,0x28,0x66,0x28,0x66,0x28,0x66,0x28,0x24,0x20,0x03,0x18,
	0x03,0x10,0x03,0x10,0x03,0x18,0x03,0x18,0x03,0x18,0x03,0x18,0x02,0x10,0x00,0x00,0x00,0x00,0x00,0x00,
	0x00,0x00,0x00,0x00,0x00,0x00,0x00,0x00,0x00,0x00,0x00,0x00,0x00,0x00,0x00,0x00,0x00,0x00,0x00,0x00,
	0x00,0x00,0x00,0x00,0x00,0x00,0x00,0x00,0x00,0x00,0x00,0x00,0x00,0x00,0x00,0x00,0x00,0x00,0x00,0x00,
	0x00,0x00,0x00,0x00,0x00,0x00,0x00,0x00,0x00,0x00,0x00,0x00,0x00,0x00,0x00,0x00,0x00,0x00,0x00,0x00,
	0x00,0x00,0x00,0x00,0x00,0x00,0x00,0x00,0x00,0x00,0x00,0x00,0x00,0x00,0x00,0x00,0x00,0x00,0x00,0x00,
	0x00,0x00,0x00,0x00,0x00,0x00,0x00,0x00,0x00,0x00,0x00,0x00,0x00,0x00,0x00,0x00,0x00,0x00,0x00,0x00,
	0x00,0x00,0x00,0x00,0x00,0x00,0x00,0x00,0x00,0x00,0x00,0x00,0x00,0x00,0x00,0x00,0x00,0x00,0x00,0x00,
	0x00,0x00,0x00,0x00,0x00,0x00,0x00,0x00,0x00,0x00,0x00,0x00,0x00,0x00,0x00,0x00,0x00,0x00,0x00,0x00,
	0x00,0x00,0x00,0x00,0x00,0x00,0x00,0x00,0x00,0x00,0x61,0x00,0xA2,0x00,0xC3,0x00,0xC3,0x00,0xC3,0x00,
	0xC3,0x00,0xA3,0x00,0xA2,0x00,0xC3,0x00,0x45,0x01,0x66,0x01,0x66,0x01,0x66,0x01,0x66,0x01,0x66,0x01,
	0x66,0x01,0x66,0x01,0x66,0x01,0x66,0x01,0x66,0x01,0x66,0x01,0x66,0x01,0x66,0x01,0x66,0x01,0x45,0x01,
	0x66,0x01,0xA7,0x01,0xE9,0x09,0x4A,0x0A,0x6B,0x0A,0x6B,0x0A,0x6B,0x0A,0x6B,0x0A,0x4B,0x0A,0x4B,0x0A,
	0x4B,0x0A,0x4B,0x0A,0x4B,0x0A,0x4B,0x12,0x4B,0x12,0x4B,0x12,0x2B,0x12,0x2B,0x12,0x2B,0x12,0x2B,0x12,
	0x2B,0x12,0x0B,0x12,0x2B,0x12,0x8D,0x1A,0xAD,0x1A,0xAE,0x1A,0xCF,0x1A,0xEF,0x1A,0xCF,0x1A,0xCF,0x1A,
	0xCF,0x22,0xCF,0x22,0xCF,0x1A,0xCF,0x22,0xCF,0x22,0xF0,0x22,0xF0,0x22,0xF0,0x22,0x52,0x2B,0xD5,0x33,
	0x37,0x3C,0x57,0x44,0x17,0x44,0x17,0x44,0x17,0x44,0xF7,0x43,0xF7,0x43,0xF7,0x43,0xF7,0x43,0xF7,0x4B,
	0xF7,0x4B,0xF7,0x4B,0xD7,0x4B,0xD7,0x4B,0xD8,0x53,0xB7,0x53,0xB7,0x53,0xB7,0x53,0xB7,0x53,0xB7,0x53,
	0x97,0x53,0x77,0x53,0x77,0x5B,0x77,0x5B,0x77,0x5B,0x77,0x5B,0x58,0x63,0x18,0x5B,0xF9,0x73,0xFE,0xDE,
	0xFF,0xFF,0xFF,0xFF,0xFF,0xFF,0xFF,0xFF,0xFF,0xFF,0xFE,0xDE,0x99,0x7B,0xB8,0x62,0x18,0x73,0x18,0x73,
	0x18,0x73,0xF8,0x72,0xF8,0x72,0xD8,0x72,0xD8,0x72,0xD8,0x72,0xD8,0x72,0xB8,0x72,0x98,0x72,0x56,0x6A,
	0x34,0x62,0x70,0x62,0xD1,0x83,0x99,0xCE,0x78,0xC6,0x92,0x94,0x34,0x83,0x57,0x7A,0x78,0x82,0x78,0x82,
	0x58,0x8A,0x58,0x8A,0x38,0x8A,0x58,0x8A,0x38,0x8A,0x16,0x82,0xB4,0x71,0x91,0x61,0x91,0x59,0x91,0x59,
	0x50,0x51,0x30,0x51,0x30,0x59,0x30,0x59,0x30,0x59,0x30,0x59,0x30,0x59,0x30,0x59,0x2F,0x59,0x0F,0x59,
	0xEE,0x58,0xED,0x50,0xCC,0x48,0xCB,0x48,0xCB,0x40,0xCC,0x48,0xCC,0x48,0xCC,0x48,0xCC,0x48,0xAC,0x48,
	0xAC,0x48,0xAC,0x48,0xAC,0x48,0xAC,0x48,0xAC,0x48,0xAC,0x48,0xAC,0x48,0x8C,0x50,0x8C,0x50,0x8C,0x50,
	0x8C,0x50,0x8B,0x48,0x8A,0x40,0x89,0x30,0x67,0x28,0x66,0x20,0x66,0x20,0x66,0x20,0x66,0x20,0x66,0x20,
	0x66,0x20,0x66,0x20,0x66,0x20,0x66,0x20,0x66,0x20,0x66,0x20,0x66,0x28,0x66,0x28,0x66,0x28,0x66,0x28,
	0x66,0x20,0x24,0x20,0x03,0x18,0x03,0x10,0x03,0x18,0x03,0x18,0x03,0x18,0x03,0x18,0x03,0x18,0x02,0x10,
	0x00,0x00,0x00,0x00,0x00,0x00,0x00,0x00,0x00,0x00,0x00,0x00,0x00,0x00,0x00,0x00,0x00,0x00,0x00,0x00,
	0x00,0x00,0x00,0x00,0x00,0x00,0x00,0x00,0x00,0x00,0x00,0x00,0x00,0x00,0x00,0x00,0x00,0x00,0x00,0x00,
	0x00,0x00,0x00,0x00,0x00,0x00,0x00,0x00,0x00,0x00,0x00,0x00,0x00,0x00,0x00,0x00,0x00,0x00,0x00,0x00,
	0x00,0x00,0x00,0x00,0x00,0x00,0x00,0x00,0x00,0x00,0x00,0x00,0x00,0x00,0x00,0x00,0x00,0x00,0x00,0x00,
	0x00,0x00,0x00,0x00,0x00,0x00,0x00,0x00,0x00,0x00,0x00,0x00,0x00,0x00,0x00,0x00,0x00,0x00,0x00,0x00,
	0x00,0x00,0x00,0x00,0x00,0x00,0x00,0x00,0x00,0x00,0x00,0x00,0x00,0x00,0x00,0x00,0x00,0x00,0x00,0x00,
	0x00,0x00,0x00,0x00,0x00,0x00,0x00,0x00,0x00,0x00,0x00,0x00,0x00,0x00,0x00,0x00,0x00,0x00,0x00,0x00,
	0x00,0x00,0x00,0x00,0x00,0x00,0x00,0x00,0x00,0x00,0x00,0x00,0x00,0x00,0x20,0x00,0x81,0x00,0xC2,0x00,
	0xC3,0x00,0xC3,0x00,0xC3,0x00,0xC3,0x00,0xC3,0x00,0xA2,0x00,0xC3,0x00,0x25,0x01,0x46,0x01,0x66,0x01,
	0x66,0x01,0x66,0x01,0x66,0x01,0x66,0x01,0x66,0x01,0x66,0x01,0x66,0x01,0x66,0x01,0x66,0x01,0x66,0x01,
	0x66,0x01,0x66,0x01,0x66,0x01,0x86,0x01,0xC8,0x09,0x09,0x0A,0x4A,0x0A,0x6B,0x0A,0x6B,0x0A,0x6B,0x0A,
	0x6B,0x0A,0x4B,0x0A,0x4B,0x0A,0x4B,0x0A,0x4B,0x0A,0x4B,0x0A,0x4B,0x12,0x4B,0x12,0x4B,0x12,0x2B,0x12,
	0x2B,0x12,0x2B,0x12,0x2B,0x12,0x0B,0x12,0x0B,0x12,0x4B,0x12,0x8D,0x1A,0xCE,0x1A,0xEF,0x1A,0xEF,0x1A,
	0xEF,0x1A,0xCF,0x1A,0xCF,0x1A,0xCF,0x1A,0xCF,0x22,0xCF,0x22,0xCF,0x22,0xCF,0x22,0xF0,0x22,0xF0,0x22,
	0x11,0x2B,0xD5,0x33,0x57,0x3C,0x37,0x3C,0x17,0x3C,0x17,0x44,0x17,0x44,0x17,0x44,0x17,0x44,0x17,0x44,
	0xF7,0x43,0xF7,0x43,0xF7,0x4B,0xF7,0x4B,0xF7,0x4B,0xD7,0x4B,0xD7,0x4B,0xD8,0x53,0xB7,0x53,0xB7,0x53,
	0xB7,0x53,0xB7,0x53,0x97,0x53,0x77,0x53,0x77,0x5B,0x77,0x5B,0x77,0x5B,0x77,0x5B,0x77,0x5B,0x78,0x63,
	0x58,0x5B,0x3A,0x74,0x1E,0xDF,0xFF,0xFF,0xFF,0xFF,0xFF,0xFF,0xFF,0xFF,0xFF,0xFF,0xFE,0xDE,0xBA,0x83,
	0xD8,0x6A,0x38,0x73,0x18,0x73,0x18,0x73,0x18,0x73,0xF8,0x72,0xD8,0x72,0xD8,0x72,0xD8,0x72,0xD8,0x72,
	0xD8,0x72,0xB7,0x72,0x13,0x5A,0x0F,0x52,0x53,0x94,0x38,0xC6,0xFB,0xDE,0xF3,0x9C,0xA9,0x41,0xD1,0x61,
	0x79,0x8A,0x78,0x82,0x78,0x82,0x58,0x8A,0x58,0x8A,0x58,0x8A,0x38,0x8A,0x38,0x8A,0x18,0x92,0xF6,0x81,
	0xD4,0x69,0x92,0x59,0x71,0x59,0x30,0x59,0x30,0x59,0x30,0x59,0x30,0x59,0x30,0x59,0x30,0x59,0x30,0x59,
	0x30,0x59,0x30,0x61,0x30,0x61,0x0F,0x61,0xED,0x58,0xCC,0x48,0xCB,0x48,0xCB,0x40,0xCC,0x48,0xCC,0x48,
	0xCC,0x48,0xCC,0x48,0xAC,0x48,0xAC,0x48,0xAC,0x48,0xAC,0x48,0xAC,0x48,0xAC,0x48,0xAC,0x48,0xAC,0x48,
	0x8C,0x50,0x8C,0x50,0x8C,0x50,0x8C,0x50,0x8B,0x48,0x6A,0x40,0x69,0x38,0x68,0x30,0x67,0x28,0x66,0x20,
	0x66,0x20,0x66,0x20,0x66,0x20,0x66,0x20,0x66,0x20,0x66,0x20,0x66,0x20,0x66,0x20,0x66,0x20,0x66,0x28,
	0x66,0x28,0x66,0x28,0x66,0x28,0x66,0x20,0x24,0x18,0x03,0x18,0x03,0x18,0x03,0x18,0x03,0x18,0x03,0x18,
	0x03,0x18,0x03,0x18,0x02,0x10,0x01,0x08,0x00,0x00,0x00,0x00,0x00,0x00,0x00,0x00,0x00,0x00,0x00,0x00,
	0x00,0x00,0x00,0x00,0x00,0x00,0x00,0x00,0x00,0x00,0x00,0x00,0x00,0x00,0x00,0x00,0x00,0x00,0x00,0x00,
	0x00,0x00,0x00,0x00,0x00,0x00,0x00,0x00,0x00,0x00,0x00,0x00,0x00,0x00,0x00,0x00,0x00,0x00,0x00,0x00,
	0x00,0x00,0x00,0x00,0x00,0x00,0x00,0x00,0x00,0x00,0x00,0x00,0x00,0x00,0x00,0x00,0x00,0x00,0x00,0x00,
	0x00,0x00,0x00,0x00,0x00,0x00,0x00,0x00,0x00,0x00,0x00,0x00,0x00,0x00,0x00,0x00,0x00,0x00,0x00,0x00,
	0x00,0x00,0x00,0x00,0x00,0x00,0x00,0x00,0x00,0x00,0x00,0x00,0x00,0x00,0x00,0x00,0x00,0x00,0x00,0x00,
	0x00,0x00,0x00,0x00,0x00,0x00,0x00,0x00,0x00,0x00,0x00,0x00,0x00,0x00,0x00,0x00,0x00,0x00,0x00,0x00,
	0x00,0x00,0x00,0x00,0x00,0x00,0x00,0x00,0x00,0x00,0x00,0x00,0x00,0x00,0x00,0x00,0x00,0x00,0x20,0x00,
	0x41,0x00,0xA2,0x00,0xC3,0x00,0xC3,0x00,0xC3,0x00,0xC3,0x00,0xC3,0x00,0xC3,0x00,0xA2,0x00,0xC3,0x00,
	0x25,0x01,0x46,0x01,0x66,0x01,0x66,0x01,0x66,0x01,0x66,0x01,0x66,0x01,0x66,0x01,0x66,0x01,0x66,0x01,
	0x66,0x01,0x66,0x01,0x66,0x01,0x45,0x01,0x45,0x01,0x87,0x01,0xA8,0x01,0xC8,0x09,0x09,0x0A,0x4A,0x0A,
	0x6B,0x0A,0x6B,0x0A,0x6B,0x0A,0x6B,0x0A,0x4B,0x0A,0x4B,0x0A,0x4B,0x0A,0x4B,0x0A,0x4B,0x0A,0x4B,0x12,
	0x4B,0x12,0x4B,0x12,0x2B,0x12,0x2B,0x12,0x2B,0x12,0x2B,0x12,0x0B,0x12,0x2B,0x12,0x4B,0x12,0xAD,0x1A,
	0xEE,0x1A,0xEF,0x1A,0xEF,0x1A,0xEF,0x1A,0xCF,0x1A,0xCF,0x1A,0xCF,0x1A,0xCF,0x22,0xCF,0x22,0xCF,0x22,
	0xCF,0x22,0xF0,0x22,0x31,0x23,0xB4,0x33,0x16,0x3C,0x57,0x3C,0x37,0x3C,0x17,0x3C,0x17,0x44,0x17,0x44,
	0x17,0x44,0x17,0x44,0x17,0x44,0xF7,0x43,0xF7,0x43,0xF7,0x4B,0xF7,0x4B,0xF7,0x4B,0xD7,0x4B,0xD7,0x4B,
	0xD8,0x53,0xB7,0x53,0xB7,0x53,0xB7,0x53,0xB7,0x53,0xB7,0x53,0x77,0x53,0x57,0x53,0x77,0x5B,0x98,0x63,
	0xB8,0x5B,0xD9,0x63,0xBA,0x6B,0x9A,0x63,0x5B,0x7C,0x1E,0xDF,0xFF,0xFF,0xFF,0xFF,0xFF,0xFF,0xFF,0xFF,
	0xFF,0xFF,0xFE,0xDE,0xFB,0x83,0x1A,0x73,0x7A,0x7B,0x59,0x7B,0x59,0x7B,0x39,0x7B,0x19,0x7B,0xD8,0x72,
	0xD7,0x72,0xB7,0x72,0xD8,0x72,0xB8,0x72,0x77,0x72,0xD3,0x6A,0xD1,0x7B,0x58,0xC6,0xFA,0xD6,0x92,0x8C,
	0xEF,0x6A,0xF0,0x59,0x15,0x72,0x78,0x82,0x78,0x82,0x78,0x82,0x58,0x8A,0x58,0x8A,0x58,0x8A,0x38,0x8A,
	0x38,0x8A,0x38,0x92,0x17,0x8A,0x16,0x82,0xB3,0x69,0x50,0x59,0x30,0x59,0x30,0x59,0x30,0x59,0x30,0x59,
	0x30,0x59,0x30,0x59,0x30,0x59,0x30,0x59,0x30,0x61,0x30,0x61,0x30,0x61,0x0F,0x59,0xED,0x48,0xCC,0x40,
	0xCB,0x40,0xCC,0x48,0xCC,0x48,0xCC,0x48,0xCC,0x48,0xAC,0x48,0xAC,0x48,0xAC,0x48,0xAC,0x48,0xAC,0x48,
	0xAC,0x48,0xAC,0x48,0xAC,0x48,0x8C,0x50,0x8C,0x50,0x8C,0x50,0x8C,0x50,0x8C,0x50,0x6A,0x40,0x69,0x38,
	0x69,0x38,0x68,0x30,0x66,0x20,0x66,0x20,0x66,0x20,0x66,0x20,0x66,0x20,0x66,0x20,0x66,0x20,0x66,0x20,
	0x66,0x20,0x66,0x20,0x66,0x28,0x66,0x28,0x66,0x28,0x66,0x28,0x46,0x20,0x24,0x20,0x03,0x18,0x03,0x18,
	0x03,0x18,0x03,0x18,0x03,0x18,0x03,0x18,0x03,0x18,0x03,0x18,0x02,0x10,0x01,0x08,0x00,0x00,0x00,0x00,
	0x00,0x00,0x00,0x00,0x00,0x00,0x00,0x00,0x00,0x00,0x00,0x00,0x00,0x00,0x00,0x00,0x00,0x00,0x00,0x00,
	0x00,0x00,0x00,0x00,0x00,0x00,0x00,0x00,0x00,0x00,0x00,0x00,0x00,0x00,0x00,0x00,0x00,0x00,0x00,0x00,
	0x00,0x00,0x00,0x00,0x00,0x00,0x00,0x00,0x00,0x00,0x00,0x00,0x00,0x00,0x00,0x00,0x00,0x00,0x00,0x00,
	0x00,0x00,0x00,0x00,0x00,0x00,0x00,0x00,0x00,0x00,0x00,0x00,0x00,0x00,0x00,0x00,0x00,0x00,0x00,0x00,
	0x00,0x00,0x00,0x00,0x00,0x00,0x00,0x00,0x00,0x00,0x00,0x00,0x00,0x00,0x00,0x00,0x00,0x00,0x00,0x00,
	0x00,0x00,0x00,0x00,0x00,0x00,0x00,0x00,0x00,0x00,0x00,0x00,0x00,0x00,0x00,0x00,0x00,0x00,0x00,0x00,
	0x00,0x00,0x00,0x00,0x00,0x00,0x00,0x00,0x00,0x00,0x00,0x00,0x00,0x00,0x00,0x00,0x00,0x00,0x00,0x00,
	0x00,0x00,0x00,0x00,0x20,0x00,0x81,0x00,0xA3,0x00,0xC3,0x00,0xC3,0x00,0xC3,0x00,0xC3,0x00,0xC3,0x00,
	0xC3,0x00,0xA2,0x00,0xC3,0x00,0x05,0x01,0x46,0x01,0x66,0x01,0x66,0x01,0x66,0x01,0x66,0x01,0x66,0x01,
	0x66,0x01,0x66,0x01,0x66,0x01,0x66,0x01,0x66,0x01,0x66,0x01,0x45,0x01,0x45,0x01,0x87,0x01,0xC8,0x01,
	0xC8,0x09,0x09,0x0A,0x4A,0x0A,0x6B,0x0A,0x6B,0x0A,0x6B,0x0A,0x6B,0x0A,0x4B,0x0A,0x4B,0x0A,0x4B,0x0A,
	0x4B,0x0A,0x4B,0x0A,0x4B,0x12,0x4B,0x12,0x4B,0x12,0x2B,0x12,0x2B,0x12,0x2B,0x12,0x2B,0x12,0x0B,0x12,
	0x2B,0x12,0x6C,0x12,0xCE,0x1A,0xEF,0x1A,0xEF,0x1A,0xEF,0x1A,0xEF,0x1A,0xCF,0x1A,0xCF,0x1A,0xCF,0x1A,
	0xCF,0x1A,0xCF,0x22,0xCF,0x22,0xCF,0x22,0xF0,0x22,0x93,0x2B,0x36,0x34,0x57,0x3C,0x37,0x3C,0x17,0x3C,
	0x17,0x3C,0x17,0x44,0x17,0x44,0x17,0x44,0x17,0x44,0x17,0x44,0xF7,0x43,0xF7,0x43,0xF7,0x4B,0xF7,0x4B,
	0xF7,0x4B,0xD7,0x4B,0xD7,0x4B,0xD8,0x53,0xB7,0x53,0xB7,0x53,0xB7,0x53,0xB7,0x53,0xB7,0x53,0x97,0x53,
	0x97,0x53,0xB8,0x63,0xD9,0x63,0xF9,0x63,0xFA,0x6B,0xFB,0x73,0xBB,0x6B,0x5B,0x84,0x1E,0xDF,0xFF,0xFF,
	0xFF,0xFF,0xFF,0xFF,0xFF,0xFF,0xFF,0xFF,0x1E,0xE7,0x1C,0x8C,0x5B,0x73,0x9B,0x83,0x9B,0x83,0x7A,0x83,
	0x5A,0x83,0x1A,0x83,0xF8,0x7A,0xD7,0x72,0xB7,0x72,0xB8,0x72,0xB8,0x72,0xB7,0x72,0x15,0x8C,0xB5,0xAD,
	0xD9,0xD6,0xF8,0xBD,0xAD,0x5A,0xAF,0x51,0x77,0x7A,0x78,0x82,0x78,0x82,0x78,0x82,0x78,0x82,0x58,0x8A,
	0x58,0x8A,0x58,0x8A,0x38,0x8A,0x38,0x8A,0x38,0x8A,0x38,0x8A,0x17,0x8A,0xB4,0x71,0x71,0x61,0x30,0x59,
	0x30,0x59,0x30,0x59,0x30,0x59,0x30,0x59,0x30,0x59,0x30,0x59,0x30,0x59,0x30,0x59,0x30,0x61,0x30,0x61,
	0x30,0x61,0xEE,0x50,0xCC,0x48,0xCB,0x40,0xCB,0x48,0xCC,0x48,0xCC,0x48,0xCC,0x48,0xAC,0x48,0xAC,0x48,
	0xAC,0x48,0xAC,0x48,0xAC,0x48,0xAC,0x48,0xAC,0x48,0xAC,0x48,0x8C,0x50,0x8C,0x50,0x8C,0x50,0x8C,0x50,
	0x8C,0x50,0x6A,0x40,0x69,0x38,0x69,0x38,0x68,0x30,0x66,0x20,0x66,0x20,0x66,0x20,0x66,0x20,0x66,0x20,
	0x66,0x20,0x66,0x20,0x66,0x20,0x66,0x20,0x66,0x20,0x66,0x28,0x66,0x28,0x66,0x28,0x66,0x28,0x46,0x28,
	0x04,0x20,0x03,0x18,0x03,0x18,0x03,0x18,0x03,0x18,0x03,0x18,0x03,0x18,0x03,0x18,0x03,0x18,0x02,0x10,
	0x01,0x08,0x00,0x00,0x00,0x00,0x00,0x00,0x00,0x00,0x00,0x00,0x00,0x00,0x00,0x00,0x00,0x00,0x00,0x00,
	0x00,0x00,0x00,0x00,0x00,0x00,0x00,0x00,0x00,0x00,0x00,0x00,0x00,0x00,0x00,0x00,0x00,0x00,0x00,0x00,
	0x00,0x00,0x00,0x00,0x00,0x00,0x00,0x00,0x00,0x00,0x00,0x00,0x00,0x00,0x00,0x00,0x00,0x00,0x00,0x00,
	0x00,0x00,0x00,0x00,0x00,0x00,0x00,0x00,0x00,0x00,0x00,0x00,0x00,0x00,0x00,0x00,0x00,0x00,0x00,0x00,
	0x00,0x00,0x00,0x00,0x00,0x00,0x00,0x00,0x00,0x00,0x00,0x00,0x00,0x00,0x00,0x00,0x00,0x00,0x00,0x00,
	0x00,0x00,0x00,0x00,0x00,0x00,0x00,0x00,0x00,0x00,0x00,0x00,0x00,0x00,0x00,0x00,0x00,0x00,0x00,0x00,
	0x00,0x00,0x00,0x00,0x00,0x00,0x00,0x00,0x00,0x00,0x00,0x00,0x00,0x00,0x00,0x00,0x00,0x00,0x00,0x00,
	0x00,0x00,0x00,0x00,0x00,0x00,0x00,0x00,0x00,0x00,0x41,0x00,0xA3,0x00,0xC3,0x00,0xC3,0x00,0xC3,0x00,
	0xC3,0x00,0xC3,0x00,0xC3,0x00,0xC3,0x00,0xA2,0x00,0xC2,0x00,0x03,0x01,0x45,0x01,0x66,0x01,0x66,0x01,
	0x66,0x01,0x66,0x01,0x66,0x01,0x66,0x01,0x66,0x01,0x66,0x01,0x66,0x01,0x66,0x01,0x66,0x01,0x66,0x01,
	0x87,0x01,0xA8,0x09,0xC8,0x09,0xC8,0x09,0x09,0x0A,0x4A,0x0A,0x6B,0x0A,0x6B,0x0A,0x6B,0x0A,0x6B,0x0A,
	0x4B,0x0A,0x4B,0x0A,0x4B,0x0A,0x4B,0x0A,0x4B,0x0A,0x4B,0x12,0x4B,0x12,0x2B,0x12,0x2B,0x12,0x2B,0x12,
	0x2B,0x12,0x0B,0x12,0x0B,0x12,0x6C,0x12,0xAD,0x12,0xEE,0x1A,0xEF,0x1A,0xEF,0x1A,0xEF,0x1A,0xEF,0x1A,
	0xCF,0x1A,0xCF,0x1A,0xCF,0x1A,0xCF,0x1A,0xCF,0x1A,0xCF,0x22,0xCF,0x22,0x11,0x23,0xB4,0x33,0x77,0x3C,
	0x57,0x3C,0x37,0x3C,0x37,0x3C,0x37,0x3C,0x17,0x44,0x17,0x44,0x17,0x44,0xF7,0x43,0xF7,0x43,0xF7,0x43,
	0xF7,0x43,0xF7,0x4B,0xF7,0x4B,0xF7,0x4B,0xD7,0x4B,0xD7,0x4B,0xD8,0x53,0xB7,0x53,0xB7,0x53,0xB7,0x53,
	0xB7,0x53,0xB8,0x53,0xF8,0x5B,0x19,0x64,0x19,0x6C,0xFA,0x6B,0xFA,0x6B,0xFA,0x6B,0x1A,0x6C,0xBA,0x63,
	0x5B,0x7C,0x1E,0xDF,0xFF,0xFF,0xFF,0xFF,0xFF,0xFF,0xFF,0xFF,0xFF,0xFF,0x1E,0xE7,0x1B,0x8C,0x3B,0x73,
	0x9B,0x83,0x9B,0x83,0x9B,0x83,0x5B,0x83,0x3B,0x83,0x1A,0x8B,0xF9,0x82,0xD8,0x72,0x98,0x72,0xF6,0x72,
	0xF5,0x8B,0xF8,0xBD,0x3B,0xDF,0x13,0x9D,0x0F,0x6B,0x74,0x6A,0x57,0x72,0x78,0x82,0x78,0x82,0x78,0x82,
	0x78,0x82,0x78,0x82,0x58,0x8A,0x58,0x8A,0x58,0x8A,0x38,0x8A,0x38,0x8A,0x38,0x8A,0x38,0x92,0x18,0x92,
	0xF6,0x81,0xB3,0x71,0x51,0x59,0x10,0x59,0x30,0x59,0x30,0x59,0x30,0x59,0x30,0x59,0x30,0x59,0x30,0x59,
	0x30,0x59,0x30,0x59,0x30,0x61,0x30,0x61,0x0E,0x59,0xED,0x48,0xCB,0x40,0xAB,0x40,0xAB,0x48,0xCC,0x48,
	0xCC,0x48,0xAC,0x48,0xAC,0x48,0xAC,0x48,0xAC,0x48,0xAC,0x48,0xAC,0x48,0xAC,0x48,0xAC,0x48,0x8C,0x50,
	0x8C,0x50,0x8C,0x50,0x8C,0x50,0x8C,0x50,0x6A,0x40,0x69,0x38,0x69,0x38,0x69,0x38,0x68,0x30,0x67,0x28,
	0x66,0x20,0x66,0x20,0x66,0x20,0x66,0x20,0x66,0x20,0x66,0x20,0x66,0x20,0x66,0x20,0x66,0x28,0x66,0x28,
	0x66,0x28,0x66,0x28,0x66,0x20,0x24,0x18,0x03,0x10,0x03,0x18,0x03,0x18,0x03,0x18,0x03,0x18,0x03,0x18,
	0x03,0x18,0x03,0x18,0x03,0x18,0x02,0x10,0x01,0x08,0x00,0x00,0x00,0x00,0x00,0x00,0x00,0x00,0x00,0x00,
	0x00,0x00,0x00,0x00,0x00,0x00,0x00,0x00,0x00,0x00,0x00,0x00,0x00,0x00,0x00,0x00,0x00,0x00,0x00,0x00,
	0x00,0x00,0x00,0x00,0x00,0x00,0x00,0x00,0x00,0x00,0x00,0x00,0x00,0x00,0x00,0x00,0x00,0x00,0x00,0x00,
	0x00,0x00,0x00,0x00,0x00,0x00,0x00,0x00,0x00,0x00,0x00,0x00,0x00,0x00,0x00,0x00,0x00,0x00,0x00,0x00,
	0x00,0x00,0x00,0x00,0x00,0x00,0x00,0x00,0x00,0x00,0x00,0x00,0x00,0x00,0x00,0x00,0x00,0x00,0x00,0x00,
	0x00,0x00,0x00,0x00,0x00,0x00,0x00,0x00,0x00,0x00,0x00,0x00,0x00,0x00,0x00,0x00,0x00,0x00,0x00,0x00,
	0x00,0x00,0x00,0x00,0x00,0x00,0x00,0x00,0x00,0x00,0x00,0x00,0x00,0x00,0x00,0x00,0x00,0x00,0x00,0x00,
	0x00,0x00,0x00,0x00,0x00,0x00,0x00,0x00,0x00,0x00,0x00,0x00,0x00,0x00,0x20,0x00,0x62,0x00,0xC3,0x00,
	0xC3,0x00,0xC3,0x00,0xC3,0x00,0xC3,0x00,0xC3,0x00,0xC3,0x00,0xC3,0x00,0xA2,0x00,0xA2,0x00,0xE3,0x00,
	0x24,0x01,0x66,0x01,0x66,0x01,0x66,0x01,0x66,0x01,0x66,0x01,0x66,0x01,0x66,0x01,0x66,0x01,0x66,0x01,
	0x66,0x01,0x66,0x01,0x87,0x01,0xA8,0x01,0xC8,0x09,0xC8,0x09,0xC8,0x09,0x09,0x0A,0x4A,0x0A,0x6B,0x0A,
	0x6B,0x0A,0x6B,0x0A,0x6B,0x0A,0x4B,0x0A,0x4B,0x0A,0x4B,0x0A,0x4B,0x0A,0x4B,0x0A,0x4B,0x12,0x4B,0x12,
	0x2B,0x12,0x2B,0x12,0x2B,0x12,0x2B,0x12,0x0B,0x12,0x2B,0x12,0x6C,0x12,0xCD,0x12,0xEF,0x1A,0xEF,0x1A,
	0xEF,0x1A,0xEF,0x1A,0xEF,0x1A,0xCF,0x1A,0xCF,0x1A,0xCF,0x1A,0xCF,0x1A,0xCF,0x1A,0xAF,0x22,0xD0,0x22,
	0x52,0x2B,0xF5,0x33,0x77,0x3C,0x57,0x3C,0x37,0x3C,0x37,0x3C,0x37,0x3C,0x17,0x44,0x17,0x44,0x17,0x44,
	0xF7,0x43,0xF7,0x43,0xF7,0x43,0xF7,0x4B,0xF7,0x4B,0xF7,0x4B,0xF7,0x4B,0xD7,0x4B,0xD7,0x4B,0xD8,0x53,
	0xB7,0x53,0x96,0x53,0xB7,0x53,0xD8,0x53,0xF9,0x5B,0x19,0x5C,0x5A,0x64,0x3A,0x6C,0x1A,0x6C,0xFA,0x6B,
	0xFA,0x6B,0x1A,0x6C,0xBA,0x63,0x5B,0x7C,0x1E,0xDF,0xFF,0xFF,0xFF,0xFF,0xFF,0xFF,0xFF,0xFF,0xFF,0xFF,
	0x1E,0xE7,0x1B,0x8C,0x3B,0x73,0x9B,0x83,0x9B,0x83,0x7B,0x83,0x5B,0x83,0x5B,0x8B,0x3B,0x8B,0x1B,0x8B,
	0xFA,0x82,0xD6,0x72,0xB5,0x8B,0xD8,0xBD,0x99,0xCE,0x18,0xBE,0x91,0x7B,0x10,0x5A,0x77,0x72,0x79,0x82,
	0x78,0x82,0x78,0x82,0x78,0x82,0x78,0x82,0x78,0x82,0x58,0x8A,0x58,0x8A,0x58,0x8A,0x38,0x8A,0x38,0x8A,
	0x38,0x8A,0x38,0x92,0x18,0x92,0x17,0x8A,0xD5,0x79,0x51,0x61,0x10,0x59,0x30,0x59,0x30,0x59,0x30,0x59,
	0x30,0x59,0x30,0x59,0x30,0x59,0x30,0x59,0x30,0x59,0x30,0x59,0x30,0x61,0x2F,0x59,0x0E,0x51,0xCC,0x48,
	0xAB,0x48,0xAB,0x48,0xCC,0x48,0xCC,0x48,0xAC,0x48,0xAC,0x48,0xAC,0x48,0xAC,0x48,0xAC,0x48,0xAC,0x48,
	0xAC,0x48,0xAC,0x48,0x8C,0x50,0x8C,0x50,0x8C,0x50,0x8C,0x50,0x8C,0x50,0x6B,0x48,0x69,0x38,0x69,0x38,
	0x69,0x38,0x69,0x38,0x68,0x28,0x66,0x20,0x66,0x20,0x66,0x20,0x66,0x20,0x66,0x20,0x66,0x20,0x66,0x20,
	0x66,0x20,0x66,0x28,0x66,0x28,0x66,0x28,0x66,0x28,0x46,0x20,0x24,0x10,0x03,0x10,0x03,0x18,0x03,0x18,
	0x03,0x18,0x03,0x18,0x03,0x18,0x03,0x18,0x03,0x18,0x03,0x18,0x02,0x10,0x01,0x08,0x00,0x00,0x00,0x00,
	0x00,0x00,0x00,0x00,0x00,0x00,0x00,0x00,0x00,0x00,0x00,0x00,0x00,0x00,0x00,0x00,0x00,0x00,0x00,0x00,
	0x00,0x00,0x00,0x00,0x00,0x00,0x00,0x00,0x00,0x00,0x00,0x00,0x00,0x00,0x00,0x00,0x00,0x00,0x00,0x00,
	0x00,0x00,0x00,0x00,0x00,0x00,0x00,0x00,0x00,0x00,0x00,0x00,0x00,0x00,0x00,0x00,0x00,0x00,0x00,0x00,
	0x00,0x00,0x00,0x00,0x00,0x00,0x00,0x00,0x00,0x00,0x00,0x00,0x00,0x00,0x00,0x00,0x00,0x00,0x00,0x00,
	0x00,0x00,0x00,0x00,0x00,0x00,0x00,0x00,0x00,0x00,0x00,0x00,0x00,0x00,0x00,0x00,0x00,0x00,0x00,0x00,
	0x00,0x00,0x00,0x00,0x00,0x00,0x00,0x00,0x00,0x00,0x00,0x00,0x00,0x00,0x00,0x00,0x00,0x00,0x00,0x00,
	0x00,0x00,0x00,0x00,0x00,0x00,0x00,0x00,0x00,0x00,0x00,0x00,0x00,0x00,0x00,0x00,0x00,0x00,0x20,0x00,
	0x61,0x00,0x82,0x00,0xC3,0x00,0xC3,0x00,0xC3,0x00,0xC3,0x00,0xC3,0x00,0xC3,0x00,0xC3,0x00,0xC3,0x00,
	0xA2,0x00,0xA2,0x00,0xE3,0x00,0x25,0x01,0x66,0x01,0x66,0x01,0x66,0x01,0x66,0x01,0x66,0x01,0x66,0x01,
	0x66,0x01,0x66,0x01,0x66,0x01,0x66,0x01,0x66,0x01,0x87,0x01,0xA8,0x01,0xC8,0x09,0xC8,0x09,0xE8,0x09,
	0x29,0x0A,0x4A,0x0A,0x6B,0x0A,0x6B,0x0A,0x6B,0x0A,0x6B,0x0A,0x4B,0x0A,0x4B,0x0A,0x4B,0x0A,0x4B,0x0A,
	0x4B,0x0A,0x4B,0x12,0x4B,0x12,0x2B,0x12,0x2B,0x12,0x2B,0x12,0x0B,0x12,0x2B,0x12,0x4C,0x12,0x8D,0x1A,
	0xAD,0x1A,0xEF,0x1A,0xEF,0x1A,0xEF,0x1A,0xEF,0x1A,0xEF,0x1A,0xCF,0x1A,0xCF,0x1A,0xCF,0x1A,0xCF,0x22,
	0xCF,0x22,0xAE,0x22,0xF0,0x22,0xB4,0x33,0x16,0x3C,0x37,0x3C,0x37,0x3C,0x37,0x3C,0x37,0x3C,0x37,0x3C,
	0x17,0x44,0x17,0x44,0x17,0x44,0xF7,0x43,0xF7,0x43,0xF7,0x4B,0xF7,0x4B,0xF7,0x4B,0xF7,0x4B,0xF7,0x4B,
	0xD7,0x4B,0xD7,0x4B,0xD8,0x53,0x97,0x4B,0x96,0x4B,0xF7,0x53,0x38,0x5C,0x5A,0x64,0x5A,0x64,0x3A,0x64,
	0x3A,0x6C,0x1A,0x6C,0xFA,0x6B,0xFA,0x6B,0xFA,0x6B,0xBA,0x63,0x5B,0x7C,0x1E,0xDF,0xFF,0xFF,0xFF,0xFF,
	0xFF,0xFF,0xFF,0xFF,0xFF,0xFF,0x1E,0xE7,0x1B,0x8C,0x3B,0x73,0x9B,0x83,0x7B,0x83,0x7B,0x83,0x5B,0x8B,
	0x5B,0x8B,0x5B,0x8B,0x3C,0x8B,0x3A,0x8B,0x73,0x83,0x15,0xA5,0x9E,0xF7,0x18,0xBE,0x4F,0x6B,0x93,0x6A,
	0x77,0x72,0x78,0x7A,0x78,0x7A,0x78,0x82,0x78,0x82,0x78,0x82,0x78,0x82,0x78,0x82,0x58,0x8A,0x58,0x8A,
	0x58,0x8A,0x38,0x8A,0x38,0x8A,0x38,0x8A,0x38,0x8A,0x18,0x92,0x18,0x92,0xD7,0x89,0x52,0x69,0x10,0x59,
	0x30,0x59,0x30,0x59,0x30,0x59,0x30,0x59,0x30,0x59,0x30,0x59,0x30,0x59,0x30,0x59,0x30,0x59,0x30,0x59,
	0x30,0x59,0x0F,0x59,0xED,0x50,0xCC,0x48,0xAB,0x48,0xCC,0x48,0xCC,0x48,0xAC,0x48,0xAC,0x48,0xAC,0x48,
	0xAC,0x48,0xAC,0x48,0xAC,0x48,0xAC,0x48,0xAC,0x48,0x8C,0x50,0x8C,0x50,0x8C,0x50,0x8C,0x50,0x8C,0x50,
	0x6B,0x48,0x6A,0x40,0x89,0x30,0x89,0x30,0x69,0x38,0x68,0x30,0x67,0x28,0x66,0x20,0x66,0x20,0x66,0x20,
	0x66,0x20,0x66,0x20,0x66,0x20,0x66,0x20,0x66,0x28,0x66,0x28,0x66,0x28,0x66,0x28,0x45,0x20,0x04,0x10,
	0x03,0x10,0x03,0x18,0x03,0x18,0x03,0x18,0x03,0x18,0x03,0x18,0x03,0x18,0x03,0x18,0x03,0x18,0x03,0x18,
	0x02,0x10,0x00,0x00,0x00,0x00,0x00,0x00,0x00,0x00,0x00,0x00,0x00,0x00,0x00,0x00,0x00,0x00,0x00,0x00,
	0x00,0x00,0x00,0x00,0x00,0x00,0x00,0x00,0x00,0x00,0x00,0x00,0x00,0x00,0x00,0x00,0x00,0x00,0x00,0x00,
	0x00,0x00,0x00,0x00,0x00,0x00,0x00,0x00,0x00,0x00,0x00,0x00,0x00,0x00,0x00,0x00,0x00,0x00,0x00,0x00,
	0x00,0x00,0x00,0x00,0x00,0x00,0x00,0x00,0x00,0x00,0x00,0x00,0x00,0x00,0x00,0x00,0x00,0x00,0x00,0x00,
	0x00,0x00,0x00,0x00,0x00,0x00,0x00,0x00,0x00,0x00,0x00,0x00,0x00,0x00,0x00,0x00,0x00,0x00,0x00,0x00,
	0x00,0x00,0x00,0x00,0x00,0x00,0x00,0x00,0x00,0x00,0x00,0x00,0x00,0x00,0x00,0x00,0x00,0x00,0x00,0x00,
	0x00,0x00,0x00,0x00,0x00,0x00,0x00,0x00,0x00,0x00,0x00,0x00,0x00,0x00,0x00,0x00,0x00,0x00,0x00,0x00,
	0x00,0x00,0x00,0x00,0x20,0x00,0x81,0x00,0xA2,0x00,0xC3,0x00,0xC3,0x00,0xC3,0x00,0xC3,0x00,0xC3,0x00,
	0xC3,0x00,0xC3,0x00,0xC3,0x00,0xA3,0x00,0xA3,0x00,0xE3,0x00,0x25,0x01,0x66,0x01,0x66,0x01,0x66,0x01,
	0x66,0x01,0x66,0x01,0x66,0x01,0x66,0x01,0x66,0x01,0x66,0x01,0x66,0x01,0x86,0x01,0xA7,0x01,0xC8,0x09,
	0xC8,0x09,0xC8,0x09,0xE8,0x09,0x29,0x0A,0x6B,0x0A,0x6B,0x0A,0x6B,0x0A,0x6B,0x0A,0x6B,0x0A,0x4B,0x0A,
	0x4B,0x0A,0x4B,0x0A,0x4B,0x0A,0x4B,0x0A,0x4B,0x12,0x4B,0x12,0x4B,0x12,0x2B,0x12,0x2B,0x12,0x0B,0x12,
	0x2C,0x12,0x6D,0x1A,0xAD,0x1A,0xAD,0x1A,0xEF,0x1A,0xEF,0x1A,0xEF,0x1A,0xEF,0x1A,0xEF,0x1A,0xCF,0x1A,
	0xCF,0x1A,0xCF,0x1A,0xAF,0x1A,0xAE,0x22,0xEF,0x22,0x52,0x2B,0x15,0x34,0x57,0x3C,0x57,0x3C,0x37,0x3C,
	0x37,0x3C,0x37,0x3C,0x17,0x3C,0x17,0x44,0x17,0x44,0x17,0x44,0xF7,0x43,0xF7,0x43,0xF7,0x4B,0xF7,0x4B,
	0xF7,0x4B,0xF7,0x4B,0xF7,0x4B,0xD7,0x4B,0xB7,0x4B,0xB7,0x4B,0x97,0x53,0xD8,0x53,0x19,0x5C,0x5A,0x64,
	0x5A,0x64,0x5A,0x64,0x3A,0x64,0x1A,0x6C,0x1A,0x6C,0x1A,0x6C,0xFA,0x6B,0xFA,0x6B,0xBA,0x63,0x5B,0x7C,
	0x1E,0xDF,0xFF,0xFF,0xFF,0xFF,0xFF,0xFF,0xFF,0xFF,0xFF,0xFF,0x1E,0xE7,0x1B,0x8C,0x3B,0x73,0x9B,0x83,
	0x7B,0x83,0x7B,0x83,0x7B,0x8B,0x5B,0x8B,0x5B,0x8B,0xF7,0x7A,0x54,0x7B,0x98,0xB5,0x99,0xD6,0x38,0xC6,
	0x75,0x94,0x92,0x6A,0x75,0x72,0x77,0x7A,0x78,0x7A,0x78,0x7A,0x78,0x82,0x78,0x82,0x78,0x82,0x78,0x82,
	0x78,0x82,0x58,0x8A,0x58,0x8A,0x58,0x8A,0x38,0x8A,0x38,0x8A,0x38,0x8A,0x38,0x8A,0x18,0x92,0x18,0x92,
	0xF7,0x91,0xB4,0x79,0x52,0x61,0x30,0x59,0x30,0x59,0x30,0x59,0x30,0x59,0x30,0x59,0x30,0x59,0x30,0x59,
	0x30,0x59,0x30,0x59,0x30,0x59,0x2F,0x59,0x0F,0x59,0xEE,0x50,0xCC,0x48,0xAB,0x48,0xAB,0x48,0xAC,0x48,
	0xAC,0x48,0xAC,0x48,0xAC,0x48,0xAC,0x48,0xAC,0x48,0xAC,0x48,0xAC,0x48,0xAC,0x48,0x8C,0x50,0x8C,0x50,
	0x8C,0x50,0x8C,0x50,0x8C,0x50,0x6B,0x48,0x6A,0x40,0x89,0x30,0x89,0x30,0x69,0x38,0x68,0x38,0x67,0x28,
	0x66,0x20,0x66,0x20,0x66,0x20,0x66,0x20,0x66,0x20,0x66,0x20,0x66,0x20,0x66,0x28,0x66,0x28,0x66,0x28,
	0x45,0x28,0x24,0x20,0x03,0x10,0x03,0x10,0x03,0x18,0x03,0x18,0x03,0x18,0x03,0x18,0x03,0x18,0x03,0x18,
	0x03,0x18,0x03,0x18,0x03,0x18,0x02,0x10,0x01,0x08,0x00,0x00,0x00,0x00,0x00,0x00,0x00,0x00,0x00,0x00,
	0x00,0x00,0x00,0x00,0x00,0x00,0x00,0x00,0x00,0x00,0x00,0x00,0x00,0x00,0x00,0x00,0x00,0x00,0x00,0x00,
	0x00,0x00,0x00,0x00,0x00,0x00,0x00,0x00,0x00,0x00,0x00,0x00,0x00,0x00,0x00,0x00,0x00,0x00,0x00,0x00,
	0x00,0x00,0x00,0x00,0x00,0x00,0x00,0x00,0x00,0x00,0x00,0x00,0x00,0x00,0x00,0x00,0x00,0x00,0x00,0x00,
	0x00,0x00,0x00,0x00,0x00,0x00,0x00,0x00,0x00,0x00,0x00,0x00,0x00,0x00,0x00,0x00,0x00,0x00,0x00,0x00,
	0x00,0x00,0x00,0x00,0x00,0x00,0x00,0x00,0x00,0x00,0x00,0x00,0x00,0x00,0x00,0x00,0x00,0x00,0x00,0x00,
	0x00,0x00,0x00,0x00,0x00,0x00,0x00,0x00,0x00,0x00,0x00,0x00,0x00,0x00,0x00,0x00,0x00,0x00,0x00,0x00,
	0x00,0x00,0x00,0x00,0x00,0x00,0x00,0x00,0x00,0x00,0x20,0x00,0x82,0x00,0xC3,0x00,0xC3,0x00,0xC3,0x00,
	0xC3,0x00,0xC3,0x00,0xC3,0x00,0xC3,0x00,0xC3,0x00,0xC3,0x00,0xA3,0x00,0xA3,0x00,0xE3,0x00,0x24,0x01,
	0x66,0x01,0x66,0x01,0x66,0x01,0x66,0x01,0x66,0x01,0x66,0x01,0x66,0x01,0x66,0x01,0x66,0x01,0x66,0x01,
	0x87,0x01,0xA8,0x01,0xC8,0x09,0xC8,0x09,0xC8,0x09,0xE9,0x09,0x2A,0x0A,0x6B,0x0A,0x6B,0x0A,0x6B,0x0A,
	0x6B,0x0A,0x6B,0x0A,0x4B,0x0A,0x4B,0x0A,0x4B,0x0A,0x4B,0x0A,0x4B,0x0A,0x4B,0x12,0x4B,0x12,0x4B,0x12,
	0x2B,0x12,0x2B,0x12,0x2B,0x12,0x6C,0x12,0x8D,0x1A,0xAD,0x1A,0xAD,0x1A,0xEF,0x1A,0xEF,0x1A,0xEF,0x1A,
	0xEF,0x1A,0xEF,0x1A,0xCF,0x1A,0xCF,0x1A,0xCF,0x1A,0xAE,0x1A,0xAE,0x1A,0x31,0x23,0xB4,0x33,0x56,0x3C,
	0x97,0x3C,0x57,0x3C,0x57,0x3C,0x37,0x3C,0x17,0x3C,0x17,0x3C,0x17,0x44,0x17,0x44,0x17,0x44,0xF7,0x43,
	0xF7,0x43,0xF7,0x43,0xF7,0x43,0xF7,0x4B,0xF7,0x4B,0xF7,0x4B,0xD7,0x4B,0xB6,0x4B,0x96,0x4B,0xB8,0x53,
	0x1A,0x5C,0x5A,0x64,0x5A,0x64,0x5A,0x64,0x5A,0x64,0x3A,0x64,0x1A,0x6C,0x1A,0x6C,0x1A,0x6C,0x1A,0x6C,
	0xFA,0x6B,0xBA,0x63,0x5B,0x84,0x1E,0xDF,0xFF,0xFF,0xFF,0xFF,0xFF,0xFF,0xFF,0xFF,0xFF,0xFF,0x1E,0xE7,
	0x1B,0x8C,0x3B,0x73,0x9B,0x83,0x7B,0x83,0x7B,0x83,0x7B,0x83,0x5A,0x83,0x18,0x83,0x53,0x73,0x51,0x84,
	0x1B,0xDF,0x1C,0xDF,0x33,0x8C,0xF4,0x72,0x98,0x7A,0x97,0x7A,0x97,0x7A,0x78,0x7A,0x78,0x7A,0x78,0x82,
	0x78,0x82,0x78,0x82,0x78,0x82,0x78,0x82,0x58,0x8A,0x58,0x8A,0x58,0x8A,0x38,0x8A,0x38,0x8A,0x38,0x8A,
	0x38,0x8A,0x18,0x92,0x18,0x92,0x18,0x92,0xF6,0x81,0xB4,0x71,0x30,0x59,0x30,0x59,0x30,0x59,0x30,0x59,
	0x30,0x59,0x30,0x59,0x30,0x59,0x30,0x59,0x30,0x61,0x30,0x61,0x0E,0x59,0xEE,0x58,0xEE,0x50,0xCD,0x48,
	0xCC,0x48,0xAB,0x48,0xAB,0x48,0xAC,0x48,0xAC,0x48,0xAC,0x48,0xAC,0x48,0xAC,0x48,0xAC,0x48,0xAC,0x48,
	0xAC,0x48,0x8C,0x50,0x8C,0x50,0x8C,0x50,0x8C,0x50,0x8C,0x50,0x6B,0x48,0x6A,0x40,0x89,0x30,0x89,0x30,
	0x69,0x38,0x69,0x38,0x68,0x30,0x67,0x28,0x66,0x20,0x66,0x20,0x66,0x20,0x66,0x20,0x66,0x20,0x66,0x20,
	0x66,0x28,0x66,0x28,0x66,0x28,0x45,0x20,0x24,0x20,0x03,0x10,0x03,0x10,0x03,0x18,0x03,0x18,0x03,0x18,
	0x03,0x18,0x03,0x18,0x03,0x18,0x03,0x18,0x03,0x18,0x03,0x18,0x03,0x18,0x01,0x08,0x00,0x00,0x00,0x00,
	0x00,0x00,0x00,0x00,0x00,0x00,0x00,0x00,0x00,0x00,0x00,0x00,0x00,0x00,0x00,0x00,0x00,0x00,0x00,0x00,
	0x00,0x00,0x00,0x00,0x00,0x00,0x00,0x00,0x00,0x00,0x00,0x00,0x00,0x00,0x00,0x00,0x00,0x00,0x00,0x00,
	0x00,0x00,0x00,0x00,0x00,0x00,0x00,0x00,0x00,0x00,0x00,0x00,0x00,0x00,0x00,0x00,0x00,0x00,0x00,0x00,
	0x00,0x00,0x00,0x00,0x00,0x00,0x00,0x00,0x00,0x00,0x00,0x00,0x00,0x00,0x00,0x00,0x00,0x00,0x00,0x00,
	0x00,0x00,0x00,0x00,0x00,0x00,0x00,0x00,0x00,0x00,0x00,0x00,0x00,0x00,0x00,0x00,0x00,0x00,0x00,0x00,
	0x00,0x00,0x00,0x00,0x00,0x00,0x00,0x00,0x00,0x00,0x00,0x00,0x00,0x00,0x00,0x00,0x00,0x00,0x00,0x00,
	0x00,0x00,0x00,0x00,0x00,0x00,0x00,0x00,0x00,0x00,0x00,0x00,0x00,0x00,0x00,0x00,0x40,0x00,0xA2,0x00,
	0xC3,0x00,0xC3,0x00,0xC3,0x00,0xC3,0x00,0xC3,0x00,0xC3,0x00,0xC3,0x00,0xC3,0x00,0xC3,0x00,0xC3,0x00,
	0xC3,0x00,0xC2,0x00,0x24,0x01,0x65,0x01,0x66,0x01,0x66,0x01,0x66,0x01,0x66,0x01,0x66,0x01,0x66,0x01,
	0x66,0x01,0x66,0x01,0x87,0x01,0xA8,0x01,0xC8,0x01,0xC8,0x09,0xC8,0x09,0xE8,0x09,0x09,0x0A,0x4A,0x0A,
	0x6B,0x0A,0x6B,0x0A,0x6B,0x0A,0x6B,0x0A,0x6B,0x0A,0x4B,0x0A,0x4B,0x0A,0x4B,0x0A,0x4B,0x0A,0x4B,0x0A,
	0x4B,0x12,0x4B,0x12,0x2B,0x12,0x2B,0x12,0x2B,0x12,0x6C,0x12,0x8C,0x12,0x6D,0x1A,0x8D,0x1A,0xAD,0x1A,
	0xEF,0x1A,0xEF,0x1A,0xEF,0x1A,0xEF,0x1A,0xEF,0x1A,0xCF,0x1A,0xCF,0x1A,0xCF,0x1A,0xAE,0x1A,0xCF,0x22,
	0x92,0x2B,0x15,0x34,0x77,0x3C,0x77,0x3C,0x57,0x3C,0x37,0x3C,0x17,0x3C,0x17,0x3C,0x17,0x3C,0x17,0x44,
	0x17,0x44,0x17,0x44,0xF7,0x43,0xF7,0x43,0xF7,0x43,0xF7,0x43,0xF7,0x4B,0xF7,0x4B,0xF7,0x4B,0xB6,0x4B,
	0xB7,0x4B,0xF8,0x53,0x19,0x54,0x5A,0x5C,0x5A,0x64,0x5A,0x64,0x5A,0x64,0x5A,0x64,0x3A,0x64,0x1A,0x6C,
	0x1A,0x6C,0x1A,0x6C,0x1A,0x6C,0xFA,0x6B,0xBA,0x6B,0x5C,0x84,0x1E,0xE7,0xFF,0xFF,0xFF,0xFF,0xFF,0xFF,
	0xFF,0xFF,0xFF,0xFF,0x1E,0xE7,0x1B,0x8C,0x3B,0x73,0x9B,0x83,0x9B,0x83,0x9B,0x83,0x7D,0x8B,0xF8,0x72,
	0x90,0x62,0xD5,0x9C,0xDB,0xDE,0x59,0xCE,0x38,0xAD,0x78,0x8B,0xD9,0x82,0xD9,0x8A,0xB8,0x7A,0x97,0x7A,
	0x78,0x7A,0x78,0x7A,0x78,0x82,0x78,0x82,0x78,0x82,0x78,0x82,0x78,0x82,0x58,0x8A,0x58,0x8A,0x58,0x8A,
	0x38,0x8A,0x38,0x8A,0x38,0x8A,0x38,0x8A,0x18,0x92,0x18,0x92,0x18,0x92,0x18,0x8A,0xB5,0x79,0x51,0x61,
	0x30,0x59,0x30,0x59,0x30,0x59,0x30,0x59,0x30,0x59,0x30,0x59,0x30,0x59,0x30,0x61,0x30,0x61,0x0E,0x59,
	0xEE,0x50,0xEE,0x50,0xEE,0x50,0xED,0x50,0xCC,0x48,0xAB,0x48,0xAB,0x48,0xAC,0x48,0xAC,0x48,0xAC,0x48,
	0xAC,0x48,0xAC,0x48,0xAC,0x48,0xAC,0x48,0x8C,0x50,0x8C,0x50,0x8C,0x50,0x8C,0x50,0x8C,0x50,0x8B,0x48,
	0x8A,0x48,0x89,0x38,0x89,0x30,0x69,0x38,0x69,0x38,0x69,0x38,0x67,0x28,0x66,0x20,0x66,0x20,0x66,0x20,
	0x66,0x20,0x66,0x20,0x66,0x20,0x66,0x28,0x66,0x28,0x66,0x20,0x45,0x20,0x24,0x18,0x03,0x18,0x03,0x18,
	0x03,0x18,0x03,0x18,0x03,0x18,0x03,0x18,0x03,0x18,0x03,0x18,0x03,0x18,0x03,0x18,0x03,0x18,0x03,0x18,
	0x01,0x08,0x00,0x00,0x00,0x00,0x00,0x00,0x00,0x00,0x00,0x00,0x00,0x00,0x00,0x00,0x00,0x00,0x00,0x00,
	0x00,0x00,0x00,0x00,0x00,0x00,0x00,0x00,0x00,0x00,0x00,0x00,0x00,0x00,0x00,0x00,0x00,0x00,0x00,0x00,
	0x00,0x00,0x00,0x00,0x00,0x00,0x00,0x00,0x00,0x00,0x00,0x00,0x00,0x00,0x00,0x00,0x00,0x00,0x00,0x00,
	0x00,0x00,0x00,0x00,0x00,0x00,0x00,0x00,0x00,0x00,0x00,0x00,0x00,0x00,0x00,0x00,0x00,0x00,0x00,0x00,
	0x00,0x00,0x00,0x00,0x00,0x00,0x00,0x00,0x00,0x00,0x00,0x00,0x00,0x00,0x00,0x00,0x00,0x00,0x00,0x00,
	0x00,0x00,0x00,0x00,0x00,0x00,0x00,0x00,0x00,0x00,0x00,0x00,0x00,0x00,0x00,0x00,0x00,0x00,0x00,0x00,
	0x00,0x00,0x00,0x00,0x00,0x00,0x00,0x00,0x00,0x00,0x00,0x00,0x00,0x00,0x00,0x00,0x00,0x00,0x00,0x00,
	0x20,0x00,0x41,0x00,0xA2,0x00,0xC3,0x00,0xC3,0x00,0xC3,0x00,0xC3,0x00,0xC3,0x00,0xC3,0x00,0xC3,0x00,
	0xC3,0x00,0xC3,0x00,0xC3,0x00,0xC3,0x00,0xA2,0x00,0x03,0x01,0x65,0x01,0x66,0x01,0x66,0x01,0x66,0x01,
	0x66,0x01,0x66,0x01,0x66,0x01,0x66,0x01,0x66,0x01,0x87,0x01,0xA8,0x01,0xC8,0x09,0xC8,0x09,0xC8,0x09,
	0xC8,0x09,0x09,0x0A,0x4A,0x0A,0x6B,0x0A,0x6B,0x0A,0x6B,0x0A,0x6B,0x0A,0x6B,0x0A,0x4B,0x0A,0x4B,0x0A,
	0x4B,0x0A,0x4B,0x0A,0x4B,0x0A,0x4B,0x12,0x4B,0x12,0x2B,0x12,0x2B,0x12,0x4B,0x12,0x8C,0x12,0x8D,0x1A,
	0x6D,0x1A,0x8D,0x1A,0xAD,0x1A,0xEF,0x1A,0xEF,0x1A,0xEF,0x1A,0xEF,0x1A,0xEF,0x1A,0xCF,0x1A,0xCF,0x1A,
	0xCF,0x1A,0xAF,0x1A,0xF0,0x22,0xB3,0x2B,0x56,0x34,0x77,0x3C,0x77,0x3C,0x57,0x3C,0x37,0x3C,0x17,0x3C,
	0x17,0x3C,0x17,0x44,0x17,0x44,0x17,0x44,0x17,0x44,0xF7,0x43,0xF7,0x43,0xF7,0x43,0xF7,0x4B,0xF7,0x4B,
	0xF7,0x4B,0xD7,0x4B,0xB6,0x4B,0xD7,0x4B,0x39,0x54,0x5A,0x5C,0x5A,0x5C,0x5A,0x64,0x5A,0x64,0x5A,0x64,
	0x3A,0x64,0x3A,0x64,0x1A,0x6C,0x1A,0x6C,0x1A,0x6C,0x1A,0x6C,0xFA,0x6B,0xBA,0x63,0x5B,0x84,0x1E,0xDF,
	0xFF,0xFF,0xFF,0xFF,0xFF,0xFF,0xFF,0xFF,0xFF,0xFF,0x1E,0xE7,0x1B,0x8C,0x3B,0x73,0x9B,0x83,0x9B,0x83,
	0x7B,0x83,0xF8,0x72,0x14,0x73,0xF1,0x83,0x17,0xBE,0x1C,0xE7,0x38,0xAD,0xD7,0x93,0x1B,0x8B,0xFB,0x8A,
	0xFA,0x8A,0xB8,0x82,0x97,0x7A,0x78,0x7A,0x78,0x7A,0x78,0x82,0x78,0x82,0x78,0x82,0x78,0x82,0x78,0x82,
	0x58,0x8A,0x58,0x8A,0x58,0x8A,0x38,0x8A,0x38,0x8A,0x38,0x8A,0x38,0x8A,0x18,0x92,0x18,0x92,0x18,0x92,
	0x19,0x92,0xD6,0x81,0x52,0x69,0x30,0x59,0x30,0x59,0x30,0x59,0x30,0x59,0x30,0x59,0x30,0x59,0x30,0x59,
	0x30,0x61,0x30,0x61,0x0E,0x59,0xEE,0x50,0xEE,0x50,0xEE,0x50,0xEE,0x50,0xCD,0x48,0xCC,0x48,0xAB,0x48,
	0xAB,0x48,0xAC,0x48,0xAC,0x48,0xAC,0x48,0xAC,0x48,0xAC,0x48,0xAC,0x48,0x8C,0x50,0x8C,0x50,0x8C,0x50,
	0x8C,0x50,0x8C,0x50,0x8C,0x50,0x8B,0x48,0x89,0x38,0x69,0x30,0x69,0x38,0x69,0x38,0x69,0x38,0x68,0x30,
	0x67,0x28,0x66,0x20,0x66,0x20,0x66,0x20,0x66,0x20,0x66,0x20,0x66,0x28,0x66,0x28,0x66,0x20,0x45,0x18,
	0x24,0x18,0x03,0x18,0x03,0x18,0x03,0x18,0x03,0x18,0x03,0x18,0x03,0x18,0x03,0x18,0x03,0x18,0x03,0x18,
	0x03,0x18,0x03,0x18,0x03,0x18,0x02,0x10,0x01,0x08,0x00,0x00,0x00,0x00,0x00,0x00,0x00,0x00,0x00,0x00,
	0x00,0x00,0x00,0x00,0x00,0x00,0x00,0x00,0x00,0x00,0x00,0x00,0x00,0x00,0x00,0x00,0x00,0x00,0x00,0x00,
	0x00,0x00,0x00,0x00,0x00,0x00,0x00,0x00,0x00,0x00,0x00,0x00,0x00,0x00,0x00,0x00,0x00,0x00,0x00,0x00,
	0x00,0x00,0x00,0x00,0x00,0x00,0x00,0x00,0x00,0x00,0x00,0x00,0x00,0x00,0x00,0x00,0x00,0x00,0x00,0x00,
	0x00,0x00,0x00,0x00,0x00,0x00,0x00,0x00,0x00,0x00,0x00,0x00,0x00,0x00,0x00,0x00,0x00,0x00,0x00,0x00,
	0x00,0x00,0x00,0x00,0x00,0x00,0x00,0x00,0x00,0x00,0x00,0x00,0x00,0x00,0x00,0x00,0x00,0x00,0x00,0x00,
	0x00,0x00,0x00,0x00,0x00,0x00,0x00,0x00,0x00,0x00,0x00,0x00,0x00,0x00,0x00,0x00,0x00,0x00,0x00,0x00,
	0x00,0x00,0x00,0x00,0x00,0x00,0x21,0x00,0x61,0x00,0xC3,0x00,0xC3,0x00,0xC3,0x00,0xC3,0x00,0xC3,0x00,
	0xC3,0x00,0xC3,0x00,0xC3,0x00,0xC3,0x00,0xC3,0x00,0xC3,0x00,0xA3,0x00,0xA2,0x00,0x03,0x01,0x45,0x01,
	0x66,0x01,0x66,0x01,0x66,0x01,0x66,0x01,0x66,0x01,0x45,0x01,0x45,0x01,0x87,0x01,0xA7,0x01,0xC8,0x09,
	0xC8,0x09,0xC8,0x09,0xA8,0x09,0xC8,0x09,0x09,0x0A,0x4A,0x0A,0x6B,0x0A,0x6B,0x0A,0x6B,0x0A,0x6B,0x0A,
	0x6B,0x0A,0x4B,0x0A,0x4B,0x0A,0x4B,0x0A,0x4B,0x0A,0x4B,0x0A,0x4B,0x12,0x2B,0x12,0x2B,0x12,0x4C,0x12,
	0x8C,0x12,0xAD,0x1A,0x8D,0x1A,0x6D,0x1A,0x8D,0x1A,0xAD,0x1A,0xEF,0x1A,0xEF,0x1A,0xEF,0x1A,0xEF,0x1A,
	0xEF,0x1A,0xEF,0x1A,0xEF,0x1A,0xCF,0x1A,0xCF,0x1A,0x11,0x23,0xF4,0x2B,0x76,0x34,0x57,0x3C,0x57,0x3C,
	0x57,0x3C,0x57,0x3C,0x37,0x3C,0x17,0x44,0x17,0x44,0x17,0x44,0x17,0x44,0x17,0x44,0xF7,0x43,0xF7,0x43,
	0xF7,0x4B,0xF7,0x4B,0xF7,0x4B,0xD6,0x4B,0xD6,0x4B,0xD7,0x4B,0x19,0x54,0x7A,0x5C,0x7A,0x5C,0x5A,0x5C,
	0x5A,0x64,0x5A,0x64,0x5A,0x64,0x3A,0x64,0x1A,0x64,0x1A,0x6C,0x1A,0x6C,0x1A,0x6C,0x1A,0x6C,0xFA,0x6B,
	0xBA,0x63,0x5B,0x7C,0x1D,0xDF,0xFF,0xFF,0xFF,0xFF,0xFF,0xFF,0xFF,0xFF,0xFF,0xFF,0xFE,0xDE,0x1B,0x8C,
	0x5B,0x73,0x9B,0x83,0x9B,0x83,0x38,0x73,0x0D,0x4A,0xD0,0x7B,0xFB,0xDE,0x98,0xCE,0x14,0xA5,0xD9,0x93,
	0x1B,0x8B,0x1B,0x93,0x1B,0x93,0x1B,0x93,0xDA,0x8A,0x98,0x82,0x77,0x7A,0x77,0x7A,0x78,0x82,0x78,0x82,
	0x78,0x82,0x78,0x82,0x78,0x82,0x58,0x8A,0x58,0x8A,0x58,0x8A,0x38,0x8A,0x38,0x8A,0x38,0x8A,0x38,0x8A,
	0x18,0x92,0x18,0x92,0x18,0x92,0x18,0x92,0xD6,0x89,0x73,0x71,0x51,0x61,0x30,0x59,0x30,0x59,0x30,0x59,
	0x30,0x59,0x30,0x59,0x30,0x59,0x30,0x59,0x30,0x59,0xEE,0x58,0xEE,0x58,0xEE,0x50,0xEE,0x58,0xEE,0x58,
	0xCD,0x50,0xCC,0x50,0xAB,0x48,0xAB,0x48,0xAC,0x48,0xAC,0x48,0xAC,0x48,0xAC,0x48,0xAC,0x48,0xAC,0x48,
	0x8C,0x50,0x8C,0x50,0x8C,0x50,0x8C,0x50,0x8C,0x50,0x8C,0x50,0x8B,0x48,0x69,0x38,0x69,0x38,0x69,0x38,
	0x69,0x38,0x69,0x38,0x69,0x30,0x67,0x28,0x65,0x20,0x65,0x20,0x66,0x20,0x66,0x20,0x66,0x20,0x66,0x28,
	0x66,0x28,0x66,0x28,0x24,0x18,0x03,0x10,0x03,0x18,0x03,0x18,0x03,0x18,0x03,0x18,0x03,0x18,0x03,0x18,
	0x03,0x18,0x03,0x18,0x03,0x18,0x03,0x18,0x03,0x18,0x03,0x18,0x02,0x10,0x01,0x08,0x00,0x00,0x00,0x00,
	0x00,0x00,0x00,0x00,0x00,0x00,0x00,0x00,0x00,0x00,0x00,0x00,0x00,0x00,0x00,0x00,0x00,0x00,0x00,0x00,
	0x00,0x00,0x00,0x00,0x00,0x00,0x00,0x00,0x00,0x00,0x00,0x00,0x00,0x00,0x00,0x00,0x00,0x00,0x00,0x00,
	0x00,0x00,0x00,0x00,0x00,0x00,0x00,0x00,0x00,0x00,0x00,0x00,0x00,0x00,0x00,0x00,0x00,0x00,0x00,0x00,
	0x00,0x00,0x00,0x00,0x00,0x00,0x00,0x00,0x00,0x00,0x00,0x00,0x00,0x00,0x00,0x00,0x00,0x00,0x00,0x00,
	0x00,0x00,0x00,0x00,0x00,0x00,0x00,0x00,0x00,0x00,0x00,0x00,0x00,0x00,0x00,0x00,0x00,0x00,0x00,0x00,
	0x00,0x00,0x00,0x00,0x00,0x00,0x00,0x00,0x00,0x00,0x00,0x00,0x00,0x00,0x00,0x00,0x00,0x00,0x00,0x00,
	0x00,0x00,0x00,0x00,0x00,0x00,0x00,0x00,0x00,0x00,0x00,0x00,0x21,0x00,0x62,0x00,0xC3,0x00,0xC3,0x00,
	0xC3,0x00,0xC3,0x00,0xC3,0x00,0xC3,0x00,0xC3,0x00,0xC3,0x00,0xC3,0x00,0xC3,0x00,0xC3,0x00,0xA3,0x00,
	0xA2,0x00,0xE4,0x00,0x45,0x01,0x66,0x01,0x66,0x01,0x66,0x01,0x66,0x01,0x66,0x01,0x45,0x01,0x45,0x01,
	0x87,0x01,0xA8,0x01,0xC8,0x09,0xC8,0x09,0xC8,0x09,0xA8,0x01,0xC8,0x01,0x09,0x0A,0x4A,0x0A,0x6B,0x0A,
	0x6B,0x0A,0x6B,0x0A,0x6B,0x0A,0x6B,0x0A,0x4B,0x0A,0x4B,0x0A,0x4B,0x0A,0x4B,0x0A,0x4B,0x0A,0x4B,0x12,
	0x2B,0x12,0x2B,0x12,0x6C,0x12,0x8C,0x12,0xAD,0x1A,0x8D,0x1A,0x6D,0x1A,0x8D,0x1A,0xAD,0x1A,0xEF,0x1A,
	0xEF,0x1A,0xEF,0x1A,0xEF,0x1A,0xEF,0x1A,0xEF,0x1A,0xEF,0x1A,0xEF,0x1A,0xF0,0x1A,0x52,0x23,0x15,0x34,
	0x77,0x3C,0x57,0x3C,0x57,0x3C,0x57,0x3C,0x57,0x3C,0x37,0x3C,0x37,0x3C,0x37,0x44,0x17,0x44,0x17,0x44,
	0x17,0x44,0xF7,0x43,0xF7,0x43,0xF7,0x4B,0xF7,0x4B,0xF7,0x4B,0xD6,0x4B,0xD6,0x4B,0x18,0x4C,0x59,0x54,
	0x7A,0x5C,0x7A,0x5C,0x5A,0x5C,0x5A,0x64,0x5A,0x64,0x5A,0x64,0x3A,0x64,0x3A,0x64,0x1A,0x6C,0x1A,0x6C,
	0x1A,0x6C,0xFA,0x6B,0xFA,0x6B,0xBA,0x63,0x5B,0x7C,0x7B,0xC6,0x9D,0xF7,0xFF,0xFF,0xFF,0xFF,0xFF,0xFF,
	0x9C,0xEF,0x5B,0xC6,0xFB,0x83,0x5C,0x7B,0x9B,0x83,0xB5,0x62,0xB0,0x5A,0xD1,0x7B,0x95,0xAD,0x1B,0xDF,
	0x55,0xAD,0x51,0x73,0x18,0x83,0x1C,0x8B,0x1B,0x93,0x1B,0x93,0x1B,0x93,0xDB,0x92,0xBA,0x8A,0x98,0x82,
	0x77,0x7A,0x77,0x82,0x78,0x82,0x78,0x82,0x78,0x82,0x78,0x82,0x58,0x8A,0x58,0x8A,0x58,0x8A,0x38,0x8A,
	0x38,0x8A,0x38,0x8A,0x38,0x8A,0x18,0x92,0x18,0x92,0x18,0x92,0x18,0x92,0xF7,0x89,0x95,0x79,0x52,0x69,
	0x30,0x59,0x30,0x59,0x30,0x59,0x30,0x59,0x30,0x59,0x30,0x59,0x30,0x59,0x30,0x59,0xEE,0x58,0xEE,0x58,
	0xEE,0x50,0xEE,0x58,0xEE,0x58,0xED,0x50,0xCC,0x50,0xAC,0x48,0xAC,0x48,0xAC,0x48,0xAC,0x48,0xAC,0x48,
	0xAC,0x48,0xAC,0x48,0xAC,0x48,0x8C,0x50,0x8C,0x50,0x8C,0x50,0x8C,0x50,0x8C,0x50,0x8C,0x50,0x8B,0x48,
	0x69,0x40,0x69,0x38,0x69,0x38,0x69,0x38,0x69,0x38,0x69,0x38,0x68,0x30,0x66,0x28,0x66,0x20,0x66,0x20,
	0x66,0x20,0x66,0x20,0x66,0x28,0x66,0x28,0x66,0x28,0x24,0x18,0x03,0x10,0x03,0x18,0x03,0x18,0x03,0x18,
	0x03,0x18,0x03,0x18,0x03,0x18,0x03,0x18,0x03,0x18,0x03,0x18,0x03,0x18,0x03,0x18,0x03,0x18,0x03,0x10,
	0x02,0x08,0x00,0x00,0x00,0x00,0x00,0x00,0x00,0x00,0x00,0x00,0x00,0x00,0x00,0x00,0x00,0x00,0x00,0x00,
	0x00,0x00,0x00,0x00,0x00,0x00,0x00,0x00,0x00,0x00,0x00,0x00,0x00,0x00,0x00,0x00,0x00,0x00,0x00,0x00,
	0x00,0x00,0x00,0x00,0x00,0x00,0x00,0x00,0x00,0x00,0x00,0x00,0x00,0x00,0x00,0x00,0x00,0x00,0x00,0x00,
	0x00,0x00,0x00,0x00,0x00,0x00,0x00,0x00,0x00,0x00,0x00,0x00,0x00,0x00,0x00,0x00,0x00,0x00,0x00,0x00,
	0x00,0x00,0x00,0x00,0x00,0x00,0x00,0x00,0x00,0x00,0x00,0x00,0x00,0x00,0x00,0x00,0x00,0x00,0x00,0x00,
	0x00,0x00,0x00,0x00,0x00,0x00,0x00,0x00,0x00,0x00,0x00,0x00,0x00,0x00,0x00,0x00,0x00,0x00,0x00,0x00,
	0x00,0x00,0x00,0x00,0x00,0x00,0x00,0x00,0x00,0x00,0x00,0x00,0x00,0x00,0x00,0x00,0x00,0x00,0x41,0x00,
	0x82,0x00,0xC3,0x00,0xC3,0x00,0xC3,0x00,0xC3,0x00,0xC3,0x00,0xC3,0x00,0xC3,0x00,0xC3,0x00,0xC3,0x00,
	0xC3,0x00,0xC3,0x00,0xA3,0x00,0xA2,0x00,0xE3,0x00,0x25,0x01,0x66,0x01,0x66,0x01,0x66,0x01,0x66,0x01,
	0x66,0x01,0x45,0x01,0x45,0x01,0x88,0x01,0xC8,0x01,0xC8,0x09,0xC8,0x09,0xC8,0x09,0xA8,0x01,0xC9,0x01,
	0x0A,0x0A,0x4B,0x0A,0x6B,0x0A,0x6B,0x0A,0x6B,0x0A,0x6B,0x0A,0x6B,0x0A,0x4B,0x0A,0x4B,0x0A,0x4B,0x0A,
	0x4B,0x0A,0x4B,0x0A,0x4B,0x12,0x2B,0x12,0x2B,0x12,0x6C,0x12,0xAC,0x12,0xAD,0x1A,0x8D,0x1A,0x6D,0x1A,
	0x8D,0x1A,0xAD,0x1A,0xEF,0x1A,0xEF,0x1A,0xEF,0x1A,0xEF,0x1A,0xEF,0x1A,0xEF,0x1A,0xEF,0x1A,0x10,0x1B,
	0x31,0x1B,0x72,0x23,0x35,0x34,0x97,0x3C,0x57,0x3C,0x57,0x3C,0x57,0x3C,0x57,0x3C,0x37,0x3C,0x37,0x3C,
	0x37,0x3C,0x17,0x44,0x17,0x44,0x17,0x44,0xF7,0x43,0xF7,0x43,0xF7,0x43,0xF7,0x43,0xF7,0x4B,0xD6,0x4B,
	0xD6,0x4B,0x39,0x54,0x7A,0x54,0x7A,0x5C,0x7A,0x5C,0x5A,0x5C,0x5A,0x64,0x5A,0x64,0x5A,0x64,0x5A,0x64,
	0x3A,0x64,0x3A,0x6C,0x1A,0x6C,0xFA,0x6B,0xFA,0x6B,0xFA,0x6B,0xDB,0x6B,0x1B,0x7C,0x37,0xA5,0x99,0xCE,
	0xDE,0xF7,0xFF,0xFF,0xDE,0xF7,0x78,0xCE,0x16,0x9D,0xBA,0x7B,0x7C,0x7B,0x9B,0x83,0x4F,0x52,0xCC,0x5A,
	0x38,0xC6,0xFB,0xDE,0x96,0xB5,0x92,0x7B,0x31,0x5A,0xD8,0x7A,0x3C,0x93,0x1B,0x93,0x1B,0x93,0x1B,0x93,
	0xFB,0x92,0xBB,0x92,0x99,0x82,0x97,0x7A,0x77,0x7A,0x77,0x82,0x78,0x82,0x78,0x82,0x78,0x82,0x58,0x8A,
	0x58,0x8A,0x58,0x8A,0x38,0x8A,0x38,0x8A,0x38,0x8A,0x38,0x8A,0x18,0x92,0x18,0x92,0x18,0x92,0x18,0x92,
	0xF8,0x89,0xB6,0x79,0x73,0x69,0x30,0x61,0x30,0x59,0x30,0x59,0x30,0x59,0x30,0x59,0x30,0x59,0x30,0x61,
	0x30,0x61,0xEE,0x58,0xEE,0x50,0xEE,0x50,0xEE,0x58,0xEE,0x58,0xED,0x50,0xCD,0x50,0xAC,0x48,0xAC,0x48,
	0xAC,0x48,0xAC,0x48,0xAC,0x48,0xAC,0x48,0xAC,0x48,0xAC,0x48,0x8C,0x50,0x8C,0x50,0x8C,0x50,0x8C,0x50,
	0x8C,0x50,0x8C,0x50,0x8B,0x48,0x69,0x40,0x69,0x38,0x69,0x38,0x69,0x38,0x69,0x38,0x69,0x38,0x69,0x38,
	0x68,0x28,0x67,0x20,0x66,0x20,0x66,0x20,0x66,0x20,0x66,0x28,0x66,0x28,0x66,0x20,0x24,0x18,0x03,0x10,
	0x03,0x18,0x03,0x18,0x03,0x18,0x03,0x18,0x03,0x18,0x03,0x18,0x03,0x18,0x03,0x18,0x03,0x18,0x03,0x18,
	0x03,0x18,0x03,0x18,0x03,0x10,0x02,0x08,0x00,0x00,0x00,0x00,0x00,0x00,0x00,0x00,0x00,0x00,0x00,0x00,
	0x00,0x00,0x00,0x00,0x00,0x00,0x00,0x00,0x00,0x00,0x00,0x00,0x00,0x00,0x00,0x00,0x00,0x00,0x00,0x00,
	0x00,0x00,0x00,0x00,0x00,0x00,0x00,0x00,0x00,0x00,0x00,0x00,0x00,0x00,0x00,0x00,0x00,0x00,0x00,0x00,
	0x00,0x00,0x00,0x00,0x00,0x00,0x00,0x00,0x00,0x00,0x00,0x00,0x00,0x00,0x00,0x00,0x00,0x00,0x00,0x00,
	0x00,0x00,0x00,0x00,0x00,0x00,0x00,0x00,0x00,0x00,0x00,0x00,0x00,0x00,0x00,0x00,0x01,0x00,0x22,0x08,
	0x22,0x08,0x01,0x00,0x00,0x00,0x00,0x00,0x00,0x00,0x00,0x00,0x00,0x00,0x00,0x00,0x00,0x00,0x00,0x00,
	0x00,0x00,0x00,0x00,0x00,0x00,0x00,0x00,0x00,0x00,0x00,0x00,0x00,0x00,0x00,0x00,0x00,0x00,0x00,0x00,
	0x00,0x00,0x00,0x00,0x61,0x00,0xA2,0x00,0xC3,0x00,0xC3,0x00,0xC3,0x00,0xC3,0x00,0xC3,0x00,0xC3,0x00,
	0xC3,0x00,0xC3,0x00,0xC3,0x00,0xC3,0x00,0xC3,0x00,0xA3,0x00,0xA2,0x00,0xC3,0x00,0x04,0x01,0x45,0x01,
	0x66,0x01,0x66,0x01,0x66,0x01,0x45,0x01,0x66,0x01,0x87,0x01,0xA8,0x09,0xC8,0x09,0xC8,0x09,0xC8,0x09,
	0xC8,0x09,0xC8,0x09,0xC9,0x09,0x0A,0x0A,0x4B,0x0A,0x6B,0x0A,0x6B,0x0A,0x6B,0x0A,0x6B,0x0A,0x6B,0x0A,
	0x4B,0x0A,0x4B,0x0A,0x4B,0x0A,0x4B,0x0A,0x4B,0x0A,0x4B,0x12,0x4B,0x12,0x4B,0x12,0x8C,0x12,0xAD,0x1A,
	0xAD,0x1A,0xAD,0x1A,0x8D,0x1A,0x8D,0x1A,0xAD,0x1A,0xEE,0x1A,0xEF,0x1A,0xEF,0x1A,0xEF,0x1A,0xEF,0x1A,
	0xCF,0x1A,0xCF,0x1A,0xF0,0x22,0x31,0x23,0x94,0x2B,0x36,0x34,0x97,0x3C,0x57,0x3C,0x57,0x3C,0x57,0x3C,
	0x57,0x3C,0x37,0x3C,0x37,0x3C,0x17,0x3C,0x17,0x44,0x17,0x44,0x17,0x44,0x17,0x44,0x17,0x44,0xF7,0x43,
	0xD6,0x43,0xD6,0x4B,0xF7,0x4B,0x38,0x54,0x59,0x54,0x7A,0x5C,0x7A,0x5C,0x7A,0x5C,0x5A,0x5C,0x5A,0x64,
	0x5A,0x64,0x5A,0x64,0x3A,0x64,0x1A,0x64,0x1A,0x6C,0x1A,0x6C,0x1A,0x6C,0xFA,0x6B,0xFA,0x6B,0xFC,0x73,
	0xD9,0x73,0xEF,0x52,0x10,0x7C,0x9B,0xCE,0x3D,0xE7,0x9B,0xCE,0xF0,0x7B,0xCE,0x5A,0x7A,0x73,0x9C,0x7B,
	0x9A,0x83,0x55,0x8C,0x74,0xAD,0xBA,0xD6,0x96,0xB5,0x0F,0x6B,0xB2,0x6A,0xD8,0x7A,0xFA,0x82,0x1B,0x93,
	0x1B,0x93,0x1B,0x93,0x1B,0x93,0x1B,0x93,0xFB,0x92,0xBA,0x8A,0x98,0x82,0x77,0x7A,0x77,0x7A,0x78,0x82,
	0x78,0x82,0x78,0x82,0x58,0x8A,0x58,0x8A,0x58,0x8A,0x38,0x8A,0x38,0x8A,0x38,0x8A,0x38,0x8A,0x18,0x92,
	0x18,0x92,0x18,0x92,0x18,0x92,0x18,0x8A,0xF7,0x81,0x73,0x71,0x30,0x61,0x30,0x59,0x30,0x59,0x30,0x59,
	0x30,0x59,0x30,0x61,0x30,0x61,0x30,0x61,0xEE,0x58,0xEE,0x50,0xEE,0x50,0xEE,0x50,0xEE,0x50,0xEE,0x58,
	0xCD,0x50,0xAC,0x50,0xAB,0x48,0xAB,0x48,0xAC,0x48,0xAC,0x48,0xAC,0x48,0xAC,0x48,0xAC,0x48,0x8C,0x50,
	0x8C,0x50,0x8C,0x50,0x8C,0x50,0x8C,0x50,0x8C,0x50,0x8B,0x48,0x6A,0x40,0x69,0x38,0x69,0x38,0x69,0x38,
	0x69,0x38,0x69,0x38,0x69,0x38,0x68,0x30,0x67,0x28,0x66,0x20,0x66,0x20,0x66,0x20,0x66,0x28,0x66,0x28,
	0x45,0x20,0x24,0x18,0x03,0x10,0x03,0x18,0x03,0x18,0x03,0x18,0x03,0x18,0x03,0x18,0x03,0x18,0x03,0x18,
	0x03,0x18,0x03,0x18,0x03,0x18,0x03,0x18,0x03,0x18,0x03,0x18,0x03,0x10,0x01,0x08,0x00,0x00,0x00,0x00,
	0x00,0x00,0x00,0x00,0x00,0x00,0x00,0x00,0x00,0x00,0x00,0x00,0x00,0x00,0x00,0x00,0x00,0x00,0x00,0x00,
	0x00,0x00,0x00,0x00,0x00,0x00,0x00,0x00,0x00,0x00,0x00,0x00,0x00,0x00,0x01,0x00,0x22,0x08,0x22,0x08,
	0x01,0x00,0x00,0x00,0x00,0x00,0x00,0x00,0x00,0x00,0x00,0x00,0x00,0x00,0x00,0x00,0x00,0x00,0x00,0x00,
	0x00,0x00,0x00,0x00,0x00,0x00,0x00,0x00,0x00,0x00,0x00,0x00,0x00,0x00,0x00,0x00,0x00,0x00,0x22,0x10,
	0x65,0x20,0xA8,0x30,0xEA,0x38,0xEA,0x38,0xC8,0x30,0x85,0x20,0x42,0x10,0x00,0x00,0x00,0x00,0x00,0x00,
	0x00,0x00,0x00,0x00,0x00,0x00,0x00,0x00,0x00,0x00,0x00,0x00,0x00,0x00,0x00,0x00,0x00,0x00,0x00,0x00,
	0x00,0x00,0x00,0x00,0x00,0x00,0x00,0x00,0x00,0x00,0x82,0x00,0xC3,0x00,0xC3,0x00,0xC3,0x00,0xC3,0x00,
	0xC3,0x00,0xC3,0x00,0xC3,0x00,0xC3,0x00,0xC3,0x00,0xC3,0x00,0xC3,0x00,0xC3,0x00,0xA3,0x00,0xA2,0x00,
	0xA2,0x00,0xE3,0x00,0x45,0x01,0x86,0x01,0x66,0x01,0x45,0x01,0x45,0x01,0x66,0x01,0xA8,0x01,0xC8,0x09,
	0xC8,0x09,0xC8,0x09,0xC8,0x09,0xC8,0x09,0xC8,0x09,0xE9,0x09,0x0A,0x0A,0x4B,0x0A,0x6B,0x0A,0x6B,0x0A,
	0x6B,0x0A,0x6B,0x0A,0x6B,0x0A,0x4B,0x0A,0x4B,0x0A,0x4B,0x0A,0x4B,0x0A,0x4B,0x0A,0x4B,0x12,0x4B,0x12,
	0x6B,0x12,0xAD,0x1A,0xAD,0x1A,0xAD,0x1A,0xAD,0x1A,0xAD,0x1A,0x8D,0x1A,0x8D,0x1A,0xCE,0x1A,0xEE,0x1A,
	0xEF,0x1A,0xEF,0x1A,0xEF,0x1A,0xCF,0x1A,0xCF,0x1A,0xF0,0x22,0x52,0x23,0xD5,0x2B,0x56,0x3C,0x77,0x3C,
	0x57,0x3C,0x57,0x3C,0x57,0x3C,0x57,0x3C,0x37,0x3C,0x17,0x3C,0x17,0x3C,0x17,0x44,0x17,0x44,0x17,0x44,
	0x17,0x44,0x17,0x44,0xF7,0x43,0xD6,0x43,0xD6,0x4B,0x18,0x54,0x5A,0x54,0x7A,0x5C,0x7A,0x5C,0x7A,0x5C,
	0x7A,0x5C,0x5A,0x5C,0x5A,0x64,0x5A,0x64,0x5A,0x64,0x3A,0x64,0x1A,0x64,0x1A,0x6C,0x1A,0x6C,0x1A,0x6C,
	0x1A,0x6C,0xFA,0x6B,0x1C,0x74,0xB9,0x6B,0x2E,0x3A,0xCF,0x52,0x39,0xA5,0xDC,0xBD,0x39,0xA5,0xCF,0x5A,
	0xEE,0x41,0x38,0x6B,0xBA,0x83,0x39,0x94,0x1A,0xBE,0xFA,0xDE,0x18,0xBE,0x13,0x8C,0x0F,0x52,0x75,0x6A,
	0x5C,0x93,0x3C,0x8B,0x1B,0x8B,0x1B,0x93,0x1B,0x93,0x1B,0x93,0x1B,0x93,0xFB,0x92,0xDB,0x92,0x99,0x82,
	0x77,0x7A,0x77,0x82,0x78,0x82,0x78,0x82,0x78,0x82,0x58,0x8A,0x58,0x8A,0x58,0x8A,0x38,0x8A,0x38,0x8A,
	0x38,0x8A,0x38,0x8A,0x18,0x92,0x18,0x92,0x18,0x92,0x18,0x92,0x18,0x92,0xF7,0x89,0x93,0x71,0x30,0x61,
	0x30,0x59,0x30,0x59,0x30,0x59,0x30,0x59,0x30,0x61,0x30,0x61,0x30,0x61,0xEE,0x58,0xEE,0x50,0xEE,0x50,
	0xEE,0x50,0xEE,0x50,0xEE,0x58,0xCE,0x58,0xAC,0x50,0xAB,0x48,0xAB,0x48,0xAC,0x48,0xAC,0x48,0xAC,0x48,
	0xAC,0x48,0xAC,0x48,0x8C,0x50,0x8C,0x50,0x8C,0x50,0x8C,0x50,0x8C,0x50,0x8C,0x50,0x8C,0x50,0x6A,0x40,
	0x69,0x38,0x69,0x38,0x69,0x38,0x69,0x38,0x69,0x38,0x69,0x38,0x69,0x30,0x67,0x28,0x66,0x20,0x66,0x20,
	0x66,0x20,0x66,0x28,0x66,0x28,0x45,0x20,0x24,0x18,0x03,0x10,0x03,0x18,0x03,0x18,0x03,0x18,0x03,0x18,
	0x03,0x18,0x03,0x18,0x03,0x18,0x03,0x18,0x03,0x18,0x03,0x18,0x03,0x18,0x03,0x18,0x03,0x18,0x03,0x18,
	0x01,0x08,0x00,0x00,0x00,0x00,0x00,0x00,0x00,0x00,0x00,0x00,0x00,0x00,0x00,0x00,0x00,0x00,0x00,0x00,
	0x00,0x00,0x00,0x00,0x00,0x00,0x00,0x00,0x00,0x00,0x00,0x00,0x00,0x00,0x00,0x00,0x43,0x10,0x86,0x20,
	0xC9,0x30,0xEA,0x38,0xEA,0x38,0xC8,0x30,0x85,0x20,0x43,0x10,0x01,0x00,0x00,0x00,0x00,0x00,0x00,0x00,
	0x00,0x00,0x00,0x00,0x00,0x00,0x00,0x00,0x00,0x00,0x00,0x00,0x00,0x00,0x00,0x00,0x00,0x00,0x00,0x00,
	0x00,0x00,0x01,0x00,0xEA,0x38,0xF3,0x71,0x58,0x8A,0x9A,0x9A,0x9A,0x9A,0x58,0x92,0x15,0x7A,0x0B,0x41,
	0x43,0x10,0x00,0x00,0x00,0x00,0x00,0x00,0x00,0x00,0x00,0x00,0x00,0x00,0x00,0x00,0x00,0x00,0x00,0x00,
	0x00,0x00,0x00,0x00,0x00,0x00,0x00,0x00,0x00,0x00,0x00,0x00,0x00,0x00,0x00,0x00,0x82,0x00,0xC3,0x00,
	0xC3,0x00,0xC3,0x00,0xC3,0x00,0xC3,0x00,0xC3,0x00,0xC3,0x00,0xC3,0x00,0xC3,0x00,0xC3,0x00,0xC3,0x00,
	0xC3,0x00,0xC3,0x00,0xA2,0x00,0xA2,0x00,0xE2,0x00,0x65,0x01,0x86,0x01,0x66,0x01,0x66,0x01,0x66,0x01,
	0x87,0x01,0xA8,0x01,0xC8,0x09,0xC8,0x09,0xC8,0x09,0xC8,0x09,0xC8,0x09,0xC8,0x09,0xE9,0x09,0x0A,0x0A,
	0x4B,0x0A,0x6B,0x0A,0x6B,0x0A,0x6B,0x0A,0x6B,0x0A,0x6B,0x0A,0x4B,0x0A,0x4B,0x0A,0x4B,0x0A,0x4B,0x0A,
	0x4B,0x0A,0x2B,0x12,0x6B,0x12,0x8C,0x12,0xAD,0x1A,0xAD,0x1A,0xAD,0x1A,0xAD,0x1A,0xAD,0x1A,0x8D,0x1A,
	0x8D,0x1A,0xCE,0x1A,0xCE,0x1A,0xEF,0x1A,0xEF,0x1A,0xEF,0x1A,0xF0,0x1A,0xD0,0x1A,0xF0,0x22,0x52,0x2B,
	0xF5,0x33,0x56,0x3C,0x77,0x3C,0x57,0x3C,0x57,0x3C,0x57,0x3C,0x57,0x3C,0x37,0x3C,0x17,0x3C,0x17,0x3C,
	0x17,0x44,0x17,0x44,0x17,0x44,0x17,0x44,0x17,0x44,0xF7,0x43,0xF7,0x43,0xF7,0x4B,0x38,0x54,0x59,0x54,
	0x7A,0x5C,0x7A,0x5C,0x7A,0x5C,0x7A,0x5C,0x5A,0x5C,0x5A,0x64,0x5A,0x64,0x5A,0x64,0x3A,0x64,0x1A,0x64,
	0x1A,0x6C,0x1A,0x6C,0x1A,0x6C,0x1A,0x6C,0xFA,0x6B,0xFB,0x73,0xFB,0x73,0xB9,0x6B,0xB9,0x6B,0xFB,0x7B,
	0xFB,0x83,0xFB,0x83,0x99,0x73,0x38,0x6B,0x17,0x6B,0x36,0x8C,0x97,0xB5,0xD9,0xD6,0x79,0xCE,0x13,0x84,
	0xF4,0x6A,0xF9,0x82,0xFB,0x8A,0x1B,0x8B,0x3B,0x8B,0x3B,0x8B,0x1B,0x93,0x1B,0x93,0x1B,0x93,0xFB,0x92,
	0xDB,0x92,0xFA,0x92,0xB9,0x8A,0x78,0x82,0x78,0x82,0x78,0x82,0x78,0x82,0x78,0x82,0x58,0x8A,0x58,0x8A,
	0x58,0x8A,0x38,0x8A,0x38,0x8A,0x38,0x8A,0x38,0x8A,0x18,0x92,0x18,0x92,0x18,0x92,0x18,0x92,0x18,0x92,
	0xF8,0x91,0x95,0x79,0x31,0x69,0x31,0x61,0x31,0x61,0x30,0x59,0x30,0x59,0x30,0x59,0x30,0x59,0x30,0x59,
	0xEE,0x50,0xEE,0x50,0xEE,0x50,0xEE,0x50,0xEE,0x50,0xEE,0x58,0xEE,0x58,0xCD,0x50,0xAC,0x48,0xAB,0x48,
	0xAC,0x48,0xAC,0x48,0xAC,0x48,0xAC,0x48,0xAC,0x48,0x8C,0x50,0x8C,0x50,0x8C,0x50,0x8C,0x50,0x8C,0x50,
	0x8C,0x50,0x8C,0x50,0x6A,0x40,0x69,0x38,0x69,0x38,0x69,0x38,0x69,0x38,0x69,0x38,0x69,0x38,0x69,0x38,
	0x68,0x30,0x66,0x20,0x66,0x20,0x66,0x20,0x66,0x28,0x45,0x28,0x24,0x18,0x04,0x10,0x03,0x10,0x03,0x18,
	0x03,0x18,0x03,0x18,0x03,0x18,0x03,0x18,0x03,0x18,0x03,0x18,0x03,0x18,0x03,0x18,0x03,0x18,0x03,0x18,
	0x03,0x18,0x03,0x18,0x03,0x18,0x01,0x08,0x00,0x00,0x00,0x00,0x00,0x00,0x00,0x00,0x00,0x00,0x00,0x00,
	0x00,0x00,0x00,0x00,0x00,0x00,0x00,0x00,0x00,0x00,0x00,0x00,0x00,0x00,0x00,0x00,0x00,0x00,0x00,0x00,
	0x43,0x10,0x2C,0x41,0x36,0x7A,0x79,0x8A,0x9A,0x9A,0x9A,0x9A,0x79,0x92,0x15,0x7A,0x2C,0x49,0x44,0x18,
	0x01,0x08,0x00,0x00,0x00,0x00,0x00,0x00,0x00,0x00,0x00,0x00,0x00,0x00,0x00,0x00,0x00,0x00,0x00,0x00,
	0x00,0x00,0x00,0x00,0x00,0x00,0x23,0x10,0xEB,0x38,0xF4,0x71,0xBB,0xA2,0x9B,0x9A,0x7A,0x92,0x79,0x92,
	0x9B,0x9A,0xBB,0x9A,0x15,0x7A,0x4D,0x49,0x43,0x10,0x00,0x00,0x00,0x00,0x00,0x00,0x00,0x00,0x00,0x00,
	0x00,0x00,0x00,0x00,0x00,0x00,0x00,0x00,0x00,0x00,0x00,0x00,0x00,0x00,0x00,0x00,0x00,0x00,0x00,0x00,
	0x20,0x00,0xA2,0x00,0xC3,0x00,0xC3,0x00,0xC3,0x00,0xC3,0x00,0xC3,0x00,0xC3,0x00,0xC3,0x00,0xC3,0x00,
	0xC3,0x00,0xC3,0x00,0xC3,0x00,0xC3,0x00,0xC3,0x00,0xA2,0x00,0xA2,0x00,0xC2,0x00,0x44,0x01,0x86,0x01,
	0x66,0x01,0x66,0x01,0x86,0x01,0xA7,0x01,0xC8,0x01,0xC8,0x09,0xC8,0x09,0xC8,0x09,0xC8,0x09,0xC8,0x09,
	0xC8,0x09,0xE9,0x09,0x0A,0x0A,0x4B,0x0A,0x6B,0x0A,0x6B,0x0A,0x6B,0x0A,0x6B,0x0A,0x6B,0x0A,0x4B,0x0A,
	0x4B,0x0A,0x4B,0x0A,0x4B,0x0A,0x4B,0x0A,0x2B,0x12,0x6B,0x12,0x8C,0x12,0xAD,0x1A,0xAD,0x1A,0xAD,0x1A,
	0xAD,0x1A,0xAD,0x1A,0x8D,0x1A,0x6D,0x1A,0xAE,0x1A,0xCE,0x1A,0xEF,0x1A,0xEF,0x1A,0xEF,0x1A,0x10,0x1B,
	0xF0,0x22,0xF0,0x22,0x73,0x2B,0x16,0x3C,0x57,0x3C,0x77,0x3C,0x57,0x3C,0x57,0x3C,0x57,0x3C,0x57,0x3C,
	0x37,0x3C,0x37,0x3C,0x17,0x3C,0x17,0x44,0x17,0x44,0x17,0x44,0x17,0x44,0x17,0x44,0xF7,0x43,0xD7,0x43,
	0xD7,0x4B,0x38,0x54,0x7A,0x5C,0x7A,0x5C,0x7A,0x5C,0x7A,0x5C,0x7A,0x5C,0x5A,0x5C,0x5A,0x64,0x5A,0x64,
	0x5A,0x64,0x3A,0x64,0x3A,0x64,0x1A,0x6C,0x1A,0x6C,0x1A,0x6C,0xFA,0x6B,0xFA,0x6B,0xFB,0x73,0xFB,0x73,
	0xDB,0x73,0xDB,0x73,0xBB,0x73,0xBB,0x7B,0xBB,0x7B,0xBB,0x7B,0x9A,0x73,0x38,0x6B,0xD5,0x7B,0xB2,0x94,
	0x34,0xA5,0xD5,0x9C,0x35,0x73,0xD7,0x72,0x5C,0x93,0x3C,0x93,0x1B,0x8B,0x3B,0x8B,0x3B,0x8B,0x1B,0x93,
	0x1B,0x93,0x1B,0x93,0xFB,0x92,0xFB,0x92,0xFB,0x92,0xBA,0x8A,0x78,0x82,0x78,0x82,0x78,0x82,0x78,0x82,
	0x78,0x82,0x58,0x8A,0x58,0x8A,0x58,0x8A,0x38,0x8A,0x38,0x8A,0x38,0x8A,0x38,0x8A,0x18,0x92,0x18,0x92,
	0x18,0x92,0x18,0x92,0x18,0x92,0x19,0x9A,0xB5,0x81,0x52,0x69,0x31,0x61,0x31,0x61,0x30,0x59,0x30,0x59,
	0x30,0x59,0x30,0x59,0x0F,0x59,0xEE,0x50,0xEE,0x50,0xEE,0x50,0xEE,0x50,0xEE,0x50,0xEE,0x58,0xEE,0x58,
	0xCE,0x50,0xCC,0x50,0xAB,0x48,0xAC,0x48,0xAC,0x48,0xAC,0x48,0xAC,0x48,0xAC,0x48,0x8C,0x50,0x8C,0x50,
	0x8C,0x50,0x8C,0x50,0x8C,0x50,0x8C,0x50,0x8C,0x50,0x6A,0x40,0x69,0x38,0x69,0x38,0x69,0x38,0x69,0x38,
	0x69,0x38,0x69,0x38,0x69,0x38,0x68,0x30,0x67,0x28,0x66,0x20,0x66,0x20,0x66,0x20,0x45,0x20,0x24,0x18,
	0x03,0x10,0x03,0x10,0x03,0x18,0x03,0x18,0x03,0x18,0x03,0x18,0x03,0x18,0x03,0x18,0x03,0x18,0x03,0x18,
	0x03,0x18,0x03,0x18,0x03,0x18,0x03,0x18,0x03,0x18,0x03,0x18,0x02,0x08,0x01,0x00,0x00,0x00,0x00,0x00,
	0x00,0x00,0x00,0x00,0x00,0x00,0x00,0x00,0x00,0x00,0x00,0x00,0x00,0x00,0x00,0x00,0x00,0x00,0x00,0x00,
	0x00,0x00,0x00,0x00,0x43,0x10,0x4D,0x49,0x35,0x7A,0xBC,0x9A,0x9B,0x9A,0x7A,0x92,0x5A,0x92,0x9B,0x9A,
	0xBC,0xA2,0x36,0x82,0x4E,0x49,0x63,0x10,0x00,0x00,0x00,0x00,0x00,0x00,0x00,0x00,0x00,0x00,0x00,0x00,
	0x00,0x00,0x00,0x00,0x00,0x00,0x00,0x00,0x00,0x00,0x00,0x00,0xA8,0x28,0x38,0x8A,0xBD,0xAA,0xBC,0xA2,
	0xF4,0x71,0x6F,0x51,0x4F,0x51,0xD3,0x69,0x9A,0x92,0xFD,0xA2,0x79,0x8A,0xA7,0x20,0x00,0x00,0x00,0x00,
	0x00,0x00,0x00,0x00,0x00,0x00,0x00,0x00,0x00,0x00,0x00,0x00,0x00,0x00,0x00,0x00,0x00,0x00,0x00,0x00,
	0x00,0x00,0x00,0x00,0x00,0x00,0x20,0x00,0xA2,0x00,0xC3,0x00,0xC3,0x00,0xC3,0x00,0xC3,0x00,0xC3,0x00,
	0xC3,0x00,0xC3,0x00,0xC3,0x00,0xC3,0x00,0xC3,0x00,0xC3,0x00,0xC3,0x00,0xC3,0x00,0xC3,0x00,0xA2,0x00,
	0xA2,0x00,0x24,0x01,0x85,0x01,0x66,0x01,0x66,0x01,0x86,0x01,0xA7,0x09,0xC8,0x09,0xC8,0x09,0xC8,0x09,
	0xC8,0x09,0xC8,0x09,0xC8,0x09,0xC8,0x09,0xE9,0x09,0x2A,0x0A,0x4B,0x0A,0x6B,0x0A,0x6B,0x0A,0x6B,0x0A,
	0x6B,0x0A,0x6B,0x0A,0x4B,0x0A,0x4B,0x0A,0x4B,0x0A,0x4B,0x0A,0x4B,0x0A,0x2B,0x0A,0x6B,0x0A,0x8C,0x12,
	0xAD,0x1A,0xAD,0x1A,0xAD,0x1A,0xAD,0x1A,0xAD,0x1A,0x8D,0x1A,0x6D,0x1A,0xAE,0x1A,0xCE,0x1A,0xEF,0x1A,
	0xEF,0x1A,0xEF,0x1A,0x11,0x23,0x31,0x23,0x11,0x23,0xB4,0x2B,0x57,0x3C,0x77,0x3C,0x57,0x3C,0x57,0x3C,
	0x57,0x3C,0x57,0x3C,0x57,0x3C,0x37,0x3C,0x37,0x3C,0x37,0x3C,0x17,0x44,0x17,0x44,0x17,0x44,0xF7,0x43,
	0xF7,0x43,0xF7,0x43,0xD7,0x43,0xD7,0x4B,0x39,0x54,0x7A,0x5C,0x7A,0x5C,0x7A,0x5C,0x7A,0x5C,0x7A,0x5C,
	0x5A,0x5C,0x5A,0x64,0x5A,0x64,0x5A,0x64,0x5A,0x64,0x3A,0x64,0x3A,0x6C,0x1A,0x6C,0xFA,0x6B,0xFA,0x6B,
	0xFA,0x6B,0xFB,0x73,0xFB,0x73,0xB8,0x6B,0xF8,0x73,0x7B,0x94,0xBB,0x94,0x7B,0x94,0xD8,0x7B,0x78,0x73,
	0x9B,0x7B,0x16,0x6B,0x8F,0x5A,0xAE,0x5A,0xF2,0x6A,0x39,0x83,0x5C,0x8B,0x5B,0x8B,0x3B,0x8B,0x3B,0x8B,
	0x3B,0x8B,0x3B,0x8B,0x1B,0x93,0x1B,0x93,0x1B,0x93,0x1B,0x93,0x1B,0x93,0xDB,0x92,0xBA,0x8A,0x99,0x82,
	0x78,0x82,0x78,0x82,0x78,0x82,0x78,0x82,0x58,0x8A,0x58,0x8A,0x58,0x8A,0x38,0x8A,0x38,0x8A,0x38,0x8A,
	0x38,0x8A,0x18,0x92,0x18,0x92,0x18,0x92,0x18,0x92,0x19,0x9A,0x19,0x9A,0xD6,0x81,0x93,0x69,0x51,0x61,
	0x31,0x61,0x30,0x61,0x30,0x61,0x30,0x59,0x0F,0x59,0x0F,0x59,0xEE,0x50,0xEE,0x50,0xEE,0x50,0xEE,0x58,
	0xEE,0x58,0xEE,0x58,0xEE,0x58,0xEE,0x58,0xCD,0x50,0xAC,0x48,0xAC,0x48,0xAC,0x48,0xAC,0x48,0xAC,0x48,
	0xAC,0x48,0x8C,0x50,0x8C,0x50,0x8C,0x50,0x8C,0x50,0x8C,0x50,0x8C,0x50,0x8C,0x50,0x6A,0x40,0x69,0x38,
	0x69,0x38,0x69,0x38,0x69,0x38,0x69,0x38,0x69,0x38,0x69,0x38,0x69,0x38,0x68,0x30,0x67,0x28,0x66,0x20,
	0x66,0x20,0x45,0x20,0x03,0x18,0x03,0x10,0x03,0x10,0x03,0x18,0x03,0x18,0x03,0x18,0x03,0x18,0x03,0x18,
	0x03,0x18,0x03,0x18,0x03,0x18,0x03,0x18,0x03,0x18,0x03,0x18,0x03,0x18,0x03,0x18,0x03,0x18,0x02,0x08,
	0x01,0x00,0x00,0x00,0x00,0x00,0x00,0x00,0x00,0x00,0x00,0x00,0x00,0x00,0x00,0x00,0x00,0x00,0x00,0x00,
	0x00,0x00,0x00,0x00,0x00,0x00,0x00,0x00,0x00,0x00,0xC8,0x28,0x99,0x8A,0xFD,0xA2,0x9A,0x92,0xD4,0x71,
	0x30,0x59,0x2F,0x51,0xD4,0x71,0xBC,0xA2,0x1E,0xAB,0x9A,0x92,0xC7,0x28,0x00,0x00,0x00,0x00,0x00,0x00,
	0x00,0x00,0x00,0x00,0x00,0x00,0x00,0x00,0x00,0x00,0x00,0x00,0x00,0x00,0x00,0x00,0x43,0x10,0x2D,0x51,
	0xBD,0xAA,0x9B,0x9A,0xB2,0x61,0xE9,0x30,0x85,0x20,0x65,0x18,0xC9,0x30,0x70,0x59,0x9A,0x92,0xBC,0x9A,
	0x4E,0x49,0x85,0x18,0x00,0x00,0x00,0x00,0x00,0x00,0x00,0x00,0x00,0x00,0x00,0x00,0x00,0x00,0x00,0x00,
	0x00,0x00,0x00,0x00,0x00,0x00,0x00,0x00,0x00,0x00,0x00,0x00,0x40,0x00,0xA2,0x00,0xC3,0x00,0xC3,0x00,
	0xC3,0x00,0xC3,0x00,0xC3,0x00,0xC3,0x00,0xC3,0x00,0xC3,0x00,0xC3,0x00,0xC3,0x00,0xC3,0x00,0xC3,0x00,
	0xC3,0x00,0xC3,0x00,0xA2,0x00,0xA2,0x00,0x04,0x01,0x45,0x01,0x66,0x01,0x66,0x01,0x87,0x01,0xA8,0x09,
	0xC8,0x09,0xC8,0x09,0xC8,0x09,0xC8,0x09,0xC8,0x09,0xC8,0x09,0xC8,0x09,0xE9,0x09,0x4A,0x0A,0x6B,0x0A,
	0x6B,0x0A,0x6B,0x0A,0x6B,0x0A,0x6B,0x0A,0x6B,0x0A,0x4B,0x0A,0x4B,0x0A,0x4B,0x0A,0x4B,0x0A,0x4B,0x0A,
	0x2B,0x0A,0x6C,0x12,0xAD,0x1A,0xAD,0x1A,0xAD,0x1A,0xAD,0x1A,0xAD,0x1A,0xAD,0x1A,0x8D,0x1A,0x8D,0x1A,
	0xAE,0x1A,0xCE,0x1A,0xEF,0x1A,0xEF,0x1A,0x10,0x1B,0x10,0x23,0x10,0x23,0x10,0x23,0xB3,0x2B,0x57,0x3C,
	0x77,0x3C,0x57,0x3C,0x57,0x3C,0x57,0x3C,0x57,0x3C,0x57,0x3C,0x37,0x3C,0x37,0x44,0x17,0x44,0x17,0x44,
	0x17,0x44,0x17,0x44,0xF7,0x43,0xF7,0x43,0xF7,0x4B,0xF7,0x4B,0xF7,0x4B,0x59,0x54,0x7A,0x5C,0x7A,0x5C,
	0x7A,0x5C,0x7A,0x5C,0x7A,0x5C,0x5A,0x5C,0x5A,0x64,0x5A,0x64,0x5A,0x64,0x3A,0x64,0x3A,0x64,0x1A,0x6C,
	0x1A,0x6C,0x1A,0x6C,0xFA,0x6B,0xFA,0x6B,0xD8,0x6B,0xF6,0x73,0xF7,0x9C,0xDA,0xB5,0x7C,0xCE,0xBD,0xD6,
	0x7C,0xCE,0xDA,0xB5,0xF8,0x9C,0xD7,0x7B,0x36,0x6B,0xF6,0x6A,0xF5,0x6A,0x17,0x73,0x5C,0x8B,0x5D,0x93,
	0x3B,0x8B,0xFB,0x82,0xDB,0x82,0xDB,0x82,0xBB,0x82,0xBB,0x8A,0xBB,0x8A,0xBB,0x8A,0xBB,0x8A,0x9B,0x8A,
	0x9B,0x8A,0x7A,0x8A,0x59,0x82,0x38,0x7A,0x17,0x7A,0x17,0x7A,0x17,0x7A,0xF7,0x81,0xF7,0x81,0xF7,0x81,
	0xD7,0x81,0xD7,0x81,0xD7,0x81,0xB7,0x81,0xB7,0x89,0xB7,0x89,0xB7,0x89,0xB7,0x89,0xB8,0x91,0xB9,0x91,
	0x76,0x79,0x12,0x61,0xD1,0x58,0xB0,0x58,0xB0,0x58,0xAF,0x50,0xAF,0x48,0x8E,0x48,0x8D,0x48,0x6D,0x48,
	0x6D,0x40,0x6D,0x48,0x6D,0x48,0x6D,0x48,0x6D,0x48,0x6D,0x50,0x6D,0x50,0x4C,0x48,0x2A,0x38,0x2A,0x38,
	0x2A,0x38,0x2B,0x38,0x2B,0x38,0x2B,0x38,0x0B,0x40,0x0B,0x48,0x0B,0x48,0x0B,0x48,0x0B,0x48,0x0B,0x48,
	0x0A,0x40,0x08,0x30,0x07,0x28,0x07,0x28,0x07,0x28,0x07,0x28,0x07,0x28,0x07,0x28,0x08,0x28,0x08,0x28,
	0x07,0x28,0x05,0x18,0x04,0x10,0x04,0x10,0x03,0x10,0x01,0x00,0x01,0x00,0x01,0x08,0x01,0x08,0x01,0x08,
	0x01,0x08,0x01,0x08,0x01,0x08,0x02,0x10,0x03,0x18,0x03,0x18,0x03,0x18,0x03,0x18,0x03,0x18,0x03,0x18,
	0x03,0x18,0x03,0x18,0x02,0x10,0x01,0x08,0x00,0x00,0x00,0x00,0x00,0x00,0x00,0x00,0x00,0x00,0x00,0x00,
	0x00,0x00,0x00,0x00,0x00,0x00,0x00,0x00,0x00,0x00,0x00,0x00,0x00,0x00,0x87,0x20,0x91,0x61,0x1E,0xAB,
	0xBB,0x9A,0x90,0x59,0xC9,0x30,0x65,0x20,0x65,0x20,0xEA,0x38,0xF5,0x79,0xDD,0xAA,0xFE,0xAA,0x2C,0x49,
	0x42,0x10,0x00,0x00,0x00,0x00,0x00,0x00,0x00,0x00,0x00,0x00,0x00,0x00,0x00,0x00,0x00,0x00,0x00,0x00,
	0x01,0x00,0xA7,0x28,0xB2,0x69,0x1F,0xB3,0x37,0x82,0xC9,0x28,0x22,0x08,0x00,0x00,0x00,0x00,0x01,0x00,
	0x87,0x20,0x15,0x7A,0xDD,0xA2,0xF4,0x71,0x0A,0x39,0x01,0x00,0x00,0x00,0x00,0x00,0x00,0x00,0x00,0x00,
	0x00,0x00,0x00,0x00,0x00,0x00,0x00,0x00,0x00,0x00,0x00,0x00,0x00,0x00,0x00,0x00,0x20,0x00,0x40,0x00,
	0xA2,0x00,0xC3,0x00,0xC3,0x00,0xC3,0x00,0xC3,0x00,0xC3,0x00,0xC3,0x00,0xC3,0x00,0xC3,0x00,0xC3,0x00,
	0xC3,0x00,0xC3,0x00,0xC3,0x00,0xC3,0x00,0xC3,0x00,0xA2,0x00,0xA2,0x00,0xE3,0x00,0x24,0x01,0x66,0x01,
	0x87,0x01,0x87,0x01,0xA8,0x09,0xC8,0x09,0xC8,0x09,0xC8,0x09,0xC8,0x09,0xC8,0x09,0xC8,0x09,0xC8,0x09,
	0xE9,0x09,0x4A,0x0A,0x6B,0x0A,0x6B,0x0A,0x6B,0x0A,0x6B,0x0A,0x6B,0x0A,0x6B,0x0A,0x4B,0x0A,0x4B,0x0A,
	0x4B,0x0A,0x4B,0x0A,0x4B,0x0A,0x2B,0x0A,0x6C,0x12,0xAD,0x1A,0xAD,0x1A,0xAD,0x1A,0xAD,0x1A,0xAD,0x1A,
	0xAD,0x1A,0x8D,0x1A,0x8D,0x1A,0xAE,0x1A,0xCE,0x1A,0xEF,0x1A,0xF0,0x1A,0x10,0x1B,0x10,0x23,0x10,0x23,
	0x10,0x23,0xB3,0x2B,0x57,0x3C,0x77,0x3C,0x57,0x3C,0x57,0x3C,0x57,0x3C,0x57,0x3C,0x57,0x3C,0x37,0x3C,
	0x17,0x44,0x17,0x44,0x17,0x44,0x17,0x44,0x17,0x44,0xF7,0x43,0xF7,0x43,0xF7,0x4B,0xF7,0x4B,0x17,0x4C,
	0x59,0x54,0x7A,0x5C,0x7A,0x5C,0x7A,0x5C,0x7A,0x5C,0x7A,0x5C,0x5A,0x5C,0x5A,0x64,0x5A,0x64,0x5A,0x64,
	0x3A,0x64,0x1A,0x64,0x1A,0x6C,0x1A,0x6C,0x1A,0x6C,0xFA,0x6B,0xFA,0x6B,0xF6,0x73,0xB5,0x94,0x79,0xCE,
	0x7C,0xEF,0xDE,0xF7,0xDF,0xFF,0xDE,0xF7,0x7C,0xEF,0x59,0xCE,0x95,0x8C,0xD7,0x7B,0x9B,0x83,0x7C,0x83,
	0x7B,0x83,0x39,0x83,0x39,0x83,0x9A,0x93,0xBB,0x93,0xBB,0x93,0x9B,0x93,0x9B,0x9B,0x9B,0x9B,0x9B,0xA3,
	0x9B,0x9B,0x7B,0x9B,0x5B,0x9B,0x7C,0xA3,0x7B,0x9B,0x5B,0x9B,0x1A,0x93,0x19,0x93,0x19,0x93,0x19,0x93,
	0xF9,0x9A,0xF9,0x9A,0xF9,0x9A,0xD9,0x9A,0xD9,0x9A,0xD9,0x9A,0xD9,0x9A,0xB9,0x9A,0xB9,0x9A,0xB9,0x9A,
	0xB9,0x9A,0xB9,0xA2,0xBA,0xA2,0x98,0x92,0x35,0x82,0x13,0x72,0xF2,0x71,0xF3,0x71,0xF2,0x71,0xF2,0x69,
	0xD1,0x69,0xD1,0x69,0xB0,0x61,0xB0,0x61,0xB0,0x61,0xB0,0x61,0xB0,0x61,0xB0,0x69,0xB0,0x69,0xB0,0x69,
	0x8F,0x61,0x6D,0x59,0x6D,0x59,0x6D,0x59,0x6E,0x59,0x6E,0x59,0x6E,0x59,0x6E,0x61,0x4E,0x61,0x4E,0x61,
	0x4E,0x61,0x4E,0x61,0x4E,0x69,0x4E,0x61,0x4C,0x51,0x4B,0x49,0x4B,0x49,0x4B,0x49,0x4B,0x51,0x4B,0x51,
	0x4B,0x51,0x4B,0x51,0x4C,0x51,0x4B,0x51,0x4A,0x41,0x49,0x39,0x48,0x39,0x27,0x31,0xE6,0x28,0xE6,0x28,
	0xE6,0x30,0xE6,0x30,0xE6,0x30,0xE6,0x30,0xE6,0x30,0xC6,0x30,0x64,0x20,0x23,0x18,0x03,0x18,0x03,0x18,
	0x03,0x18,0x03,0x18,0x03,0x18,0x03,0x18,0x03,0x18,0x02,0x10,0x01,0x08,0x00,0x00,0x00,0x00,0x00,0x00,
	0x00,0x00,0x00,0x00,0x00,0x00,0x00,0x00,0x00,0x00,0x00,0x00,0x00,0x00,0x00,0x00,0x00,0x00,0x01,0x00,
	0xCA,0x30,0xB3,0x69,0xBA,0x9A,0xF3,0x71,0x86,0x20,0x01,0x00,0x00,0x00,0x00,0x00,0x64,0x18,0x70,0x59,
	0x9B,0x9A,0xFE,0xAA,0x6E,0x51,0x43,0x10,0x00,0x00,0x00,0x00,0x00,0x00,0x00,0x00,0x00,0x00,0x00,0x00,
	0x00,0x00,0x00,0x00,0x00,0x00,0x21,0x08,0xC9,0x30,0xD4,0x71,0xFE,0xAA,0x15,0x72,0x86,0x20,0x21,0x08,
	0x00,0x00,0x00,0x00,0x00,0x00,0x64,0x18,0xF3,0x71,0xDD,0xA2,0x57,0x82,0x4D,0x49,0x21,0x08,0x00,0x00,
	0x00,0x00,0x00,0x00,0x00,0x00,0x00,0x00,0x00,0x00,0x00,0x00,0x00,0x00,0x00,0x00,0x00,0x00,0x00,0x00,
	0x00,0x00,0x20,0x00,0x41,0x00,0xA3,0x00,0xC3,0x00,0xC3,0x00,0xC3,0x00,0xC3,0x00,0xC3,0x00,0xC3,0x00,
	0xC3,0x00,0xC3,0x00,0xC3,0x00,0xC3,0x00,0xC3,0x00,0xC3,0x00,0xC3,0x00,0xC3,0x00,0xA3,0x00,0xA3,0x00,
	0xA3,0x00,0xE4,0x00,0x46,0x01,0xA7,0x01,0xC8,0x09,0xC8,0x09,0xC8,0x09,0xC8,0x09,0xC8,0x09,0xC8,0x09,
	0xC8,0x09,0xC8,0x09,0xC8,0x09,0xE9,0x09,0x4A,0x0A,0x6B,0x0A,0x6B,0x0A,0x6B,0x0A,0x6B,0x0A,0x6B,0x0A,
	0x6B,0x0A,0x4B,0x0A,0x4B,0x0A,0x4B,0x0A,0x4B,0x0A,0x2B,0x0A,0x4B,0x0A,0x8C,0x12,0xAD,0x1A,0xAD,0x1A,
	0xAD,0x1A,0xAD,0x1A,0xAD,0x1A,0xAD,0x1A,0x8D,0x1A,0x8D,0x1A,0x8D,0x1A,0xAE,0x1A,0xEF,0x1A,0x10,0x1B,
	0x10,0x1B,0x10,0x23,0x10,0x23,0x31,0x23,0xD4,0x2B,0x77,0x3C,0x77,0x3C,0x77,0x3C,0x57,0x3C,0x57,0x3C,
	0x57,0x3C,0x57,0x3C,0x37,0x3C,0x37,0x3C,0x37,0x3C,0x17,0x44,0x17,0x44,0x17,0x44,0xF7,0x43,0xF7,0x43,
	0xF7,0x43,0x17,0x44,0x38,0x4C,0x59,0x54,0x7A,0x5C,0x7A,0x5C,0x7A,0x5C,0x7A,0x5C,0x7A,0x5C,0x5A,0x5C,
	0x5A,0x64,0x5A,0x64,0x5A,0x64,0x5A,0x64,0x3A,0x64,0x3A,0x6C,0x1A,0x6C,0xFA,0x6B,0xD9,0x63,0xB7,0x63,
	0x17,0x95,0x79,0xCE,0x7D,0xEF,0x9E,0xF7,0x1E,0xE7,0xFE,0xE6,0x1E,0xE7,0x9E,0xF7,0x7D,0xEF,0x79,0xCE,
	0xD7,0x9C,0x78,0x7B,0x7B,0x83,0x3A,0x7B,0x0F,0x4A,0xCF,0x62,0x17,0xAD,0x5B,0xCE,0xFE,0xDE,0xFE,0xE6,
	0xFE,0xE6,0xFE,0xE6,0xFE,0xE6,0xFE,0xE6,0xDE,0xE6,0xDE,0xE6,0xFE,0xE6,0xDE,0xE6,0xDE,0xE6,0xDE,0xE6,
	0xDD,0xE6,0xDE,0xE6,0xDE,0xE6,0xBE,0xE6,0xBE,0xE6,0xBE,0xE6,0xBE,0xE6,0xBE,0xE6,0xBE,0xE6,0xBE,0xE6,
	0xBE,0xE6,0xBE,0xE6,0xBE,0xE6,0xBD,0xE6,0xBE,0xE6,0xBE,0xE6,0xBD,0xE6,0x9D,0xDE,0x9C,0xDE,0x7C,0xDE,
	0x9C,0xDE,0x9C,0xDE,0x9C,0xDE,0x7C,0xDE,0x7C,0xDE,0x7B,0xDE,0x7B,0xDE,0x7B,0xDE,0x7B,0xDE,0x7B,0xDE,
	0x7B,0xDE,0x7B,0xDE,0x7B,0xDE,0x7B,0xDE,0x7B,0xD6,0x7B,0xD6,0x7B,0xD6,0x7B,0xD6,0x7B,0xD6,0x7B,0xD6,
	0x7B,0xDE,0x5B,0xDE,0x5B,0xDE,0x5B,0xDE,0x5B,0xDE,0x5B,0xDE,0x5B,0xDE,0x5B,0xD6,0x5A,0xD6,0x5A,0xD6,
	0x5A,0xD6,0x5A,0xD6,0x5A,0xD6,0x5A,0xD6,0x5A,0xD6,0x5A,0xD6,0x5A,0xD6,0x5A,0xD6,0x5A,0xCE,0x5A,0xCE,
	0x59,0xCE,0x59,0xCE,0x59,0xCE,0x59,0xCE,0x59,0xCE,0x59,0xCE,0x59,0xCE,0x18,0xC6,0x56,0xB5,0xEC,0x62,
	0xE5,0x28,0x23,0x18,0x03,0x18,0x03,0x18,0x03,0x18,0x03,0x18,0x03,0x18,0x03,0x18,0x02,0x10,0x01,0x08,
	0x00,0x00,0x00,0x00,0x00,0x00,0x00,0x00,0x00,0x00,0x00,0x00,0x00,0x00,0x00,0x00,0x00,0x00,0x00,0x00,
	0x00,0x00,0x00,0x00,0x00,0x00,0x42,0x10,0x65,0x18,0xA6,0x20,0x64,0x18,0x21,0x08,0x00,0x00,0x00,0x00,
	0x00,0x00,0x87,0x20,0xB2,0x61,0xBB,0x9A,0xDC,0xA2,0xE9,0x38,0x01,0x08,0x00,0x00,0x00,0x00,0x00,0x00,
	0x00,0x00,0x00,0x00,0x00,0x00,0x00,0x00,0x00,0x00,0x00,0x00,0x01,0x08,0x87,0x28,0xB2,0x61,0xFE,0xAA,
	0x57,0x82,0x0A,0x39,0x22,0x08,0x00,0x00,0x00,0x00,0x21,0x08,0xC8,0x28,0x35,0x7A,0xFD,0xAA,0x99,0x8A,
	0x6F,0x51,0x21,0x08,0x00,0x00,0x00,0x00,0x00,0x00,0x00,0x00,0x00,0x00,0x00,0x00,0x00,0x00,0x00,0x00,
	0x00,0x00,0x00,0x00,0x00,0x00,0x00,0x00,0x20,0x00,0x61,0x00,0xA3,0x00,0xC3,0x00,0xC3,0x00,0xC3,0x00,
	0xC3,0x00,0xC3,0x00,0xC3,0x00,0xC3,0x00,0xC3,0x00,0xC3,0x00,0xC3,0x00,0xC3,0x00,0xC3,0x00,0xC3,0x00,
	0xC3,0x00,0xC3,0x00,0xA3,0x00,0xA2,0x00,0xE3,0x00,0x66,0x01,0xA7,0x01,0xC8,0x09,0xC8,0x09,0xC8,0x09,
	0xC8,0x09,0xC8,0x09,0xC8,0x09,0xC8,0x09,0xC8,0x09,0xC8,0x09,0xE9,0x09,0x4A,0x0A,0x6B,0x0A,0x6B,0x0A,
	0x6B,0x0A,0x6B,0x0A,0x6B,0x0A,0x6B,0x0A,0x4B,0x0A,0x4B,0x0A,0x4B,0x0A,0x2B,0x0A,0x2B,0x0A,0x4B,0x0A,
	0x8C,0x12,0xAD,0x1A,0xAD,0x1A,0xAD,0x1A,0xAD,0x1A,0xAD,0x1A,0xAD,0x1A,0x8D,0x1A,0x8D,0x1A,0x6D,0x1A,
	0xAE,0x1A,0xEF,0x1A,0x10,0x1B,0x10,0x1B,0x10,0x23,0x10,0x23,0x52,0x23,0xF5,0x2B,0x77,0x3C,0x97,0x3C,
	0x77,0x3C,0x57,0x3C,0x57,0x3C,0x57,0x3C,0x57,0x3C,0x37,0x3C,0x37,0x3C,0x37,0x44,0x17,0x44,0x17,0x44,
	0x17,0x44,0xF7,0x43,0xF7,0x43,0xF7,0x43,0x17,0x44,0x38,0x4C,0x59,0x54,0x7A,0x5C,0x7A,0x5C,0x7A,0x5C,
	0x7A,0x5C,0x7A,0x5C,0x5A,0x5C,0x5A,0x64,0x5A,0x64,0x5A,0x64,0x5A,0x64,0x3A,0x64,0x3A,0x6C,0x1A,0x6C,
	0xFA,0x6B,0xD9,0x63,0x17,0x6C,0xF9,0xB5,0x7C,0xEF,0x9F,0xF7,0xFF,0xE6,0xFE,0xCD,0x9E,0xC5,0xFE,0xCD,
	0xFF,0xE6,0x9F,0xF7,0x7C,0xEF,0xDA,0xBD,0xB8,0x83,0x5A,0x7B,0x38,0x73,0xAE,0x5A,0x0F,0x84,0x98,0xCE,
	0xBD,0xEF,0xFF,0xFF,0xFF,0xFF,0xFF,0xFF,0xFF,0xFF,0xFF,0xFF,0xFF,0xFF,0xFF,0xFF,0xFF,0xFF,0xFF,0xFF,
	0xFF,0xFF,0xFF,0xFF,0xFF,0xFF,0xFF,0xFF,0xFF,0xFF,0xFF,0xFF,0xFF,0xFF,0xFF,0xFF,0xFF,0xFF,0xFF,0xFF,
	0xFF,0xFF,0xFF,0xFF,0xFF,0xFF,0xFF,0xFF,0xFF,0xFF,0xFF,0xFF,0xFF,0xFF,0xFF,0xFF,0xFF,0xFF,0xFF,0xFF,
	0xFF,0xFF,0xFF,0xFF,0xFF,0xFF,0xFF,0xFF,0xFF,0xFF,0xFF,0xFF,0xFF,0xFF,0xFF,0xFF,0xFF,0xFF,0xFF,0xFF,
	0xFF,0xFF,0xFF,0xFF,0xFF,0xFF,0xFF,0xFF,0xFF,0xFF,0xFF,0xFF,0xFF,0xFF,0xFF,0xFF,0xFF,0xFF,0xFF,0xFF,
	0xFF,0xFF,0xFF,0xFF,0xFF,0xFF,0xFF,0xFF,0xFF,0xFF,0xFF,0xFF,0xFF,0xFF,0xFF,0xFF,0xFF,0xFF,0xFF,0xFF,
	0xFF,0xFF,0xFF,0xFF,0xFF,0xFF,0xFF,0xFF,0xFF,0xFF,0xFF,0xFF,0xFF,0xFF,0xFF,0xFF,0xFF,0xFF,0xFF,0xFF,
	0xFF,0xFF,0xFF,0xFF,0xFF,0xFF,0xFF,0xFF,0xFF,0xFF,0xFF,0xFF,0xFF,0xFF,0xFF,0xFF,0xFF,0xFF,0xFF,0xFF,
	0xFF,0xFF,0xBE,0xF7,0x55,0xAD,0xCC,0x62,0xA5,0x28,0x02,0x10,0x03,0x18,0x03,0x18,0x03,0x18,0x03,0x18,
	0x03,0x18,0x02,0x10,0x01,0x08,0x00,0x00,0x00,0x00,0x00,0x00,0x00,0x00,0x00,0x00,0x00,0x00,0x00,0x00,
	0x00,0x00,0x00,0x00,0x00,0x00,0x00,0x00,0x00,0x00,0x00,0x00,0x00,0x00,0x00,0x00,0x00,0x00,0x00,0x00,
	0x00,0x00,0x85,0x18,0xE9,0x30,0xEA,0x30,0x6F,0x51,0x37,0x82,0x58,0x8A,0xF3,0x69,0x85,0x20,0x00,0x00,
	0x00,0x00,0x00,0x00,0x00,0x00,0x00,0x00,0x00,0x00,0x00,0x00,0x00,0x00,0x00,0x00,0x00,0x00,0x00,0x00,
	0x02,0x08,0x2D,0x49,0xFE,0xAA,0xDD,0xAA,0xD3,0x69,0x85,0x20,0x00,0x00,0x00,0x00,0x65,0x18,0x70,0x51,
	0x9A,0x92,0xFE,0xAA,0xBA,0x92,0x8F,0x59,0x21,0x08,0x00,0x00,0x00,0x00,0x00,0x00,0x00,0x00,0x00,0x00,
	0x00,0x00,0x00,0x00,0x00,0x00,0x00,0x00,0x00,0x00,0x00,0x00,0x00,0x00,0x20,0x00,0x61,0x00,0xA3,0x00,
	0xC3,0x00,0xC3,0x00,0xC3,0x00,0xC3,0x00,0xC3,0x00,0xC3,0x00,0xC3,0x00,0xC3,0x00,0xC3,0x00,0xC3,0x00,
	0xC3,0x00,0xC3,0x00,0xC3,0x00,0xC3,0x00,0xC3,0x00,0xC3,0x00,0xA2,0x00,0xC3,0x00,0x66,0x01,0xA8,0x01,
	0xC8,0x09,0xC8,0x09,0xC8,0x09,0xC8,0x09,0xC8,0x09,0xC8,0x09,0xC8,0x09,0xC8,0x09,0xC8,0x09,0xE9,0x09,
	0x4A,0x0A,0x6B,0x0A,0x6B,0x0A,0x6B,0x0A,0x6B,0x0A,0x6B,0x0A,0x6B,0x0A,0x4B,0x0A,0x4B,0x0A,0x4B,0x0A,
	0x2B,0x0A,0x2B,0x0A,0x4B,0x0A,0x8C,0x12,0xAD,0x1A,0xAD,0x1A,0xAD,0x1A,0xAD,0x1A,0xAD,0x1A,0xAD,0x1A,
	0x8D,0x1A,0x6D,0x1A,0x6D,0x1A,0x8E,0x1A,0xEF,0x1A,0x10,0x23,0x31,0x23,0x10,0x1B,0x10,0x1B,0x32,0x23,
	0xD4,0x2B,0x77,0x3C,0x97,0x3C,0x77,0x3C,0x57,0x3C,0x57,0x3C,0x57,0x3C,0x57,0x3C,0x37,0x3C,0x17,0x44,
	0x17,0x44,0x17,0x44,0x17,0x44,0x17,0x44,0xF7,0x43,0xF7,0x43,0xF7,0x43,0x17,0x44,0x38,0x4C,0x59,0x54,
	0x7A,0x5C,0x7A,0x5C,0x7A,0x5C,0x7A,0x5C,0x7A,0x5C,0x5A,0x5C,0x5A,0x64,0x5A,0x64,0x5A,0x64,0x5A,0x64,
	0x3A,0x64,0x3A,0x6C,0x1A,0x6C,0xFA,0x6B,0x1A,0x6C,0xBA,0x84,0x9C,0xC6,0xBE,0xF7,0x1E,0xEF,0xFE,0xCD,
	0x9E,0xAC,0x3E,0xA4,0x9E,0xAC,0xFE,0xCD,0x1E,0xEF,0xBE,0xF7,0x7D,0xD6,0x5B,0x9C,0x38,0x73,0x36,0x73,
	0xD5,0x9C,0x58,0xCE,0xDE,0xF7,0xFF,0xFF,0xFF,0xFF,0xFF,0xFF,0xFF,0xFF,0xFF,0xFF,0xFF,0xFF,0xFF,0xFF,
	0xFF,0xFF,0xFF,0xFF,0xFF,0xFF,0xFF,0xFF,0xFF,0xFF,0xFF,0xFF,0xFF,0xFF,0xFF,0xFF,0xFF,0xFF,0xFF,0xFF,
	0xFF,0xFF,0xFF,0xFF,0xFF,0xFF,0xFF,0xFF,0xFF,0xFF,0xFF,0xFF,0xFF,0xFF,0xFF,0xFF,0xFF,0xFF,0xFF,0xFF,
	0xFF,0xFF,0xFF,0xFF,0xFF,0xFF,0xFF,0xFF,0xFF,0xFF,0xFF,0xFF,0xFF,0xFF,0xFF,0xFF,0xFF,0xFF,0xFF,0xFF,
	0xFF,0xFF,0xFF,0xFF,0xFF,0xFF,0xFF,0xFF,0xFF,0xFF,0xFF,0xFF,0xFF,0xFF,0xFF,0xFF,0xFF,0xFF,0xFF,0xFF,
	0xFF,0xFF,0xFF,0xFF,0xFF,0xFF,0xFF,0xFF,0xFF,0xFF,0xFF,0xFF,0xFF,0xFF,0xFF,0xFF,0xFF,0xFF,0xFF,0xFF,
	0xFF,0xFF,0xFF,0xFF,0xFF,0xFF,0xFF,0xFF,0xFF,0xFF,0xFF,0xFF,0xFF,0xFF,0xFF,0xFF,0xFF,0xFF,0xFF,0xFF,
	0xFF,0xFF,0xFF,0xFF,0xFF,0xFF,0xFF,0xFF,0xFF,0xFF,0xFF,0xFF,0xFF,0xFF,0xFF,0xFF,0xFF,0xFF,0xFF,0xFF,
	0xFF,0xFF,0xFF,0xFF,0xFF,0xFF,0xFF,0xFF,0xFF,0xFF,0x7D,0xEF,0x96,0xB5,0x27,0x39,0x01,0x08,0x03,0x18,
	0x03,0x18,0x03,0x18,0x03,0x18,0x03,0x18,0x02,0x10,0x01,0x08,0x00,0x00,0x00,0x00,0x00,0x00,0x00,0x00,
	0x00,0x00,0x00,0x00,0x00,0x00,0x00,0x00,0x00,0x00,0x00,0x00,0x00,0x00,0x00,0x00,0x00,0x00,0x00,0x00,
	0x00,0x00,0x00,0x00,0x00,0x00,0x00,0x00,0x6D,0x49,0x78,0x8A,0x7A,0x92,0xBC,0xA2,0xDC,0xA2,0xD2,0x69,
	0xA7,0x28,0x22,0x08,0x00,0x00,0x00,0x00,0x00,0x00,0x00,0x00,0x00,0x00,0x00,0x00,0x00,0x00,0x00,0x00,
	0x00,0x00,0x00,0x00,0x00,0x00,0x00,0x00,0xA8,0x28,0x57,0x82,0xDD,0xA2,0xBB,0x9A,0xF3,0x71,0x8F,0x51,
	0x6F,0x51,0xB2,0x61,0x58,0x82,0xBC,0xA2,0xDE,0xA2,0x9A,0x92,0x8F,0x59,0x21,0x08,0x00,0x00,0x00,0x00,
	0x00,0x00,0x00,0x00,0x00,0x00,0x00,0x00,0x00,0x00,0x00,0x00,0x00,0x00,0x00,0x00,0x00,0x00,0x00,0x00,
	0x20,0x00,0x81,0x00,0xA3,0x00,0xC3,0x00,0xC3,0x00,0xC3,0x00,0xC3,0x00,0xC3,0x00,0xC3,0x00,0xC3,0x00,
	0xC3,0x00,0xC3,0x00,0xC3,0x00,0xC3,0x00,0xC3,0x00,0xC3,0x00,0xC3,0x00,0xC3,0x00,0xA3,0x00,0x82,0x00,
	0xC3,0x00,0x87,0x01,0xA8,0x01,0xC8,0x09,0xC8,0x09,0xC8,0x09,0xC8,0x09,0xC8,0x09,0xC8,0x09,0xC8,0x09,
	0xC8,0x09,0xC8,0x09,0xE9,0x09,0x4A,0x0A,0x6B,0x0A,0x6B,0x0A,0x6B,0x0A,0x6B,0x0A,0x6B,0x0A,0x6B,0x0A,
	0x4B,0x0A,0x4B,0x0A,0x4B,0x0A,0x2B,0x0A,0x2B,0x0A,0x4B,0x0A,0x8C,0x12,0xAD,0x1A,0xAD,0x1A,0xAD,0x1A,
	0xAD,0x1A,0xAD,0x1A,0xAD,0x1A,0x8D,0x1A,0x6D,0x1A,0x6D,0x1A,0x8E,0x1A,0xEF,0x1A,0x10,0x23,0x31,0x23,
	0x10,0x23,0x10,0x23,0x32,0x23,0xD4,0x2B,0x77,0x3C,0x77,0x3C,0x77,0x3C,0x57,0x3C,0x57,0x3C,0x57,0x3C,
	0x37,0x3C,0x17,0x3C,0x37,0x3C,0x17,0x44,0x17,0x44,0x17,0x44,0x17,0x44,0xF7,0x43,0xD7,0x43,0xD6,0x43,
	0xF7,0x4B,0x59,0x4C,0x7A,0x54,0x7A,0x5C,0x7A,0x5C,0x7A,0x5C,0x7A,0x5C,0x7A,0x5C,0x5A,0x5C,0x5A,0x64,
	0x5A,0x64,0x5A,0x64,0x3A,0x64,0x3A,0x64,0x1A,0x6C,0x1A,0x6C,0xFA,0x6B,0x3A,0x74,0xDB,0x8C,0xDD,0xD6,
	0xDF,0xFF,0xFE,0xE6,0x9E,0xC5,0x3E,0xA4,0xDE,0x93,0x3E,0xA4,0x9E,0xC5,0xFE,0xE6,0xDF,0xFF,0xBE,0xDE,
	0x9B,0x9C,0x17,0x73,0x15,0x73,0x56,0xAD,0xFA,0xDE,0xFF,0xFF,0xFF,0xFF,0xFF,0xFF,0xFF,0xFF,0xFF,0xFF,
	0xFF,0xFF,0xFF,0xFF,0xFF,0xFF,0xFF,0xFF,0xFF,0xFF,0xFF,0xFF,0xFF,0xFF,0xFF,0xFF,0xFF,0xFF,0xFF,0xFF,
	0xFF,0xFF,0xFF,0xFF,0xFF,0xFF,0xFF,0xFF,0xFF,0xFF,0xFF,0xFF,0xFF,0xFF,0xFF,0xFF,0xFF,0xFF,0xFF,0xFF,
	0xFF,0xFF,0xFF,0xFF,0xFF,0xFF,0xFF,0xFF,0xFF,0xFF,0xFF,0xFF,0xFF,0xFF,0xFF,0xFF,0xFF,0xFF,0xFF,0xFF,
	0xFF,0xFF,0xFF,0xFF,0xFF,0xFF,0xFF,0xFF,0xFF,0xFF,0xFF,0xFF,0xFF,0xFF,0xFF,0xFF,0xFF,0xFF,0xFF,0xFF,
	0xFF,0xFF,0xFF,0xFF,0xFF,0xFF,0xFF,0xFF,0xFF,0xFF,0xFF,0xFF,0xFF,0xFF,0xFF,0xFF,0xFF,0xFF,0xFF,0xFF,
	0xFF,0xFF,0xFF,0xFF,0xFF,0xFF,0xFF,0xFF,0xFF,0xFF,0xFF,0xFF,0xFF,0xFF,0xFF,0xFF,0xFF,0xFF,0xFF,0xFF,
	0xFF,0xFF,0xFF,0xFF,0xFF,0xFF,0xFF,0xFF,0xFF,0xFF,0xFF,0xFF,0xFF,0xFF,0xFF,0xFF,0xFF,0xFF,0xFF,0xFF,
	0xFF,0xFF,0xFF,0xFF,0xFF,0xFF,0xFF,0xFF,0xFF,0xFF,0xFF,0xFF,0xFF,0xFF,0xFF,0xFF,0xFF,0xFF,0x59,0xCE,
	0x68,0x41,0x01,0x08,0x03,0x18,0x03,0x18,0x03,0x18,0x03,0x18,0x03,0x18,0x02,0x10,0x01,0x08,0x00,0x00,
	0x00,0x00,0x00,0x00,0x00,0x00,0x00,0x00,0x00,0x00,0x00,0x00,0x00,0x00,0x00,0x00,0x00,0x00,0x00,0x00,
	0x00,0x00,0x00,0x00,0x00,0x00,0x00,0x00,0x00,0x00,0x00,0x00,0x00,0x00,0x2C,0x41,0x16,0x7A,0x57,0x82,
	0x9A,0x92,0xDD,0xA2,0x57,0x82,0x6E,0x51,0x64,0x18,0x00,0x00,0x00,0x00,0x00,0x00,0x00,0x00,0x00,0x00,
	0x00,0x00,0x00,0x00,0x00,0x00,0x00,0x00,0x00,0x00,0x00,0x00,0x00,0x00,0x44,0x10,0x4E,0x49,0x37,0x82,
	0xDD,0xAA,0xFE,0xAA,0xFD,0xA2,0xBB,0x92,0x9B,0x92,0x9A,0x9A,0xBC,0xA2,0xDC,0xA2,0x79,0x8A,0x6F,0x51,
	0x21,0x08,0x00,0x00,0x00,0x00,0x00,0x00,0x00,0x00,0x00,0x00,0x00,0x00,0x00,0x00,0x00,0x00,0x00,0x00,
	0x00,0x00,0x00,0x00,0x00,0x00,0x20,0x00,0x61,0x00,0xA3,0x00,0xC3,0x00,0xC3,0x00,0xC3,0x00,0xC3,0x00,
	0xC3,0x00,0xC3,0x00,0xC3,0x00,0xC3,0x00,0xC3,0x00,0xC3,0x00,0xC3,0x00,0xC3,0x00,0xC3,0x00,0xC3,0x00,
	0xA3,0x00,0xA3,0x00,0x82,0x00,0xC3,0x00,0x66,0x01,0xA8,0x01,0xC8,0x09,0xC8,0x09,0xC8,0x09,0xC8,0x09,
	0xC8,0x09,0xC8,0x09,0xC8,0x09,0xC8,0x09,0xC8,0x09,0xE9,0x09,0x4A,0x0A,0x6B,0x0A,0x6B,0x0A,0x6B,0x0A,
	0x6B,0x0A,0x6B,0x0A,0x6B,0x0A,0x4B,0x0A,0x4B,0x0A,0x4B,0x0A,0x2B,0x0A,0x2B,0x0A,0x4B,0x0A,0x8C,0x12,
	0xAD,0x1A,0xAD,0x1A,0xAD,0x1A,0xAD,0x1A,0xAD,0x1A,0xAD,0x1A,0xAD,0x1A,0x8D,0x1A,0x6D,0x1A,0x8E,0x1A,
	0xEF,0x1A,0x10,0x23,0x31,0x23,0x10,0x23,0x10,0x23,0x32,0x23,0xD4,0x2B,0x77,0x3C,0x77,0x3C,0x57,0x3C,
	0x57,0x3C,0x57,0x3C,0x57,0x3C,0x37,0x3C,0x17,0x3C,0x37,0x3C,0x37,0x3C,0x17,0x44,0x17,0x44,0x17,0x44,
	0xF7,0x43,0xD7,0x43,0xB6,0x43,0xF7,0x4B,0x59,0x54,0x7A,0x5C,0x7A,0x5C,0x7A,0x5C,0x7A,0x5C,0x7A,0x5C,
	0x7A,0x5C,0x5A,0x5C,0x5A,0x64,0x5A,0x64,0x5A,0x64,0x3A,0x64,0x1A,0x64,0x1A,0x6C,0x1A,0x6C,0x1A,0x6C,
	0x3A,0x74,0x9B,0x8C,0x9D,0xCE,0xBE,0xF7,0x1E,0xEF,0xFE,0xCD,0x9E,0xAC,0x3E,0xA4,0x9E,0xAC,0xFE,0xCD,
	0x1E,0xEF,0xBE,0xF7,0x7D,0xD6,0x5B,0x9C,0x18,0x73,0x16,0x73,0xB5,0x9C,0x58,0xCE,0xDE,0xF7,0xFF,0xFF,
	0xFF,0xFF,0xFF,0xFF,0xFF,0xFF,0xFF,0xFF,0xFF,0xFF,0xFF,0xFF,0xFF,0xFF,0xFF,0xFF,0xFF,0xFF,0xFF,0xFF,
	0xFF,0xFF,0xFF,0xFF,0xFF,0xFF,0xFF,0xFF,0xFF,0xFF,0xFF,0xFF,0xFF,0xFF,0xFF,0xFF,0xFF,0xFF,0xFF,0xFF,
	0xFF,0xFF,0xFF,0xFF,0xFF,0xFF,0xFF,0xFF,0xFF,0xFF,0xFF,0xFF,0xFF,0xFF,0xFF,0xFF,0xFF,0xFF,0xFF,0xFF,
	0xFF,0xFF,0xFF,0xFF,0xFF,0xFF,0xFF,0xFF,0xFF,0xFF,0xFF,0xFF,0xFF,0xFF,0xFF,0xFF,0xFF,0xFF,0xFF,0xFF,
	0xFF,0xFF,0xFF,0xFF,0xFF,0xFF,0xFF,0xFF,0xFF,0xFF,0xFF,0xFF,0xFF,0xFF,0xFF,0xFF,0xFF,0xFF,0xFF,0xFF,
	0xFF,0xFF,0xFF,0xFF,0xFF,0xFF,0xFF,0xFF,0xFF,0xFF,0xFF,0xFF,0xFF,0xFF,0xFF,0xFF,0xFF,0xFF,0xFF,0xFF,
	0xFF,0xFF,0xFF,0xFF,0xFF,0xFF,0xFF,0xFF,0xFF,0xFF,0xFF,0xFF,0xFF,0xFF,0xFF,0xFF,0xFF,0xFF,0xFF,0xFF,
	0xFF,0xFF,0xFF,0xFF,0xFF,0xFF,0xFF,0xFF,0xFF,0xFF,0xFF,0xFF,0xFF,0xFF,0xFF,0xFF,0xFF,0xFF,0xFF,0xFF,
	0xFF,0xFF,0x7D,0xEF,0x96,0xB5,0x27,0x39,0x01,0x08,0x03,0x18,0x03,0x18,0x03,0x18,0x03,0x18,0x03,0x18,
	0x02,0x10,0x01,0x08,0x00,0x00,0x00,0x00,0x00,0x00,0x00,0x00,0x00,0x00,0x00,0x00,0x00,0x00,0x00,0x00,
	0x00,0x00,0x00,0x00,0x00,0x00,0x00,0x00,0x00,0x00,0x00,0x00,0x01,0x00,0x01,0x00,0x00,0x00,0x00,0x00,
	0xA7,0x20,0x2D,0x41,0x4E,0x49,0xD2,0x69,0x79,0x8A,0xDC,0xA2,0x99,0x92,0xE9,0x30,0x00,0x00,0x00,0x00,
	0x00,0x00,0x00,0x00,0x00,0x00,0x00,0x00,0x00,0x00,0x00,0x00,0x00,0x00,0x00,0x00,0x00,0x00,0x00,0x00,
	0x00,0x00,0x23,0x08,0xC8,0x28,0x6D,0x49,0xF3,0x71,0x15,0x7A,0xB1,0x59,0x6E,0x49,0x4E,0x51,0x37,0x82,
	0xBC,0xA2,0x37,0x82,0x4D,0x49,0x01,0x00,0x00,0x00,0x00,0x00,0x00,0x00,0x00,0x00,0x00,0x00,0x00,0x00,
	0x00,0x00,0x00,0x00,0x00,0x00,0x00,0x00,0x00,0x00,0x00,0x00,0x20,0x00,0x61,0x00,0xA3,0x00,0xC3,0x00,
	0xC3,0x00,0xC3,0x00,0xC3,0x00,0xC3,0x00,0xC3,0x00,0xC3,0x00,0xC3,0x00,0xC3,0x00,0xC3,0x00,0xC3,0x00,
	0xC3,0x00,0xC3,0x00,0xC3,0x00,0xA3,0x00,0xA3,0x00,0x82,0x00,0xC3,0x00,0x46,0x01,0xA7,0x01,0xC8,0x09,
	0xC8,0x09,0xC8,0x09,0xC8,0x09,0xC8,0x09,0xC8,0x09,0xC8,0x09,0xC8,0x09,0xC8,0x09,0xE9,0x09,0x4A,0x0A,
	0x6B,0x0A,0x6B,0x0A,0x6B,0x0A,0x6B,0x0A,0x6B,0x0A,0x6B,0x0A,0x4B,0x0A,0x4B,0x0A,0x4B,0x0A,0x2B,0x0A,
	0x2B,0x0A,0x4B,0x0A,0x8C,0x12,0xAD,0x1A,0xAD,0x1A,0xAD,0x1A,0xAD,0x1A,0xAD,0x1A,0xAD,0x1A,0x8D,0x1A,
	0x8D,0x1A,0x8D,0x1A,0xAE,0x1A,0xEF,0x1A,0x10,0x23,0x10,0x23,0x10,0x23,0x10,0x23,0x52,0x23,0xF5,0x2B,
	0x98,0x3C,0x77,0x3C,0x57,0x3C,0x57,0x3C,0x57,0x3C,0x57,0x3C,0x37,0x3C,0x37,0x3C,0x37,0x3C,0x37,0x3C,
	0x17,0x44,0x17,0x44,0x17,0x44,0xF7,0x43,0xD7,0x43,0xB6,0x43,0xF7,0x4B,0x59,0x54,0x7A,0x5C,0x7A,0x5C,
	0x7A,0x5C,0x7A,0x5C,0x7A,0x5C,0x7A,0x5C,0x5A,0x5C,0x5A,0x64,0x5A,0x64,0x5A,0x64,0x3A,0x64,0x3A,0x64,
	0x1A,0x6C,0x1A,0x6C,0xFA,0x6B,0xD9,0x6B,0x17,0x6C,0xF9,0xB5,0x7C,0xEF,0x9F,0xF7,0xFF,0xE6,0xFE,0xCD,
	0x9E,0xC5,0xFE,0xCD,0xFF,0xE6,0x9F,0xF7,0x7C,0xEF,0xDA,0xBD,0xB8,0x83,0x5A,0x7B,0x38,0x73,0xAE,0x5A,
	0x0F,0x84,0xB9,0xD6,0xBD,0xF7,0xFF,0xFF,0xFF,0xFF,0xFF,0xFF,0xFF,0xFF,0xFF,0xFF,0xFF,0xFF,0xFF,0xFF,
	0xFF,0xFF,0xFF,0xFF,0xFF,0xFF,0xFF,0xFF,0xFF,0xFF,0xFF,0xFF,0xFF,0xFF,0xFF,0xFF,0xFF,0xFF,0xFF,0xFF,
	0xFF,0xFF,0xFF,0xFF,0xFF,0xFF,0xFF,0xFF,0xFF,0xFF,0xFF,0xFF,0xFF,0xFF,0xFF,0xFF,0xFF,0xFF,0xFF,0xFF,
	0xFF,0xFF,0xFF,0xFF,0xFF,0xFF,0xFF,0xFF,0xFF,0xFF,0xFF,0xFF,0xFF,0xFF,0xFF,0xFF,0xFF,0xFF,0xFF,0xFF,
	0xFF,0xFF,0xFF,0xFF,0xFF,0xFF,0xFF,0xFF,0xFF,0xFF,0xFF,0xFF,0xFF,0xFF,0xFF,0xFF,0xFF,0xFF,0xFF,0xFF,
	0xFF,0xFF,0xFF,0xFF,0xFF,0xFF,0xFF,0xFF,0xFF,0xFF,0xFF,0xFF,0xFF,0xFF,0xFF,0xFF,0xFF,0xFF,0xFF,0xFF,
	0xFF,0xFF,0xFF,0xFF,0xFF,0xFF,0xFF,0xFF,0xFF,0xFF,0xFF,0xFF,0xFF,0xFF,0xFF,0xFF,0xFF,0xFF,0xFF,0xFF,
	0xFF,0xFF,0xFF,0xFF,0xFF,0xFF,0xFF,0xFF,0xFF,0xFF,0xFF,0xFF,0xFF,0xFF,0xFF,0xFF,0xFF,0xFF,0xFF,0xFF,
	0xFF,0xFF,0xFF,0xFF,0xFF,0xFF,0xBE,0xF7,0x55,0xAD,0xCC,0x62,0xA5,0x28,0x02,0x10,0x03,0x18,0x03,0x18,
	0x03,0x18,0x03,0x18,0x03,0x18,0x02,0x10,0x01,0x08,0x00,0x00,0x00,0x00,0x00,0x00,0x00,0x00,0x00,0x00,
	0x00,0x00,0x00,0x00,0x00,0x00,0x00,0x00,0x00,0x00,0x00,0x00,0x00,0x00,0x00,0x00,0x85,0x18,0xC8,0x28,
	0xC8,0x30,0x65,0x20,0x01,0x00,0x22,0x08,0x44,0x10,0x64,0x18,0xA7,0x20,0x4D,0x49,0x58,0x82,0xDD,0xA2,
	0x90,0x59,0x86,0x20,0x01,0x00,0x00,0x00,0x00,0x00,0x00,0x00,0x00,0x00,0x00,0x00,0x00,0x00,0x00,0x00,
	0x00,0x00,0x00,0x00,0x00,0x00,0x21,0x08,0x44,0x10,0x65,0x18,0x86,0x20,0xE9,0x38,0xEA,0x38,0xA6,0x20,
	0x65,0x18,0xA8,0x28,0x15,0x7A,0xBC,0xA2,0xD4,0x69,0xEA,0x38,0x01,0x00,0x00,0x00,0x00,0x00,0x00,0x00,
	0x00,0x00,0x00,0x00,0x00,0x00,0x00,0x00,0x00,0x00,0x00,0x00,0x00,0x00,0x00,0x00,0x00,0x00,0x20,0x00,
	0x41,0x00,0xA3,0x00,0xC3,0x00,0xC3,0x00,0xC3,0x00,0xC3,0x00,0xC3,0x00,0xC3,0x00,0xC3,0x00,0xC3,0x00,
	0xC3,0x00,0xC3,0x00,0xC3,0x00,0xC3,0x00,0xC3,0x00,0xC3,0x00,0xA3,0x00,0xA3,0x00,0xA2,0x00,0xC3,0x00,
	0x25,0x01,0x87,0x01,0xC8,0x09,0xC8,0x09,0xC8,0x09,0xC8,0x09,0xC8,0x09,0xC8,0x09,0xC8,0x09,0xC8,0x09,
	0xC8,0x09,0xE9,0x09,0x4A,0x0A,0x6B,0x0A,0x6B,0x0A,0x6B,0x0A,0x6B,0x0A,0x6B,0x0A,0x6B,0x0A,0x4B,0x0A,
	0x4B,0x0A,0x4B,0x0A,0x4B,0x0A,0x2B,0x0A,0x4B,0x0A,0x8C,0x12,0xAD,0x1A,0xAD,0x1A,0xAD,0x1A,0xAD,0x1A,
	0xAD,0x1A,0xAD,0x1A,0x8D,0x1A,0x8D,0x1A,0x8D,0x1A,0xAE,0x1A,0xEF,0x1A,0x10,0x1B,0x10,0x23,0x10,0x23,
	0x10,0x23,0x31,0x23,0xD5,0x2B,0x98,0x3C,0x78,0x3C,0x57,0x3C,0x57,0x3C,0x57,0x3C,0x57,0x3C,0x37,0x3C,
	0x37,0x3C,0x37,0x3C,0x37,0x3C,0x17,0x44,0x17,0x44,0x17,0x44,0x17,0x44,0xD7,0x43,0xB6,0x43,0xF7,0x4B,
	0x59,0x54,0x7A,0x5C,0x7A,0x5C,0x7A,0x5C,0x7A,0x5C,0x7A,0x5C,0x7A,0x5C,0x5A,0x5C,0x5A,0x64,0x5A,0x64,
	0x5A,0x64,0x5A,0x64,0x3A,0x64,0x3A,0x6C,0x1A,0x6C,0xFA,0x6B,0xD9,0x63,0xB6,0x63,0x17,0x95,0x79,0xCE,
	0x7D,0xEF,0x9E,0xF7,0x1E,0xE7,0xFE,0xE6,0x1E,0xE7,0x9E,0xF7,0x7D,0xEF,0x59,0xCE,0xD7,0xA4,0x58,0x7B,
	0x7B,0x83,0x59,0x7B,0x0F,0x4A,0xEF,0x62,0x38,0xB5,0x5C,0xD6,0xFE,0xDE,0xFE,0xE6,0xFE,0xE6,0xFE,0xE6,
	0xFE,0xE6,0xFE,0xE6,0xDE,0xE6,0xDE,0xE6,0xFE,0xE6,0xDE,0xE6,0xDE,0xE6,0xDE,0xE6,0xDD,0xE6,0xDE,0xE6,
	0xDE,0xE6,0xBE,0xE6,0xBE,0xE6,0xBE,0xE6,0xBE,0xE6,0xBE,0xE6,0xBE,0xE6,0xBE,0xE6,0xBE,0xE6,0xBE,0xE6,
	0xBE,0xE6,0xBD,0xE6,0xBE,0xE6,0xBE,0xE6,0xBD,0xE6,0x9D,0xDE,0x9C,0xDE,0x7C,0xDE,0x9C,0xDE,0x9C,0xDE,
	0x9C,0xDE,0x7C,0xDE,0x7C,0xDE,0x7B,0xDE,0x7B,0xDE,0x7B,0xDE,0x7B,0xDE,0x7B,0xDE,0x7B,0xDE,0x7B,0xDE,
	0x7B,0xDE,0x7B,0xDE,0x7B,0xD6,0x7B,0xD6,0x7B,0xD6,0x7B,0xD6,0x7B,0xD6,0x7B,0xD6,0x7B,0xDE,0x5B,0xDE,
	0x5B,0xDE,0x5B,0xDE,0x5B,0xDE,0x5B,0xDE,0x5B,0xDE,0x5B,0xD6,0x5A,0xD6,0x5A,0xD6,0x5A,0xD6,0x5A,0xD6,
	0x5A,0xD6,0x5A,0xD6,0x5A,0xD6,0x5A,0xD6,0x5A,0xD6,0x5A,0xD6,0x5A,0xD6,0x5A,0xD6,0x59,0xCE,0x59,0xCE,
	0x59,0xCE,0x59,0xCE,0x59,0xCE,0x59,0xCE,0x59,0xCE,0x38,0xC6,0x76,0xB5,0xEC,0x62,0xE5,0x28,0x23,0x18,
	0x03,0x18,0x03,0x18,0x03,0x18,0x03,0x18,0x03,0x18,0x03,0x18,0x02,0x10,0x01,0x08,0x00,0x00,0x00,0x00,
	0x00,0x00,0x00,0x00,0x00,0x00,0x00,0x00,0x00,0x00,0x00,0x00,0x00,0x00,0x00,0x00,0x00,0x00,0x00,0x00,
	0x01,0x00,0xE9,0x30,0x90,0x51,0xB2,0x61,0x0C,0x41,0x43,0x10,0x00,0x00,0x00,0x00,0x00,0x00,0x00,0x00,
	0xA7,0x20,0x36,0x7A,0xFF,0xB2,0xD4,0x71,0xC9,0x30,0x21,0x08,0x00,0x00,0x00,0x00,0x00,0x00,0x00,0x00,
	0x00,0x00,0x00,0x00,0x00,0x00,0x00,0x00,0x00,0x00,0x00,0x00,0xA7,0x20,0xD3,0x69,0x92,0x61,0xEB,0x38,
	0x44,0x10,0x00,0x00,0x00,0x00,0x42,0x10,0x09,0x39,0x78,0x8A,0xDD,0xA2,0x4E,0x51,0x64,0x18,0x00,0x00,
	0x00,0x00,0x00,0x00,0x00,0x00,0x00,0x00,0x00,0x00,0x00,0x00,0x00,0x00,0x00,0x00,0x00,0x00,0x00,0x00,
	0x00,0x00,0x00,0x00,0x20,0x00,0x40,0x00,0xA2,0x00,0xC3,0x00,0xC3,0x00,0xC3,0x00,0xC3,0x00,0xC3,0x00,
	0xC3,0x00,0xC3,0x00,0xC3,0x00,0xC3,0x00,0xC3,0x00,0xC3,0x00,0xC3,0x00,0xC3,0x00,0xC3,0x00,0xA2,0x00,
	0xA2,0x00,0xA3,0x00,0xC4,0x00,0x05,0x09,0x46,0x09,0xA8,0x01,0xC8,0x09,0xC8,0x09,0xC8,0x09,0xC8,0x09,
	0xC8,0x09,0xC8,0x09,0xC8,0x09,0xC8,0x09,0xE9,0x09,0x4A,0x0A,0x6B,0x0A,0x6B,0x0A,0x6B,0x0A,0x6B,0x0A,
	0x6B,0x0A,0x6B,0x0A,0x4B,0x0A,0x4B,0x0A,0x4B,0x0A,0x4B,0x0A,0x4B,0x0A,0x2B,0x0A,0x6C,0x12,0xAD,0x1A,
	0xAD,0x1A,0xAD,0x1A,0xAD,0x1A,0xAD,0x1A,0xAD,0x1A,0x8D,0x1A,0x8D,0x1A,0xAE,0x1A,0xCE,0x1A,0xEF,0x1A,
	0xF0,0x1A,0x10,0x1B,0x10,0x23,0x10,0x23,0x10,0x23,0xB3,0x2B,0x77,0x3C,0x77,0x3C,0x57,0x3C,0x57,0x3C,
	0x57,0x3C,0x57,0x3C,0x37,0x3C,0x17,0x3C,0x17,0x3C,0x17,0x3C,0x17,0x44,0x17,0x44,0x17,0x44,0x17,0x44,
	0x17,0x44,0xF7,0x43,0xF7,0x43,0x17,0x4C,0x59,0x54,0x7A,0x5C,0x7A,0x5C,0x7A,0x5C,0x7A,0x5C,0x7A,0x5C,
	0x5A,0x5C,0x5A,0x64,0x5A,0x64,0x5A,0x64,0x3A,0x64,0x1A,0x64,0x1A,0x6C,0x1A,0x6C,0x1A,0x6C,0xFA,0x6B,
	0xFA,0x6B,0xF6,0x73,0xB5,0x94,0x79,0xCE,0x7C,0xEF,0xDE,0xF7,0xDF,0xFF,0xDE,0xF7,0x7C,0xEF,0x59,0xCE,
	0x75,0x94,0xB6,0x83,0x9B,0x83,0x7B,0x83,0x7B,0x83,0x39,0x7B,0x39,0x83,0x9B,0x93,0xBB,0x93,0xBB,0x93,
	0xBB,0x93,0xBB,0x9B,0x9B,0x9B,0x9B,0xA3,0x9B,0x9B,0x7B,0x9B,0x5B,0x9B,0x7C,0xA3,0x7B,0x9B,0x5B,0x9B,
	0x1A,0x93,0x19,0x93,0x19,0x93,0x19,0x93,0xF9,0x9A,0xF9,0x9A,0xF9,0x9A,0xD9,0x9A,0xD9,0x9A,0xD9,0x9A,
	0xD9,0x9A,0xB9,0x9A,0xB9,0x9A,0xB9,0x9A,0xB9,0x9A,0xB9,0xA2,0xBA,0xA2,0x98,0x92,0x35,0x82,0x13,0x72,
	0xF2,0x71,0xF3,0x71,0xF2,0x71,0xF2,0x71,0xD1,0x71,0xD1,0x69,0xB0,0x61,0xB0,0x69,0xB0,0x69,0xB0,0x69,
	0xB0,0x69,0xB0,0x69,0xB0,0x69,0xB0,0x69,0x8F,0x61,0x6D,0x59,0x6D,0x59,0x6D,0x59,0x6E,0x59,0x6E,0x59,
	0x6E,0x59,0x6E,0x61,0x4E,0x61,0x4E,0x61,0x4E,0x61,0x4E,0x61,0x4E,0x69,0x4E,0x61,0x4C,0x51,0x4B,0x49,
	0x4B,0x51,0x4B,0x51,0x4B,0x51,0x4B,0x51,0x4B,0x51,0x4B,0x51,0x4C,0x51,0x4B,0x51,0x0B,0x49,0x09,0x49,
	0x08,0x41,0x07,0x39,0xE6,0x28,0xE6,0x28,0x06,0x31,0xE6,0x30,0xE6,0x30,0xE6,0x30,0xE6,0x30,0xC6,0x30,
	0x64,0x20,0x23,0x18,0x03,0x18,0x03,0x18,0x03,0x18,0x03,0x18,0x03,0x18,0x03,0x18,0x03,0x18,0x02,0x10,
	0x01,0x08,0x00,0x00,0x00,0x00,0x00,0x00,0x00,0x00,0x00,0x00,0x00,0x00,0x00,0x00,0x00,0x00,0x00,0x00,
	0x00,0x00,0x00,0x00,0x00,0x00,0x01,0x00,0x2C,0x41,0x36,0x7A,0xBC,0x9A,0xF4,0x71,0x86,0x20,0x01,0x00,
	0x00,0x00,0x00,0x00,0x22,0x08,0xE9,0x30,0x57,0x82,0x1F,0xB3,0xB2,0x69,0xA7,0x28,0x01,0x08,0x00,0x00,
	0x00,0x00,0x00,0x00,0x00,0x00,0x00,0x00,0x00,0x00,0x00,0x00,0x00,0x00,0x00,0x00,0x00,0x00,0xC8,0x28,
	0x37,0x82,0x7A,0x92,0xD5,0x71,0x0B,0x39,0xA7,0x20,0xA7,0x20,0x2C,0x41,0xF3,0x69,0x9A,0x92,0x59,0x8A,
	0xC9,0x30,0x21,0x08,0x00,0x00,0x00,0x00,0x00,0x00,0x00,0x00,0x00,0x00,0x00,0x00,0x00,0x00,0x00,0x00,
	0x00,0x00,0x00,0x00,0x00,0x00,0x00,0x00,0x00,0x00,0x00,0x00,0x40,0x00,0xA2,0x00,0xC3,0x00,0xC3,0x00,
	0xC3,0x00,0xC3,0x00,0xC3,0x00,0xC3,0x00,0xC3,0x00,0xC3,0x00,0xC3,0x00,0xC3,0x00,0xC3,0x00,0xC3,0x00,
	0xC3,0x00,0xC3,0x00,0xA2,0x00,0xA2,0x00,0xC4,0x00,0xE5,0x00,0xE5,0x08,0x46,0x09,0x87,0x01,0xC8,0x09,
	0xC8,0x09,0xC8,0x09,0xC8,0x09,0xC8,0x09,0xC8,0x09,0xC8,0x09,0xC8,0x09,0xE9,0x09,0x4A,0x0A,0x6B,0x0A,
	0x6B,0x0A,0x6B,0x0A,0x6B,0x0A,0x6B,0x0A,0x6B,0x0A,0x4B,0x0A,0x4B,0x0A,0x4B,0x0A,0x4B,0x0A,0x4B,0x0A,
	0x2B,0x0A,0x6C,0x12,0xAD,0x1A,0xAD,0x1A,0xAD,0x1A,0xAD,0x1A,0xAD,0x1A,0xAD,0x1A,0x8D,0x1A,0x8D,0x1A,
	0xAE,0x1A,0xCE,0x1A,0xEF,0x1A,0xEF,0x1A,0x10,0x1B,0x10,0x23,0x10,0x23,0x10,0x23,0xB3,0x33,0x57,0x3C,
	0x77,0x3C,0x57,0x3C,0x57,0x3C,0x57,0x3C,0x57,0x3C,0x37,0x3C,0x37,0x3C,0x17,0x3C,0x17,0x3C,0x17,0x44,
	0x17,0x44,0x17,0x44,0x17,0x44,0x17,0x44,0xF7,0x43,0xF7,0x43,0x17,0x4C,0x59,0x54,0x7A,0x5C,0x7A,0x5C,
	0x7A,0x5C,0x7A,0x5C,0x7A,0x5C,0x5A,0x5C,0x5A,0x64,0x5A,0x64,0x5A,0x64,0x3A,0x64,0x1A,0x64,0x1A,0x6C,
	0x1A,0x6C,0x1A,0x6C,0x1A,0x6C,0xFA,0x6B,0xD8,0x6B,0xF6,0x73,0xF7,0x9C,0xDA,0xB5,0x7C,0xCE,0xBD,0xD6,
	0x7C,0xCE,0xDA,0xB5,0xD7,0x9C,0xB6,0x7B,0x78,0x7B,0x9B,0x83,0x7B,0x83,0x7B,0x83,0x7C,0x83,0x5C,0x8B,
	0x1B,0x8B,0xFB,0x82,0xDB,0x82,0xDB,0x82,0xDB,0x82,0xBB,0x8A,0xBB,0x8A,0xBB,0x8A,0x9B,0x8A,0x9B,0x8A,
	0x9B,0x8A,0x7A,0x8A,0x59,0x82,0x38,0x7A,0x17,0x7A,0x17,0x7A,0x17,0x7A,0xF7,0x81,0xF7,0x81,0xF7,0x81,
	0xD7,0x81,0xD7,0x81,0xD7,0x81,0xB7,0x81,0xB7,0x89,0xB7,0x89,0xB7,0x89,0xB7,0x89,0xB8,0x91,0xB9,0x91,
	0x56,0x79,0xF2,0x60,0xD0,0x58,0xB0,0x58,0xB0,0x58,0xB0,0x58,0xAF,0x50,0x8E,0x50,0x8D,0x48,0x6D,0x48,
	0x6D,0x48,0x6D,0x50,0x6D,0x48,0x6D,0x48,0x6D,0x48,0x6D,0x50,0x6D,0x50,0x4B,0x48,0x09,0x38,0x29,0x38,
	0x2A,0x38,0x2B,0x38,0x2B,0x38,0x2B,0x38,0x0B,0x40,0x0B,0x48,0x0B,0x48,0x0B,0x48,0x0B,0x48,0x0B,0x48,
	0x0A,0x40,0x08,0x30,0x07,0x28,0x07,0x28,0x07,0x28,0x07,0x28,0x07,0x28,0x07,0x28,0x08,0x28,0x07,0x28,
	0x07,0x28,0x06,0x20,0x05,0x20,0x04,0x20,0x03,0x10,0x01,0x00,0x01,0x00,0x01,0x08,0x01,0x08,0x01,0x08,
	0x01,0x08,0x01,0x08,0x01,0x08,0x02,0x10,0x03,0x18,0x03,0x18,0x03,0x18,0x03,0x18,0x03,0x18,0x03,0x18,
	0x03,0x18,0x03,0x18,0x02,0x10,0x01,0x08,0x00,0x00,0x00,0x00,0x00,0x00,0x00,0x00,0x00,0x00,0x00,0x00,
	0x00,0x00,0x00,0x00,0x00,0x00,0x00,0x00,0x00,0x00,0x00,0x00,0x00,0x00,0xC8,0x30,0xD2,0x69,0xFE,0xA2,
	0xBB,0x92,0xB1,0x59,0x0B,0x39,0xC8,0x28,0xE9,0x30,0x2C,0x41,0xD3,0x69,0xBB,0x9A,0xBD,0xAA,0x2D,0x51,
	0x43,0x10,0x00,0x00,0x00,0x00,0x00,0x00,0x00,0x00,0x00,0x00,0x00,0x00,0x00,0x00,0x00,0x00,0x00,0x00,
	0x00,0x00,0x00,0x00,0x86,0x20,0x15,0x7A,0xBC,0x9A,0xDD,0xA2,0x57,0x7A,0xF3,0x69,0xF4,0x69,0x58,0x82,
	0xDD,0xA2,0x79,0x92,0x91,0x61,0x44,0x10,0x00,0x00,0x00,0x00,0x00,0x00,0x00,0x00,0x00,0x00,0x00,0x00,
	0x00,0x00,0x00,0x00,0x00,0x00,0x00,0x00,0x00,0x00,0x00,0x00,0x00,0x00,0x00,0x00,0x00,0x00,0x20,0x00,
	0xA2,0x00,0xC3,0x00,0xC3,0x00,0xC3,0x00,0xC3,0x00,0xC3,0x00,0xC3,0x00,0xC3,0x00,0xC3,0x00,0xC3,0x00,
	0xC3,0x00,0xC3,0x00,0xC3,0x00,0xC3,0x00,0xC3,0x00,0xA2,0x00,0xA2,0x00,0xE4,0x00,0x05,0x01,0x05,0x09,
	0x25,0x09,0x66,0x09,0xA7,0x09,0xC8,0x09,0xC8,0x09,0xC8,0x09,0xC8,0x09,0xC8,0x09,0xC8,0x09,0xC8,0x09,
	0xE9,0x09,0x4A,0x0A,0x6B,0x0A,0x6B,0x0A,0x6B,0x0A,0x6B,0x0A,0x6B,0x0A,0x6B,0x0A,0x4B,0x0A,0x4B,0x0A,
	0x4B,0x0A,0x4B,0x0A,0x4B,0x0A,0x2B,0x12,0x6B,0x12,0x8C,0x12,0xAD,0x1A,0xAD,0x1A,0xAD,0x1A,0xAD,0x1A,
	0xAD,0x1A,0x8D,0x1A,0x6D,0x1A,0xAE,0x1A,0xCE,0x1A,0xEF,0x1A,0xEF,0x1A,0xEF,0x1A,0x11,0x23,0x31,0x23,
	0x11,0x23,0xB4,0x2B,0x57,0x3C,0x77,0x3C,0x57,0x3C,0x57,0x3C,0x57,0x3C,0x57,0x3C,0x57,0x3C,0x57,0x3C,
	0x37,0x3C,0x17,0x3C,0x17,0x44,0x17,0x44,0x17,0x44,0x17,0x44,0x17,0x44,0xF7,0x43,0xF7,0x43,0x17,0x4C,
	0x59,0x54,0x7A,0x5C,0x7A,0x5C,0x7A,0x5C,0x7A,0x5C,0x7A,0x5C,0x5A,0x5C,0x5A,0x64,0x5A,0x64,0x5A,0x64,
	0x3A,0x64,0x1A,0x64,0x1A,0x6C,0x1A,0x6C,0x1A,0x6C,0x1A,0x6C,0xFA,0x6B,0xFB,0x73,0xFB,0x73,0xB8,0x6B,
	0xF8,0x73,0x7B,0x94,0xBB,0x94,0x7B,0x94,0xD8,0x7B,0x78,0x73,0x9B,0x7B,0x9B,0x7B,0x9B,0x83,0x7B,0x83,
	0x7B,0x83,0x5B,0x83,0x5B,0x83,0x5B,0x8B,0x3B,0x8B,0x3B,0x8B,0x3B,0x8B,0x3B,0x8B,0x1B,0x93,0x1B,0x93,
	0x1B,0x93,0x1B,0x93,0xFB,0x92,0xBB,0x92,0xBA,0x92,0xB9,0x8A,0x98,0x82,0x78,0x82,0x78,0x82,0x78,0x82,
	0x58,0x8A,0x58,0x8A,0x58,0x8A,0x38,0x8A,0x38,0x8A,0x38,0x8A,0x38,0x8A,0x18,0x92,0x18,0x92,0x18,0x92,
	0x18,0x92,0x19,0x9A,0x19,0x9A,0xB5,0x81,0x52,0x69,0x31,0x61,0x31,0x61,0x31,0x61,0x31,0x61,0x30,0x59,
	0x0F,0x59,0x0F,0x59,0xEE,0x50,0xEE,0x50,0xEE,0x58,0xEE,0x50,0xEE,0x50,0xEE,0x58,0xEE,0x58,0xEE,0x58,
	0xAD,0x50,0x8B,0x48,0x8B,0x48,0xAB,0x48,0xAC,0x48,0xAC,0x48,0xAC,0x48,0x8C,0x50,0x8C,0x50,0x8C,0x50,
	0x8C,0x50,0x8C,0x50,0x8C,0x50,0x8C,0x50,0x6A,0x40,0x69,0x38,0x69,0x38,0x69,0x38,0x69,0x38,0x69,0x38,
	0x69,0x38,0x69,0x38,0x69,0x38,0x48,0x38,0x27,0x30,0x26,0x28,0x26,0x30,0x25,0x28,0x03,0x10,0x03,0x10,
	0x23,0x10,0x03,0x18,0x03,0x18,0x03,0x18,0x03,0x18,0x03,0x18,0x03,0x18,0x03,0x18,0x03,0x18,0x03,0x18,
	0x03,0x18,0x03,0x18,0x03,0x18,0x03,0x18,0x03,0x18,0x02,0x08,0x01,0x00,0x00,0x00,0x00,0x00,0x00,0x00,
	0x00,0x00,0x00,0x00,0x00,0x00,0x00,0x00,0x00,0x00,0x00,0x00,0x00,0x00,0x00,0x00,0x00,0x00,0x00,0x00,
	0x22,0x10,0xEA,0x38,0x99,0x8A,0xFD,0xA2,0xBB,0x9A,0x57,0x7A,0xF4,0x69,0x35,0x72,0x79,0x8A,0xDD,0xA2,
	0xBD,0xA2,0x18,0x8A,0xA8,0x28,0x00,0x00,0x00,0x00,0x00,0x00,0x00,0x00,0x00,0x00,0x00,0x00,0x00,0x00,
	0x00,0x00,0x00,0x00,0x00,0x00,0x00,0x00,0x00,0x00,0x42,0x10,0xE9,0x30,0xD2,0x69,0x9A,0x92,0xBB,0x92,
	0x9A,0x92,0x9A,0x92,0x9A,0x92,0x79,0x8A,0x70,0x59,0x86,0x20,0x01,0x08,0x00,0x00,0x00,0x00,0x00,0x00,
	0x00,0x00,0x00,0x00,0x00,0x00,0x00,0x00,0x00,0x00,0x00,0x00,0x00,0x00,0x00,0x00,0x00,0x00,0x00,0x00,
	0x00,0x00,0x00,0x00,0x20,0x00,0xA2,0x00,0xC3,0x00,0xC3,0x00,0xC3,0x00,0xC3,0x00,0xC3,0x00,0xC3,0x00,
	0xC3,0x00,0xC3,0x00,0xC3,0x00,0xC3,0x00,0xC3,0x00,0xC3,0x00,0xC3,0x00,0xA2,0x00,0xA2,0x00,0xA3,0x00,
	0x05,0x01,0x26,0x09,0x06,0x09,0x25,0x09,0x45,0x01,0xA7,0x01,0xE8,0x01,0xC8,0x09,0xC8,0x09,0xC8,0x09,
	0xC8,0x09,0xC8,0x09,0xC8,0x09,0xE9,0x09,0x2A,0x0A,0x4B,0x0A,0x6B,0x0A,0x6B,0x0A,0x6B,0x0A,0x6B,0x0A,
	0x6B,0x0A,0x4B,0x0A,0x4B,0x0A,0x4B,0x0A,0x4B,0x0A,0x4B,0x0A,0x2B,0x12,0x6B,0x12,0x8C,0x12,0xAD,0x1A,
	0xAD,0x1A,0xAD,0x1A,0xAD,0x1A,0xAD,0x1A,0x8D,0x1A,0x6D,0x1A,0xAE,0x1A,0xCE,0x1A,0xCF,0x1A,0xCF,0x1A,
	0xCF,0x1A,0x10,0x23,0x10,0x23,0xF0,0x1A,0x73,0x2B,0x16,0x3C,0x57,0x3C,0x57,0x3C,0x57,0x3C,0x57,0x3C,
	0x57,0x3C,0x57,0x3C,0x37,0x3C,0x37,0x3C,0x17,0x3C,0x17,0x44,0x17,0x44,0x17,0x44,0xF7,0x43,0xF7,0x43,
	0xF7,0x43,0xF7,0x43,0xF7,0x43,0x38,0x54,0x7A,0x5C,0x7A,0x5C,0x7A,0x5C,0x7A,0x5C,0x7A,0x5C,0x5A,0x5C,
	0x5A,0x64,0x5A,0x64,0x5A,0x64,0x3A,0x64,0x3A,0x64,0x1A,0x6C,0x1A,0x6C,0xFA,0x6B,0xFA,0x6B,0xFA,0x6B,
	0xFB,0x73,0xFB,0x73,0xBA,0x6B,0xBA,0x6B,0xDB,0x7B,0xFB,0x7B,0xDB,0x7B,0x9A,0x73,0x7A,0x73,0x9B,0x7B,
	0x9B,0x7B,0x9B,0x83,0x9B,0x83,0x7B,0x83,0x5B,0x83,0x5B,0x83,0x5B,0x8B,0x3B,0x8B,0x1B,0x8B,0x3B,0x8B,
	0x3B,0x8B,0x1B,0x93,0x1B,0x93,0x1B,0x93,0x1B,0x93,0x1B,0x93,0xDB,0x92,0xBA,0x92,0xB8,0x82,0x98,0x82,
	0x78,0x82,0x78,0x82,0x78,0x82,0x58,0x8A,0x58,0x8A,0x58,0x8A,0x38,0x8A,0x38,0x8A,0x38,0x8A,0x38,0x8A,
	0x18,0x92,0x18,0x92,0x18,0x92,0x18,0x92,0x18,0x92,0x19,0x9A,0xB5,0x81,0x72,0x69,0x31,0x61,0x31,0x61,
	0x31,0x61,0x30,0x61,0x30,0x61,0x30,0x59,0x0F,0x59,0xEE,0x50,0xEE,0x50,0xEE,0x50,0xEE,0x50,0xEE,0x58,
	0xEE,0x58,0xEE,0x58,0xCE,0x50,0xAC,0x50,0x8B,0x48,0xAB,0x48,0xAC,0x48,0xAC,0x48,0xAC,0x48,0xAC,0x48,
	0x8C,0x50,0x8C,0x50,0x8C,0x50,0x8C,0x50,0x8C,0x50,0x8C,0x50,0x8C,0x50,0x6A,0x40,0x69,0x38,0x69,0x38,
	0x69,0x38,0x69,0x38,0x69,0x38,0x69,0x38,0x69,0x38,0x49,0x38,0x27,0x30,0x26,0x30,0x26,0x30,0x27,0x30,
	0x26,0x28,0x04,0x18,0x03,0x10,0x03,0x10,0x03,0x18,0x03,0x18,0x03,0x18,0x03,0x18,0x03,0x18,0x03,0x18,
	0x03,0x18,0x03,0x18,0x03,0x18,0x03,0x18,0x03,0x18,0x03,0x18,0x03,0x18,0x03,0x18,0x02,0x08,0x01,0x00,
	0x00,0x00,0x00,0x00,0x00,0x00,0x00,0x00,0x00,0x00,0x00,0x00,0x00,0x00,0x00,0x00,0x00,0x00,0x00,0x00,
	0x00,0x00,0x00,0x00,0x00,0x00,0x00,0x00,0x44,0x18,0x2C,0x41,0xF4,0x71,0xBA,0x9A,0xBB,0x9A,0x9A,0x92,
	0xBB,0x9A,0xBB,0x9A,0x9A,0x92,0xD3,0x69,0xEA,0x38,0x23,0x10,0x00,0x00,0x00,0x00,0x00,0x00,0x00,0x00,
	0x00,0x00,0x00,0x00,0x00,0x00,0x00,0x00,0x00,0x00,0x00,0x00,0x00,0x00,0x00,0x00,0x00,0x00,0x01,0x00,
	0xC8,0x30,0xB1,0x61,0x36,0x7A,0x58,0x82,0x37,0x82,0xF4,0x71,0x90,0x59,0x86,0x20,0x00,0x00,0x00,0x00,
	0x00,0x00,0x00,0x00,0x00,0x00,0x00,0x00,0x00,0x00,0x00,0x00,0x00,0x00,0x00,0x00,0x00,0x00,0x00,0x00,
	0x00,0x00,0x00,0x00,0x00,0x00,0x00,0x00,0x00,0x00,0x00,0x00,0x82,0x00,0xC3,0x00,0xC3,0x00,0xC3,0x00,
	0xC3,0x00,0xC3,0x00,0xC3,0x00,0xC3,0x00,0xC3,0x00,0xC3,0x00,0xC3,0x00,0xC3,0x00,0xC3,0x00,0xC3,0x00,
	0xA2,0x00,0xA2,0x00,0xA4,0x00,0x05,0x09,0x26,0x09,0x26,0x09,0x25,0x09,0x25,0x01,0x87,0x01,0xC8,0x01,
	0xC8,0x09,0xC8,0x09,0xC8,0x09,0xC8,0x09,0xC8,0x09,0xC8,0x09,0xE9,0x09,0x0A,0x0A,0x4B,0x0A,0x6B,0x0A,
	0x6B,0x0A,0x6B,0x0A,0x6B,0x0A,0x6B,0x0A,0x4B,0x0A,0x4B,0x0A,0x4B,0x0A,0x4B,0x0A,0x4B,0x0A,0x2B,0x12,
	0x4B,0x12,0x8C,0x12,0xAD,0x1A,0xAD,0x1A,0xAD,0x1A,0xAD,0x1A,0xAD,0x1A,0x8D,0x1A,0x8D,0x1A,0xCE,0x1A,
	0xCE,0x1A,0xCF,0x1A,0xCF,0x1A,0xCF,0x1A,0xF0,0x22,0xF0,0x22,0xF0,0x1A,0x52,0x23,0xF5,0x33,0x36,0x3C,
	0x77,0x3C,0x57,0x3C,0x57,0x3C,0x57,0x3C,0x57,0x3C,0x37,0x3C,0x37,0x3C,0x37,0x3C,0x17,0x44,0x17,0x44,
	0x17,0x44,0xF7,0x43,0xF7,0x43,0xF7,0x43,0xF7,0x43,0xF7,0x43,0x38,0x4C,0x59,0x54,0x7A,0x5C,0x7A,0x5C,
	0x7A,0x5C,0x7A,0x5C,0x5A,0x5C,0x5A,0x64,0x5A,0x64,0x5A,0x64,0x5A,0x64,0x3A,0x64,0x3A,0x6C,0x1A,0x6C,
	0xFA,0x6B,0xFA,0x6B,0xFA,0x6B,0xFB,0x6B,0xFB,0x73,0xFB,0x73,0xDB,0x73,0x9B,0x73,0x9B,0x73,0x9B,0x7B,
	0xBB,0x7B,0xBB,0x7B,0x9B,0x7B,0x9B,0x7B,0x9B,0x83,0x9B,0x83,0x9B,0x83,0x5B,0x83,0x5B,0x83,0x5B,0x8B,
	0x3B,0x8B,0x1B,0x8B,0x3B,0x8B,0x1B,0x8B,0x1B,0x93,0x1B,0x93,0x1B,0x93,0x1B,0x93,0x1B,0x93,0xFB,0x92,
	0xDA,0x8A,0x98,0x82,0x78,0x82,0x78,0x82,0x78,0x82,0x78,0x82,0x58,0x8A,0x58,0x8A,0x58,0x8A,0x38,0x8A,
	0x38,0x8A,0x38,0x8A,0x38,0x8A,0x18,0x92,0x18,0x92,0x18,0x92,0x18,0x92,0x18,0x92,0xF8,0x91,0xB5,0x79,
	0x71,0x69,0x51,0x61,0x31,0x61,0x30,0x61,0x30,0x61,0x30,0x61,0x30,0x61,0x30,0x59,0xEE,0x50,0xEE,0x50,
	0xEE,0x50,0xEE,0x58,0xEE,0x58,0xEE,0x58,0xEE,0x58,0xCD,0x50,0xAC,0x48,0xAB,0x48,0xAC,0x48,0xAC,0x48,
	0xAC,0x48,0xAC,0x48,0xAC,0x48,0x8C,0x50,0x8C,0x50,0x8C,0x50,0x8C,0x50,0x8C,0x50,0x8C,0x50,0x8C,0x50,
	0x6A,0x40,0x69,0x38,0x69,0x38,0x69,0x38,0x69,0x38,0x69,0x38,0x69,0x38,0x69,0x38,0x48,0x38,0x27,0x30,
	0x26,0x30,0x26,0x30,0x27,0x30,0x26,0x28,0x04,0x20,0x04,0x18,0x03,0x10,0x03,0x18,0x03,0x18,0x03,0x18,
	0x03,0x18,0x03,0x18,0x03,0x18,0x03,0x18,0x03,0x18,0x03,0x18,0x03,0x18,0x03,0x18,0x03,0x18,0x03,0x18,
	0x03,0x18,0x02,0x08,0x01,0x00,0x00,0x00,0x00,0x00,0x00,0x00,0x00,0x00,0x00,0x00,0x00,0x00,0x00,0x00,
	0x00,0x00,0x00,0x00,0x00,0x00,0x00,0x00,0x00,0x00,0x00,0x00,0x00,0x00,0x00,0x00,0x22,0x08,0xEA,0x38,
	0xD3,0x71,0x36,0x82,0x57,0x82,0x37,0x82,0x15,0x7A,0xB1,0x61,0xC8,0x30,0x00,0x00,0x00,0x00,0x00,0x00,
	0x00,0x00,0x00,0x00,0x00,0x00,0x00,0x00,0x00,0x00,0x00,0x00,0x00,0x00,0x00,0x00,0x00,0x00,0x00,0x00,
	0x00,0x00,0x00,0x00,0x00,0x00,0x22,0x08,0x64,0x18,0xA6,0x20,0xA8,0x28,0xA7,0x20,0x85,0x18,0x43,0x10,
	0x21,0x08,0x00,0x00,0x00,0x00,0x00,0x00,0x00,0x00,0x00,0x00,0x00,0x00,0x00,0x00,0x00,0x00,0x00,0x00,
	0x00,0x00,0x00,0x00,0x00,0x00,0x00,0x00,0x00,0x00,0x00,0x00,0x00,0x00,0x00,0x00,0x00,0x00,0x82,0x00,
	0xC3,0x00,0xC3,0x00,0xC3,0x00,0xC3,0x00,0xC3,0x00,0xC3,0x00,0xC3,0x00,0xC3,0x00,0xC3,0x00,0xC3,0x00,
	0xC3,0x00,0xC3,0x00,0xA3,0x00,0xA2,0x00,0xA3,0x00,0xE4,0x00,0x05,0x09,0x26,0x09,0x26,0x09,0x05,0x09,
	0x05,0x09,0x66,0x09,0xA8,0x09,0xC8,0x09,0xC8,0x09,0xC8,0x09,0xC8,0x09,0xC8,0x09,0xC8,0x09,0xE9,0x09,
	0x0A,0x0A,0x4B,0x0A,0x6B,0x0A,0x6B,0x0A,0x6B,0x0A,0x6B,0x0A,0x6B,0x0A,0x4B,0x0A,0x4B,0x0A,0x4B,0x0A,
	0x4B,0x0A,0x4B,0x0A,0x2B,0x12,0x4B,0x12,0x6B,0x12,0xAD,0x1A,0xAD,0x1A,0xAD,0x1A,0xAD,0x1A,0xAD,0x1A,
	0x8D,0x1A,0x8D,0x1A,0xCE,0x1A,0xEF,0x1A,0xEF,0x1A,0xCF,0x1A,0xCF,0x1A,0xEF,0x22,0xEF,0x22,0xF0,0x1A,
	0x52,0x23,0xD5,0x2B,0x36,0x3C,0x77,0x3C,0x57,0x3C,0x57,0x3C,0x57,0x3C,0x57,0x3C,0x37,0x3C,0x37,0x3C,
	0x37,0x3C,0x17,0x44,0x17,0x44,0x17,0x44,0x17,0x44,0x17,0x44,0xF7,0x43,0xD6,0x43,0xD6,0x4B,0x38,0x54,
	0x7A,0x54,0x7A,0x5C,0x7A,0x5C,0x7A,0x5C,0x7A,0x5C,0x5A,0x5C,0x5A,0x64,0x5A,0x64,0x5A,0x64,0x3A,0x64,
	0x1A,0x64,0x1A,0x6C,0x1A,0x6C,0x1A,0x6C,0x1A,0x6C,0xFA,0x6B,0xFA,0x6B,0xFA,0x6B,0xFB,0x73,0xDB,0x73,
	0xBB,0x73,0xBB,0x73,0xBB,0x7B,0xBB,0x7B,0xBB,0x7B,0x9B,0x7B,0x9B,0x7B,0x9B,0x83,0x7B,0x83,0x7B,0x83,
	0x7B,0x83,0x7B,0x83,0x5B,0x8B,0x5B,0x8B,0x3B,0x8B,0x1B,0x8B,0x1B,0x8B,0x1B,0x8B,0x1B,0x93,0x1B,0x93,
	0xFB,0x92,0xDB,0x92,0xDB,0x92,0xB9,0x8A,0x57,0x82,0x57,0x82,0x78,0x82,0x78,0x82,0x78,0x82,0x58,0x8A,
	0x58,0x8A,0x58,0x8A,0x38,0x8A,0x38,0x8A,0x38,0x8A,0x38,0x8A,0x18,0x92,0x18,0x92,0x18,0x92,0x18,0x92,
	0x18,0x92,0xF7,0x89,0x94,0x79,0x30,0x61,0x30,0x61,0x30,0x61,0x30,0x61,0x30,0x61,0x30,0x61,0x30,0x61,
	0x30,0x61,0xEE,0x58,0xEE,0x50,0xEE,0x50,0xEE,0x50,0xEE,0x58,0xEE,0x58,0xCD,0x58,0xAC,0x50,0xAB,0x48,
	0xAB,0x48,0xAC,0x48,0xAC,0x48,0xAC,0x48,0xAC,0x48,0xAC,0x48,0x8C,0x50,0x8C,0x50,0x8C,0x50,0x8C,0x50,
	0x8C,0x50,0x8C,0x50,0x8C,0x50,0x6A,0x40,0x69,0x38,0x69,0x38,0x69,0x38,0x69,0x38,0x69,0x38,0x69,0x38,
	0x49,0x38,0x27,0x30,0x26,0x28,0x26,0x30,0x27,0x30,0x27,0x30,0x27,0x30,0x05,0x28,0x04,0x20,0x03,0x18,
	0x03,0x18,0x03,0x18,0x03,0x18,0x03,0x18,0x03,0x18,0x03,0x18,0x03,0x18,0x03,0x18,0x03,0x18,0x03,0x18,
	0x03,0x18,0x03,0x18,0x03,0x18,0x03,0x18,0x01,0x08,0x00,0x00,0x00,0x00,0x00,0x00,0x00,0x00,0x00,0x00,
	0x00,0x00,0x00,0x00,0x00,0x00,0x00,0x00,0x00,0x00,0x00,0x00,0x00,0x00,0x00,0x00,0x00,0x00,0x00,0x00,
	0x00,0x00,0x00,0x00,0x22,0x08,0x64,0x18,0xA6,0x20,0xA8,0x28,0xA7,0x20,0x85,0x20,0x64,0x10,0x22,0x08,
	0x00,0x00,0x00,0x00,0x00,0x00,0x00,0x00,0x00,0x00,0x00,0x00,0x00,0x00,0x00,0x00,0x00,0x00,0x00,0x00,
	0x00,0x00,0x00,0x00,0x00,0x00,0x00,0x00,0x00,0x00,0x00,0x00,0x00,0x00,0x00,0x00,0x00,0x00,0x00,0x00,
	0x00,0x00,0x00,0x00,0x00,0x00,0x00,0x00,0x00,0x00,0x00,0x00,0x00,0x00,0x00,0x00,0x00,0x00,0x00,0x00,
	0x00,0x00,0x00,0x00,0x00,0x00,0x00,0x00,0x00,0x00,0x00,0x00,0x00,0x00,0x00,0x00,0x00,0x00,0x00,0x00,
	0x00,0x00,0x00,0x00,0x61,0x00,0xA2,0x00,0xC3,0x00,0xC3,0x00,0xC3,0x00,0xC3,0x00,0xC3,0x00,0xC3,0x00,
	0xC3,0x00,0xC3,0x00,0xC3,0x00,0xC3,0x00,0xC3,0x00,0xA3,0x00,0xA2,0x00,0xC3,0x00,0xE4,0x00,0x05,0x09,
	0x26,0x09,0x26,0x09,0x05,0x09,0x05,0x09,0x46,0x09,0x87,0x09,0xC8,0x09,0xE8,0x09,0xC8,0x09,0xC8,0x09,
	0xC8,0x09,0xC8,0x09,0xC9,0x09,0x0A,0x0A,0x4B,0x0A,0x6B,0x0A,0x6B,0x0A,0x6B,0x0A,0x6B,0x0A,0x6B,0x0A,
	0x4B,0x0A,0x4B,0x0A,0x4B,0x0A,0x4B,0x0A,0x4B,0x0A,0x2B,0x12,0x2B,0x12,0x4B,0x12,0x8C,0x12,0xAD,0x1A,
	0xAD,0x1A,0xAD,0x1A,0xAD,0x1A,0x8D,0x1A,0xAD,0x1A,0xCF,0x1A,0xEF,0x1A,0xEF,0x1A,0xCF,0x1A,0xCF,0x1A,
	0xCF,0x22,0xEF,0x22,0xF0,0x1A,0x31,0x23,0x94,0x2B,0x36,0x34,0x97,0x3C,0x57,0x3C,0x57,0x3C,0x57,0x3C,
	0x57,0x3C,0x37,0x3C,0x37,0x3C,0x37,0x3C,0x17,0x44,0x17,0x44,0x17,0x44,0x17,0x44,0x17,0x44,0xF7,0x43,
	0xD6,0x43,0xD6,0x4B,0xF7,0x4B,0x39,0x54,0x7A,0x5C,0x7A,0x5C,0x7A,0x5C,0x7A,0x5C,0x5A,0x5C,0x5A,0x64,
	0x5A,0x64,0x5A,0x64,0x3A,0x64,0x1A,0x64,0x1A,0x6C,0x1A,0x6C,0x1A,0x6C,0xFA,0x6B,0xFA,0x6B,0xFA,0x6B,
	0xFA,0x6B,0xFB,0x73,0xDB,0x73,0xBB,0x73,0xBB,0x73,0xBB,0x7B,0xBB,0x7B,0xBB,0x7B,0x9B,0x7B,0x9B,0x7B,
	0x9B,0x83,0x7B,0x83,0x7B,0x83,0x7B,0x83,0x5B,0x8B,0x5B,0x8B,0x5B,0x8B,0x5B,0x8B,0x3B,0x8B,0x1B,0x8B,
	0x1B,0x8B,0x1B,0x93,0x1B,0x93,0xFB,0x92,0xDB,0x92,0xDA,0x8A,0x99,0x82,0x57,0x82,0x77,0x82,0x78,0x82,
	0x78,0x82,0x78,0x82,0x58,0x8A,0x58,0x8A,0x58,0x8A,0x38,0x8A,0x38,0x8A,0x38,0x8A,0x38,0x8A,0x18,0x92,
	0x18,0x92,0x18,0x92,0x18,0x92,0x18,0x92,0xF7,0x81,0x73,0x71,0x10,0x61,0x30,0x61,0x30,0x61,0x30,0x61,
	0x30,0x61,0x30,0x61,0x30,0x61,0x30,0x61,0xEE,0x58,0xEE,0x50,0xEE,0x50,0xEE,0x50,0xEE,0x58,0xEE,0x58,
	0xCD,0x50,0xAC,0x50,0xAB,0x48,0xAB,0x48,0xAC,0x48,0xAC,0x48,0xAC,0x48,0xAC,0x48,0xAC,0x48,0x8C,0x50,
	0x8C,0x50,0x8C,0x50,0x8C,0x50,0x8C,0x50,0x8C,0x50,0x8C,0x50,0x6A,0x40,0x69,0x38,0x69,0x38,0x69,0x38,
	0x69,0x38,0x69,0x38,0x69,0x38,0x48,0x38,0x27,0x30,0x26,0x28,0x26,0x28,0x27,0x30,0x27,0x30,0x27,0x30,
	0x06,0x30,0x04,0x20,0x03,0x18,0x03,0x18,0x03,0x18,0x03,0x18,0x03,0x18,0x03,0x18,0x03,0x18,0x03,0x18,
	0x03,0x18,0x03,0x18,0x03,0x18,0x03,0x18,0x03,0x18,0x03,0x18,0x02,0x10,0x01,0x08,0x00,0x00,0x00,0x00,
	0x00,0x00,0x00,0x00,0x00,0x00,0x00,0x00,0x00,0x00,0x00,0x00,0x00,0x00,0x00,0x00,0x00,0x00,0x00,0x00,
	0x00,0x00,0x00,0x00,0x00,0x00,0x00,0x00,0x00,0x00,0x00,0x00,0x00,0x00,0x00,0x00,0x00,0x00,0x00,0x00,
	0x00,0x00,0x00,0x00,0x00,0x00,0x00,0x00,0x00,0x00,0x00,0x00,0x00,0x00,0x00,0x00,0x00,0x00,0x00,0x00,
	0x00,0x00,0x00,0x00,0x00,0x00,0x00,0x00,0x00,0x00,0x00,0x00,0x00,0x00,0x00,0x00,0x00,0x00,0x00,0x00,
	0x00,0x00,0x00,0x00,0x00,0x00,0x00,0x00,0x00,0x00,0x00,0x00,0x00,0x00,0x00,0x00,0x00,0x00,0x00,0x00,
	0x00,0x00,0x00,0x00,0x00,0x00,0x00,0x00,0x00,0x00,0x00,0x00,0x00,0x00,0x00,0x00,0x00,0x00,0x00,0x00,
	0x00,0x00,0x00,0x00,0x00,0x00,0x00,0x00,0x00,0x00,0x41,0x00,0x82,0x00,0xC3,0x00,0xC3,0x00,0xC3,0x00,
	0xC3,0x00,0xC3,0x00,0xC3,0x00,0xC3,0x00,0xC3,0x00,0xC3,0x00,0xC3,0x00,0xC3,0x00,0xA3,0x00,0xA2,0x00,
	0xC3,0x00,0xE4,0x00,0x05,0x09,0x26,0x09,0x26,0x09,0x06,0x09,0x05,0x09,0x05,0x09,0x45,0x09,0xA8,0x01,
	0xE8,0x01,0xC8,0x09,0xC8,0x09,0xC8,0x09,0xA8,0x01,0xC9,0x01,0x0A,0x0A,0x4B,0x0A,0x6B,0x0A,0x6B,0x0A,
	0x6B,0x0A,0x6B,0x0A,0x6B,0x0A,0x4B,0x0A,0x4B,0x0A,0x4B,0x0A,0x4B,0x0A,0x4B,0x0A,0x4B,0x12,0x2B,0x12,
	0x2B,0x12,0x6C,0x12,0xAC,0x12,0xAD,0x1A,0xAD,0x1A,0xAD,0x1A,0x8D,0x1A,0xAD,0x1A,0xCF,0x1A,0xEF,0x1A,
	0xEF,0x1A,0xCF,0x1A,0xCF,0x1A,0xCF,0x1A,0xCF,0x1A,0x10,0x23,0x31,0x23,0x72,0x23,0x35,0x34,0x97,0x3C,
	0x57,0x3C,0x57,0x3C,0x57,0x3C,0x57,0x3C,0x37,0x3C,0x17,0x3C,0x17,0x3C,0x17,0x44,0x17,0x44,0x17,0x44,
	0xF7,0x43,0xF7,0x43,0xF7,0x43,0xF7,0x43,0xF7,0x4B,0xD7,0x4B,0xF8,0x4B,0x5A,0x5C,0x9A,0x5C,0x7A,0x5C,
	0x7A,0x5C,0x5A,0x5C,0x5A,0x64,0x5A,0x64,0x5A,0x64,0x5A,0x64,0x3A,0x64,0x3A,0x6C,0x1A,0x6C,0xFA,0x6B,
	0xFA,0x6B,0xFA,0x6B,0xFB,0x73,0xFB,0x73,0xFB,0x73,0xDB,0x73,0xBB,0x73,0xBB,0x73,0xBB,0x7B,0xBB,0x7B,
	0xBB,0x7B,0x9B,0x7B,0x9B,0x7B,0x9B,0x83,0x7B,0x83,0x7B,0x83,0x5B,0x8B,0x5B,0x8B,0x5B,0x8B,0x3B,0x8B,
	0x3B,0x8B,0x3B,0x8B,0x3B,0x8B,0x1B,0x93,0x1B,0x93,0x1B,0x93,0x1B,0x93,0xFB,0x92,0xBA,0x82,0x78,0x7A,
	0x77,0x7A,0x77,0x82,0x78,0x82,0x78,0x82,0x78,0x82,0x58,0x8A,0x58,0x8A,0x58,0x8A,0x38,0x8A,0x38,0x8A,
	0x38,0x8A,0x38,0x8A,0x18,0x92,0x18,0x92,0x18,0x92,0x19,0x9A,0x18,0x92,0xD6,0x79,0x73,0x69,0x30,0x61,
	0x30,0x59,0x30,0x59,0x30,0x61,0x30,0x61,0x30,0x61,0x30,0x61,0x30,0x61,0xEE,0x58,0xEE,0x50,0xEE,0x50,
	0xEE,0x50,0xEE,0x50,0xEE,0x50,0xCD,0x50,0xAC,0x48,0xAC,0x48,0xAC,0x48,0xAC,0x48,0xAC,0x48,0xAC,0x48,
	0xAC,0x48,0xAC,0x48,0x8C,0x50,0x8C,0x50,0x8C,0x50,0x8C,0x50,0x8C,0x50,0x8C,0x50,0x8C,0x50,0x6A,0x40,
	0x69,0x38,0x69,0x38,0x69,0x38,0x69,0x38,0x69,0x38,0x69,0x38,0x47,0x30,0x26,0x28,0x26,0x28,0x27,0x28,
	0x27,0x30,0x27,0x30,0x27,0x30,0x06,0x30,0x04,0x20,0x03,0x10,0x03,0x18,0x03,0x18,0x03,0x18,0x03,0x18,
	0x03,0x18,0x03,0x18,0x03,0x18,0x03,0x18,0x03,0x18,0x03,0x18,0x03,0x18,0x03,0x18,0x03,0x10,0x02,0x08,
	0x00,0x00,0x00,0x00,0x00,0x00,0x00,0x00,0x00,0x00,0x00,0x00,0x00,0x00,0x00,0x00,0x00,0x00,0x00,0x00,
	0x00,0x00,0x00,0x00,0x00,0x00,0x00,0x00,0x00,0x00,0x00,0x00,0x00,0x00,0x00,0x00,0x00,0x00,0x00,0x00,
	0x00,0x00,0x00,0x00,0x00,0x00,0x00,0x00,0x00,0x00,0x00,0x00,0x00,0x00,0x00,0x00,0x00,0x00,0x00,0x00,
	0x00,0x00,0x00,0x00,0x00,0x00,0x00,0x00,0x00,0x00,0x00,0x00,0x00,0x00,0x00,0x00,0x00,0x00,0x00,0x00,
	0x00,0x00,0x00,0x00,0x00,0x00,0x00,0x00,0x00,0x00,0x00,0x00,0x00,0x00,0x00,0x00,0x00,0x00,0x00,0x00,
	0x00,0x00,0x00,0x00,0x00,0x00,0x00,0x00,0x00,0x00,0x00,0x00,0x00,0x00,0x00,0x00,0x00,0x00,0x00,0x00,
	0x00,0x00,0x00,0x00,0x00,0x00,0x00,0x00,0x00,0x00,0x00,0x00,0x00,0x00,0x00,0x00,0x21,0x00,0x62,0x00,
	0xC3,0x00,0xC3,0x00,0xC3,0x00,0xC3,0x00,0xC3,0x00,0xC3,0x00,0xC3,0x00,0xC3,0x00,0xC3,0x00,0xC3,0x00,
	0xC3,0x00,0xA3,0x00,0xA2,0x00,0xC3,0x00,0x05,0x01,0x06,0x09,0x26,0x09,0x26,0x09,0x26,0x09,0x05,0x09,
	0x05,0x09,0x25,0x09,0x87,0x01,0xC8,0x01,0xC8,0x09,0xC8,0x09,0xC8,0x09,0xA8,0x01,0xC8,0x01,0x09,0x0A,
	0x4A,0x0A,0x6B,0x0A,0x6B,0x0A,0x6B,0x0A,0x6B,0x0A,0x6B,0x0A,0x4B,0x0A,0x4B,0x0A,0x4B,0x0A,0x4B,0x0A,
	0x4B,0x0A,0x4B,0x12,0x2B,0x12,0x2B,0x12,0x6C,0x12,0xAC,0x12,0xAD,0x1A,0xAD,0x1A,0xAD,0x1A,0xAD,0x1A,
	0xAD,0x1A,0xEF,0x1A,0xEF,0x1A,0xCF,0x1A,0xCF,0x1A,0xCF,0x1A,0xCF,0x1A,0xCF,0x22,0xEF,0x22,0x10,0x23,
	0x52,0x23,0x15,0x34,0x77,0x3C,0x57,0x3C,0x57,0x3C,0x57,0x3C,0x37,0x3C,0x17,0x3C,0x17,0x3C,0x17,0x3C,
	0x17,0x44,0x17,0x44,0x17,0x44,0xF7,0x43,0xF7,0x43,0xF7,0x43,0xF7,0x43,0xF7,0x4B,0xD7,0x4B,0xF7,0x4B,
	0x39,0x54,0x7A,0x5C,0x7A,0x5C,0x7A,0x5C,0x5A,0x5C,0x5A,0x64,0x5A,0x64,0x5A,0x64,0x5A,0x64,0x3A,0x64,
	0x3A,0x6C,0x1A,0x6C,0xFA,0x6B,0xFA,0x6B,0xFA,0x6B,0xFB,0x73,0xFB,0x73,0xFB,0x73,0xDB,0x73,0xBB,0x73,
	0xBB,0x73,0xBB,0x7B,0xBB,0x7B,0xBB,0x7B,0x9B,0x7B,0x9B,0x7B,0x9B,0x83,0x7B,0x83,0x7B,0x83,0x5B,0x8B,
	0x5B,0x8B,0x5B,0x8B,0x3B,0x8B,0x3B,0x8B,0x3B,0x8B,0x3B,0x8B,0x1B,0x93,0x1B,0x93,0x1B,0x93,0x1B,0x93,
	0xDA,0x8A,0x98,0x82,0x77,0x7A,0x77,0x7A,0x78,0x82,0x78,0x82,0x78,0x82,0x78,0x82,0x58,0x8A,0x58,0x8A,
	0x58,0x8A,0x38,0x8A,0x38,0x8A,0x38,0x8A,0x38,0x8A,0x18,0x92,0x18,0x92,0x18,0x92,0x19,0x9A,0xF7,0x89,
	0xB5,0x79,0x72,0x69,0x30,0x59,0x30,0x59,0x30,0x59,0x30,0x61,0x30,0x61,0x30,0x61,0x30,0x61,0x30,0x61,
	0xEE,0x58,0xEE,0x50,0xEE,0x50,0xEE,0x50,0xEE,0x50,0xEE,0x50,0xCD,0x50,0xAC,0x48,0xAC,0x48,0xAC,0x48,
	0xAC,0x48,0xAC,0x48,0xAC,0x48,0xAC,0x48,0xAC,0x48,0x8C,0x50,0x8C,0x50,0x8C,0x50,0x8C,0x50,0x8C,0x50,
	0x8C,0x50,0x8B,0x48,0x6A,0x40,0x69,0x38,0x69,0x38,0x69,0x38,0x69,0x38,0x69,0x38,0x69,0x38,0x47,0x30,
	0x26,0x30,0x27,0x28,0x27,0x30,0x27,0x30,0x27,0x30,0x27,0x30,0x06,0x30,0x04,0x20,0x03,0x10,0x03,0x18,
	0x03,0x18,0x03,0x18,0x03,0x18,0x03,0x18,0x03,0x18,0x03,0x18,0x03,0x18,0x03,0x18,0x03,0x18,0x03,0x18,
	0x03,0x18,0x03,0x10,0x02,0x08,0x00,0x00,0x00,0x00,0x00,0x00,0x00,0x00,0x00,0x00,0x00,0x00,0x00,0x00,
	0x00,0x00,0x00,0x00,0x00,0x00,0x00,0x00,0x00,0x00,0x00,0x00,0x00,0x00,0x00,0x00,0x00,0x00,0x00,0x00,
	0x00,0x00,0x00,0x00,0x00,0x00,0x00,0x00,0x00,0x00,0x00,0x00,0x00,0x00,0x00,0x00,0x00,0x00,0x00,0x00,
	0x00,0x00,0x00,0x00,0x00,0x00,0x00,0x00,0x00,0x00,0x00,0x00,0x00,0x00,0x00,0x00,0x00,0x00,0x00,0x00,
	0x00,0x00,0x00,0x00,0x00,0x00,0x00,0x00,0x00,0x00,0x00,0x00,0x00,0x00,0x00,0x00,0x00,0x00,0x00,0x00,
	0x00,0x00,0x00,0x00,0x00,0x00,0x00,0x00,0x00,0x00,0x00,0x00,0x00,0x00,0x00,0x00,0x00,0x00,0x00,0x00,
	0x00,0x00,0x00,0x00,0x00,0x00,0x00,0x00,0x00,0x00,0x00,0x00,0x00,0x00,0x00,0x00,0x00,0x00,0x00,0x00,
	0x00,0x00,0x21,0x00,0x61,0x00,0xC3,0x00,0xC3,0x00,0xC3,0x00,0xC3,0x00,0xC3,0x00,0xC3,0x00,0xC3,0x00,
	0xC3,0x00,0xC3,0x00,0xC3,0x00,0xC3,0x00,0xA3,0x00,0xA2,0x00,0xC3,0x00,0x05,0x01,0x26,0x09,0x26,0x09,
	0x26,0x09,0x26,0x09,0x26,0x09,0x05,0x09,0x05,0x09,0x47,0x01,0x87,0x01,0xC8,0x09,0xC8,0x09,0xC8,0x09,
	0xA8,0x01,0xC8,0x01,0x09,0x0A,0x4A,0x0A,0x6B,0x0A,0x6B,0x0A,0x6B,0x0A,0x6B,0x0A,0x6B,0x0A,0x4B,0x0A,
	0x4B,0x0A,0x4B,0x0A,0x4B,0x0A,0x4B,0x0A,0x4B,0x12,0x2B,0x12,0x2B,0x12,0x6C,0x12,0x8C,0x12,0xAD,0x1A,
	0xAD,0x1A,0x8D,0x1A,0xAD,0x1A,0xAD,0x1A,0xEF,0x1A,0xEF,0x1A,0xCF,0x1A,0xCF,0x1A,0xCF,0x1A,0xCF,0x22,
	0xCF,0x22,0xCF,0x22,0xCF,0x22,0x31,0x23,0xF5,0x2B,0x77,0x34,0x57,0x3C,0x57,0x3C,0x57,0x3C,0x37,0x3C,
	0x17,0x3C,0x17,0x3C,0x17,0x3C,0x17,0x44,0x17,0x44,0x17,0x44,0xF7,0x43,0xF7,0x43,0xF7,0x43,0xF7,0x4B,
	0xF7,0x4B,0xF7,0x4B,0xF7,0x4B,0xF7,0x53,0x38,0x54,0x7A,0x5C,0x7A,0x5C,0x5A,0x5C,0x5A,0x64,0x5A,0x64,
	0x5A,0x64,0x5A,0x64,0x3A,0x64,0x3A,0x6C,0x1A,0x6C,0xFA,0x6B,0xFA,0x6B,0xFA,0x6B,0xFB,0x6B,0xFB,0x73,
	0xFB,0x73,0xDB,0x73,0xBB,0x73,0xBB,0x73,0xBB,0x7B,0xBB,0x7B,0xBB,0x7B,0x9B,0x7B,0x9B,0x7B,0x9B,0x83,
	0x7B,0x83,0x7B,0x83,0x5B,0x8B,0x5B,0x8B,0x5B,0x8B,0x3B,0x8B,0x3B,0x8B,0x3B,0x8B,0x3B,0x8B,0x1B,0x93,
	0x1B,0x93,0x1B,0x93,0xFA,0x8A,0xB8,0x82,0x97,0x7A,0x77,0x7A,0x78,0x82,0x78,0x82,0x78,0x82,0x78,0x82,
	0x78,0x82,0x58,0x8A,0x58,0x8A,0x58,0x8A,0x38,0x8A,0x38,0x8A,0x38,0x8A,0x38,0x8A,0x18,0x92,0x18,0x92,
	0x18,0x92,0x18,0x92,0xD6,0x89,0x93,0x71,0x51,0x61,0x30,0x59,0x30,0x59,0x30,0x59,0x30,0x61,0x30,0x61,
	0x30,0x61,0x30,0x61,0x30,0x61,0xEE,0x58,0xEE,0x50,0xEE,0x50,0xEE,0x58,0xEE,0x58,0xCD,0x50,0xCC,0x48,
	0xAB,0x48,0xAB,0x48,0xAC,0x48,0xAC,0x48,0xAC,0x48,0xAC,0x48,0xAC,0x48,0xAC,0x48,0x8C,0x50,0x8C,0x50,
	0x8C,0x50,0x8C,0x50,0x8C,0x50,0x8C,0x50,0x8B,0x48,0x69,0x38,0x69,0x38,0x69,0x38,0x69,0x38,0x69,0x38,
	0x69,0x38,0x48,0x38,0x26,0x30,0x26,0x30,0x27,0x30,0x27,0x30,0x27,0x30,0x27,0x30,0x27,0x30,0x26,0x30,
	0x04,0x20,0x03,0x10,0x03,0x18,0x03,0x18,0x03,0x18,0x03,0x18,0x03,0x18,0x03,0x18,0x03,0x18,0x03,0x18,
	0x03,0x18,0x03,0x18,0x03,0x18,0x03,0x18,0x02,0x10,0x01,0x08,0x00,0x00,0x00,0x00,0x00,0x00,0x00,0x00,
	0x00,0x00,0x00,0x00,0x00,0x00,0x00,0x00,0x00,0x00,0x00,0x00,0x00,0x00,0x00,0x00,0x00,0x00,0x00,0x00,
	0x00,0x00,0x00,0x00,0x00,0x00,0x00,0x00,0x00,0x00,0x00,0x00,0x00,0x00,0x00,0x00,0x00,0x00,0x00,0x00,
	0x00,0x00,0x00,0x00,0x00,0x00,0x00,0x00,0x00,0x00,0x00,0x00,0x00,0x00,0x00,0x00,0x00,0x00,0x00,0x00,
	0x00,0x00,0x00,0x00,0x00,0x00,0x00,0x00,0x00,0x00,0x00,0x00,0x00,0x00,0x00,0x00,0x00,0x00,0x00,0x00,
	0x00,0x00,0x00,0x00,0x00,0x00,0x00,0x00,0x00,0x00,0x00,0x00,0x00,0x00,0x00,0x00,0x00,0x00,0x00,0x00,
	0x00,0x00,0x00,0x00,0x00,0x00,0x00,0x00,0x00,0x00,0x00,0x00,0x00,0x00,0x00,0x00,0x00,0x00,0x00,0x00,
	0x00,0x00,0x00,0x00,0x00,0x00,0x00,0x00,0x20,0x00,0x41,0x00,0xA2,0x00,0xC3,0x00,0xC3,0x00,0xC3,0x00,
	0xC3,0x00,0xC3,0x00,0xC3,0x00,0xC3,0x00,0xC3,0x00,0xC3,0x00,0xC3,0x00,0xC3,0x00,0xC2,0x00,0xE3,0x00,
	0x25,0x01,0x26,0x09,0x26,0x09,0x26,0x09,0x26,0x09,0x26,0x09,0x26,0x09,0x26,0x09,0x25,0x09,0x66,0x09,
	0xC8,0x09,0xC8,0x09,0xC8,0x09,0xC8,0x09,0xC8,0x09,0x09,0x0A,0x4A,0x0A,0x6B,0x0A,0x6B,0x0A,0x6B,0x0A,
	0x6B,0x0A,0x6B,0x0A,0x4B,0x0A,0x4B,0x0A,0x4B,0x0A,0x4B,0x0A,0x4B,0x0A,0x4B,0x12,0x4B,0x12,0x2B,0x12,
	0x2B,0x12,0x6C,0x12,0x8D,0x1A,0xAD,0x1A,0x8D,0x1A,0xAD,0x1A,0xAD,0x1A,0xEF,0x1A,0xEF,0x1A,0xEF,0x1A,
	0xCF,0x1A,0xCF,0x1A,0xCF,0x1A,0xCF,0x22,0xCF,0x22,0xCF,0x22,0x10,0x23,0xD4,0x2B,0x77,0x34,0x77,0x3C,
	0x77,0x3C,0x57,0x3C,0x37,0x3C,0x37,0x3C,0x17,0x3C,0x17,0x3C,0x17,0x44,0x17,0x44,0x17,0x44,0xF7,0x43,
	0xF7,0x43,0xF7,0x4B,0xF7,0x4B,0xF7,0x4B,0xF7,0x4B,0xF7,0x4B,0xB6,0x4B,0xF7,0x4B,0x59,0x54,0x5A,0x5C,
	0x5A,0x5C,0x5A,0x64,0x5A,0x64,0x5A,0x64,0x3A,0x64,0x1A,0x64,0x1A,0x6C,0x1A,0x6C,0x1A,0x6C,0xFA,0x6B,
	0xFA,0x6B,0xFA,0x6B,0xFA,0x6B,0xFB,0x73,0xDB,0x73,0xBB,0x73,0xBB,0x73,0xBB,0x7B,0xBB,0x7B,0xBB,0x7B,
	0x9B,0x7B,0x9B,0x7B,0x9B,0x83,0x7B,0x83,0x7B,0x83,0x7B,0x83,0x5B,0x8B,0x5B,0x8B,0x5B,0x8B,0x5B,0x8B,
	0x1B,0x8B,0x1B,0x8B,0x1B,0x93,0x1B,0x93,0xFA,0x8A,0xB9,0x82,0x98,0x7A,0x78,0x7A,0x78,0x7A,0x78,0x82,
	0x78,0x82,0x78,0x82,0x78,0x82,0x78,0x82,0x58,0x8A,0x58,0x8A,0x58,0x8A,0x38,0x8A,0x38,0x8A,0x38,0x8A,
	0x38,0x8A,0x18,0x92,0x18,0x92,0x18,0x92,0x19,0x92,0xD6,0x81,0x72,0x69,0x30,0x59,0x30,0x59,0x30,0x59,
	0x30,0x59,0x30,0x61,0x30,0x61,0x30,0x61,0x30,0x61,0x30,0x61,0x0E,0x59,0xEE,0x50,0xEE,0x50,0xEE,0x58,
	0xEE,0x58,0xCD,0x50,0xCC,0x48,0xAB,0x48,0xAB,0x48,0xAC,0x48,0xAC,0x48,0xAC,0x48,0xAC,0x48,0xAC,0x48,
	0xAC,0x48,0x8C,0x50,0x8C,0x50,0x8C,0x50,0x8C,0x50,0x8C,0x50,0x8C,0x50,0x8B,0x48,0x89,0x38,0x69,0x30,
	0x69,0x38,0x69,0x38,0x69,0x38,0x48,0x38,0x27,0x30,0x26,0x28,0x26,0x28,0x27,0x30,0x27,0x30,0x27,0x30,
	0x27,0x30,0x27,0x30,0x26,0x30,0x04,0x20,0x03,0x18,0x03,0x10,0x03,0x10,0x03,0x18,0x03,0x18,0x03,0x18,
	0x03,0x18,0x03,0x18,0x03,0x18,0x03,0x18,0x03,0x18,0x03,0x18,0x03,0x18,0x02,0x10,0x01,0x08,0x00,0x00,
	0x00,0x00,0x00,0x00,0x00,0x00,0x00,0x00,0x00,0x00,0x00,0x00,0x00,0x00,0x00,0x00,0x00,0x00,0x00,0x00,
	0x00,0x00,0x00,0x00,0x00,0x00,0x00,0x00,0x00,0x00,0x00,0x00,0x00,0x00,0x00,0x00,0x00,0x00,0x00,0x00,
	0x00,0x00,0x00,0x00,0x00,0x00,0x00,0x00,0x00,0x00,0x00,0x00,0x00,0x00,0x00,0x00,0x00,0x00,0x00,0x00,
	0x00,0x00,0x00,0x00,0x00,0x00,0x00,0x00,0x00,0x00,0x00,0x00,0x00,0x00,0x00,0x00,0x00,0x00,0x00,0x00,
	0x00,0x00,0x00,0x00,0x00,0x00,0x00,0x00,0x00,0x00,0x00,0x00,0x00,0x00,0x00,0x00,0x00,0x00,0x00,0x00,
	0x00,0x00,0x00,0x00,0x00,0x00,0x00,0x00,0x00,0x00,0x00,0x00,0x00,0x00,0x00,0x00,0x00,0x00,0x00,0x00,
	0x00,0x00,0x00,0x00,0x00,0x00,0x00,0x00,0x00,0x00,0x00,0x00,0x00,0x00,0x00,0x00,0x40,0x00,0xA2,0x00,
	0xC3,0x00,0xC3,0x00,0xC3,0x00,0xC3,0x00,0xC3,0x00,0xC3,0x00,0xC3,0x00,0xC3,0x00,0xC3,0x00,0xC3,0x00,
	0xC3,0x00,0xC2,0x00,0xE4,0x00,0x25,0x01,0x26,0x09,0x26,0x09,0x26,0x09,0x26,0x09,0x26,0x09,0x26,0x09,
	0x26,0x09,0x05,0x09,0x46,0x09,0xC8,0x09,0xC8,0x09,0xC8,0x09,0xC8,0x09,0xE8,0x09,0x09,0x0A,0x4A,0x0A,
	0x6B,0x0A,0x6B,0x0A,0x6B,0x0A,0x6B,0x0A,0x6B,0x0A,0x4B,0x0A,0x4B,0x0A,0x4B,0x0A,0x4B,0x0A,0x4B,0x0A,
	0x4B,0x12,0x4B,0x12,0x2B,0x12,0x2B,0x12,0x2B,0x12,0x6C,0x1A,0x8D,0x1A,0x8D,0x1A,0xAD,0x1A,0xAD,0x1A,
	0xEF,0x1A,0xEF,0x1A,0xEF,0x1A,0xCF,0x1A,0xCF,0x1A,0xCF,0x1A,0xCF,0x1A,0xCF,0x22,0xAE,0x22,0xCF,0x22,
	0x93,0x2B,0x36,0x34,0x77,0x3C,0x77,0x3C,0x57,0x3C,0x57,0x3C,0x37,0x3C,0x17,0x3C,0x17,0x3C,0x17,0x44,
	0x17,0x44,0x17,0x44,0xF7,0x43,0xF7,0x43,0xF7,0x4B,0xF7,0x4B,0xF7,0x4B,0xF7,0x4B,0xF7,0x4B,0xB6,0x4B,
	0xD7,0x4B,0x18,0x54,0x39,0x54,0x5A,0x5C,0x5A,0x64,0x5A,0x64,0x5A,0x64,0x3A,0x64,0x1A,0x64,0x1A,0x6C,
	0x1A,0x6C,0x1A,0x6C,0xFA,0x6B,0xFA,0x6B,0xFA,0x6B,0xFA,0x6B,0xFB,0x73,0xDB,0x73,0xBB,0x73,0xBB,0x73,
	0xBB,0x7B,0xBB,0x7B,0xBB,0x7B,0x9B,0x7B,0x9B,0x7B,0x9B,0x83,0x7B,0x83,0x7B,0x83,0x7B,0x83,0x5B,0x83,
	0x5B,0x8B,0x5B,0x8B,0x3B,0x8B,0x1B,0x8B,0x1B,0x8B,0x1B,0x93,0xFA,0x92,0xD9,0x8A,0xB8,0x7A,0x98,0x7A,
	0x78,0x7A,0x78,0x7A,0x78,0x82,0x78,0x82,0x78,0x82,0x78,0x82,0x78,0x82,0x58,0x8A,0x58,0x8A,0x58,0x8A,
	0x38,0x8A,0x38,0x8A,0x38,0x8A,0x38,0x8A,0x18,0x92,0x18,0x92,0x18,0x92,0x18,0x92,0xB5,0x81,0x51,0x61,
	0x30,0x59,0x30,0x59,0x30,0x59,0x30,0x59,0x30,0x61,0x30,0x61,0x30,0x61,0x30,0x61,0x30,0x61,0x0E,0x59,
	0xEE,0x50,0xEE,0x50,0xEE,0x50,0xED,0x50,0xCC,0x48,0xAB,0x48,0xAB,0x48,0xAC,0x48,0xAC,0x48,0xAC,0x48,
	0xAC,0x48,0xAC,0x48,0xAC,0x48,0xAC,0x48,0x8C,0x50,0x8C,0x50,0x8C,0x50,0x8C,0x50,0x8C,0x50,0x8B,0x48,
	0x8A,0x48,0x89,0x38,0x89,0x30,0x69,0x38,0x69,0x38,0x69,0x38,0x27,0x30,0x26,0x30,0x26,0x28,0x27,0x28,
	0x27,0x30,0x27,0x30,0x27,0x30,0x27,0x30,0x27,0x30,0x26,0x30,0x05,0x28,0x03,0x18,0x03,0x10,0x03,0x10,
	0x03,0x18,0x03,0x18,0x03,0x18,0x03,0x18,0x03,0x18,0x03,0x18,0x03,0x18,0x03,0x18,0x03,0x18,0x03,0x18,
	0x01,0x08,0x00,0x00,0x00,0x00,0x00,0x00,0x00,0x00,0x00,0x00,0x00,0x00,0x00,0x00,0x00,0x00,0x00,0x00,
	0x00,0x00,0x00,0x00,0x00,0x00,0x00,0x00,0x00,0x00,0x00,0x00,0x00,0x00,0x00,0x00,0x00,0x00,0x00,0x00,
	0x00,0x00,0x00,0x00,0x00,0x00,0x00,0x00,0x00,0x00,0x00,0x00,0x00,0x00,0x00,0x00,0x00,0x00,0x00,0x00,
	0x00,0x00,0x00,0x00,0x00,0x00,0x00,0x00,0x00,0x00,0x00,0x00,0x00,0x00,0x00,0x00,0x00,0x00,0x00,0x00,
	0x00,0x00,0x00,0x00,0x00,0x00,0x00,0x00,0x00,0x00,0x00,0x00,0x00,0x00,0x00,0x00,0x00,0x00,0x00,0x00,
	0x00,0x00,0x00,0x00,0x00,0x00,0x00,0x00,0x00,0x00,0x00,0x00,0x00,0x00,0x00,0x00,0x00,0x00,0x00,0x00,
	0x00,0x00,0x00,0x00,0x00,0x00,0x00,0x00,0x00,0x00,0x00,0x00,0x00,0x00,0x00,0x00,0x00,0x00,0x00,0x00,
	0x00,0x00,0x20,0x00,0x82,0x00,0xC3,0x00,0xC3,0x00,0xC3,0x00,0xC3,0x00,0xC3,0x00,0xC3,0x00,0xC3,0x00,
	0xC3,0x00,0xC3,0x00,0xA3,0x00,0xA3,0x00,0xA3,0x00,0xC4,0x00,0x05,0x09,0x26,0x09,0x26,0x09,0x26,0x09,
	0x26,0x09,0x26,0x09,0x26,0x09,0x26,0x09,0x05,0x09,0x46,0x09,0xA7,0x09,0xC8,0x09,0xC8,0x09,0xC8,0x09,
	0xC8,0x09,0xE9,0x09,0x2A,0x0A,0x6B,0x0A,0x6B,0x0A,0x6B,0x0A,0x6B,0x0A,0x6B,0x0A,0x4B,0x0A,0x4B,0x0A,
	0x4B,0x0A,0x4B,0x0A,0x4B,0x0A,0x4B,0x12,0x4B,0x12,0x4B,0x12,0x2B,0x12,0x2B,0x12,0x4B,0x12,0x6C,0x1A,
	0x8D,0x1A,0xAD,0x1A,0xAD,0x1A,0xEF,0x1A,0xEF,0x1A,0xEF,0x1A,0xCF,0x1A,0xCF,0x1A,0xCF,0x1A,0xCF,0x1A,
	0xCF,0x22,0xAE,0x22,0xAE,0x1A,0x51,0x23,0xD4,0x33,0x77,0x3C,0x77,0x3C,0x57,0x3C,0x57,0x3C,0x57,0x3C,
	0x37,0x3C,0x17,0x3C,0x17,0x44,0x17,0x44,0x17,0x44,0xF7,0x43,0xF7,0x43,0xF7,0x43,0xF7,0x4B,0xF7,0x4B,
	0xF7,0x4B,0xF7,0x4B,0xD7,0x4B,0xB6,0x4B,0xB6,0x4B,0x18,0x54,0x7A,0x5C,0x7A,0x64,0x5A,0x64,0x5A,0x64,
	0x5A,0x64,0x3A,0x64,0x3A,0x6C,0x1A,0x6C,0xFA,0x6B,0xFA,0x6B,0xFA,0x6B,0xFB,0x6B,0xFB,0x73,0xFB,0x73,
	0xDB,0x73,0xBB,0x73,0xBB,0x73,0xBB,0x7B,0xBB,0x7B,0xBB,0x7B,0x9B,0x7B,0x9B,0x7B,0x9B,0x83,0x9B,0x83,
	0x9B,0x83,0x5B,0x83,0x5B,0x83,0x5B,0x8B,0x3B,0x8B,0x1B,0x8B,0x3B,0x8B,0x3B,0x8B,0x1B,0x93,0xDA,0x8A,
	0x98,0x82,0x97,0x7A,0x97,0x7A,0x98,0x7A,0x98,0x7A,0x78,0x7A,0x78,0x82,0x78,0x82,0x78,0x82,0x78,0x82,
	0x58,0x8A,0x58,0x8A,0x58,0x8A,0x38,0x8A,0x38,0x8A,0x38,0x8A,0x38,0x8A,0x18,0x92,0x18,0x92,0x18,0x92,
	0xF7,0x89,0xB4,0x71,0x30,0x59,0x30,0x59,0x30,0x59,0x30,0x59,0x30,0x59,0x30,0x61,0x30,0x61,0x30,0x61,
	0x30,0x61,0x30,0x61,0x0E,0x59,0xEE,0x58,0xEE,0x50,0xEE,0x48,0xED,0x48,0xAB,0x48,0xAB,0x48,0xAC,0x48,
	0xAC,0x48,0xAC,0x48,0xAC,0x48,0xAC,0x48,0xAC,0x48,0xAC,0x48,0xAC,0x48,0x8C,0x50,0x8C,0x50,0x8C,0x50,
	0x8C,0x50,0x8C,0x50,0x6B,0x48,0x6A,0x40,0x89,0x30,0x89,0x30,0x69,0x38,0x49,0x38,0x48,0x38,0x27,0x30,
	0x26,0x30,0x27,0x30,0x27,0x30,0x27,0x30,0x27,0x30,0x27,0x30,0x27,0x30,0x27,0x30,0x27,0x30,0x05,0x28,
	0x04,0x20,0x03,0x10,0x03,0x10,0x03,0x18,0x03,0x18,0x03,0x18,0x03,0x18,0x03,0x18,0x03,0x18,0x03,0x18,
	0x03,0x18,0x03,0x18,0x03,0x18,0x01,0x08,0x00,0x00,0x00,0x00,0x00,0x00,0x00,0x00,0x00,0x00,0x00,0x00,
	0x00,0x00,0x00,0x00,0x00,0x00,0x00,0x00,0x00,0x00,0x00,0x00,0x00,0x00,0x00,0x00,0x00,0x00,0x00,0x00,
	0x00,0x00,0x00,0x00,0x00,0x00,0x00,0x00,0x00,0x00,0x00,0x00,0x00,0x00,0x00,0x00,0x00,0x00,0x00,0x00,
	0x00,0x00,0x00,0x00,0x00,0x00,0x00,0x00,0x00,0x00,0x00,0x00,0x00,0x00,0x00,0x00,0x00,0x00,0x00,0x00,
	0x00,0x00,0x00,0x00,0x00,0x00,0x00,0x00,0x00,0x00,0x00,0x00,0x00,0x00,0x00,0x00,0x00,0x00,0x00,0x00,
	0x00,0x00,0x00,0x00,0x00,0x00,0x00,0x00,0x00,0x00,0x00,0x00,0x00,0x00,0x00,0x00,0x00,0x00,0x00,0x00,
	0x00,0x00,0x00,0x00,0x00,0x00,0x00,0x00,0x00,0x00,0x00,0x00,0x00,0x00,0x00,0x00,0x00,0x00,0x00,0x00,
	0x00,0x00,0x00,0x00,0x00,0x00,0x00,0x00,0x20,0x00,0x81,0x00,0xA2,0x00,0xC3,0x00,0xC3,0x00,0xC3,0x00,
	0xC3,0x00,0xC3,0x00,0xC3,0x00,0xC3,0x00,0xC3,0x00,0xA3,0x00,0xA3,0x00,0xA3,0x00,0xE4,0x00,0x06,0x09,
	0x26,0x09,0x26,0x09,0x26,0x09,0x26,0x09,0x26,0x09,0x26,0x09,0x26,0x09,0x05,0x09,0x25,0x09,0x66,0x09,
	0xA7,0x09,0xC8,0x09,0xC8,0x09,0xC8,0x09,0xE8,0x09,0x29,0x0A,0x6B,0x0A,0x6B,0x0A,0x6B,0x0A,0x6B,0x0A,
	0x6B,0x0A,0x4B,0x0A,0x4B,0x0A,0x4B,0x0A,0x4B,0x0A,0x4B,0x0A,0x4B,0x12,0x4B,0x12,0x4B,0x12,0x2B,0x12,
	0x2B,0x12,0x2B,0x12,0x4C,0x12,0x8D,0x1A,0xAD,0x1A,0xAD,0x1A,0xEF,0x1A,0xEF,0x1A,0xEF,0x1A,0xCF,0x1A,
	0xCF,0x1A,0xCF,0x1A,0xCF,0x1A,0xCF,0x22,0xAE,0x22,0xAE,0x1A,0xF0,0x22,0x73,0x2B,0x36,0x34,0x77,0x3C,
	0x57,0x3C,0x57,0x3C,0x37,0x3C,0x37,0x3C,0x17,0x3C,0x17,0x44,0x17,0x44,0x17,0x44,0x17,0x44,0xF7,0x43,
	0xF7,0x43,0xF7,0x43,0xF7,0x4B,0xF7,0x4B,0xF7,0x4B,0xD7,0x4B,0xB7,0x4B,0xB7,0x4B,0xD8,0x53,0x19,0x5C,
	0x39,0x5C,0x5A,0x64,0x5A,0x64,0x5A,0x64,0x3A,0x64,0x1A,0x6C,0x1A,0x6C,0x1A,0x6C,0xFA,0x6B,0xFA,0x6B,
	0xFB,0x73,0xFB,0x73,0xFB,0x73,0xDB,0x73,0xBB,0x73,0xBB,0x73,0xBB,0x7B,0xBB,0x7B,0xBB,0x7B,0x9B,0x7B,
	0x9B,0x7B,0x9B,0x83,0x9B,0x83,0x7B,0x83,0x5B,0x83,0x5B,0x83,0x5B,0x8B,0x3B,0x8B,0x1B,0x8B,0x3B,0x8B,
	0x1B,0x8B,0xFA,0x8A,0xB9,0x82,0x97,0x7A,0x97,0x7A,0x97,0x7A,0x98,0x7A,0x98,0x7A,0x78,0x7A,0x78,0x82,
	0x78,0x82,0x78,0x82,0x78,0x82,0x58,0x8A,0x58,0x8A,0x58,0x8A,0x38,0x8A,0x38,0x8A,0x38,0x8A,0x38,0x8A,
	0x18,0x92,0x18,0x92,0x17,0x92,0xD5,0x79,0x72,0x69,0x30,0x59,0x30,0x59,0x30,0x59,0x30,0x59,0x30,0x59,
	0x30,0x61,0x30,0x61,0x30,0x61,0x30,0x61,0x30,0x61,0x0E,0x59,0x0E,0x59,0xEE,0x50,0xCD,0x48,0xCC,0x48,
	0xAB,0x48,0xAB,0x48,0xAC,0x48,0xAC,0x48,0xAC,0x48,0xAC,0x48,0xAC,0x48,0xAC,0x48,0xAC,0x48,0xAC,0x48,
	0x8C,0x50,0x8C,0x50,0x8C,0x50,0x8C,0x50,0x8C,0x50,0x6B,0x48,0x6A,0x40,0x69,0x38,0x69,0x38,0x69,0x38,
	0x48,0x38,0x47,0x38,0x26,0x30,0x26,0x30,0x27,0x30,0x27,0x30,0x27,0x30,0x27,0x30,0x27,0x30,0x27,0x30,
	0x27,0x30,0x27,0x30,0x26,0x28,0x04,0x20,0x03,0x18,0x03,0x10,0x03,0x18,0x03,0x18,0x03,0x18,0x03,0x18,
	0x03,0x18,0x03,0x18,0x03,0x18,0x03,0x18,0x03,0x18,0x03,0x18,0x01,0x08,0x00,0x00,0x00,0x00,0x00,0x00,
	0x00,0x00,0x00,0x00,0x00,0x00,0x00,0x00,0x00,0x00,0x00,0x00,0x00,0x00,0x00,0x00,0x00,0x00,0x00,0x00,
	0x00,0x00,0x00,0x00,0x00,0x00,0x00,0x00,0x00,0x00,0x00,0x00,0x00,0x00,0x00,0x00,0x00,0x00,0x00,0x00,
	0x00,0x00,0x00,0x00,0x00,0x00,0x00,0x00,0x00,0x00,0x00,0x00,0x00,0x00,0x00,0x00,0x00,0x00,0x00,0x00,
	0x00,0x00,0x00,0x00,0x00,0x00,0x00,0x00,0x00,0x00,0x00,0x00,0x00,0x00,0x00,0x00,0x00,0x00,0x00,0x00,
	0x00,0x00,0x00,0x00,0x00,0x00,0x00,0x00,0x00,0x00,0x00,0x00,0x00,0x00,0x00,0x00,0x00,0x00,0x00,0x00,
	0x00,0x00,0x00,0x00,0x00,0x00,0x00,0x00,0x00,0x00,0x00,0x00,0x00,0x00,0x00,0x00,0x00,0x00,0x00,0x00,
	0x00,0x00,0x00,0x00,0x00,0x00,0x00,0x00,0x00,0x00,0x00,0x00,0x00,0x00,0x20,0x00,0x61,0x00,0x82,0x00,
	0xC3,0x00,0xC3,0x00,0xC3,0x00,0xC3,0x00,0xC3,0x00,0xC3,0x00,0xC3,0x00,0xC3,0x00,0xA2,0x00,0xA2,0x00,
	0xC3,0x00,0xE5,0x00,0x26,0x09,0x26,0x09,0x26,0x09,0x26,0x09,0x26,0x09,0x26,0x09,0x26,0x09,0x26,0x09,
	0x05,0x09,0x05,0x09,0x26,0x09,0x87,0x09,0xC8,0x09,0xC8,0x09,0xC8,0x09,0xE8,0x09,0x29,0x0A,0x4A,0x0A,
	0x6B,0x0A,0x6B,0x0A,0x6B,0x0A,0x6B,0x0A,0x4B,0x0A,0x4B,0x0A,0x4B,0x0A,0x4B,0x0A,0x4B,0x0A,0x4B,0x12,
	0x4B,0x12,0x4B,0x12,0x2B,0x12,0x2B,0x12,0x0B,0x12,0x2B,0x12,0x6C,0x12,0x8D,0x1A,0xAD,0x1A,0xEF,0x1A,
	0xEF,0x1A,0xEF,0x1A,0xCF,0x1A,0xCF,0x1A,0xCF,0x1A,0xCF,0x1A,0xCF,0x22,0xCF,0x22,0xCF,0x22,0xCF,0x22,
	0x31,0x23,0xF5,0x33,0x57,0x3C,0x57,0x3C,0x57,0x3C,0x37,0x3C,0x17,0x3C,0x17,0x3C,0x17,0x44,0x17,0x44,
	0x17,0x44,0x17,0x44,0x17,0x44,0xF7,0x43,0xF7,0x43,0xF7,0x4B,0xF7,0x4B,0xF7,0x4B,0xD7,0x4B,0xD7,0x4B,
	0xD8,0x53,0xB7,0x53,0xB7,0x53,0xF8,0x5B,0x39,0x5C,0x5A,0x64,0x3A,0x64,0x1A,0x64,0x1A,0x6C,0x1A,0x6C,
	0x1A,0x6C,0x1A,0x6C,0xFA,0x6B,0xFB,0x73,0xFB,0x73,0xFB,0x73,0xDB,0x73,0xBB,0x73,0xBB,0x73,0xBB,0x7B,
	0xBB,0x7B,0xBB,0x7B,0x9B,0x7B,0x9B,0x7B,0x9B,0x83,0x7B,0x83,0x7B,0x83,0x5B,0x83,0x5B,0x83,0x5B,0x8B,
	0x3B,0x8B,0x3B,0x8B,0x1A,0x8B,0xFA,0x82,0xD9,0x7A,0xB8,0x7A,0x97,0x7A,0x98,0x7A,0x98,0x7A,0x78,0x7A,
	0x78,0x7A,0x78,0x82,0x78,0x82,0x78,0x82,0x78,0x82,0x78,0x82,0x58,0x8A,0x58,0x8A,0x58,0x8A,0x38,0x8A,
	0x38,0x8A,0x38,0x8A,0x38,0x8A,0x18,0x92,0x18,0x92,0xF7,0x89,0x93,0x69,0x51,0x59,0x30,0x59,0x30,0x59,
	0x30,0x59,0x30,0x59,0x30,0x59,0x30,0x61,0x30,0x61,0x30,0x61,0x30,0x61,0x30,0x61,0x0E,0x59,0x0E,0x59,
	0xED,0x50,0xCC,0x48,0xAB,0x48,0xAB,0x48,0xAB,0x48,0xAC,0x48,0xAC,0x48,0xAC,0x48,0xAC,0x48,0xAC,0x48,
	0xAC,0x48,0xAC,0x48,0xAC,0x48,0x8C,0x50,0x8C,0x50,0x8C,0x50,0x8C,0x50,0x8C,0x50,0x6B,0x48,0x6A,0x40,
	0x69,0x38,0x69,0x38,0x69,0x38,0x48,0x38,0x47,0x30,0x26,0x30,0x26,0x30,0x27,0x30,0x27,0x30,0x27,0x30,
	0x27,0x30,0x27,0x30,0x27,0x30,0x27,0x30,0x27,0x30,0x26,0x30,0x25,0x28,0x04,0x18,0x03,0x10,0x03,0x18,
	0x03,0x18,0x03,0x18,0x03,0x18,0x03,0x18,0x03,0x18,0x03,0x18,0x03,0x18,0x03,0x18,0x03,0x18,0x01,0x08,
	0x00,0x00,0x00,0x00,0x00,0x00,0x00,0x00,0x00,0x00,0x00,0x00,0x00,0x00,0x00,0x00,0x00,0x00,0x00,0x00,
	0x00,0x00,0x00,0x00,0x00,0x00,0x00,0x00,0x00,0x00,0x00,0x00,0x00,0x00,0x00,0x00,0x00,0x00,0x00,0x00,
	0x00,0x00,0x00,0x00,0x00,0x00,0x00,0x00,0x00,0x00,0x00,0x00,0x00,0x00,0x00,0x00,0x00,0x00,0x00,0x00,
	0x00,0x00,0x00,0x00,0x00,0x00,0x00,0x00,0x00,0x00,0x00,0x00,0x00,0x00,0x00,0x00,0x00,0x00,0x00,0x00,
	0x00,0x00,0x00,0x00,0x00,0x00,0x00,0x00,0x00,0x00,0x00,0x00,0x00,0x00,0x00,0x00,0x00,0x00,0x00,0x00,
	0x00,0x00,0x00,0x00,0x00,0x00,0x00,0x00,0x00,0x00,0x00,0x00,0x00,0x00,0x00,0x00,0x00,0x00,0x00,0x00,
	0x00,0x00,0x00,0x00,0x00,0x00,0x00,0x00,0x00,0x00,0x00,0x00,0x00,0x00,0x00,0x00,0x00,0x00,0x00,0x00,
	0x00,0x00,0x20,0x00,0x62,0x00,0xC3,0x00,0xC3,0x00,0xC3,0x00,0xC3,0x00,0xC3,0x00,0xC3,0x00,0xC3,0x00,
	0xC3,0x00,0xA2,0x00,0xA2,0x00,0xA4,0x00,0xE5,0x00,0x26,0x09,0x26,0x09,0x26,0x09,0x26,0x09,0x26,0x09,
	0x26,0x09,0x26,0x09,0x26,0x09,0x26,0x09,0x05,0x09,0x05,0x09,0x66,0x09,0xC8,0x09,0xC8,0x09,0xC8,0x09,
	0xC8,0x09,0x09,0x0A,0x4A,0x0A,0x6B,0x0A,0x6B,0x0A,0x6B,0x0A,0x6B,0x0A,0x4B,0x0A,0x4B,0x0A,0x4B,0x0A,
	0x4B,0x0A,0x4B,0x0A,0x4B,0x12,0x4B,0x12,0x4B,0x12,0x2B,0x12,0x2B,0x12,0x2B,0x12,0x2B,0x12,0x2B,0x12,
	0x8C,0x1A,0xCD,0x1A,0xEF,0x1A,0xEF,0x1A,0xEF,0x1A,0xCF,0x1A,0xCF,0x1A,0xCF,0x1A,0xCF,0x1A,0xCF,0x22,
	0xCF,0x22,0xCF,0x22,0xCF,0x22,0xF0,0x22,0x93,0x2B,0x16,0x34,0x77,0x3C,0x57,0x3C,0x37,0x3C,0x17,0x3C,
	0x17,0x3C,0x17,0x44,0x17,0x44,0x17,0x44,0x17,0x44,0x17,0x44,0xF7,0x43,0xF7,0x43,0xF7,0x4B,0xF7,0x4B,
	0xF7,0x4B,0xD7,0x4B,0xD7,0x4B,0xD8,0x53,0xB7,0x53,0xB7,0x4B,0xB7,0x53,0xF8,0x5B,0x19,0x64,0x3A,0x64,
	0x3A,0x64,0x3A,0x6C,0x1A,0x6C,0x1A,0x6C,0x1A,0x6C,0xFB,0x73,0xFB,0x73,0xFB,0x73,0xFB,0x73,0xDB,0x73,
	0xBB,0x73,0xBB,0x73,0xBB,0x7B,0xBB,0x7B,0xBB,0x7B,0x9B,0x7B,0x9B,0x7B,0x9B,0x83,0x7B,0x83,0x7B,0x83,
	0x5B,0x83,0x5B,0x83,0x5B,0x8B,0x3B,0x8B,0x1A,0x8B,0xF9,0x82,0xD8,0x7A,0xB8,0x7A,0x97,0x7A,0x98,0x7A,
	0x98,0x7A,0x98,0x7A,0x78,0x7A,0x78,0x7A,0x78,0x82,0x78,0x82,0x78,0x82,0x78,0x82,0x78,0x82,0x58,0x8A,
	0x58,0x8A,0x58,0x8A,0x38,0x8A,0x38,0x8A,0x38,0x8A,0x38,0x92,0x18,0x92,0x18,0x92,0xF7,0x81,0x72,0x61,
	0x30,0x59,0x30,0x59,0x30,0x59,0x30,0x59,0x30,0x59,0x30,0x59,0x30,0x61,0x30,0x61,0x30,0x61,0x30,0x61,
	0x30,0x61,0x0E,0x59,0xED,0x50,0xCC,0x48,0xAB,0x48,0xAB,0x48,0xAB,0x48,0xAC,0x48,0xAC,0x48,0xAC,0x48,
	0xAC,0x48,0xAC,0x48,0xAC,0x48,0xAC,0x48,0xAC,0x48,0xAC,0x48,0x8C,0x50,0x8C,0x50,0x8C,0x50,0x8C,0x50,
	0x8C,0x50,0x6B,0x48,0x6A,0x40,0x69,0x38,0x69,0x38,0x69,0x30,0x47,0x30,0x26,0x30,0x26,0x30,0x26,0x30,
	0x27,0x30,0x27,0x30,0x27,0x30,0x27,0x30,0x27,0x30,0x27,0x30,0x27,0x30,0x27,0x30,0x27,0x30,0x26,0x28,
	0x04,0x18,0x03,0x10,0x03,0x18,0x03,0x18,0x03,0x18,0x03,0x18,0x03,0x18,0x03,0x18,0x03,0x18,0x03,0x18,
	0x03,0x18,0x02,0x10,0x00,0x00,0x00,0x00,0x00,0x00,0x00,0x00,0x00,0x00,0x00,0x00,0x00,0x00,0x00,0x00,
	0x00,0x00,0x00,0x00,0x00,0x00,0x00,0x00,0x00,0x00,0x00,0x00,0x00,0x00,0x00,0x00,0x00,0x00,0x00,0x00,
	0x00,0x00,0x00,0x00,0x00,0x00,0x00,0x00,0x00,0x00,0x00,0x00,0x00,0x00,0x00,0x00,0x00,0x00,0x00,0x00,
	0x00,0x00,0x00,0x00,0x00,0x00,0x00,0x00,0x00,0x00,0x00,0x00,0x00,0x00,0x00,0x00,0x00,0x00,0x00,0x00,
	0x00,0x00,0x00,0x00,0x00,0x00,0x00,0x00,0x00,0x00,0x00,0x00,0x00,0x00,0x00,0x00,0x00,0x00,0x00,0x00,
	0x00,0x00,0x00,0x00,0x00,0x00,0x00,0x00,0x00,0x00,0x00,0x00,0x00,0x00,0x00,0x00,0x00,0x00,0x00,0x00,
	0x00,0x00,0x00,0x00,0x00,0x00,0x00,0x00,0x00,0x00,0x00,0x00,0x00,0x00,0x00,0x00,0x00,0x00,0x00,0x00,
	0x00,0x00,0x00,0x00,0x00,0x00,0x00,0x00,0x00,0x00,0x41,0x00,0xC3,0x00,0xC3,0x00,0xC3,0x00,0xC3,0x00,
	0xC3,0x00,0xC3,0x00,0xC3,0x00,0xC3,0x00,0xA2,0x00,0xA3,0x00,0xC4,0x00,0x05,0x01,0x26,0x09,0x26,0x09,
	0x26,0x09,0x26,0x09,0x26,0x09,0x26,0x09,0x26,0x09,0x26,0x09,0x26,0x09,0x06,0x09,0x05,0x09,0x46,0x09,
	0x87,0x09,0xC8,0x09,0xC8,0x09,0xC8,0x09,0x09,0x0A,0x4A,0x0A,0x6B,0x0A,0x6B,0x0A,0x6B,0x0A,0x6B,0x0A,
	0x4B,0x0A,0x4B,0x0A,0x4B,0x0A,0x4B,0x0A,0x4B,0x0A,0x4B,0x12,0x4B,0x12,0x4B,0x12,0x2B,0x12,0x2B,0x12,
	0x2B,0x12,0x0B,0x12,0x0B,0x12,0x6C,0x1A,0xAD,0x1A,0xEF,0x1A,0xEF,0x1A,0xEF,0x1A,0xCF,0x1A,0xCF,0x1A,
	0xCF,0x1A,0xCF,0x1A,0xCF,0x22,0xCF,0x22,0xCF,0x22,0xCF,0x22,0xCF,0x22,0x32,0x23,0xD4,0x33,0x77,0x3C,
	0x57,0x3C,0x37,0x3C,0x37,0x3C,0x17,0x3C,0x17,0x44,0x17,0x44,0x17,0x44,0x17,0x44,0x17,0x44,0xF7,0x43,
	0xF7,0x43,0xF7,0x4B,0xF7,0x4B,0xF7,0x4B,0xD7,0x4B,0xD7,0x4B,0xD8,0x53,0xB7,0x4B,0xB7,0x4B,0xB7,0x53,
	0xB7,0x53,0xD8,0x63,0xF9,0x63,0x1A,0x64,0x1A,0x6C,0x1A,0x6C,0x1A,0x6C,0x1A,0x6C,0xFB,0x73,0xFB,0x73,
	0xFB,0x73,0xFB,0x73,0xDB,0x73,0xBB,0x73,0xBB,0x73,0xBB,0x7B,0xBB,0x7B,0xBB,0x7B,0x9B,0x7B,0x9B,0x7B,
	0x9B,0x83,0x9B,0x83,0x7B,0x83,0x5B,0x83,0x5B,0x83,0x3B,0x8B,0x1A,0x8B,0xF9,0x82,0xD8,0x72,0xB8,0x72,
	0x97,0x7A,0x97,0x7A,0x98,0x7A,0x98,0x7A,0x98,0x7A,0x78,0x7A,0x78,0x7A,0x78,0x82,0x78,0x82,0x78,0x82,
	0x78,0x82,0x78,0x82,0x58,0x8A,0x58,0x8A,0x58,0x8A,0x38,0x8A,0x38,0x8A,0x38,0x8A,0x38,0x92,0x18,0x92,
	0xF7,0x89,0xB5,0x79,0x51,0x61,0x10,0x59,0x30,0x59,0x30,0x59,0x30,0x59,0x30,0x59,0x30,0x59,0x30,0x61,
	0x30,0x61,0x30,0x61,0x30,0x61,0x30,0x61,0x0E,0x59,0xED,0x50,0xCC,0x48,0xAB,0x48,0xAB,0x48,0xCC,0x48,
	0xCC,0x48,0xAC,0x48,0xAC,0x48,0xAC,0x48,0xAC,0x48,0xAC,0x48,0xAC,0x48,0xAC,0x48,0xAC,0x48,0x8C,0x50,
	0x8C,0x50,0x8C,0x50,0x8C,0x50,0x8C,0x50,0x6B,0x48,0x6A,0x40,0x69,0x38,0x69,0x38,0x68,0x30,0x47,0x30,
	0x26,0x30,0x26,0x30,0x26,0x30,0x27,0x30,0x27,0x30,0x27,0x30,0x27,0x30,0x27,0x30,0x27,0x30,0x27,0x30,
	0x27,0x30,0x27,0x30,0x26,0x28,0x04,0x18,0x03,0x10,0x03,0x18,0x03,0x18,0x03,0x18,0x03,0x18,0x03,0x18,
	0x03,0x18,0x03,0x18,0x03,0x18,0x02,0x10,0x01,0x08,0x00,0x00,0x00,0x00,0x00,0x00,0x00,0x00,0x00,0x00,
	0x00,0x00,0x00,0x00,0x00,0x00,0x00,0x00,0x00,0x00,0x00,0x00,0x00,0x00,0x00,0x00,0x00,0x00,0x00,0x00,
	0x00,0x00,0x00,0x00,0x00,0x00,0x00,0x00,0x00,0x00,0x00,0x00,0x00,0x00,0x00,0x00,0x00,0x00,0x00,0x00,
	0x00,0x00,0x00,0x00,0x00,0x00,0x00,0x00,0x00,0x00,0x00,0x00,0x00,0x00,0x00,0x00,0x00,0x00,0x00,0x00,
	0x00,0x00,0x00,0x00,0x00,0x00,0x00,0x00,0x00,0x00,0x00,0x00,0x00,0x00,0x00,0x00,0x00,0x00,0x00,0x00,
	0x00,0x00,0x00,0x00,0x00,0x00,0x00,0x00,0x00,0x00,0x00,0x00,0x00,0x00,0x00,0x00,0x00,0x00,0x00,0x00,
	0x00,0x00,0x00,0x00,0x00,0x00,0x00,0x00,0x00,0x00,0x00,0x00,0x00,0x00,0x00,0x00,0x00,0x00,0x00,0x00,
	0x00,0x00,0x00,0x00,0x00,0x00,0x00,0x00,0x00,0x00,0x00,0x00,0x00,0x00,0x00,0x00,0x40,0x00,0xA1,0x00,
	0xC3,0x00,0xC3,0x00,0xC3,0x00,0xC3,0x00,0xC3,0x00,0xC3,0x00,0xC3,0x00,0xA2,0x00,0xC3,0x00,0x05,0x01,
	0x26,0x01,0x26,0x09,0x26,0x09,0x26,0x09,0x26,0x09,0x26,0x09,0x26,0x09,0x26,0x09,0x26,0x09,0x26,0x09,
	0x26,0x09,0x26,0x09,0x05,0x09,0x25,0x09,0x88,0x09,0xC8,0x09,0xC8,0x09,0x09,0x0A,0x4A,0x0A,0x6B,0x0A,
	0x6B,0x0A,0x6B,0x0A,0x6B,0x0A,0x4B,0x0A,0x4B,0x0A,0x4B,0x0A,0x4B,0x0A,0x4B,0x0A,0x4B,0x12,0x4B,0x12,
	0x4B,0x12,0x2B,0x12,0x2B,0x12,0x2B,0x12,0x2B,0x12,0x0B,0x12,0x2B,0x12,0x6C,0x12,0xCE,0x1A,0xEF,0x1A,
	0xEF,0x1A,0xCF,0x1A,0xCF,0x1A,0xCF,0x1A,0xCF,0x1A,0xCF,0x22,0xCF,0x22,0xCF,0x22,0xCF,0x22,0xCF,0x22,
	0xF1,0x22,0x93,0x2B,0x56,0x34,0x77,0x3C,0x57,0x3C,0x37,0x3C,0x37,0x3C,0x17,0x44,0x17,0x44,0x17,0x44,
	0xF7,0x43,0xF7,0x43,0xF7,0x43,0xF7,0x43,0xF7,0x4B,0xF7,0x4B,0xF7,0x4B,0xD7,0x4B,0xD7,0x4B,0xD8,0x53,
	0xB7,0x53,0xB7,0x53,0xB7,0x53,0xB7,0x53,0xB7,0x53,0xB8,0x5B,0xB8,0x5B,0xD9,0x63,0x1A,0x64,0xFA,0x6B,
	0xFA,0x6B,0xFA,0x6B,0xFA,0x6B,0xFA,0x6B,0xFB,0x73,0xDB,0x73,0xBB,0x73,0xBB,0x73,0xBB,0x7B,0xBB,0x7B,
	0xBB,0x7B,0x9B,0x7B,0x9B,0x7B,0x9B,0x83,0x9B,0x83,0x9B,0x83,0x5B,0x83,0x3A,0x83,0x1A,0x7B,0xD8,0x7A,
	0xB7,0x72,0xD8,0x72,0xB8,0x72,0x98,0x72,0x98,0x72,0x98,0x7A,0x98,0x7A,0x98,0x7A,0x78,0x7A,0x78,0x7A,
	0x78,0x82,0x78,0x82,0x78,0x82,0x78,0x82,0x78,0x82,0x58,0x8A,0x58,0x8A,0x58,0x8A,0x38,0x8A,0x38,0x8A,
	0x38,0x8A,0x38,0x92,0x18,0x92,0xD5,0x79,0x72,0x69,0x30,0x59,0x30,0x59,0x30,0x59,0x30,0x59,0x30,0x59,
	0x30,0x59,0x30,0x59,0x30,0x61,0x30,0x61,0x30,0x61,0x30,0x61,0x30,0x61,0xEF,0x58,0xED,0x48,0xCB,0x40,
	0xCB,0x48,0xCC,0x48,0xCC,0x48,0xCC,0x48,0xAC,0x48,0xAC,0x48,0xAC,0x48,0xAC,0x48,0xAC,0x48,0xAC,0x48,
	0xAC,0x48,0xAC,0x48,0x8C,0x50,0x8C,0x50,0x8C,0x50,0x8C,0x50,0x8C,0x50,0x6B,0x48,0x69,0x38,0x69,0x38,
	0x49,0x38,0x28,0x30,0x27,0x28,0x26,0x28,0x26,0x30,0x26,0x30,0x27,0x30,0x27,0x30,0x27,0x30,0x27,0x30,
	0x27,0x30,0x27,0x30,0x27,0x30,0x27,0x30,0x27,0x30,0x26,0x30,0x04,0x20,0x03,0x18,0x03,0x18,0x03,0x18,
	0x03,0x18,0x03,0x18,0x03,0x18,0x03,0x18,0x03,0x18,0x03,0x10,0x02,0x08,0x00,0x00,0x00,0x00,0x00,0x00,
	0x00,0x00,0x00,0x00,0x00,0x00,0x00,0x00,0x00,0x00,0x00,0x00,0x00,0x00,0x00,0x00,0x00,0x00,0x00,0x00,
	0x00,0x00,0x00,0x00,0x00,0x00,0x00,0x00,0x00,0x00,0x00,0x00,0x00,0x00,0x00,0x00,0x00,0x00,0x00,0x00,
	0x00,0x00,0x00,0x00,0x00,0x00,0x00,0x00,0x00,0x00,0x00,0x00,0x00,0x00,0x00,0x00,0x00,0x00,0x00,0x00,
	0x00,0x00,0x00,0x00,0x00,0x00,0x00,0x00,0x00,0x00,0x00,0x00,0x00,0x00,0x00,0x00,0x00,0x00,0x00,0x00,
	0x00,0x00,0x00,0x00,0x00,0x00,0x00,0x00,0x00,0x00,0x00,0x00,0x00,0x00,0x00,0x00,0x00,0x00,0x00,0x00,
	0x00,0x00,0x00,0x00,0x00,0x00,0x00,0x00,0x00,0x00,0x00,0x00,0x00,0x00,0x00,0x00,0x00,0x00,0x00,0x00,
	0x00,0x00,0x00,0x00,0x00,0x00,0x00,0x00,0x00,0x00,0x00,0x00,0x00,0x00,0x00,0x00,0x00,0x00,0x00,0x00,
	0x00,0x00,0x20,0x00,0x61,0x00,0xA2,0x00,0xC3,0x00,0xC3,0x00,0xC3,0x00,0xC3,0x00,0xC3,0x00,0xC3,0x00,
	0xA2,0x00,0xC3,0x00,0x05,0x01,0x26,0x01,0x26,0x09,0x26,0x09,0x26,0x09,0x26,0x09,0x26,0x09,0x26,0x09,
	0x26,0x09,0x26,0x09,0x26,0x09,0x26,0x09,0x26,0x09,0x05,0x09,0x05,0x09,0x67,0x09,0xA8,0x09,0xC8,0x09,
	0x09,0x0A,0x4A,0x0A,0x6B,0x0A,0x6B,0x0A,0x6B,0x0A,0x6B,0x0A,0x4B,0x0A,0x4B,0x0A,0x4B,0x0A,0x4B,0x0A,
	0x4B,0x0A,0x4B,0x12,0x4B,0x12,0x4B,0x12,0x2B,0x12,0x2B,0x12,0x2B,0x12,0x2B,0x12,0x0B,0x12,0x2B,0x12,
	0x4B,0x12,0xCE,0x1A,0xEF,0x1A,0xEF,0x1A,0xCF,0x1A,0xCF,0x1A,0xCF,0x1A,0xCF,0x1A,0xCF,0x22,0xCF,0x22,
	0xCF,0x22,0xCF,0x22,0xCF,0x22,0xD0,0x22,0x32,0x23,0xD4,0x33,0x36,0x3C,0x77,0x3C,0x37,0x3C,0x17,0x44,
	0x17,0x44,0x17,0x44,0x17,0x44,0xF7,0x43,0xF7,0x43,0xF7,0x43,0xF7,0x4B,0xF7,0x4B,0xF7,0x4B,0xF7,0x4B,
	0xD7,0x4B,0xD7,0x4B,0xD8,0x53,0xB7,0x53,0xB7,0x53,0xB7,0x53,0xB7,0x53,0x97,0x53,0x97,0x53,0x77,0x5B,
	0xB8,0x5B,0xB8,0x63,0xB9,0x6B,0xDA,0x6B,0xDA,0x6B,0xDA,0x6B,0xDA,0x6B,0xFB,0x73,0xFB,0x73,0xBB,0x73,
	0xBB,0x7B,0xBB,0x7B,0x9B,0x7B,0x9B,0x7B,0x9B,0x7B,0x9B,0x7B,0x7A,0x7B,0x7A,0x7B,0x5A,0x7B,0x59,0x7B,
	0x19,0x7B,0xD9,0x72,0xB8,0x72,0xB7,0x72,0xB8,0x72,0xB8,0x72,0x98,0x72,0x98,0x7A,0x98,0x7A,0x98,0x7A,
	0x98,0x7A,0x78,0x7A,0x78,0x7A,0x78,0x82,0x78,0x82,0x78,0x82,0x78,0x82,0x78,0x82,0x58,0x8A,0x58,0x8A,
	0x58,0x8A,0x38,0x8A,0x38,0x8A,0x38,0x92,0x38,0x92,0xF7,0x89,0x94,0x71,0x51,0x61,0x30,0x59,0x30,0x59,
	0x30,0x59,0x30,0x59,0x30,0x59,0x30,0x59,0x30,0x59,0x30,0x61,0x30,0x61,0x30,0x61,0x30,0x61,0x0F,0x59,
	0xEE,0x50,0xCC,0x48,0xCB,0x40,0xCC,0x48,0xCC,0x48,0xCC,0x48,0xCC,0x48,0xAC,0x48,0xAC,0x48,0xAC,0x48,
	0xAC,0x48,0xAC,0x48,0xAC,0x48,0xAC,0x48,0xAC,0x48,0x8C,0x50,0x8C,0x50,0x8C,0x50,0x8C,0x50,0x8C,0x50,
	0x6A,0x40,0x69,0x38,0x69,0x38,0x48,0x30,0x27,0x30,0x26,0x28,0x26,0x28,0x26,0x30,0x26,0x30,0x27,0x30,
	0x27,0x30,0x27,0x30,0x27,0x30,0x27,0x30,0x27,0x30,0x27,0x30,0x27,0x30,0x27,0x30,0x26,0x30,0x04,0x20,
	0x03,0x18,0x03,0x18,0x03,0x18,0x03,0x18,0x03,0x18,0x03,0x18,0x03,0x18,0x03,0x18,0x02,0x10,0x01,0x08,
	0x00,0x00,0x00,0x00,0x00,0x00,0x00,0x00,0x00,0x00,0x00,0x00,0x00,0x00,0x00,0x00,0x00,0x00,0x00,0x00,
	0x00,0x00,0x00,0x00,0x00,0x00,0x00,0x00,0x00,0x00,0x00,0x00,0x00,0x00,0x00,0x00,0x00,0x00,0x00,0x00,
	0x00,0x00,0x00,0x00,0x00,0x00,0x00,0x00,0x00,0x00,0x00,0x00,0x00,0x00,0x00,0x00,0x00,0x00,0x00,0x00,
	0x00,0x00,0x00,0x00,0x00,0x00,0x00,0x00,0x00,0x00,0x00,0x00,0x00,0x00,0x00,0x00,0x00,0x00,0x00,0x00,
	0x00,0x00,0x00,0x00,0x00,0x00,0x00,0x00,0x00,0x00,0x00,0x00,0x00,0x00,0x00,0x00,0x00,0x00,0x00,0x00,
	0x00,0x00,0x00,0x00,0x00,0x00,0x00,0x00,0x00,0x00,0x00,0x00,0x00,0x00,0x00,0x00,0x00,0x00,0x00,0x00,
	0x00,0x00,0x00,0x00,0x00,0x00,0x00,0x00,0x00,0x00,0x00,0x00,0x00,0x00,0x00,0x00,0x00,0x00,0x00,0x00,
	0x00,0x00,0x00,0x00,0x00,0x00,0x00,0x00,0x00,0x00,0x20,0x00,0x81,0x00,0xA2,0x00,0xC3,0x00,0xC3,0x00,
	0xC3,0x00,0xC3,0x00,0xC3,0x00,0xA2,0x00,0xC3,0x00,0x05,0x01,0x26,0x01,0x26,0x09,0x26,0x09,0x26,0x09,
	0x26,0x09,0x26,0x09,0x26,0x09,0x26,0x09,0x26,0x09,0x26,0x09,0x26,0x09,0x26,0x09,0x05,0x09,0x05,0x09,
	0x46,0x09,0x87,0x09,0xC8,0x09,0x09,0x0A,0x4A,0x0A,0x6B,0x0A,0x6B,0x0A,0x6B,0x0A,0x6B,0x0A,0x4B,0x0A,
	0x4B,0x0A,0x4B,0x0A,0x4B,0x0A,0x4B,0x0A,0x4B,0x12,0x4B,0x12,0x4B,0x12,0x2B,0x12,0x2B,0x12,0x2B,0x12,
	0x2B,0x12,0x0B,0x12,0x0B,0x12,0x4B,0x12,0xAD,0x1A,0xEF,0x1A,0xEF,0x1A,0xCF,0x22,0xCF,0x22,0xCF,0x1A,
	0xCF,0x1A,0xCF,0x22,0xCF,0x22,0xCF,0x22,0xCF,0x22,0xCF,0x22,0xD0,0x22,0xD0,0x22,0x11,0x2B,0xF5,0x33,
	0x77,0x3C,0x37,0x44,0x17,0x44,0x17,0x44,0x17,0x44,0x17,0x44,0xF7,0x43,0xF7,0x43,0xF7,0x4B,0xF7,0x4B,
	0xF7,0x4B,0xF7,0x4B,0xF7,0x4B,0xD7,0x4B,0xD7,0x4B,0xD8,0x53,0xB7,0x53,0xB7,0x53,0xB7,0x53,0xB7,0x53,
	0x97,0x53,0x77,0x53,0x77,0x5B,0x77,0x5B,0x77,0x5B,0x78,0x63,0x98,0x63,0xB9,0x63,0xBA,0x6B,0xBA,0x6B,
	0xDA,0x73,0xDA,0x73,0xDA,0x73,0xBA,0x73,0x9A,0x7B,0x7A,0x7B,0x7A,0x7B,0x7A,0x7B,0x7A,0x7B,0x59,0x73,
	0x38,0x73,0x18,0x73,0x18,0x73,0xF8,0x72,0xD8,0x72,0xD8,0x72,0xD8,0x72,0xB8,0x72,0xB8,0x72,0x97,0x7A,
	0x97,0x7A,0x98,0x7A,0x98,0x7A,0x98,0x7A,0x78,0x7A,0x78,0x7A,0x78,0x82,0x78,0x82,0x78,0x82,0x78,0x82,
	0x78,0x82,0x58,0x8A,0x58,0x8A,0x58,0x8A,0x38,0x8A,0x38,0x8A,0x38,0x92,0x17,0x8A,0xB5,0x79,0x72,0x69,
	0x51,0x61,0x30,0x59,0x30,0x59,0x30,0x59,0x30,0x59,0x30,0x59,0x30,0x59,0x30,0x59,0x30,0x61,0x30,0x61,
	0x30,0x61,0x10,0x59,0xEE,0x58,0xCD,0x48,0xCB,0x48,0xCB,0x40,0xCC,0x48,0xCC,0x48,0xCC,0x48,0xCC,0x48,
	0xAC,0x48,0xAC,0x48,0xAC,0x48,0xAC,0x48,0xAC,0x48,0xAC,0x48,0xAC,0x48,0xAC,0x48,0x8C,0x50,0x8C,0x50,
	0x8C,0x50,0x8C,0x50,0x8B,0x48,0x6A,0x40,0x69,0x38,0x48,0x30,0x47,0x30,0x26,0x28,0x26,0x28,0x26,0x28,
	0x26,0x30,0x26,0x30,0x27,0x30,0x27,0x30,0x27,0x30,0x27,0x30,0x27,0x30,0x27,0x30,0x27,0x30,0x27,0x30,
	0x27,0x30,0x27,0x30,0x04,0x20,0x03,0x18,0x03,0x10,0x03,0x10,0x03,0x18,0x03,0x18,0x03,0x18,0x03,0x18,
	0x02,0x10,0x01,0x08,0x00,0x00,0x00,0x00,0x00,0x00,0x00,0x00,0x00,0x00,0x00,0x00,0x00,0x00,0x00,0x00,
	0x00,0x00,0x00,0x00,0x00,0x00,0x00,0x00,0x00,0x00,0x00,0x00,0x00,0x00,0x00,0x00,0x00,0x00,0x00,0x00,
	0x00,0x00,0x00,0x00,0x00,0x00,0x00,0x00,0x00,0x00,0x00,0x00,0x00,0x00,0x00,0x00,0x00,0x00,0x00,0x00,
	0x00,0x00,0x00,0x00,0x00,0x00,0x00,0x00,0x00,0x00,0x00,0x00,0x00,0x00,0x00,0x00,0x00,0x00,0x00,0x00,
	0x00,0x00,0x00,0x00,0x00,0x00,0x00,0x00,0x00,0x00,0x00,0x00,0x00,0x00,0x00,0x00,0x00,0x00,0x00,0x00,
	0x00,0x00,0x00,0x00,0x00,0x00,0x00,0x00,0x00,0x00,0x00,0x00,0x00,0x00,0x00,0x00,0x00,0x00,0x00,0x00,
	0x00,0x00,0x00,0x00,0x00,0x00,0x00,0x00,0x00,0x00,0x00,0x00,0x00,0x00,0x00,0x00,0x00,0x00,0x00,0x00,
	0x00,0x00,0x00,0x00,0x00,0x00,0x00,0x00,0x00,0x00,0x00,0x00,0x00,0x00,0x00,0x00,0x00,0x00,0x61,0x00,
	0xA2,0x00,0xC3,0x00,0xC3,0x00,0xC3,0x00,0xC3,0x00,0xA3,0x00,0xA3,0x00,0xC3,0x00,0x05,0x09,0x26,0x09,
	0x26,0x09,0x26,0x09,0x26,0x09,0x26,0x09,0x26,0x09,0x26,0x09,0x26,0x09,0x26,0x09,0x26,0x09,0x26,0x09,
	0x26,0x09,0x06,0x09,0x05,0x09,0x25,0x09,0x46,0x09,0x87,0x09,0xE9,0x09,0x4A,0x0A,0x6B,0x0A,0x6B,0x0A,
	0x6B,0x0A,0x6B,0x0A,0x4B,0x0A,0x4B,0x0A,0x4B,0x0A,0x4B,0x0A,0x4B,0x0A,0x4B,0x12,0x4B,0x12,0x4B,0x12,
	0x2B,0x12,0x2B,0x12,0x2B,0x12,0x2B,0x12,0x0B,0x12,0x0B,0x12,0x2B,0x12,0x8D,0x1A,0xAE,0x1A,0xAE,0x1A,
	0xAF,0x1A,0xCF,0x22,0xCF,0x22,0xCF,0x22,0xCF,0x22,0xCF,0x22,0xCF,0x22,0xAF,0x22,0xAF,0x22,0xCF,0x22,
	0xCF,0x22,0xF0,0x22,0x73,0x2B,0xF5,0x33,0x37,0x3C,0x37,0x44,0x17,0x44,0x17,0x44,0x17,0x44,0xF7,0x43,
	0xF7,0x43,0xF7,0x43,0xF7,0x4B,0xF7,0x4B,0xF7,0x4B,0xF7,0x4B,0xD7,0x4B,0xD7,0x4B,0xD8,0x53,0xB7,0x53,
	0xB7,0x53,0xB7,0x53,0xB7,0x53,0xB7,0x53,0x97,0x53,0x77,0x53,0x77,0x5B,0x77,0x5B,0x57,0x5B,0x57,0x5B,
	0x78,0x5B,0x78,0x63,0x79,0x6B,0x79,0x6B,0x79,0x6B,0x79,0x6B,0x79,0x73,0x59,0x73,0x39,0x73,0x39,0x73,
	0x39,0x73,0x39,0x73,0x38,0x73,0x18,0x73,0x18,0x73,0xF8,0x72,0xD8,0x72,0xD8,0x72,0xD8,0x72,0xD8,0x72,
	0xB8,0x72,0xB8,0x72,0x97,0x72,0x98,0x7A,0x98,0x7A,0x98,0x7A,0x98,0x7A,0x78,0x7A,0x78,0x7A,0x78,0x82,
	0x78,0x82,0x78,0x82,0x78,0x82,0x78,0x82,0x58,0x8A,0x58,0x8A,0x38,0x8A,0x38,0x8A,0x38,0x8A,0x17,0x8A,
	0xD5,0x79,0x93,0x61,0x71,0x61,0x51,0x59,0x30,0x59,0x30,0x59,0x30,0x59,0x30,0x59,0x30,0x59,0x30,0x59,
	0x30,0x61,0x30,0x61,0x10,0x61,0x0F,0x59,0xEF,0x58,0xEE,0x50,0xCC,0x48,0xCB,0x48,0xCB,0x40,0xCC,0x48,
	0xCC,0x48,0xCC,0x48,0xCC,0x48,0xAC,0x48,0xAC,0x48,0xAC,0x48,0xAC,0x48,0xAC,0x48,0xAC,0x48,0xAC,0x48,
	0xAC,0x48,0x8C,0x50,0x8C,0x50,0x8C,0x50,0x8C,0x50,0x8B,0x48,0x8A,0x40,0x69,0x30,0x47,0x28,0x26,0x28,
	0x26,0x28,0x26,0x28,0x26,0x28,0x26,0x30,0x26,0x30,0x27,0x30,0x27,0x30,0x27,0x30,0x27,0x30,0x27,0x30,
	0x27,0x30,0x27,0x30,0x27,0x30,0x27,0x30,0x27,0x30,0x04,0x20,0x03,0x18,0x03,0x10,0x03,0x10,0x03,0x18,
	0x03,0x18,0x03,0x18,0x03,0x18,0x02,0x10,0x00,0x00,0x00,0x00,0x00,0x00,0x00,0x00,0x00,0x00,0x00,0x00,
	0x00,0x00,0x00,0x00,0x00,0x00,0x00,0x00,0x00,0x00,0x00,0x00,0x00,0x00,0x00,0x00,0x00,0x00,0x00,0x00,
	0x00,0x00,0x00,0x00,0x00,0x00,0x00,0x00,0x00,0x00,0x00,0x00,0x00,0x00,0x00,0x00,0x00,0x00,0x00,0x00,
	0x00,0x00,0x00,0x00,0x00,0x00,0x00,0x00,0x00,0x00,0x00,0x00,0x00,0x00,0x00,0x00,0x00,0x00,0x00,0x00,
	0x00,0x00,0x00,0x00,0x00,0x00,0x00,0x00,0x00,0x00,0x00,0x00,0x00,0x00,0x00,0x00,0x00,0x00,0x00,0x00,
	0x00,0x00,0x00,0x00,0x00,0x00,0x00,0x00,0x00,0x00,0x00,0x00,0x00,0x00,0x00,0x00,0x00,0x00,0x00,0x00,
	0x00,0x00,0x00,0x00,0x00,0x00,0x00,0x00,0x00,0x00,0x00,0x00,0x00,0x00,0x00,0x00,0x00,0x00,0x00,0x00,
	0x00,0x00,0x00,0x00,0x00,0x00,0x00,0x00,0x00,0x00,0x00,0x00,0x00,0x00,0x00,0x00,0x00,0x00,0x00,0x00,
	0x00,0x00,0x00,0x00,0x41,0x00,0x82,0x00,0xC3,0x00,0xC3,0x00,0xC3,0x00,0xA3,0x00,0xA3,0x00,0xA3,0x00,
	0xC4,0x00,0x25,0x09,0x26,0x09,0x26,0x09,0x26,0x09,0x26,0x09,0x26,0x09,0x26,0x09,0x26,0x09,0x26,0x09,
	0x26,0x09,0x26,0x09,0x26,0x09,0x26,0x09,0x06,0x09,0x06,0x09,0x05,0x09,0x05,0x09,0x47,0x09,0xC8,0x09,
	0x4A,0x0A,0x6B,0x0A,0x6B,0x0A,0x6B,0x0A,0x6B,0x0A,0x4B,0x0A,0x4B,0x0A,0x4B,0x0A,0x4B,0x0A,0x4B,0x0A,
	0x4B,0x12,0x4B,0x12,0x4B,0x12,0x2B,0x12,0x2B,0x12,0x2B,0x12,0x2B,0x12,0x0B,0x12,0x0B,0x12,0x2B,0x12,
	0x6D,0x1A,0x6D,0x1A,0x6D,0x1A,0xAE,0x1A,0xCF,0x1A,0xCF,0x22,0xCF,0x22,0xCF,0x22,0xCF,0x22,0xCF,0x22,
	0xAF,0x22,0xAF,0x22,0xCF,0x22,0xCF,0x22,0xF0,0x22,0x11,0x23,0x73,0x2B,0xF6,0x33,0x37,0x3C,0x17,0x44,
	0x17,0x44,0x17,0x44,0xF7,0x43,0xF7,0x43,0xF7,0x43,0xF7,0x43,0xF7,0x4B,0xF7,0x4B,0xF7,0x4B,0xD7,0x4B,
	0xD7,0x4B,0xD8,0x53,0xB7,0x53,0xB7,0x53,0xB7,0x53,0xB7,0x53,0xB7,0x53,0x97,0x53,0x77,0x53,0x77,0x5B,
	0x77,0x5B,0x57,0x5B,0x57,0x5B,0x57,0x5B,0x57,0x63,0x58,0x63,0x38,0x63,0x38,0x63,0x38,0x6B,0x38,0x6B,
	0x38,0x6B,0x18,0x6B,0x18,0x6B,0x18,0x6B,0x18,0x6B,0x18,0x73,0x18,0x73,0x18,0x73,0xD8,0x72,0xD8,0x72,
	0xD8,0x72,0xD8,0x72,0xD8,0x72,0xB8,0x72,0xB8,0x72,0x98,0x72,0x98,0x72,0x98,0x7A,0x98,0x7A,0x98,0x7A,
	0x78,0x7A,0x78,0x7A,0x78,0x82,0x78,0x82,0x78,0x82,0x78,0x82,0x78,0x82,0x58,0x8A,0x58,0x8A,0x38,0x8A,
	0x38,0x8A,0x17,0x8A,0xD6,0x79,0x93,0x69,0x71,0x59,0x71,0x59,0x71,0x59,0x30,0x59,0x30,0x59,0x30,0x59,
	0x30,0x59,0x30,0x59,0x30,0x61,0x30,0x61,0x30,0x61,0x0F,0x59,0xEE,0x58,0xEE,0x50,0xEE,0x50,0xCC,0x48,
	0xCB,0x48,0xCB,0x40,0xCC,0x48,0xCC,0x48,0xCC,0x48,0xCC,0x48,0xAC,0x48,0xAC,0x48,0xAC,0x48,0xAC,0x48,
	0xAC,0x48,0xAC,0x48,0xAC,0x48,0xAC,0x48,0x8C,0x50,0x8C,0x50,0x8C,0x50,0x8C,0x50,0x8B,0x48,0x8A,0x38,
	0x68,0x30,0x47,0x28,0x26,0x28,0x26,0x28,0x26,0x28,0x26,0x28,0x26,0x30,0x26,0x30,0x27,0x30,0x27,0x30,
	0x27,0x30,0x27,0x30,0x27,0x30,0x27,0x30,0x27,0x30,0x27,0x30,0x27,0x30,0x27,0x30,0x04,0x20,0x03,0x18,
	0x03,0x10,0x03,0x10,0x03,0x18,0x03,0x18,0x03,0x18,0x03,0x18,0x02,0x10,0x00,0x00,0x00,0x00,0x00,0x00,
	0x00,0x00,0x00,0x00,0x00,0x00,0x00,0x00,0x00,0x00,0x00,0x00,0x00,0x00,0x00,0x00,0x00,0x00,0x00,0x00,
	0x00,0x00,0x00,0x00,0x00,0x00,0x00,0x00,0x00,0x00,0x00,0x00,0x00,0x00,0x00,0x00,0x00,0x00,0x00,0x00,
	0x00,0x00,0x00,0x00,0x00,0x00,0x00,0x00,0x00,0x00,0x00,0x00,0x00,0x00,0x00,0x00,0x00,0x00,0x00,0x00,
	0x00,0x00,0x00,0x00,0x00,0x00,0x00,0x00,0x00,0x00,0x00,0x00,0x00,0x00,0x00,0x00,0x00,0x00,0x00,0x00,
	0x00,0x00,0x00,0x00,0x00,0x00,0x00,0x00,0x00,0x00,0x00,0x00,0x00,0x00,0x00,0x00,0x00,0x00,0x00,0x00,
	0x00,0x00,0x00,0x00,0x00,0x00,0x00,0x00,0x00,0x00,0x00,0x00,0x00,0x00,0x00,0x00,0x00,0x00,0x00,0x00,
	0x00,0x00,0x00,0x00,0x00,0x00,0x00,0x00,0x00,0x00,0x00,0x00,0x00,0x00,0x00,0x00,0x00,0x00,0x00,0x00,
	0x00,0x00,0x00,0x00,0x00,0x00,0x00,0x00,0x00,0x00,0x20,0x00,0x61,0x00,0xA3,0x00,0xC3,0x00,0xC3,0x00,
	0xA3,0x00,0xA2,0x00,0xA2,0x00,0xC3,0x00,0x25,0x09,0x26,0x09,0x26,0x09,0x26,0x09,0x26,0x09,0x26,0x09,
	0x26,0x09,0x26,0x09,0x26,0x09,0x26,0x09,0x26,0x09,0x26,0x09,0x26,0x09,0x06,0x09,0x06,0x09,0x05,0x09,
	0x05,0x09,0x25,0x09,0xA8,0x09,0x4A,0x0A,0x6B,0x0A,0x6B,0x0A,0x6B,0x0A,0x6B,0x0A,0x4B,0x0A,0x4B,0x0A,
	0x4B,0x0A,0x4B,0x0A,0x4B,0x0A,0x4B,0x12,0x4B,0x12,0x4B,0x12,0x2B,0x12,0x2B,0x12,0x2B,0x12,0x2B,0x12,
	0x2B,0x12,0x0B,0x12,0x2B,0x12,0x6D,0x1A,0x8D,0x1A,0x6D,0x1A,0x6D,0x1A,0x8E,0x1A,0xAF,0x22,0xCF,0x22,
	0xCF,0x22,0xCF,0x22,0xCF,0x22,0xAF,0x22,0xAF,0x22,0xCF,0x22,0xD0,0x22,0xF1,0x2A,0xD1,0x2A,0x11,0x2B,
	0xB4,0x33,0x16,0x3C,0x17,0x44,0x17,0x44,0x17,0x44,0xF7,0x43,0xF7,0x43,0xF7,0x43,0xF7,0x43,0xF7,0x4B,
	0xF7,0x4B,0xF7,0x4B,0xD7,0x4B,0xD7,0x4B,0xD8,0x53,0xB7,0x53,0xB7,0x53,0xB7,0x53,0xB7,0x53,0x97,0x53,
	0x77,0x53,0x77,0x5B,0x77,0x5B,0x77,0x5B,0x57,0x5B,0x57,0x5B,0x57,0x5B,0x57,0x63,0x58,0x63,0x38,0x63,
	0x38,0x63,0x38,0x6B,0x38,0x6B,0x38,0x6B,0x18,0x6B,0x18,0x6B,0x18,0x6B,0x18,0x6B,0x18,0x73,0x18,0x73,
	0x18,0x73,0x18,0x73,0xF8,0x72,0xD8,0x72,0xD8,0x72,0xD8,0x72,0xB8,0x72,0xB8,0x72,0x98,0x72,0x98,0x72,
	0x98,0x7A,0x98,0x7A,0x98,0x7A,0x78,0x7A,0x78,0x7A,0x78,0x82,0x78,0x82,0x78,0x82,0x78,0x82,0x78,0x82,
	0x58,0x8A,0x58,0x8A,0x58,0x8A,0x38,0x8A,0x16,0x82,0xB3,0x69,0x71,0x61,0x51,0x61,0x71,0x59,0x71,0x59,
	0x30,0x59,0x30,0x59,0x30,0x59,0x30,0x59,0x30,0x59,0x30,0x61,0x30,0x61,0x0F,0x59,0xEE,0x58,0xEE,0x50,
	0xEE,0x50,0xEE,0x50,0xAC,0x48,0xAC,0x48,0xCC,0x48,0xCC,0x48,0xCC,0x48,0xCC,0x48,0xCC,0x48,0xAC,0x48,
	0xAC,0x48,0xAC,0x48,0xAC,0x48,0xAC,0x48,0xAC,0x48,0xAC,0x48,0xAC,0x48,0x8C,0x50,0x8C,0x50,0x8C,0x50,
	0x8C,0x50,0x8B,0x48,0x69,0x38,0x47,0x30,0x26,0x28,0x26,0x28,0x26,0x28,0x26,0x28,0x26,0x28,0x26,0x30,
	0x26,0x30,0x27,0x30,0x27,0x30,0x27,0x30,0x27,0x30,0x27,0x30,0x27,0x30,0x27,0x30,0x27,0x30,0x27,0x30,
	0x27,0x30,0x05,0x20,0x03,0x18,0x03,0x10,0x03,0x10,0x03,0x18,0x03,0x18,0x03,0x18,0x03,0x10,0x01,0x08,
	0x00,0x00,0x00,0x00,0x00,0x00,0x00,0x00,0x00,0x00,0x00,0x00,0x00,0x00,0x00,0x00,0x00,0x00,0x00,0x00,
	0x00,0x00,0x00,0x00,0x00,0x00,0x00,0x00,0x00,0x00,0x00,0x00,0x00,0x00,0x00,0x00,0x00,0x00,0x00,0x00,
	0x00,0x00,0x00,0x00,0x00,0x00,0x00,0x00,0x00,0x00,0x00,0x00,0x00,0x00,0x00,0x00,0x00,0x00,0x00,0x00,
	0x00,0x00,0x00,0x00,0x00,0x00,0x00,0x00,0x00,0x00,0x00,0x00,0x00,0x00,0x00,0x00,0x00,0x00,0x00,0x00,
	0x00,0x00,0x00,0x00,0x00,0x00,0x00,0x00,0x00,0x00,0x00,0x00,0x00,0x00,0x00,0x00,0x00,0x00,0x00,0x00,
	0x00,0x00,0x00,0x00,0x00,0x00,0x00,0x00,0x00,0x00,0x00,0x00,0x00,0x00,0x00,0x00,0x00,0x00,0x00,0x00,
	0x00,0x00,0x00,0x00,0x00,0x00,0x00,0x00,0x00,0x00,0x00,0x00,0x00,0x00,0x00,0x00,0x00,0x00,0x00,0x00,
	0x00,0x00,0x00,0x00,0x00,0x00,0x00,0x00,0x00,0x00,0x00,0x00,0x00,0x00,0x00,0x00,0x00,0x00,0x20,0x00,
	0xA2,0x00,0xC3,0x00,0xC3,0x00,0xA2,0x00,0xA2,0x00,0xA2,0x00,0xC3,0x00,0x25,0x09,0x26,0x09,0x26,0x09,
	0x26,0x09,0x26,0x09,0x26,0x09,0x26,0x09,0x26,0x09,0x26,0x09,0x26,0x09,0x26,0x09,0x26,0x09,0x26,0x09,
	0x06,0x09,0x06,0x09,0x05,0x09,0x05,0x09,0x05,0x09,0x87,0x09,0x2A,0x0A,0x6B,0x0A,0x6B,0x0A,0x6B,0x0A,
	0x6B,0x0A,0x4B,0x0A,0x4B,0x0A,0x4B,0x0A,0x4B,0x0A,0x4B,0x0A,0x4B,0x12,0x4B,0x12,0x4B,0x12,0x2B,0x12,
	0x2B,0x12,0x2B,0x12,0x2B,0x12,0x2B,0x12,0x0B,0x12,0x2B,0x12,0x6C,0x1A,0x8D,0x1A,0x6D,0x1A,0x6D,0x1A,
	0x6D,0x1A,0xAE,0x22,0xAF,0x22,0xCF,0x22,0xCF,0x22,0xCF,0x22,0xAF,0x22,0xAF,0x22,0xAF,0x22,0xD0,0x22,
	0xF1,0x2A,0xD0,0x2A,0xD0,0x2A,0x32,0x2B,0x94,0x33,0xF6,0x43,0x17,0x44,0x17,0x44,0xF7,0x43,0xF7,0x43,
	0xF7,0x43,0xF7,0x4B,0xF7,0x4B,0xF7,0x4B,0xF7,0x4B,0xD7,0x4B,0xD7,0x4B,0xD8,0x53,0xB7,0x53,0xB7,0x53,
	0xB7,0x53,0xB7,0x53,0x97,0x53,0x77,0x53,0x77,0x5B,0x77,0x5B,0x77,0x5B,0x57,0x5B,0x57,0x5B,0x57,0x5B,
	0x58,0x63,0x58,0x63,0x38,0x63,0x38,0x63,0x38,0x6B,0x38,0x6B,0x38,0x6B,0x18,0x6B,0x18,0x6B,0x18,0x6B,
	0x18,0x6B,0x18,0x73,0x18,0x73,0x18,0x73,0x18,0x73,0xF8,0x72,0xD8,0x72,0xD8,0x72,0xD8,0x72,0xB8,0x72,
	0xB8,0x72,0x98,0x72,0x98,0x7A,0x98,0x7A,0x98,0x7A,0x98,0x7A,0x78,0x7A,0x78,0x7A,0x78,0x82,0x78,0x82,
	0x78,0x82,0x78,0x82,0x78,0x82,0x58,0x8A,0x58,0x8A,0x58,0x8A,0x16,0x82,0xD4,0x71,0x91,0x61,0x71,0x61,
	0x51,0x61,0x51,0x59,0x51,0x59,0x30,0x59,0x30,0x59,0x30,0x59,0x30,0x59,0x30,0x59,0x30,0x59,0x0F,0x59,
	0xEE,0x58,0xEE,0x50,0xEE,0x50,0xEE,0x50,0xED,0x50,0xAC,0x48,0xAC,0x48,0xCC,0x48,0xCC,0x48,0xCC,0x48,
	0xCC,0x48,0xCC,0x48,0xAC,0x48,0xAC,0x48,0xAC,0x48,0xAC,0x48,0xAC,0x48,0xAC,0x48,0xAC,0x48,0xAC,0x48,
	0x8C,0x50,0x8C,0x50,0x8C,0x50,0x8C,0x50,0x8B,0x48,0x69,0x38,0x26,0x28,0x26,0x28,0x26,0x28,0x26,0x28,
	0x26,0x28,0x26,0x28,0x26,0x30,0x26,0x30,0x27,0x30,0x27,0x30,0x27,0x30,0x27,0x30,0x27,0x30,0x27,0x30,
	0x27,0x30,0x27,0x30,0x27,0x30,0x27,0x30,0x05,0x20,0x04,0x18,0x03,0x10,0x03,0x10,0x03,0x18,0x03,0x18,
	0x03,0x10,0x02,0x08,0x01,0x00,0x00,0x00,0x00,0x00,0x00,0x00,0x00,0x00,0x00,0x00,0x00,0x00,0x00,0x00,
	0x00,0x00,0x00,0x00,0x00,0x00,0x00,0x00,0x00,0x00,0x00,0x00,0x00,0x00,0x00,0x00,0x00,0x00,0x00,0x00,
	0x00,0x00,0x00,0x00,0x00,0x00,0x00,0x00,0x00,0x00,0x00,0x00,0x00,0x00,0x00,0x00,0x00,0x00,0x00,0x00,
	0x00,0x00,0x00,0x00,0x00,0x00,0x00,0x00,0x00,0x00,0x00,0x00,0x00,0x00,0x00,0x00,0x00,0x00,0x00,0x00,
	0x00,0x00,0x00,0x00,0x00,0x00,0x00,0x00,0x00,0x00,0x00,0x00,0x00,0x00,0x00,0x00,0x00,0x00,0x00,0x00,
	0x00,0x00,0x00,0x00,0x00,0x00,0x00,0x00,0x00,0x00,0x00,0x00,0x00,0x00,0x00,0x00,0x00,0x00,0x00,0x00,
	0x00,0x00,0x00,0x00,0x00,0x00,0x00,0x00,0x00,0x00,0x00,0x00,0x00,0x00,0x00,0x00,0x00,0x00,0x00,0x00,
	0x00,0x00,0x00,0x00,0x00,0x00,0x00,0x00,0x00,0x00,0x00,0x00,0x00,0x00,0x00,0x00,0x00,0x00,0x00,0x00,
	0x00,0x00,0x00,0x00,0x20,0x00,0x61,0x00,0xA2,0x00,0xC3,0x00,0xA2,0x00,0xA2,0x00,0xA2,0x00,0xC3,0x00,
	0x26,0x09,0x26,0x09,0x26,0x09,0x26,0x09,0x26,0x09,0x26,0x09,0x26,0x09,0x26,0x09,0x26,0x09,0x26,0x09,
	0x26,0x09,0x26,0x09,0x26,0x09,0x06,0x09,0x06,0x09,0x06,0x09,0x06,0x09,0x05,0x09,0x66,0x09,0xE9,0x09,
	0x4A,0x0A,0x6B,0x0A,0x6B,0x0A,0x6B,0x0A,0x4B,0x0A,0x4B,0x0A,0x4B,0x0A,0x4B,0x0A,0x4B,0x0A,0x4B,0x12,
	0x4B,0x12,0x4B,0x12,0x2B,0x12,0x2B,0x12,0x2B,0x12,0x2B,0x12,0x2B,0x12,0x0B,0x12,0x2B,0x12,0x6C,0x12,
	0x6C,0x12,0x6D,0x1A,0x6D,0x1A,0x6D,0x1A,0x6D,0x1A,0x8E,0x1A,0xAF,0x1A,0xAF,0x22,0xCF,0x22,0xCF,0x22,
	0xCF,0x22,0xAF,0x22,0xCF,0x22,0xF0,0x22,0xF0,0x22,0xF0,0x22,0xD0,0x2A,0x32,0x33,0xD5,0x3B,0x16,0x44,
	0x17,0x44,0xF7,0x43,0xF7,0x43,0xF7,0x4B,0xF7,0x4B,0xF7,0x4B,0xF7,0x4B,0xF7,0x4B,0xD7,0x4B,0xD7,0x4B,
	0xD8,0x53,0xB7,0x53,0xB7,0x53,0xB7,0x53,0xB7,0x53,0xB7,0x53,0x97,0x53,0x77,0x53,0x77,0x5B,0x77,0x5B,
	0x77,0x5B,0x77,0x5B,0x58,0x63,0x58,0x63,0x58,0x63,0x38,0x63,0x38,0x63,0x38,0x6B,0x38,0x6B,0x38,0x6B,
	0x18,0x6B,0x18,0x6B,0x18,0x6B,0x18,0x6B,0x18,0x73,0xF8,0x72,0xF8,0x72,0xD8,0x72,0xD8,0x72,0xD8,0x72,
	0xD8,0x72,0xD8,0x72,0xB8,0x72,0xB8,0x72,0x97,0x7A,0x97,0x7A,0x98,0x7A,0x98,0x7A,0x98,0x7A,0x78,0x7A,
	0x78,0x7A,0x78,0x82,0x78,0x82,0x78,0x82,0x78,0x82,0x78,0x82,0x58,0x8A,0x58,0x8A,0x37,0x82,0xD4,0x69,
	0x92,0x61,0x91,0x59,0x71,0x59,0x52,0x61,0x31,0x59,0x30,0x59,0x30,0x59,0x30,0x59,0x30,0x59,0x30,0x59,
	0x2F,0x59,0x0E,0x51,0x0E,0x51,0xEE,0x50,0xEE,0x50,0xEE,0x50,0xED,0x50,0xED,0x50,0xCB,0x40,0xCB,0x40,
	0xCC,0x48,0xCC,0x48,0xCC,0x48,0xCC,0x48,0xCC,0x48,0xAC,0x48,0xAC,0x48,0xAC,0x48,0xAC,0x48,0xAC,0x48,
	0xAC,0x48,0xAC,0x48,0xAC,0x48,0x8C,0x50,0x8C,0x50,0x8C,0x50,0x8C,0x50,0x8B,0x48,0x48,0x38,0x26,0x28,
	0x26,0x30,0x26,0x30,0x26,0x28,0x26,0x28,0x26,0x28,0x26,0x30,0x26,0x30,0x27,0x30,0x27,0x30,0x27,0x30,
	0x27,0x30,0x27,0x30,0x27,0x30,0x27,0x30,0x27,0x30,0x27,0x30,0x27,0x30,0x05,0x20,0x04,0x18,0x03,0x10,
	0x03,0x10,0x03,0x18,0x03,0x18,0x02,0x10,0x00,0x00,0x00,0x00,0x00,0x00,0x00,0x00,0x00,0x00,0x00,0x00,
	0x00,0x00,0x00,0x00,0x00,0x00,0x00,0x00,0x00,0x00,0x00,0x00,0x00,0x00,0x00,0x00,0x00,0x00,0x00,0x00,
	0x00,0x00,0x00,0x00,0x00,0x00,0x00,0x00,0x00,0x00,0x00,0x00,0x00,0x00,0x00,0x00,0x00,0x00,0x00,0x00,
	0x00,0x00,0x00,0x00,0x00,0x00,0x00,0x00,0x00,0x00,0x00,0x00,0x00,0x00,0x00,0x00,0x00,0x00,0x00,0x00,
	0x00,0x00,0x00,0x00,0x00,0x00,0x00,0x00,0x00,0x00,0x00,0x00,0x00,0x00,0x00,0x00,0x00,0x00,0x00,0x00,
	0x00,0x00,0x00,0x00,0x00,0x00,0x00,0x00,0x00,0x00,0x00,0x00,0x00,0x00,0x00,0x00,0x00,0x00,0x00,0x00,
	0x00,0x00,0x00,0x00,0x00,0x00,0x00,0x00,0x00,0x00,0x00,0x00,0x00,0x00,0x00,0x00,0x00,0x00,0x00,0x00,
	0x00,0x00,0x00,0x00,0x00,0x00,0x00,0x00,0x00,0x00,0x00,0x00,0x00,0x00,0x00,0x00,0x00,0x00,0x00,0x00,
	0x00,0x00,0x00,0x00,0x00,0x00,0x00,0x00,0x00,0x00,0x00,0x00,0x20,0x00,0x61,0x00,0xC3,0x00,0xA2,0x00,
	0xA2,0x00,0xA2,0x00,0xC3,0x00,0x26,0x09,0x26,0x09,0x26,0x09,0x26,0x09,0x26,0x09,0x26,0x09,0x26,0x09,
	0x26,0x09,0x26,0x09,0x26,0x09,0x26,0x09,0x26,0x09,0x26,0x09,0x06,0x09,0x06,0x09,0x06,0x09,0x06,0x09,
	0x05,0x09,0x26,0x09,0x87,0x09,0x29,0x0A,0x6B,0x0A,0x6B,0x0A,0x6B,0x0A,0x4B,0x0A,0x4B,0x0A,0x4B,0x0A,
	0x4B,0x0A,0x4B,0x0A,0x4B,0x12,0x4B,0x12,0x4B,0x12,0x2B,0x12,0x2B,0x12,0x2B,0x12,0x2B,0x12,0x2B,0x12,
	0x0B,0x12,0x2B,0x12,0x4C,0x12,0x6C,0x12,0x8D,0x1A,0x6D,0x1A,0x6D,0x1A,0x6D,0x1A,0x6D,0x1A,0x8E,0x1A,
	0xAE,0x1A,0xAF,0x22,0xCF,0x22,0xCF,0x22,0xAF,0x22,0xAF,0x22,0xF0,0x22,0xF0,0x22,0xF0,0x22,0xB0,0x2A,
	0xF0,0x2A,0x53,0x33,0xB5,0x3B,0x17,0x44,0xF7,0x43,0xF7,0x43,0xF7,0x4B,0xF7,0x4B,0xF7,0x4B,0xF7,0x4B,
	0xF7,0x4B,0xD7,0x4B,0xD7,0x4B,0xD8,0x53,0xB7,0x53,0xB7,0x53,0xB7,0x53,0xB7,0x53,0xB7,0x53,0x97,0x53,
	0x77,0x53,0x77,0x5B,0x77,0x5B,0x77,0x5B,0x77,0x5B,0x58,0x63,0x58,0x63,0x58,0x63,0x58,0x63,0x38,0x63,
	0x38,0x6B,0x38,0x6B,0x38,0x6B,0x18,0x6B,0x18,0x6B,0x18,0x6B,0x18,0x6B,0x18,0x73,0x18,0x73,0xF8,0x72,
	0xF8,0x72,0xD8,0x72,0xD8,0x72,0xD8,0x72,0xD8,0x72,0xB8,0x72,0xB8,0x72,0x97,0x72,0x98,0x7A,0x98,0x7A,
	0x98,0x7A,0x98,0x7A,0x78,0x7A,0x78,0x7A,0x78,0x82,0x78,0x82,0x78,0x82,0x78,0x82,0x78,0x82,0x78,0x8A,
	0x37,0x82,0xF4,0x71,0x92,0x61,0x71,0x59,0x91,0x59,0x92,0x61,0x72,0x61,0x31,0x59,0x30,0x59,0x30,0x59,
	0x30,0x59,0x0F,0x59,0x0F,0x59,0x0E,0x51,0xEE,0x50,0xEE,0x50,0xEE,0x50,0xEE,0x50,0xEE,0x50,0xED,0x50,
	0xCD,0x50,0xCB,0x48,0xCB,0x48,0xCC,0x48,0xCC,0x48,0xCC,0x48,0xCC,0x48,0xCC,0x48,0xAC,0x48,0xAC,0x48,
	0xAC,0x48,0xAC,0x48,0xAC,0x48,0xAC,0x48,0xAC,0x48,0xAC,0x48,0x8C,0x50,0x8C,0x50,0x8C,0x50,0x8C,0x50,
	0x6A,0x40,0x47,0x30,0x25,0x28,0x26,0x30,0x26,0x30,0x26,0x28,0x26,0x28,0x26,0x28,0x26,0x30,0x26,0x30,
	0x27,0x30,0x27,0x30,0x27,0x30,0x27,0x30,0x27,0x30,0x27,0x30,0x27,0x30,0x27,0x30,0x27,0x30,0x27,0x30,
	0x05,0x20,0x04,0x18,0x03,0x10,0x03,0x10,0x03,0x18,0x02,0x10,0x01,0x08,0x00,0x00,0x00,0x00,0x00,0x00,
	0x00,0x00,0x00,0x00,0x00,0x00,0x00,0x00,0x00,0x00,0x00,0x00,0x00,0x00,0x00,0x00,0x00,0x00,0x00,0x00,
	0x00,0x00,0x00,0x00,0x00,0x00,0x00,0x00,0x00,0x00,0x00,0x00,0x00,0x00,0x00,0x00,0x00,0x00,0x00,0x00,
	0x00,0x00,0x00,0x00,0x00,0x00,0x00,0x00,0x00,0x00,0x00,0x00,0x00,0x00,0x00,0x00,0x00,0x00,0x00,0x00,
	0x00,0x00,0x00,0x00,0x00,0x00,0x00,0x00,0x00,0x00,0x00,0x00,0x00,0x00,0x00,0x00,0x00,0x00,0x00,0x00,
	0x00,0x00,0x00,0x00,0x00,0x00,0x00,0x00,0x00,0x00,0x00,0x00,0x00,0x00,0x00,0x00,0x00,0x00,0x00,0x00,
	0x00,0x00,0x00,0x00,0x00,0x00,0x00,0x00,0x00,0x00,0x00,0x00,0x00,0x00,0x00,0x00,0x00,0x00,0x00,0x00,
	0x00,0x00,0x00,0x00,0x00,0x00,0x00,0x00,0x00,0x00,0x00,0x00,0x00,0x00,0x00,0x00,0x00,0x00,0x00,0x00,
	0x00,0x00,0x00,0x00,0x00,0x00,0x00,0x00,0x00,0x00,0x00,0x00,0x00,0x00,0x00,0x00,0x00,0x00,0x00,0x00,
	0x41,0x00,0xA2,0x00,0xA2,0x00,0xA2,0x00,0xA2,0x00,0xC3,0x00,0x26,0x09,0x26,0x09,0x26,0x09,0x26,0x09,
	0x26,0x09,0x26,0x09,0x26,0x09,0x26,0x09,0x26,0x09,0x26,0x09,0x26,0x09,0x26,0x09,0x26,0x09,0x06,0x09,
	0x06,0x09,0x06,0x09,0x06,0x09,0x05,0x09,0x05,0x09,0x26,0x09,0xE9,0x09,0x6A,0x0A,0x6B,0x0A,0x6B,0x0A,
	0x4B,0x0A,0x4B,0x0A,0x4B,0x0A,0x4B,0x0A,0x4B,0x0A,0x4B,0x12,0x4B,0x12,0x4B,0x12,0x2B,0x12,0x2B,0x12,
	0x2B,0x12,0x2B,0x12,0x2B,0x12,0x0B,0x12,0x0B,0x12,0x4C,0x12,0x6C,0x12,0x8D,0x1A,0x8D,0x1A,0x6D,0x1A,
	0x6D,0x1A,0x6D,0x1A,0x6D,0x1A,0x6D,0x1A,0x8E,0x1A,0xAF,0x22,0xCF,0x22,0xAF,0x22,0xAF,0x22,0xD0,0x22,
	0xF1,0x2A,0xF1,0x2A,0xD0,0x2A,0xD0,0x2A,0xD1,0x2A,0x53,0x33,0xD6,0x3B,0xF7,0x43,0xF7,0x43,0xF7,0x4B,
	0xF7,0x4B,0xF7,0x4B,0xF7,0x4B,0xF7,0x4B,0xD7,0x4B,0xD7,0x4B,0xD8,0x53,0xB7,0x53,0xB7,0x53,0xB7,0x53,
	0xB7,0x53,0xB7,0x53,0x97,0x53,0x77,0x53,0x77,0x5B,0x77,0x5B,0x77,0x5B,0x77,0x5B,0x58,0x63,0x58,0x63,
	0x58,0x63,0x58,0x63,0x58,0x63,0x38,0x63,0x38,0x6B,0x38,0x6B,0x18,0x6B,0x18,0x6B,0x18,0x6B,0x18,0x6B,
	0x18,0x73,0x18,0x73,0x18,0x73,0xF8,0x72,0xD8,0x72,0xD8,0x72,0xD8,0x72,0xD8,0x72,0xB8,0x72,0xB8,0x72,
	0x98,0x72,0x98,0x72,0x98,0x7A,0x98,0x7A,0x98,0x7A,0x78,0x7A,0x78,0x7A,0x78,0x82,0x78,0x82,0x78,0x82,
	0x78,0x82,0x78,0x82,0x58,0x82,0xF5,0x71,0xB2,0x61,0x71,0x59,0x71,0x59,0x92,0x61,0x92,0x61,0x71,0x61,
	0x50,0x59,0x30,0x59,0x30,0x59,0x2F,0x51,0x0E,0x51,0xEE,0x50,0xEE,0x50,0xEE,0x50,0xEE,0x50,0xEE,0x50,
	0xEE,0x50,0xEE,0x50,0xCD,0x50,0xCD,0x50,0xAB,0x48,0xAB,0x48,0xCC,0x48,0xCC,0x48,0xCC,0x48,0xCC,0x48,
	0xCC,0x48,0xAC,0x48,0xAC,0x48,0xAC,0x48,0xAC,0x48,0xAC,0x48,0xAC,0x48,0xAC,0x48,0xAC,0x48,0x8C,0x50,
	0x8C,0x50,0x8C,0x50,0x6B,0x48,0x48,0x38,0x26,0x30,0x25,0x28,0x26,0x30,0x26,0x30,0x26,0x28,0x26,0x28,
	0x26,0x28,0x26,0x30,0x26,0x30,0x27,0x30,0x27,0x30,0x27,0x30,0x27,0x30,0x27,0x30,0x27,0x30,0x27,0x30,
	0x27,0x30,0x27,0x30,0x27,0x30,0x05,0x20,0x04,0x18,0x03,0x10,0x03,0x10,0x03,0x18,0x02,0x08,0x01,0x00,
	0x00,0x00,0x00,0x00,0x00,0x00,0x00,0x00,0x00,0x00,0x00,0x00,0x00,0x00,0x00,0x00,0x00,0x00,0x00,0x00,
	0x00,0x00,0x00,0x00,0x00,0x00,0x00,0x00,0x00,0x00,0x00,0x00,0x00,0x00,0x00,0x00,0x00,0x00,0x00,0x00,
	0x00,0x00,0x00,0x00,0x00,0x00,0x00,0x00,0x00,0x00,0x00,0x00,0x00,0x00,0x00,0x00,0x00,0x00,0x00,0x00,
	0x00,0x00,0x00,0x00,0x00,0x00,0x00,0x00,0x00,0x00,0x00,0x00,0x00,0x00,0x00,0x00,0x00,0x00,0x00,0x00,
	0x00,0x00,0x00,0x00,0x00,0x00,0x00,0x00,0x00,0x00,0x00,0x00,0x00,0x00,0x00,0x00,0x00,0x00,0x00,0x00,
	0x00,0x00,0x00,0x00,0x00,0x00,0x00,0x00,0x00,0x00,0x00,0x00,0x00,0x00,0x00,0x00,0x00,0x00,0x00,0x00,
	0x00,0x00,0x00,0x00,0x00,0x00,0x00,0x00,0x00,0x00,0x00,0x00,0x00,0x00,0x00,0x00,0x00,0x00,0x00,0x00,
	0x00,0x00,0x00,0x00,0x00,0x00,0x00,0x00,0x00,0x00,0x00,0x00,0x00,0x00,0x00,0x00,0x00,0x00,0x00,0x00,
	0x00,0x00,0x00,0x00,0x00,0x00,0x20,0x00,0x40,0x00,0x81,0x00,0xC2,0x00,0xA2,0x00,0xC3,0x00,0x26,0x09,
	0x26,0x09,0x26,0x09,0x26,0x09,0x26,0x09,0x26,0x09,0x26,0x09,0x26,0x09,0x26,0x09,0x26,0x09,0x26,0x09,
	0x26,0x09,0x26,0x09,0x06,0x09,0x06,0x09,0x06,0x09,0x06,0x09,0x06,0x09,0x05,0x09,0x05,0x09,0xA7,0x09,
	0x29,0x0A,0x4A,0x0A,0x6B,0x0A,0x4B,0x0A,0x4B,0x0A,0x4B,0x0A,0x4B,0x0A,0x4B,0x0A,0x4B,0x12,0x4B,0x12,
	0x4B,0x12,0x2B,0x12,0x2B,0x12,0x2B,0x12,0x2B,0x12,0x2B,0x12,0x0B,0x12,0x0B,0x12,0x0B,0x12,0x4C,0x12,
	0x8D,0x1A,0x8D,0x1A,0x6D,0x1A,0x6D,0x1A,0x6D,0x1A,0x6D,0x1A,0x4D,0x1A,0x4D,0x1A,0x6D,0x22,0x8E,0x22,
	0x8E,0x22,0xAE,0x22,0xAF,0x22,0xD0,0x2A,0xF1,0x2A,0xF1,0x2A,0xD1,0x2A,0xD0,0x2A,0xD1,0x2A,0x12,0x33,
	0x95,0x43,0xF6,0x4B,0xF6,0x43,0xF7,0x4B,0xF7,0x4B,0xF7,0x4B,0xF7,0x4B,0xD7,0x4B,0xD7,0x4B,0xD8,0x53,
	0xB7,0x53,0xB7,0x53,0xB7,0x53,0xB7,0x53,0x97,0x53,0x77,0x53,0x77,0x5B,0x77,0x5B,0x77,0x5B,0x57,0x5B,
	0x57,0x5B,0x58,0x63,0x58,0x63,0x58,0x63,0x38,0x63,0x38,0x63,0x38,0x6B,0x38,0x6B,0x38,0x6B,0x18,0x6B,
	0x18,0x6B,0x18,0x73,0x18,0x73,0x18,0x73,0xF8,0x72,0xF8,0x72,0xF8,0x72,0xF8,0x72,0xD8,0x72,0xD8,0x72,
	0xD8,0x72,0xD8,0x72,0xB8,0x72,0x97,0x72,0x98,0x72,0x98,0x7A,0x98,0x7A,0x98,0x7A,0x78,0x7A,0x78,0x7A,
	0x78,0x82,0x78,0x82,0x78,0x82,0x78,0x82,0x36,0x7A,0xD3,0x69,0xB2,0x59,0x91,0x59,0x91,0x59,0x92,0x61,
	0x92,0x61,0x72,0x61,0x51,0x59,0x50,0x59,0x2F,0x51,0x0F,0x51,0x0E,0x49,0x0E,0x49,0x0E,0x51,0x0E,0x51,
	0xEE,0x50,0xEE,0x50,0xEE,0x50,0xEE,0x50,0xEE,0x50,0xCD,0x48,0xCC,0x48,0xCB,0x40,0xCB,0x48,0xCC,0x48,
	0xCC,0x48,0xCC,0x48,0xCC,0x48,0xCC,0x48,0xAC,0x48,0xAC,0x48,0xAC,0x48,0xAC,0x48,0xAC,0x48,0xAC,0x48,
	0xAC,0x48,0xAC,0x48,0xAC,0x48,0xAC,0x48,0x8B,0x48,0x69,0x40,0x27,0x30,0x26,0x28,0x26,0x28,0x26,0x30,
	0x26,0x30,0x26,0x28,0x26,0x28,0x26,0x28,0x26,0x30,0x26,0x30,0x27,0x30,0x27,0x30,0x27,0x30,0x27,0x30,
	0x27,0x30,0x27,0x30,0x27,0x30,0x27,0x30,0x27,0x30,0x27,0x30,0x05,0x20,0x04,0x18,0x03,0x18,0x03,0x10,
	0x02,0x10,0x01,0x00,0x00,0x00,0x00,0x00,0x00,0x00,0x00,0x00,0x00,0x00,0x00,0x00,0x00,0x00,0x00,0x00,
	0x00,0x00,0x00,0x00,0x00,0x00,0x00,0x00,0x00,0x00,0x00,0x00,0x00,0x00,0x00,0x00,0x00,0x00,0x00,0x00,
	0x00,0x00,0x00,0x00,0x00,0x00,0x00,0x00,0x00,0x00,0x00,0x00,0x00,0x00,0x00,0x00,0x00,0x00,0x00,0x00,
	0x00,0x00,0x00,0x00,0x00,0x00,0x00,0x00,0x00,0x00,0x00,0x00,0x00,0x00,0x00,0x00,0x00,0x00,0x00,0x00,
	0x00,0x00,0x00,0x00,0x00,0x00,0x00,0x00,0x00,0x00,0x00,0x00,0x00,0x00,0x00,0x00,0x00,0x00,0x00,0x00,
	0x00,0x00,0x00,0x00,0x00,0x00,0x00,0x00,0x00,0x00,0x00,0x00,0x00,0x00,0x00,0x00,0x00,0x00,0x00,0x00,
	0x00,0x00,0x00,0x00,0x00,0x00,0x00,0x00,0x00,0x00,0x00,0x00,0x00,0x00,0x00,0x00,0x00,0x00,0x00,0x00,
	0x00,0x00,0x00,0x00,0x00,0x00,0x00,0x00,0x00,0x00,0x00,0x00,0x00,0x00,0x00,0x00,0x00,0x00,0x00,0x00,
	0x00,0x00,0x00,0x00,0x00,0x00,0x00,0x00,0x00,0x00,0x00,0x00,0x00,0x00,0x00,0x00,0x61,0x00,0xA2,0x00,
	0xA2,0x00,0xC3,0x00,0x26,0x09,0x26,0x09,0x26,0x09,0x26,0x09,0x26,0x09,0x26,0x09,0x26,0x09,0x26,0x09,
	0x26,0x09,0x26,0x09,0x26,0x09,0x26,0x09,0x26,0x09,0x06,0x09,0x06,0x09,0x06,0x09,0x06,0x09,0x06,0x09,
	0x05,0x09,0x05,0x09,0x67,0x09,0xC8,0x09,0x29,0x0A,0x4A,0x0A,0x4B,0x0A,0x4B,0x0A,0x4B,0x0A,0x4B,0x0A,
	0x4B,0x0A,0x4B,0x12,0x4B,0x12,0x4B,0x12,0x2B,0x12,0x2B,0x12,0x2B,0x12,0x2B,0x12,0x2B,0x12,0x2B,0x12,
	0x0B,0x12,0x0B,0x12,0x2B,0x12,0x6D,0x1A,0x6D,0x1A,0x6D,0x1A,0x6D,0x1A,0x6D,0x1A,0x6D,0x1A,0x4D,0x1A,
	0x2C,0x1A,0x2D,0x22,0x4D,0x22,0x6E,0x22,0x8D,0x22,0x8E,0x22,0xAF,0x22,0xF1,0x2A,0xF1,0x2A,0xF1,0x2A,
	0xD0,0x2A,0xB0,0x2A,0xB0,0x2A,0x32,0x3B,0x94,0x43,0xD5,0x43,0xF6,0x43,0xF7,0x4B,0xF7,0x4B,0xD7,0x4B,
	0xD7,0x4B,0xD7,0x4B,0xD8,0x53,0xB7,0x53,0xB7,0x53,0xB7,0x53,0xB7,0x53,0x97,0x53,0x77,0x53,0x77,0x5B,
	0x77,0x5B,0x77,0x5B,0x57,0x5B,0x57,0x5B,0x58,0x63,0x58,0x63,0x58,0x63,0x38,0x63,0x38,0x63,0x38,0x6B,
	0x38,0x6B,0x38,0x6B,0x18,0x6B,0x18,0x6B,0x18,0x73,0x18,0x73,0x18,0x73,0xF8,0x72,0xF8,0x72,0xF8,0x72,
	0xF8,0x72,0xD8,0x72,0xD8,0x72,0xD8,0x72,0xD8,0x72,0xB8,0x72,0x97,0x72,0x97,0x72,0x98,0x7A,0x98,0x7A,
	0x98,0x7A,0x98,0x7A,0x78,0x7A,0x78,0x82,0x78,0x82,0x58,0x82,0x36,0x7A,0xF4,0x69,0x91,0x59,0x90,0x59,
	0x91,0x59,0x92,0x61,0x92,0x61,0x72,0x61,0x71,0x59,0x50,0x51,0x2F,0x51,0x0E,0x49,0x0E,0x49,0x0E,0x49,
	0x0E,0x49,0x0E,0x51,0x0E,0x51,0xEE,0x50,0xEE,0x50,0xEE,0x50,0xEE,0x50,0xEE,0x50,0xCD,0x48,0xCB,0x40,
	0xCB,0x40,0xCC,0x48,0xCC,0x48,0xCC,0x48,0xCC,0x48,0xCC,0x48,0xCC,0x48,0xAC,0x48,0xAC,0x48,0xAC,0x48,
	0xAC,0x48,0xAC,0x48,0xAC,0x48,0xAC,0x48,0xAC,0x48,0xAC,0x48,0xAC,0x48,0x8A,0x40,0x68,0x38,0x26,0x28,
	0x26,0x28,0x26,0x28,0x26,0x30,0x26,0x30,0x26,0x28,0x26,0x28,0x26,0x28,0x26,0x30,0x26,0x30,0x27,0x30,
	0x27,0x30,0x27,0x30,0x27,0x30,0x27,0x30,0x27,0x30,0x27,0x30,0x27,0x30,0x27,0x30,0x27,0x30,0x05,0x20,
	0x04,0x18,0x03,0x18,0x02,0x10,0x01,0x08,0x00,0x00,0x00,0x00,0x00,0x00,0x00,0x00,0x00,0x00,0x00,0x00,
	0x00,0x00,0x00,0x00,0x00,0x00,0x00,0x00,0x00,0x00,0x00,0x00,0x00,0x00,0x00,0x00,0x00,0x00,0x00,0x00,
	0x00,0x00,0x00,0x00,0x00,0x00,0x00,0x00,0x00,0x00,0x00,0x00,0x00,0x00,0x00,0x00,0x00,0x00,0x00,0x00,
	0x00,0x00,0x00,0x00,0x00,0x00,0x00,0x00,0x00,0x00,0x00,0x00,0x00,0x00,0x00,0x00,0x00,0x00,0x00,0x00,
	0x00,0x00,0x00,0x00,0x00,0x00,0x00,0x00,0x00,0x00,0x00,0x00,0x00,0x00,0x00,0x00,0x00,0x00,0x00,0x00,
	0x00,0x00,0x00,0x00,0x00,0x00,0x00,0x00,0x00,0x00,0x00,0x00,0x00,0x00,0x00,0x00,0x00,0x00,0x00,0x00,
	0x00,0x00,0x00,0x00,0x00,0x00,0x00,0x00,0x00,0x00,0x00,0x00,0x00,0x00,0x00,0x00,0x00,0x00,0x00,0x00,
	0x00,0x00,0x00,0x00,0x00,0x00,0x00,0x00,0x00,0x00,0x00,0x00,0x00,0x00,0x00,0x00,0x00,0x00,0x00,0x00,
	0x00,0x00,0x00,0x00,0x00,0x00,0x00,0x00,0x00,0x00,0x00,0x00,0x00,0x00,0x00,0x00,0x00,0x00,0x00,0x00,
	0x00,0x00,0x41,0x00,0x81,0x00,0xA2,0x00,0xE4,0x00,0x26,0x09,0x26,0x09,0x26,0x09,0x26,0x09,0x26,0x09,
	0x26,0x09,0x26,0x09,0x26,0x09,0x26,0x09,0x26,0x09,0x26,0x09,0x26,0x09,0x26,0x09,0x06,0x09,0x06,0x09,
	0x06,0x09,0x06,0x09,0x06,0x09,0x05,0x09,0x05,0x09,0x46,0x09,0xA8,0x09,0x09,0x0A,0x2A,0x0A,0x4B,0x0A,
	0x4B,0x0A,0x4B,0x0A,0x4B,0x0A,0x4B,0x0A,0x4B,0x12,0x4B,0x12,0x4B,0x12,0x2B,0x12,0x2B,0x12,0x2B,0x12,
	0x2B,0x12,0x2B,0x12,0x2B,0x12,0x2B,0x12,0x0B,0x12,0x2B,0x12,0x4B,0x12,0x6C,0x1A,0x6D,0x1A,0x6D,0x1A,
	0x6D,0x1A,0x6D,0x1A,0x6D,0x1A,0x6D,0x1A,0x4D,0x1A,0x4D,0x1A,0x4D,0x22,0x4D,0x22,0x4D,0x22,0xAE,0x22,
	0xF0,0x22,0xF1,0x2A,0xF1,0x2A,0xF1,0x2A,0xD0,0x2A,0xD0,0x2A,0xD0,0x2A,0x11,0x2B,0x94,0x33,0xD6,0x43,
	0xD7,0x4B,0xD7,0x4B,0xD7,0x4B,0xD7,0x4B,0xD7,0x4B,0xD8,0x53,0xB7,0x53,0xB7,0x53,0xB7,0x53,0xB7,0x53,
	0xB7,0x53,0x97,0x53,0x77,0x53,0x77,0x5B,0x77,0x5B,0x57,0x5B,0x57,0x5B,0x58,0x63,0x58,0x63,0x58,0x63,
	0x58,0x63,0x58,0x63,0x38,0x63,0x38,0x6B,0x38,0x6B,0x18,0x6B,0x18,0x6B,0x18,0x6B,0x18,0x6B,0x18,0x73,
	0xF8,0x72,0xF8,0x72,0xF8,0x72,0xF8,0x72,0xD8,0x72,0xD8,0x72,0xD8,0x72,0xD8,0x72,0xB8,0x72,0x97,0x72,
	0x97,0x72,0x98,0x7A,0x98,0x7A,0x98,0x7A,0x98,0x7A,0x98,0x7A,0x98,0x82,0x78,0x82,0x16,0x7A,0xB3,0x61,
	0x91,0x59,0x91,0x59,0x91,0x59,0x92,0x61,0x72,0x61,0x72,0x61,0x72,0x59,0x70,0x51,0x2E,0x49,0x0D,0x49,
	0x0D,0x49,0x0E,0x49,0x0E,0x49,0x0E,0x51,0x0E,0x51,0x0E,0x51,0xEE,0x50,0xEE,0x50,0xEE,0x50,0xEE,0x50,
	0xED,0x48,0xCC,0x40,0xCB,0x40,0xCC,0x48,0xCC,0x48,0xCC,0x48,0xCC,0x48,0xCC,0x48,0xCC,0x48,0xCC,0x48,
	0xAC,0x48,0xAC,0x48,0xAC,0x48,0xAC,0x48,0xAC,0x48,0xAC,0x48,0xAC,0x48,0xAC,0x48,0xAC,0x48,0x8B,0x48,
	0x6A,0x40,0x48,0x30,0x26,0x28,0x26,0x28,0x26,0x28,0x26,0x30,0x26,0x30,0x26,0x28,0x26,0x28,0x26,0x28,
	0x26,0x30,0x26,0x30,0x27,0x30,0x27,0x30,0x27,0x30,0x27,0x30,0x27,0x30,0x27,0x30,0x27,0x30,0x27,0x30,
	0x27,0x30,0x27,0x30,0x25,0x20,0x23,0x18,0x03,0x10,0x01,0x08,0x00,0x00,0x00,0x00,0x00,0x00,0x00,0x00,
	0x00,0x00,0x00,0x00,0x00,0x00,0x00,0x00,0x00,0x00,0x00,0x00,0x00,0x00,0x00,0x00,0x00,0x00,0x00,0x00,
	0x00,0x00,0x00,0x00,0x00,0x00,0x00,0x00,0x00,0x00,0x00,0x00,0x00,0x00,0x00,0x00,0x00,0x00,0x00,0x00,
	0x00,0x00,0x00,0x00,0x00,0x00,0x00,0x00,0x00,0x00,0x00,0x00,0x00,0x00,0x00,0x00,0x00,0x00,0x00,0x00,
	0x00,0x00,0x00,0x00,0x00,0x00,0x00,0x00,0x00,0x00,0x00,0x00,0x00,0x00,0x00,0x00,0x00,0x00,0x00,0x00,
	0x00,0x00,0x00,0x00,0x00,0x00,0x00,0x00,0x00,0x00,0x00,0x00,0x00,0x00,0x00,0x00,0x00,0x00,0x00,0x00,
	0x00,0x00,0x00,0x00,0x00,0x00,0x00,0x00,0x00,0x00,0x00,0x00,0x00,0x00,0x00,0x00,0x00,0x00,0x00,0x00,
	0x00,0x00,0x00,0x00,0x00,0x00,0x00,0x00,0x00,0x00,0x00,0x00,0x00,0x00,0x00,0x00,0x00,0x00,0x00,0x00,
	0x00,0x00,0x00,0x00,0x00,0x00,0x00,0x00,0x00,0x00,0x00,0x00,0x00,0x00,0x00,0x00,0x00,0x00,0x00,0x00,
	0x00,0x00,0x00,0x00,0x00,0x00,0x00,0x00,0x20,0x00,0x41,0x00,0xA2,0x00,0xE4,0x00,0x26,0x09,0x26,0x09,
	0x26,0x09,0x26,0x09,0x26,0x09,0x26,0x09,0x26,0x09,0x26,0x09,0x26,0x09,0x26,0x09,0x26,0x09,0x26,0x09,
	0x26,0x09,0x06,0x09,0x06,0x09,0x06,0x09,0x06,0x09,0x06,0x09,0x05,0x09,0x05,0x09,0x26,0x09,0x67,0x09,
	0xC8,0x09,0x09,0x0A,0x4A,0x0A,0x4B,0x0A,0x4B,0x0A,0x4B,0x0A,0x4B,0x0A,0x4B,0x12,0x4B,0x12,0x4B,0x12,
	0x2B,0x12,0x2B,0x12,0x2B,0x12,0x2B,0x12,0x2B,0x12,0x2B,0x12,0x2B,0x12,0x0B,0x12,0x0B,0x12,0x2B,0x12,
	0x6C,0x1A,0x6D,0x1A,0x6D,0x1A,0x6D,0x1A,0x6D,0x1A,0x6D,0x1A,0x6D,0x1A,0x4D,0x1A,0x4D,0x1A,0x4D,0x22,
	0x4D,0x22,0x4D,0x22,0x6D,0x22,0x8E,0x22,0xD0,0x2A,0xD1,0x2A,0xF1,0x2A,0xD0,0x2A,0xD0,0x2A,0xD0,0x2A,
	0xD1,0x2A,0x12,0x2B,0x33,0x3B,0x75,0x43,0xB7,0x4B,0xD7,0x4B,0xD7,0x4B,0xD7,0x4B,0xD8,0x53,0xB7,0x53,
	0xB7,0x53,0xB7,0x53,0xB7,0x53,0xB7,0x53,0x97,0x53,0x77,0x53,0x77,0x5B,0x77,0x5B,0x57,0x5B,0x57,0x5B,
	0x58,0x63,0x58,0x63,0x58,0x63,0x58,0x63,0x38,0x63,0x38,0x63,0x38,0x6B,0x38,0x6B,0x18,0x6B,0x18,0x6B,
	0x18,0x6B,0x18,0x73,0x18,0x73,0xF8,0x72,0xF8,0x72,0xF8,0x72,0xF8,0x72,0xD8,0x72,0xD8,0x72,0xD8,0x72,
	0xD8,0x72,0xB8,0x72,0x97,0x72,0x98,0x72,0x98,0x7A,0x98,0x7A,0x98,0x7A,0xB8,0x82,0x98,0x82,0x77,0x7A,
	0x15,0x72,0xD3,0x61,0x91,0x59,0x91,0x59,0x91,0x59,0x91,0x59,0x92,0x61,0x92,0x61,0x71,0x61,0x50,0x59,
	0x4F,0x51,0x0E,0x49,0x0D,0x49,0x0D,0x49,0x0E,0x49,0x0E,0x51,0x0E,0x51,0x0E,0x51,0xEE,0x50,0xEE,0x50,
	0xEE,0x50,0xEE,0x50,0xED,0x50,0xCD,0x48,0xCB,0x40,0xCB,0x40,0xCC,0x48,0xCC,0x48,0xCC,0x48,0xCC,0x48,
	0xCC,0x48,0xCC,0x48,0xCC,0x48,0xAC,0x48,0xAC,0x48,0xAC,0x48,0xAC,0x48,0xAC,0x48,0xAC,0x48,0xAC,0x48,
	0xAC,0x48,0x8B,0x48,0x6A,0x40,0x49,0x38,0x47,0x30,0x26,0x28,0x26,0x28,0x26,0x28,0x26,0x30,0x26,0x30,
	0x26,0x28,0x26,0x28,0x26,0x28,0x26,0x30,0x26,0x30,0x27,0x30,0x27,0x30,0x27,0x30,0x27,0x30,0x27,0x30,
	0x27,0x30,0x27,0x30,0x27,0x30,0x27,0x30,0x27,0x30,0x25,0x20,0x03,0x18,0x01,0x08,0x00,0x08,0x00,0x00,
	0x00,0x00,0x00,0x00,0x00,0x00,0x00,0x00,0x00,0x00,0x00,0x00,0x00,0x00,0x00,0x00,0x00,0x00,0x00,0x00,
	0x00,0x00,0x00,0x00,0x00,0x00,0x00,0x00,0x00,0x00,0x00,0x00,0x00,0x00,0x00,0x00,0x00,0x00,0x00,0x00,
	0x00,0x00,0x00,0x00,0x00,0x00,0x00,0x00,0x00,0x00,0x00,0x00,0x00,0x00,0x00,0x00,0x00,0x00,0x00,0x00,
	0x00,0x00,0x00,0x00,0x00,0x00,0x00,0x00,0x00,0x00,0x00,0x00,0x00,0x00,0x00,0x00,0x00,0x00,0x00,0x00,
	0x00,0x00,0x00,0x00,0x00,0x00,0x00,0x00,0x00,0x00,0x00,0x00,0x00,0x00,0x00,0x00,0x00,0x00,0x00,0x00,
	0x00,0x00,0x00,0x00,0x00,0x00,0x00,0x00,0x00,0x00,0x00,0x00,0x00,0x00,0x00,0x00,0x00,0x00,0x00,0x00,
	0x00,0x00,0x00,0x00,0x00,0x00,0x00,0x00,0x00,0x00,0x00,0x00,0x00,0x00,0x00,0x00,0x00,0x00,0x00,0x00,
	0x00,0x00,0x00,0x00,0x00,0x00,0x00,0x00,0x00,0x00,0x00,0x00,0x00,0x00,0x00,0x00,0x00,0x00,0x00,0x00,
	0x00,0x00,0x00,0x00,0x00,0x00,0x00,0x00,0x00,0x00,0x00,0x00,0x00,0x00,0x00,0x00,0x00,0x00,0x81,0x00,
	0xC3,0x00,0x26,0x09,0x26,0x09,0x26,0x09,0x26,0x09,0x26,0x09,0x26,0x09,0x26,0x09,0x26,0x09,0x26,0x09,
	0x26,0x09,0x26,0x09,0x26,0x09,0x26,0x09,0x06,0x09,0x06,0x09,0x06,0x09,0x06,0x09,0x06,0x09,0x05,0x09,
	0x05,0x09,0x26,0x09,0x67,0x09,0x88,0x09,0xE8,0x09,0x29,0x0A,0x4A,0x0A,0x4B,0x0A,0x4B,0x0A,0x4B,0x0A,
	0x4B,0x12,0x4B,0x12,0x4B,0x12,0x2B,0x12,0x2B,0x12,0x2B,0x12,0x2B,0x12,0x2B,0x12,0x0B,0x12,0x0B,0x12,
	0x0B,0x12,0x0B,0x12,0x0B,0x12,0x4B,0x1A,0x6C,0x1A,0x6D,0x1A,0x6D,0x1A,0x6D,0x1A,0x6D,0x1A,0x6D,0x1A,
	0x4D,0x1A,0x4D,0x1A,0x4D,0x1A,0x4D,0x1A,0x4D,0x22,0x2C,0x22,0x4C,0x22,0x8F,0x2A,0xB0,0x2A,0xD0,0x2A,
	0xD0,0x2A,0xD0,0x2A,0xF1,0x2A,0xD1,0x2A,0x90,0x2A,0xB1,0x32,0xF2,0x3A,0x75,0x43,0xB7,0x4B,0xD7,0x4B,
	0xD7,0x4B,0xD8,0x53,0xB7,0x53,0xB7,0x53,0xB7,0x53,0xB7,0x53,0xB7,0x53,0x97,0x53,0x77,0x53,0x77,0x5B,
	0x77,0x5B,0x77,0x5B,0x77,0x5B,0x58,0x63,0x58,0x63,0x58,0x63,0x38,0x63,0x38,0x63,0x38,0x6B,0x38,0x6B,
	0x38,0x6B,0x18,0x6B,0x18,0x6B,0x18,0x73,0x18,0x73,0x18,0x73,0xF8,0x72,0xF8,0x72,0xF8,0x72,0xF8,0x72,
	0xD8,0x72,0xD8,0x72,0xD8,0x72,0xB8,0x72,0xB8,0x72,0x98,0x72,0x98,0x72,0x98,0x7A,0x98,0x7A,0x98,0x7A,
	0x98,0x82,0x77,0x7A,0x14,0x6A,0xD2,0x59,0x90,0x51,0x91,0x59,0x91,0x59,0x91,0x59,0x91,0x59,0x91,0x59,
	0x91,0x59,0x70,0x59,0x2E,0x51,0x0E,0x49,0x0E,0x49,0x0E,0x51,0x0E,0x51,0x0E,0x51,0x0E,0x51,0x0E,0x51,
	0xEE,0x50,0xEE,0x50,0xEE,0x50,0xEE,0x50,0xEE,0x50,0xCD,0x50,0xCC,0x48,0xCB,0x40,0xCB,0x40,0xCC,0x48,
	0xCC,0x48,0xCC,0x48,0xCC,0x48,0xCC,0x48,0xCC,0x48,0xCC,0x48,0xAC,0x48,0xAC,0x48,0xAC,0x48,0xAC,0x48,
	0xAC,0x48,0xAC,0x48,0xAC,0x48,0x8B,0x48,0x6A,0x40,0x49,0x38,0x27,0x38,0x27,0x30,0x26,0x28,0x26,0x28,
	0x26,0x30,0x26,0x30,0x26,0x30,0x26,0x28,0x26,0x28,0x26,0x28,0x26,0x30,0x26,0x30,0x27,0x30,0x27,0x30,
	0x27,0x30,0x27,0x30,0x27,0x30,0x27,0x30,0x27,0x30,0x27,0x30,0x27,0x30,0x27,0x30,0x05,0x28,0x03,0x18,
	0x00,0x00,0x00,0x00,0x00,0x00,0x00,0x00,0x00,0x00,0x00,0x00,0x00,0x00,0x00,0x00,0x00,0x00,0x00,0x00,
	0x00,0x00,0x00,0x00,0x00,0x00,0x00,0x00,0x00,0x00,0x00,0x00,0x00,0x00,0x00,0x00,0x00,0x00,0x00,0x00,
	0x00,0x00,0x00,0x00,0x00,0x00,0x00,0x00,0x00,0x00,0x00,0x00,0x00,0x00,0x00,0x00,0x00,0x00,0x00,0x00,
	0x00,0x00,0x00,0x00,0x00,0x00,0x00,0x00,0x00,0x00,0x00,0x00,0x00,0x00,0x00,0x00,0x00,0x00,0x00,0x00,
	0x00,0x00,0x00,0x00,0x00,0x00,0x00,0x00,0x00,0x00,0x00,0x00,0x00,0x00,0x00,0x00,0x00,0x00,0x00,0x00,
	0x00,0x00,0x00,0x00,0x00,0x00,0x00,0x00,0x00,0x00,0x00,0x00,0x00,0x00,0x00,0x00,0x00,0x00,0x00,0x00,
	0x00,0x00,0x00,0x00,0x00,0x00,0x00,0x00,0x00,0x00,0x00,0x00,0x00,0x00,0x00,0x00,0x00,0x00,0x00,0x00,
	0x00,0x00,0x00,0x00,0x00,0x00,0x00,0x00,0x00,0x00,0x00,0x00,0x00,0x00,0x00,0x00,0x00,0x00,0x00,0x00,
	0x00,0x00,0x00,0x00,0x00,0x00,0x00,0x00,0x00,0x00,0x00,0x00,0x00,0x00,0x00,0x00,0x00,0x00,0x00,0x00,
	0x00,0x00,0x00,0x00,0x20,0x00,0xA2,0x00,0x25,0x09,0x26,0x09,0x26,0x09,0x26,0x09,0x26,0x09,0x26,0x09,
	0x26,0x09,0x26,0x09,0x26,0x09,0x26,0x09,0x26,0x09,0x26,0x09,0x26,0x09,0x06,0x09,0x06,0x09,0x06,0x09,
	0x06,0x09,0x06,0x09,0x05,0x09,0x05,0x09,0x06,0x09,0x47,0x09,0x88,0x09,0xC8,0x09,0xE8,0x09,0x2A,0x0A,
	0x6B,0x0A,0x4B,0x0A,0x4B,0x0A,0x4B,0x12,0x4B,0x12,0x4B,0x12,0x2B,0x12,0x2B,0x12,0x2B,0x12,0x2B,0x12,
	0x2B,0x12,0x2B,0x12,0x2B,0x12,0x0B,0x12,0x0B,0x12,0x0B,0x12,0x2B,0x1A,0x4C,0x1A,0x6D,0x1A,0x6D,0x1A,
	0x6D,0x1A,0x6D,0x1A,0x4D,0x1A,0x4D,0x1A,0x4D,0x1A,0x4D,0x1A,0x4D,0x1A,0x4D,0x22,0x4D,0x22,0x4D,0x22,
	0x6E,0x2A,0x8F,0x2A,0xAF,0x22,0xAF,0x2A,0x8F,0x2A,0xB0,0x2A,0xB0,0x2A,0xB0,0x2A,0xB0,0x2A,0xB1,0x32,
	0xD2,0x3A,0x13,0x3B,0x55,0x43,0x96,0x4B,0xD8,0x53,0xD8,0x53,0xB7,0x53,0xB7,0x53,0xB7,0x53,0xB7,0x53,
	0x97,0x53,0x77,0x53,0x77,0x5B,0x77,0x5B,0x57,0x5B,0x57,0x5B,0x58,0x63,0x58,0x63,0x58,0x63,0x38,0x63,
	0x38,0x63,0x38,0x6B,0x38,0x6B,0x38,0x6B,0x18,0x6B,0x18,0x6B,0x18,0x73,0x18,0x73,0x18,0x73,0xF8,0x72,
	0xF8,0x72,0xD8,0x72,0xD8,0x72,0xF8,0x72,0xD8,0x72,0xD8,0x72,0xB8,0x72,0xB8,0x72,0xB8,0x7A,0xB8,0x7A,
	0xB8,0x7A,0x98,0x7A,0x77,0x72,0x35,0x72,0xF3,0x69,0xB2,0x61,0x91,0x59,0x90,0x51,0x91,0x59,0x91,0x59,
	0x90,0x51,0x90,0x51,0x50,0x51,0x50,0x51,0x4F,0x51,0x2E,0x49,0x0E,0x49,0x0E,0x49,0x0E,0x49,0x0E,0x49,
	0x0E,0x49,0x0E,0x51,0x0E,0x51,0x0E,0x51,0xEE,0x50,0xEE,0x50,0xEE,0x50,0xEE,0x48,0xCC,0x48,0xCB,0x40,
	0xCB,0x48,0xCC,0x48,0xCC,0x48,0xCC,0x48,0xCC,0x48,0xCC,0x48,0xCC,0x48,0xCC,0x48,0xCC,0x48,0xAC,0x48,
	0xAC,0x48,0xAC,0x48,0xAC,0x48,0xAC,0x48,0x8C,0x48,0x8B,0x48,0x6A,0x48,0x4A,0x40,0x29,0x38,0x27,0x38,
	0x27,0x30,0x26,0x28,0x26,0x28,0x26,0x30,0x26,0x30,0x26,0x30,0x26,0x28,0x26,0x28,0x26,0x28,0x26,0x30,
	0x26,0x30,0x27,0x30,0x27,0x30,0x27,0x30,0x27,0x30,0x27,0x30,0x27,0x30,0x27,0x30,0x27,0x30,0x28,0x38,
	0x27,0x38,0x04,0x20,0x02,0x10,0x00,0x00,0x00,0x00,0x00,0x00,0x00,0x00,0x00,0x00,0x00,0x00,0x00,0x00,
	0x00,0x00,0x00,0x00,0x00,0x00,0x00,0x00,0x00,0x00,0x00,0x00,0x00,0x00,0x00,0x00,0x00,0x00,0x00,0x00,
	0x00,0x00,0x00,0x00,0x00,0x00,0x00,0x00,0x00,0x00,0x00,0x00,0x00,0x00,0x00,0x00,0x00,0x00,0x00,0x00,
	0x00,0x00,0x00,0x00,0x00,0x00,0x00,0x00,0x00,0x00,0x00,0x00,0x00,0x00,0x00,0x00,0x00,0x00,0x00,0x00,
	0x00,0x00,0x00,0x00,0x00,0x00,0x00,0x00,0x00,0x00,0x00,0x00,0x00,0x00,0x00,0x00,0x00,0x00,0x00,0x00,
	0x00,0x00,0x00,0x00,0x00,0x00,0x00,0x00,0x00,0x00,0x00,0x00,0x00,0x00,0x00,0x00,0x00,0x00,0x00,0x00,
	0x00,0x00,0x00,0x00,0x00,0x00,0x00,0x00,0x00,0x00,0x00,0x00,0x00,0x00,0x00,0x00,0x00,0x00,0x00,0x00,
	0x00,0x00,0x00,0x00,0x00,0x00,0x00,0x00,0x00,0x00,0x00,0x00,0x00,0x00,0x00,0x00,0x00,0x00,0x00,0x00,
	0x00,0x00,0x00,0x00,0x00,0x00,0x00,0x00,0x00,0x00,0x00,0x00,0x00,0x00,0x00,0x00,0x00,0x00,0x00,0x00,
	0x00,0x00,0x00,0x00,0x00,0x00,0x00,0x00,0x00,0x00,0x00,0x00,0x61,0x00,0x04,0x09,0x25,0x09,0x26,0x09,
	0x26,0x09,0x26,0x09,0x26,0x09,0x26,0x09,0x26,0x09,0x26,0x09,0x26,0x09,0x26,0x09,0x26,0x09,0x26,0x09,
	0x06,0x09,0x06,0x09,0x06,0x09,0x06,0x09,0x06,0x09,0x06,0x09,0x05,0x09,0x05,0x09,0x26,0x09,0xA8,0x09,
	0xA8,0x09,0xA8,0x09,0x09,0x0A,0x4A,0x0A,0x4B,0x0A,0x4B,0x0A,0x4B,0x12,0x4B,0x12,0x4B,0x12,0x2B,0x12,
	0x2B,0x12,0x2B,0x12,0x2B,0x12,0x2B,0x12,0x2B,0x12,0x2B,0x12,0x0B,0x12,0x0B,0x12,0x0B,0x12,0x0B,0x12,
	0x0C,0x1A,0x4D,0x1A,0x6D,0x1A,0x6D,0x1A,0x6D,0x1A,0x4D,0x1A,0x4D,0x1A,0x4D,0x1A,0x4D,0x1A,0x4D,0x1A,
	0x4D,0x22,0x4D,0x22,0x4D,0x22,0x6D,0x2A,0x6E,0x2A,0x8F,0x22,0x6F,0x22,0x6F,0x2A,0x6F,0x2A,0x8F,0x2A,
	0xB0,0x2A,0xB0,0x2A,0xB0,0x2A,0x8F,0x2A,0x90,0x32,0xD2,0x3A,0x34,0x43,0x96,0x4B,0x96,0x4B,0xB7,0x53,
	0xB7,0x53,0xB7,0x53,0xB7,0x53,0x97,0x53,0x77,0x53,0x77,0x5B,0x77,0x5B,0x57,0x5B,0x57,0x5B,0x58,0x63,
	0x58,0x63,0x58,0x63,0x38,0x63,0x38,0x63,0x38,0x6B,0x38,0x6B,0x38,0x6B,0x18,0x6B,0x18,0x6B,0x18,0x73,
	0x18,0x73,0x18,0x73,0xF8,0x72,0xF8,0x72,0xD8,0x72,0xD8,0x72,0xF8,0x72,0xD8,0x72,0xD8,0x72,0xB8,0x72,
	0xB8,0x72,0xB8,0x7A,0x97,0x7A,0x76,0x72,0x76,0x72,0x34,0x6A,0xB2,0x61,0x91,0x59,0x91,0x59,0x91,0x59,
	0x91,0x59,0x91,0x59,0x91,0x59,0x90,0x51,0x70,0x51,0x50,0x51,0x2F,0x51,0x2F,0x49,0x2E,0x49,0x0E,0x49,
	0x0E,0x49,0x0E,0x49,0x0E,0x49,0x0E,0x49,0x0E,0x49,0x0E,0x51,0x0E,0x51,0x0E,0x51,0xEE,0x50,0xEE,0x50,
	0xED,0x48,0xCC,0x40,0xCB,0x40,0xCC,0x48,0xCC,0x48,0xCC,0x48,0xCC,0x48,0xCC,0x48,0xCC,0x48,0xCC,0x48,
	0xCC,0x48,0xCC,0x48,0xAC,0x48,0xAC,0x48,0xAC,0x48,0xAC,0x48,0xAC,0x48,0x8B,0x48,0x6A,0x48,0x6A,0x40,
	0x49,0x38,0x49,0x38,0x27,0x38,0x26,0x30,0x26,0x28,0x26,0x28,0x26,0x30,0x26,0x30,0x26,0x30,0x26,0x28,
	0x26,0x28,0x26,0x28,0x26,0x30,0x26,0x30,0x27,0x30,0x27,0x30,0x27,0x30,0x27,0x30,0x27,0x30,0x27,0x30,
	0x27,0x30,0x27,0x30,0x27,0x38,0x27,0x30,0x03,0x18,0x01,0x08,0x00,0x00,0x00,0x00,0x00,0x00,0x00,0x00,
	0x00,0x00,0x00,0x00,0x00,0x00,0x00,0x00,0x00,0x00,0x00,0x00,0x00,0x00,0x00,0x00,0x00,0x00,0x00,0x00,
	0x00,0x00,0x00,0x00,0x00,0x00,0x00,0x00,0x00,0x00,0x00,0x00,0x00,0x00,0x00,0x00,0x00,0x00,0x00,0x00,
	0x00,0x00,0x00,0x00,0x00,0x00,0x00,0x00,0x00,0x00,0x00,0x00,0x00,0x00,0x00,0x00,0x00,0x00,0x00,0x00,
	0x00,0x00,0x00,0x00,0x00,0x00,0x00,0x00,0x00,0x00,0x00,0x00,0x00,0x00,0x00,0x00,0x00,0x00,0x00,0x00,
	0x00,0x00,0x00,0x00,0x00,0x00,0x00,0x00,0x00,0x00,0x00,0x00,0x00,0x00,0x00,0x00,0x00,0x00,0x00,0x00,
	0x00,0x00,0x00,0x00,0x00,0x00,0x00,0x00,0x00,0x00,0x00,0x00,0x00,0x00,0x00,0x00,0x00,0x00,0x00,0x00,
	0x00,0x00,0x00,0x00,0x00,0x00,0x00,0x00,0x00,0x00,0x00,0x00,0x00,0x00,0x00,0x00,0x00,0x00,0x00,0x00,
	0x00,0x00,0x00,0x00,0x00,0x00,0x00,0x00,0x00,0x00,0x00,0x00,0x00,0x00,0x00,0x00,0x00,0x00,0x00,0x00,
	0x00,0x00,0x00,0x00,0x00,0x00,0x00,0x00,0x00,0x00,0x00,0x00,0x00,0x00,0x00,0x00,0x00,0x00,0x21,0x00,
	0xA2,0x08,0xE4,0x08,0x25,0x09,0x26,0x09,0x26,0x09,0x26,0x09,0x26,0x09,0x26,0x09,0x26,0x09,0x26,0x09,
	0x26,0x09,0x26,0x09,0x26,0x09,0x06,0x09,0x06,0x09,0x06,0x09,0x06,0x09,0x06,0x09,0x06,0x09,0x06,0x09,
	0xE5,0x08,0x26,0x09,0x88,0x09,0xA8,0x09,0x87,0x09,0xA8,0x09,0xEA,0x09,0x4B,0x0A,0x4B,0x0A,0x4B,0x12,
	0x4B,0x12,0x4B,0x12,0x2B,0x12,0x2B,0x12,0x2B,0x12,0x2B,0x12,0x2B,0x12,0x2B,0x12,0x2B,0x12,0x0B,0x12,
	0x0B,0x12,0x0B,0x12,0x0B,0x12,0x0B,0x12,0x4C,0x1A,0x6D,0x1A,0x6D,0x1A,0x6D,0x1A,0x6D,0x1A,0x4D,0x1A,
	0x4D,0x1A,0x4D,0x1A,0x4D,0x1A,0x4D,0x22,0x4D,0x22,0x4D,0x22,0x4D,0x22,0x6D,0x22,0x6E,0x2A,0x6F,0x2A,
	0x6F,0x2A,0x6F,0x32,0x6F,0x32,0x6E,0x2A,0x6E,0x2A,0x6F,0x32,0xB0,0x2A,0xB0,0x2A,0x70,0x32,0x91,0x32,
	0xD2,0x32,0x34,0x3B,0x75,0x4B,0x97,0x53,0x98,0x5B,0xB8,0x5B,0x98,0x5B,0x97,0x5B,0x77,0x5B,0x77,0x5B,
	0x77,0x5B,0x57,0x5B,0x58,0x63,0x58,0x63,0x58,0x63,0x38,0x63,0x38,0x63,0x38,0x6B,0x38,0x6B,0x38,0x6B,
	0x38,0x6B,0x18,0x6B,0x18,0x73,0x18,0x73,0x18,0x73,0x18,0x73,0xF8,0x72,0xF8,0x72,0xD8,0x72,0xD8,0x72,
	0xD8,0x72,0xD8,0x72,0xD8,0x72,0xB8,0x72,0x97,0x7A,0x55,0x6A,0x13,0x62,0xD2,0x59,0xB1,0x51,0x90,0x51,
	0x90,0x51,0x90,0x51,0x90,0x51,0x90,0x51,0x90,0x51,0x70,0x51,0x50,0x51,0x70,0x51,0x70,0x51,0x4F,0x49,
	0x2E,0x49,0x0E,0x49,0x0E,0x49,0x0E,0x49,0x0E,0x49,0x0E,0x49,0x0E,0x51,0x0E,0x51,0x0E,0x51,0x0E,0x51,
	0x0E,0x51,0xEE,0x50,0xED,0x50,0xCB,0x40,0xCB,0x40,0xCB,0x40,0xCC,0x48,0xCC,0x48,0xCC,0x48,0xCC,0x48,
	0xCC,0x48,0xCC,0x48,0xCC,0x48,0xCC,0x48,0xCC,0x48,0xAC,0x48,0xAC,0x48,0xAC,0x48,0xAC,0x48,0xAC,0x48,
	0x8A,0x40,0x6A,0x40,0x69,0x38,0x69,0x38,0x69,0x38,0x27,0x30,0x26,0x28,0x26,0x28,0x26,0x28,0x26,0x30,
	0x26,0x30,0x26,0x30,0x26,0x28,0x26,0x28,0x26,0x28,0x26,0x30,0x26,0x30,0x27,0x30,0x27,0x30,0x27,0x30,
	0x27,0x30,0x27,0x30,0x27,0x30,0x27,0x30,0x26,0x30,0x06,0x30,0x05,0x20,0x02,0x10,0x00,0x00,0x00,0x00,
	0x00,0x00,0x00,0x00,0x00,0x00,0x00,0x00,0x00,0x00,0x00,0x00,0x00,0x00,0x00,0x00,0x00,0x00,0x00,0x00,
	0x00,0x00,0x00,0x00,0x00,0x00,0x00,0x00,0x00,0x00,0x00,0x00,0x00,0x00,0x00,0x00,0x00,0x00,0x00,0x00,
	0x00,0x00,0x00,0x00,0x00,0x00,0x00,0x00,0x00,0x00,0x00,0x00,0x00,0x00,0x00,0x00,0x00,0x00,0x00,0x00,
	0x00,0x00,0x00,0x00,0x00,0x00,0x00,0x00,0x00,0x00,0x00,0x00,0x00,0x00,0x00,0x00,0x00,0x00,0x00,0x00,
	0x00,0x00,0x00,0x00,0x00,0x00,0x00,0x00,0x00,0x00,0x00,0x00,0x00,0x00,0x00,0x00,0x00,0x00,0x00,0x00,
	0x00,0x00,0x00,0x00,0x00,0x00,0x00,0x00,0x00,0x00,0x00,0x00,0x00,0x00,0x00,0x00,0x00,0x00,0x00,0x00,
	0x00,0x00,0x00,0x00,0x00,0x00,0x00,0x00,0x00,0x00,0x00,0x00,0x00,0x00,0x00,0x00,0x00,0x00,0x00,0x00,
	0x00,0x00,0x00,0x00,0x00,0x00,0x00,0x00,0x00,0x00,0x00,0x00,0x00,0x00,0x00,0x00,0x00,0x00,0x00,0x00,
	0x00,0x00,0x00,0x00,0x00,0x00,0x00,0x00,0x00,0x00,0x00,0x00,0x00,0x00,0x00,0x00,0x00,0x00,0x00,0x00,
	0x00,0x00,0x00,0x00,0x20,0x00,0x62,0x08,0xA3,0x08,0x04,0x09,0x26,0x09,0x26,0x09,0x26,0x09,0x26,0x09,
	0x26,0x09,0x26,0x09,0x26,0x09,0x26,0x09,0x26,0x09,0x26,0x09,0x06,0x09,0x06,0x09,0x06,0x09,0x06,0x09,
	0x06,0x09,0x06,0x09,0x06,0x09,0xE5,0x08,0x25,0x09,0x87,0x09,0xA8,0x09,0x87,0x09,0xA8,0x09,0xC9,0x09,
	0x2A,0x0A,0x4B,0x0A,0x4B,0x12,0x4B,0x12,0x4B,0x12,0x2B,0x12,0x2B,0x12,0x2B,0x12,0x2B,0x12,0x2B,0x12,
	0x2B,0x12,0x2B,0x12,0x2B,0x12,0x0B,0x12,0x0B,0x12,0x0B,0x12,0x0B,0x12,0x2B,0x12,0x4C,0x1A,0x6D,0x1A,
	0x6D,0x1A,0x6D,0x1A,0x4D,0x1A,0x4D,0x1A,0x4D,0x1A,0x4D,0x1A,0x4D,0x22,0x4D,0x22,0x4D,0x22,0x4D,0x22,
	0x4D,0x22,0x6D,0x2A,0x6E,0x2A,0x8F,0x2A,0x6F,0x32,0x6F,0x32,0x4E,0x2A,0x4E,0x32,0x6F,0x32,0x90,0x32,
	0x90,0x2A,0x4F,0x32,0x4F,0x32,0x6F,0x32,0xB1,0x32,0xF2,0x3A,0x14,0x43,0x35,0x4B,0x56,0x53,0x56,0x53,
	0x77,0x53,0x77,0x5B,0x77,0x5B,0x77,0x5B,0x78,0x5B,0x58,0x63,0x58,0x63,0x58,0x63,0x58,0x63,0x58,0x63,
	0x38,0x6B,0x38,0x6B,0x38,0x6B,0x38,0x6B,0x38,0x6B,0x18,0x73,0x18,0x73,0x18,0x73,0x18,0x73,0x18,0x73,
	0xF8,0x72,0xD7,0x72,0xB7,0x6A,0xB7,0x6A,0xB7,0x6A,0x96,0x6A,0x75,0x6A,0x34,0x62,0xF2,0x59,0xD1,0x51,
	0x90,0x51,0x70,0x51,0x90,0x51,0x90,0x51,0x90,0x51,0x90,0x51,0x90,0x51,0x90,0x51,0x70,0x51,0x50,0x51,
	0x50,0x51,0x70,0x51,0x2E,0x49,0x2E,0x49,0x0E,0x49,0x0E,0x49,0x0E,0x49,0x0E,0x49,0x0E,0x49,0x0E,0x51,
	0x0E,0x51,0x0E,0x51,0x0E,0x51,0x0E,0x51,0xED,0x50,0xCC,0x48,0xCB,0x40,0xCB,0x40,0xCB,0x40,0xCC,0x48,
	0xCC,0x48,0xCC,0x48,0xCC,0x48,0xCC,0x48,0xCC,0x48,0xCC,0x48,0xCC,0x48,0xCC,0x48,0xAC,0x48,0xAC,0x48,
	0xAC,0x48,0xAC,0x48,0x8B,0x48,0x8A,0x40,0x69,0x38,0x69,0x38,0x69,0x38,0x49,0x38,0x27,0x28,0x26,0x28,
	0x26,0x28,0x26,0x28,0x26,0x30,0x26,0x30,0x26,0x30,0x26,0x28,0x26,0x28,0x26,0x28,0x26,0x30,0x26,0x30,
	0x27,0x30,0x27,0x30,0x27,0x30,0x27,0x30,0x27,0x30,0x27,0x30,0x27,0x30,0x26,0x28,0x05,0x28,0x04,0x18,
	0x01,0x08,0x00,0x00,0x00,0x00,0x00,0x00,0x00,0x00,0x00,0x00,0x00,0x00,0x00,0x00,0x00,0x00,0x00,0x00,
	0x00,0x00,0x00,0x00,0x00,0x00,0x00,0x00,0x00,0x00,0x00,0x00,0x00,0x00,0x00,0x00,0x00,0x00,0x00,0x00,
	0x00,0x00,0x00,0x00,0x00,0x00,0x00,0x00,0x00,0x00,0x00,0x00,0x00,0x00,0x00,0x00,0x00,0x00,0x00,0x00,
	0x00,0x00,0x00,0x00,0x00,0x00,0x00,0x00,0x00,0x00,0x00,0x00,0x00,0x00,0x00,0x00,0x00,0x00,0x00,0x00,
	0x00,0x00,0x00,0x00,0x00,0x00,0x00,0x00,0x00,0x00,0x00,0x00,0x00,0x00,0x00,0x00,0x00,0x00,0x00,0x00,
	0x00,0x00,0x00,0x00,0x00,0x00,0x00,0x00,0x00,0x00,0x00,0x00,0x00,0x00,0x00,0x00,0x00,0x00,0x00,0x00,
	0x00,0x00,0x00,0x00,0x00,0x00,0x00,0x00,0x00,0x00,0x00,0x00,0x00,0x00,0x00,0x00,0x00,0x00,0x00,0x00,
	0x00,0x00,0x00,0x00,0x00,0x00,0x00,0x00,0x00,0x00,0x00,0x00,0x00,0x00,0x00,0x00,0x00,0x00,0x00,0x00,
	0x00,0x00,0x00,0x00,0x00,0x00,0x00,0x00,0x00,0x00,0x00,0x00,0x00,0x00,0x00,0x00,0x00,0x00,0x00,0x00,
	0x00,0x00,0x00,0x00,0x00,0x00,0x00,0x00,0x00,0x00,0x01,0x00,0x42,0x08,0x82,0x08,0xA3,0x08,0x05,0x09,
	0x26,0x09,0x26,0x09,0x26,0x09,0x26,0x09,0x26,0x09,0x26,0x09,0x26,0x09,0x26,0x09,0x26,0x09,0x06,0x09,
	0x06,0x09,0x06,0x09,0x06,0x09,0x06,0x09,0x06,0x09,0x06,0x09,0x05,0x09,0x25,0x09,0x67,0x09,0xA8,0x09,
	0xA8,0x09,0xA8,0x09,0xA8,0x09,0xE9,0x09,0x0A,0x0A,0x4B,0x0A,0x4B,0x0A,0x4B,0x12,0x2B,0x12,0x2B,0x12,
	0x2B,0x12,0x2B,0x12,0x2B,0x12,0x2B,0x12,0x2B,0x12,0x2B,0x12,0x2B,0x12,0x0B,0x12,0x0B,0x12,0x0B,0x12,
	0x0B,0x12,0x2B,0x12,0x4C,0x1A,0x4D,0x1A,0x4D,0x1A,0x4D,0x1A,0x4D,0x1A,0x4D,0x1A,0x4D,0x1A,0x4D,0x22,
	0x4D,0x22,0x4D,0x22,0x4D,0x22,0x4D,0x22,0x4D,0x22,0x6E,0x22,0x8F,0x22,0x6F,0x2A,0x6F,0x32,0x6F,0x32,
	0x6F,0x32,0x6F,0x32,0x6F,0x32,0x6F,0x32,0x4F,0x32,0x4F,0x32,0x4E,0x32,0x4E,0x32,0x4F,0x32,0x70,0x32,
	0x91,0x3A,0xB2,0x42,0xF4,0x4A,0x15,0x4B,0x36,0x53,0x56,0x5B,0x77,0x5B,0x78,0x5B,0x58,0x63,0x58,0x63,
	0x58,0x63,0x78,0x63,0x58,0x63,0x38,0x6B,0x38,0x6B,0x38,0x6B,0x38,0x6B,0x38,0x6B,0x18,0x73,0x18,0x73,
	0x18,0x73,0x18,0x73,0x18,0x73,0xD6,0x6A,0x96,0x6A,0x75,0x62,0x95,0x62,0x74,0x5A,0x32,0x52,0xD1,0x49,
	0xAF,0x41,0x8F,0x41,0x90,0x49,0x90,0x51,0x90,0x51,0x90,0x51,0x90,0x51,0x90,0x51,0x90,0x51,0x90,0x51,
	0x90,0x51,0x90,0x51,0x50,0x59,0x30,0x51,0x2F,0x49,0x2E,0x49,0x2E,0x49,0x0E,0x49,0x0E,0x49,0x0E,0x49,
	0x0E,0x49,0x0E,0x49,0x0E,0x51,0x0E,0x51,0x0E,0x51,0xEE,0x50,0xEE,0x50,0xCD,0x48,0xCC,0x40,0xCB,0x40,
	0xCB,0x40,0xCC,0x40,0xCC,0x48,0xCC,0x48,0xCC,0x48,0xCC,0x48,0xCC,0x48,0xCC,0x48,0xCC,0x48,0xCC,0x48,
	0xCC,0x48,0xAC,0x48,0xAC,0x48,0xAC,0x48,0x8B,0x40,0x8A,0x40,0x69,0x38,0x69,0x38,0x69,0x38,0x49,0x38,
	0x49,0x38,0x27,0x28,0x26,0x28,0x26,0x28,0x26,0x28,0x26,0x30,0x26,0x30,0x26,0x30,0x26,0x28,0x26,0x28,
	0x26,0x28,0x26,0x30,0x26,0x30,0x27,0x30,0x27,0x30,0x27,0x30,0x27,0x30,0x27,0x30,0x27,0x30,0x27,0x30,
	0x05,0x20,0x04,0x20,0x03,0x18,0x01,0x08,0x00,0x00,0x00,0x00,0x00,0x00,0x00,0x00,0x00,0x00,0x00,0x00,
	0x00,0x00,0x00,0x00,0x00,0x00,0x00,0x00,0x00,0x00,0x00,0x00,0x00,0x00,0x00,0x00,0x00,0x00,0x00,0x00,
	0x00,0x00,0x00,0x00,0x00,0x00,0x00,0x00,0x00,0x00,0x00,0x00,0x00,0x00,0x00,0x00,0x00,0x00,0x00,0x00,
	0x00,0x00,0x00,0x00,0x00,0x00,0x00,0x00,0x00,0x00,0x00,0x00,0x00,0x00,0x00,0x00,0x00,0x00,0x00,0x00,
	0x00,0x00,0x00,0x00,0x00,0x00,0x00,0x00,0x00,0x00,0x00,0x00,0x00,0x00,0x00,0x00,0x00,0x00,0x00,0x00,
	0x00,0x00,0x00,0x00,0x00,0x00,0x00,0x00,0x00,0x00,0x00,0x00,0x00,0x00,0x00,0x00,0x00,0x00,0x00,0x00,
	0x00,0x00,0x00,0x00,0x00,0x00,0x00,0x00,0x00,0x00,0x00,0x00,0x00,0x00,0x00,0x00,0x00,0x00,0x00,0x00,
	0x00,0x00,0x00,0x00,0x00,0x00,0x00,0x00,0x00,0x00,0x00,0x00,0x00,0x00,0x00,0x00,0x00,0x00,0x00,0x00,
	0x00,0x00,0x00,0x00,0x00,0x00,0x00,0x00,0x00,0x00,0x00,0x00,0x00,0x00,0x00,0x00,0x00,0x00,0x00,0x00,
	0x00,0x00,0x00,0x00,0x00,0x00,0x00,0x00,0x00,0x00,0x00,0x00,0x00,0x00,0x00,0x00,0x00,0x00,0x41,0x00,
	0x62,0x08,0x82,0x08,0xA4,0x08,0xE5,0x08,0x25,0x09,0x26,0x09,0x26,0x09,0x26,0x09,0x26,0x09,0x26,0x09,
	0x26,0x09,0x26,0x09,0x06,0x09,0x06,0x09,0x06,0x09,0x06,0x09,0x06,0x09,0x06,0x09,0x06,0x09,0x05,0x09,
	0x05,0x09,0x46,0x09,0x87,0x09,0xA8,0x09,0xA8,0x09,0xA8,0x09,0xA8,0x09,0xC8,0x09,0x2A,0x0A,0x4B,0x0A,
	0x4B,0x0A,0x2B,0x12,0x2B,0x12,0x2B,0x12,0x2B,0x12,0x2B,0x12,0x2B,0x12,0x2B,0x12,0x2B,0x12,0x2B,0x12,
	0x0B,0x12,0x0B,0x12,0x0B,0x1A,0x0B,0x12,0x0B,0x12,0x2B,0x1A,0x4C,0x1A,0x4D,0x1A,0x4D,0x1A,0x4D,0x1A,
	0x4D,0x1A,0x4D,0x1A,0x4D,0x22,0x4D,0x22,0x4D,0x22,0x4D,0x22,0x4D,0x22,0x4D,0x22,0x6E,0x22,0x6F,0x2A,
	0x6F,0x2A,0x6F,0x32,0x6F,0x32,0x6F,0x32,0x6F,0x32,0x6F,0x32,0x4F,0x32,0x4F,0x32,0x4F,0x32,0x4E,0x32,
	0x4E,0x32,0x4F,0x32,0x4F,0x32,0x4F,0x3A,0x70,0x3A,0x91,0x42,0xB2,0x42,0xB2,0x4A,0xB3,0x4A,0xB4,0x4A,
	0xD4,0x4A,0xF5,0x4A,0xF5,0x4A,0xF5,0x52,0x16,0x5B,0x16,0x5B,0xF6,0x5A,0xF6,0x62,0xF6,0x5A,0xF6,0x5A,
	0xF6,0x62,0xD6,0x62,0xB5,0x62,0x95,0x5A,0xB5,0x5A,0x95,0x5A,0x74,0x5A,0x53,0x5A,0x12,0x52,0x12,0x52,
	0x12,0x52,0xD1,0x49,0xB0,0x49,0x8F,0x41,0x8F,0x41,0x90,0x49,0x90,0x49,0x90,0x51,0x90,0x51,0x90,0x51,
	0x90,0x51,0x90,0x51,0x90,0x51,0x90,0x51,0x70,0x51,0x70,0x59,0x4F,0x51,0x2E,0x49,0x2E,0x49,0x2E,0x49,
	0x0E,0x49,0x0E,0x49,0x0E,0x49,0x0E,0x49,0x0E,0x49,0x0E,0x49,0x0E,0x51,0x0E,0x51,0xEE,0x50,0xCD,0x48,
	0xCC,0x40,0xCB,0x40,0xCB,0x40,0xCC,0x40,0xCC,0x48,0xCC,0x48,0xCC,0x48,0xCC,0x48,0xCC,0x48,0xCC,0x48,
	0xCC,0x48,0xCC,0x48,0xCC,0x48,0xCC,0x48,0xAC,0x48,0xAC,0x48,0xAB,0x48,0x8A,0x40,0x69,0x38,0x69,0x38,
	0x69,0x38,0x69,0x38,0x49,0x38,0x48,0x38,0x26,0x28,0x26,0x28,0x26,0x28,0x26,0x28,0x26,0x28,0x26,0x30,
	0x26,0x30,0x26,0x28,0x26,0x28,0x26,0x28,0x26,0x30,0x26,0x30,0x27,0x30,0x27,0x30,0x27,0x30,0x27,0x30,
	0x26,0x30,0x06,0x28,0x05,0x20,0x04,0x18,0x04,0x18,0x03,0x18,0x01,0x08,0x00,0x00,0x00,0x00,0x00,0x00,
	0x00,0x00,0x00,0x00,0x00,0x00,0x00,0x00,0x00,0x00,0x00,0x00,0x00,0x00,0x00,0x00,0x00,0x00,0x00,0x00,
	0x00,0x00,0x00,0x00,0x00,0x00,0x00,0x00,0x00,0x00,0x00,0x00,0x00,0x00,0x00,0x00,0x00,0x00,0x00,0x00,
	0x00,0x00,0x00,0x00,0x00,0x00,0x00,0x00,0x00,0x00,0x00,0x00,0x00,0x00,0x00,0x00,0x00,0x00,0x00,0x00,
	0x00,0x00,0x00,0x00,0x00,0x00,0x00,0x00,0x00,0x00,0x00,0x00,0x00,0x00,0x00,0x00,0x00,0x00,0x00,0x00,
	0x00,0x00,0x00,0x00,0x00,0x00,0x00,0x00,0x00,0x00,0x00,0x00,0x00,0x00,0x00,0x00,0x00,0x00,0x00,0x00,
	0x00,0x00,0x00,0x00,0x00,0x00,0x00,0x00,0x00,0x00,0x00,0x00,0x00,0x00,0x00,0x00,0x00,0x00,0x00,0x00,
	0x00,0x00,0x00,0x00,0x00,0x00,0x00,0x00,0x00,0x00,0x00,0x00,0x00,0x00,0x00,0x00,0x00,0x00,0x00,0x00,
	0x00,0x00,0x00,0x00,0x00,0x00,0x00,0x00,0x00,0x00,0x00,0x00,0x00,0x00,0x00,0x00,0x00,0x00,0x00,0x00,
	0x00,0x00,0x00,0x00,0x00,0x00,0x00,0x00,0x00,0x00,0x00,0x00,0x00,0x00,0x00,0x00,0x00,0x00,0x00,0x00,
	0x00,0x00,0x00,0x00,0x41,0x00,0x41,0x00,0x62,0x08,0x63,0x08,0xA3,0x08,0x04,0x09,0x25,0x09,0x26,0x09,
	0x26,0x09,0x26,0x09,0x26,0x09,0x26,0x09,0x26,0x09,0x06,0x09,0x06,0x09,0x06,0x09,0x06,0x09,0x06,0x09,
	0x06,0x09,0x06,0x09,0x05,0x09,0x05,0x09,0x26,0x09,0x67,0x09,0xA8,0x09,0xA8,0x09,0xA8,0x09,0x87,0x09,
	0xA7,0x09,0xE9,0x09,0x2A,0x0A,0x4B,0x0A,0x2B,0x12,0x2B,0x12,0x2B,0x12,0x2B,0x12,0x2B,0x12,0x2B,0x12,
	0x2B,0x12,0x0B,0x12,0x0B,0x12,0x0B,0x12,0x0B,0x1A,0x0B,0x1A,0x0B,0x12,0x0B,0x12,0x0B,0x1A,0x2B,0x1A,
	0x4C,0x1A,0x4D,0x1A,0x4D,0x1A,0x4D,0x1A,0x4D,0x1A,0x4D,0x22,0x4D,0x22,0x4D,0x22,0x4D,0x22,0x4D,0x22,
	0x4D,0x22,0x4D,0x22,0x4E,0x2A,0x6F,0x2A,0x6F,0x2A,0x6F,0x32,0x6F,0x32,0x6F,0x32,0x4F,0x32,0x4F,0x32,
	0x4F,0x32,0x4F,0x32,0x4F,0x32,0x4F,0x32,0x4F,0x32,0x4F,0x3A,0x4F,0x3A,0x4F,0x3A,0x4F,0x3A,0x4F,0x3A,
	0x4F,0x3A,0x50,0x3A,0x31,0x42,0x51,0x42,0x92,0x3A,0x92,0x3A,0x92,0x42,0x93,0x4A,0xB4,0x52,0xB4,0x52,
	0xB4,0x52,0xB4,0x52,0xB4,0x52,0x93,0x52,0x93,0x52,0x52,0x4A,0x32,0x4A,0x32,0x4A,0x32,0x4A,0x11,0x4A,
	0xF0,0x49,0xD0,0x49,0xB0,0x49,0xB0,0x49,0xB0,0x49,0xB0,0x49,0x90,0x49,0x90,0x49,0x90,0x49,0x90,0x49,
	0x90,0x49,0x90,0x51,0x90,0x51,0x90,0x51,0x90,0x51,0x70,0x51,0x70,0x51,0x70,0x51,0x70,0x51,0x4F,0x49,
	0x2E,0x49,0x2E,0x49,0x2E,0x49,0x0E,0x49,0x0E,0x49,0x0E,0x49,0x0E,0x51,0x0E,0x51,0x0E,0x49,0x0E,0x49,
	0x0E,0x51,0xED,0x48,0xCC,0x48,0xCB,0x40,0xCB,0x40,0xCC,0x40,0xCC,0x48,0xCC,0x48,0xCC,0x48,0xCC,0x48,
	0xCC,0x48,0xCC,0x48,0xCC,0x48,0xCC,0x48,0xCC,0x48,0xCC,0x48,0xCC,0x48,0xAC,0x48,0xAC,0x48,0xAB,0x40,
	0x69,0x38,0x69,0x38,0x69,0x38,0x69,0x38,0x69,0x38,0x48,0x38,0x47,0x38,0x26,0x28,0x26,0x28,0x26,0x28,
	0x26,0x28,0x26,0x28,0x26,0x30,0x26,0x30,0x26,0x28,0x26,0x28,0x26,0x28,0x26,0x30,0x26,0x30,0x27,0x30,
	0x27,0x30,0x27,0x30,0x26,0x30,0x26,0x30,0x05,0x20,0x04,0x20,0x03,0x18,0x03,0x18,0x03,0x18,0x01,0x08,
	0x00,0x00,0x00,0x00,0x00,0x00,0x00,0x00,0x00,0x00,0x00,0x00,0x00,0x00,0x00,0x00,0x00,0x00,0x00,0x00,
	0x00,0x00,0x00,0x00,0x00,0x00,0x00,0x00,0x00,0x00,0x00,0x00,0x00,0x00,0x00,0x00,0x00,0x00,0x00,0x00,
	0x00,0x00,0x00,0x00,0x00,0x00,0x00,0x00,0x00,0x00,0x00,0x00,0x00,0x00,0x00,0x00,0x00,0x00,0x00,0x00,
	0x00,0x00,0x00,0x00,0x00,0x00,0x00,0x00,0x00,0x00,0x00,0x00,0x00,0x00,0x00,0x00,0x00,0x00,0x00,0x00,
	0x00,0x00,0x00,0x00,0x00,0x00,0x00,0x00,0x00,0x00,0x00,0x00,0x00,0x00,0x00,0x00,0x00,0x00,0x00,0x00,
	0x00,0x00,0x00,0x00,0x00,0x00,0x00,0x00,0x00,0x00,0x00,0x00,0x00,0x00,0x00,0x00,0x00,0x00,0x00,0x00,
	0x00,0x00,0x00,0x00,0x00,0x00,0x00,0x00,0x00,0x00,0x00,0x00,0x00,0x00,0x00,0x00,0x00,0x00,0x00,0x00,
	0x00,0x00,0x00,0x00,0x00,0x00,0x00,0x00,0x00,0x00,0x00,0x00,0x00,0x00,0x00,0x00,0x00,0x00,0x00,0x00,
	0x00,0x00,0x00,0x00,0x00,0x00,0x00,0x00,0x00,0x00,0x00,0x00,0x00,0x00,0x00,0x00,0x00,0x00,0x00,0x00,
	0x00,0x00,0x00,0x00,0x00,0x00,0x00,0x00,0x00,0x00,0x21,0x00,0x62,0x00,0x83,0x08,0x62,0x08,0x62,0x08,
	0xC3,0x08,0xE4,0x08,0x05,0x09,0x26,0x09,0x26,0x09,0x26,0x09,0x26,0x09,0x26,0x09,0x06,0x09,0x06,0x09,
	0x06,0x09,0x06,0x09,0x06,0x09,0x06,0x09,0x06,0x09,0x06,0x09,0x06,0x09,0x06,0x09,0x47,0x09,0xA8,0x09,
	0xA8,0x09,0xA8,0x09,0xA8,0x09,0xA8,0x09,0xA7,0x09,0xC8,0x09,0x0A,0x0A,0x2B,0x12,0x2B,0x12,0x2B,0x12,
	0x2B,0x12,0x2B,0x12,0x2B,0x12,0x2B,0x12,0x0B,0x12,0x0B,0x12,0x0B,0x12,0x0B,0x1A,0x0B,0x1A,0x0B,0x1A,
	0x0B,0x1A,0xEB,0x11,0xEB,0x19,0x0B,0x1A,0x4C,0x1A,0x6D,0x1A,0x4D,0x1A,0x4D,0x1A,0x4D,0x22,0x4D,0x22,
	0x4D,0x22,0x4D,0x22,0x4D,0x22,0x4D,0x22,0x4D,0x22,0x4D,0x22,0x6F,0x2A,0x6F,0x2A,0x6F,0x32,0x6F,0x32,
	0x6F,0x32,0x6F,0x32,0x6F,0x32,0x4F,0x32,0x4F,0x32,0x4F,0x32,0x4F,0x32,0x4F,0x32,0x4F,0x3A,0x4F,0x3A,
	0x4F,0x3A,0x4F,0x3A,0x4F,0x3A,0x4F,0x3A,0x4F,0x3A,0x30,0x42,0x30,0x42,0x50,0x42,0x50,0x42,0x51,0x42,
	0x51,0x4A,0x52,0x4A,0x52,0x4A,0x52,0x4A,0x32,0x4A,0x32,0x4A,0x31,0x4A,0x31,0x4A,0x30,0x4A,0x10,0x4A,
	0x32,0x4A,0x32,0x4A,0xF1,0x49,0xD0,0x49,0xD0,0x49,0xD0,0x49,0xD0,0x49,0xD0,0x49,0xD0,0x49,0xB0,0x49,
	0xB0,0x49,0x90,0x49,0x90,0x49,0x90,0x49,0x90,0x51,0x90,0x51,0x90,0x51,0x90,0x51,0x90,0x51,0x90,0x51,
	0x70,0x51,0x4F,0x49,0x2E,0x49,0x2E,0x49,0x0E,0x49,0x0E,0x49,0x0E,0x49,0x0E,0x49,0x0E,0x49,0x0E,0x51,
	0x0E,0x51,0x0D,0x49,0x0D,0x49,0xED,0x48,0xCC,0x40,0xCB,0x40,0xCB,0x40,0xCC,0x40,0xCC,0x40,0xCC,0x40,
	0xCC,0x40,0xCC,0x48,0xCC,0x48,0xCC,0x48,0xCC,0x48,0xCC,0x48,0xCC,0x48,0xCC,0x48,0xCC,0x48,0xCC,0x48,
	0x8B,0x48,0x8A,0x40,0x69,0x38,0x69,0x38,0x69,0x38,0x69,0x38,0x69,0x38,0x6A,0x40,0x48,0x38,0x26,0x30,
	0x26,0x28,0x26,0x28,0x26,0x28,0x26,0x28,0x26,0x30,0x26,0x30,0x26,0x30,0x26,0x28,0x26,0x28,0x26,0x28,
	0x26,0x30,0x26,0x30,0x27,0x30,0x27,0x30,0x27,0x30,0x26,0x28,0x05,0x20,0x04,0x20,0x03,0x18,0x03,0x18,
	0x03,0x18,0x02,0x10,0x01,0x08,0x00,0x00,0x00,0x00,0x00,0x00,0x00,0x00,0x00,0x00,0x00,0x00,0x00,0x00,
	0x00,0x00,0x00,0x00,0x00,0x00,0x00,0x00,0x00,0x00,0x00,0x00,0x00,0x00,0x00,0x00,0x00,0x00,0x00,0x00,
	0x00,0x00,0x00,0x00,0x00,0x00,0x00,0x00,0x00,0x00,0x00,0x00,0x00,0x00,0x00,0x00,0x00,0x00,0x00,0x00,
	0x00,0x00,0x00,0x00,0x00,0x00,0x00,0x00,0x00,0x00,0x00,0x00,0x00,0x00,0x00,0x00,0x00,0x00,0x00,0x00,
	0x00,0x00,0x00,0x00,0x00,0x00,0x00,0x00,0x00,0x00,0x00,0x00,0x00,0x00,0x00,0x00,0x00,0x00,0x00,0x00,
	0x00,0x00,0x00,0x00,0x00,0x00,0x00,0x00,0x00,0x00,0x00,0x00,0x00,0x00,0x00,0x00,0x00,0x00,0x00,0x00,
	0x00,0x00,0x00,0x00,0x00,0x00,0x00,0x00,0x00,0x00,0x00,0x00,0x00,0x00,0x00,0x00,0x00,0x00,0x00,0x00,
	0x00,0x00,0x00,0x00,0x00,0x00,0x00,0x00,0x00,0x00,0x00,0x00,0x00,0x00,0x00,0x00,0x00,0x00,0x00,0x00,
	0x00,0x00,0x00,0x00,0x00,0x00,0x00,0x00,0x00,0x00,0x00,0x00,0x00,0x00,0x00,0x00,0x00,0x00,0x00,0x00,
	0x00,0x00,0x00,0x00,0x00,0x00,0x00,0x00,0x00,0x00,0x00,0x00,0x00,0x00,0x00,0x00,0x01,0x00,0x42,0x00,
	0x83,0x08,0x62,0x08,0x62,0x08,0x82,0x08,0xA3,0x08,0xE4,0x08,0x05,0x09,0x26,0x09,0x26,0x09,0x26,0x09,
	0x26,0x09,0x06,0x09,0x06,0x09,0x06,0x09,0x06,0x09,0x06,0x09,0x06,0x09,0x06,0x09,0x06,0x09,0x06,0x09,
	0xE6,0x08,0x46,0x09,0xA8,0x09,0xA8,0x09,0xA8,0x09,0xA8,0x09,0xA8,0x09,0x87,0x09,0xA8,0x09,0xC9,0x09,
	0x0A,0x0A,0x4B,0x12,0x2B,0x12,0x2B,0x12,0x2B,0x12,0x2B,0x12,0x2B,0x12,0x0B,0x12,0x0B,0x12,0x0B,0x12,
	0x0B,0x1A,0x0B,0x1A,0x0B,0x1A,0x0B,0x1A,0xEB,0x11,0xEB,0x19,0xEB,0x19,0x2B,0x1A,0x4C,0x1A,0x4D,0x1A,
	0x4D,0x1A,0x4D,0x22,0x4D,0x22,0x4D,0x22,0x4D,0x22,0x4D,0x22,0x4D,0x22,0x4D,0x22,0x2D,0x22,0x4E,0x22,
	0x6F,0x2A,0x6F,0x32,0x6F,0x32,0x6F,0x32,0x6F,0x32,0x6F,0x32,0x6F,0x32,0x4F,0x32,0x4F,0x32,0x4F,0x32,
	0x4F,0x32,0x4F,0x3A,0x4F,0x3A,0x4F,0x3A,0x4F,0x3A,0x4F,0x3A,0x4F,0x3A,0x4F,0x3A,0x50,0x42,0x30,0x42,
	0x30,0x42,0x30,0x42,0x30,0x42,0x31,0x4A,0x31,0x4A,0x31,0x4A,0x11,0x4A,0x11,0x4A,0x11,0x4A,0x11,0x4A,
	0x10,0x4A,0x10,0x4A,0x10,0x4A,0x11,0x4A,0x11,0x4A,0xD0,0x49,0xD0,0x49,0xD0,0x49,0xD0,0x49,0xD0,0x49,
	0xD0,0x49,0xD0,0x49,0xB0,0x49,0xB0,0x49,0x90,0x49,0x90,0x49,0x90,0x49,0x90,0x51,0x90,0x51,0x90,0x51,
	0x90,0x51,0x90,0x51,0x90,0x51,0x6F,0x49,0x2E,0x49,0x2E,0x49,0x2E,0x49,0x0E,0x49,0x0E,0x49,0x0E,0x49,
	0x0E,0x49,0x0E,0x49,0x0E,0x51,0x0E,0x51,0x0D,0x49,0xEC,0x40,0xEC,0x40,0xCB,0x40,0xCB,0x40,0xEC,0x40,
	0xEC,0x40,0xCC,0x40,0xCC,0x40,0xCC,0x40,0xCC,0x48,0xCC,0x48,0xCC,0x48,0xCC,0x48,0xCC,0x48,0xCC,0x48,
	0xCC,0x48,0xCC,0x48,0xAB,0x48,0x8B,0x48,0x6A,0x40,0x69,0x38,0x69,0x38,0x69,0x38,0x69,0x38,0x6A,0x40,
	0x6A,0x40,0x27,0x38,0x26,0x28,0x26,0x28,0x26,0x28,0x26,0x28,0x26,0x28,0x26,0x30,0x26,0x30,0x26,0x30,
	0x26,0x28,0x26,0x28,0x26,0x28,0x26,0x30,0x26,0x30,0x27,0x30,0x27,0x30,0x26,0x28,0x05,0x20,0x04,0x18,
	0x03,0x18,0x03,0x18,0x03,0x18,0x03,0x18,0x02,0x10,0x00,0x00,0x00,0x00,0x00,0x00,0x00,0x00,0x00,0x00,
	0x00,0x00,0x00,0x00,0x00,0x00,0x00,0x00,0x00,0x00,0x00,0x00,0x00,0x00,0x00,0x00,0x00,0x00,0x00,0x00,
	0x00,0x00,0x00,0x00,0x00,0x00,0x00,0x00,0x00,0x00,0x00,0x00,0x00,0x00,0x00,0x00,0x00,0x00,0x00,0x00,
	0x00,0x00,0x00,0x00,0x00,0x00,0x00,0x00,0x00,0x00,0x00,0x00,0x00,0x00,0x00,0x00,0x00,0x00,0x00,0x00,
	0x00,0x00,0x00,0x00,0x00,0x00,0x00,0x00,0x00,0x00,0x00,0x00,0x00,0x00,0x00,0x00,0x00,0x00,0x00,0x00,
	0x00,0x00,0x00,0x00,0x00,0x00,0x00,0x00,0x00,0x00,0x00,0x00,0x00,0x00,0x00,0x00,0x00,0x00,0x00,0x00,
	0x00,0x00,0x00,0x00,0x00,0x00,0x00,0x00,0x00,0x00,0x00,0x00,0x00,0x00,0x00,0x00,0x00,0x00,0x00,0x00,
	0x00,0x00,0x00,0x00,0x00,0x00,0x00,0x00,0x00,0x00,0x00,0x00,0x00,0x00,0x00,0x00,0x00,0x00,0x00,0x00,
	0x00,0x00,0x00,0x00,0x00,0x00,0x00,0x00,0x00,0x00,0x00,0x00,0x00,0x00,0x00,0x00,0x00,0x00,0x00,0x00,
	0x00,0x00,0x00,0x00,0x00,0x00,0x00,0x00,0x00,0x00,0x00,0x00,0x00,0x00,0x00,0x00,0x00,0x00,0x00,0x00,
	0x00,0x00,0x00,0x00,0x22,0x00,0x63,0x08,0x83,0x08,0x83,0x08,0x62,0x08,0x62,0x08,0x83,0x08,0xE4,0x08,
	0x25,0x09,0x26,0x09,0x26,0x09,0x26,0x09,0x06,0x09,0x06,0x09,0x06,0x09,0x06,0x09,0x06,0x09,0x06,0x09,
	0x06,0x09,0x06,0x09,0x06,0x09,0x05,0x09,0x26,0x09,0x67,0x09,0xA8,0x09,0xA8,0x09,0xA8,0x09,0xA8,0x09,
	0xA8,0x09,0x88,0x09,0xA8,0x09,0x09,0x0A,0x4A,0x0A,0x2B,0x12,0x2B,0x12,0x2B,0x12,0x0B,0x12,0x0B,0x12,
	0x0B,0x12,0x0B,0x12,0x0B,0x12,0x0B,0x1A,0x0B,0x1A,0x0B,0x1A,0x0B,0x1A,0x0B,0x1A,0x0B,0x1A,0xEB,0x19,
	0xEB,0x11,0x0B,0x12,0x0C,0x1A,0x2D,0x22,0x4D,0x22,0x4D,0x22,0x4D,0x22,0x4D,0x22,0x4D,0x22,0x4D,0x22,
	0x0D,0x22,0xED,0x21,0x2D,0x22,0x6D,0x22,0x6F,0x32,0x6F,0x32,0x6F,0x32,0x4F,0x32,0x4F,0x32,0x6F,0x32,
	0x6F,0x32,0x4F,0x32,0x4F,0x32,0x4F,0x32,0x4F,0x32,0x4F,0x32,0x4F,0x3A,0x4F,0x3A,0x4F,0x3A,0x4F,0x3A,
	0x4F,0x3A,0x4F,0x3A,0x4F,0x3A,0x2F,0x3A,0x30,0x42,0x30,0x42,0x31,0x4A,0x31,0x4A,0x31,0x4A,0x31,0x4A,
	0x31,0x4A,0x31,0x4A,0x31,0x4A,0x10,0x4A,0x10,0x4A,0x10,0x4A,0xF0,0x49,0xD0,0x49,0xD0,0x49,0xD0,0x49,
	0xD0,0x49,0xD0,0x49,0xD0,0x49,0xB0,0x49,0xB0,0x49,0xB0,0x49,0xB0,0x49,0x90,0x51,0x90,0x51,0x90,0x51,
	0x90,0x51,0x90,0x51,0x90,0x51,0x90,0x51,0x70,0x51,0x4F,0x49,0x2E,0x49,0x2E,0x49,0x2E,0x49,0x2E,0x49,
	0x2E,0x49,0x2E,0x49,0x0E,0x49,0x0E,0x49,0x0D,0x49,0x0D,0x49,0x0D,0x49,0xEC,0x40,0xEC,0x40,0xEC,0x40,
	0xEC,0x40,0xEC,0x40,0xCC,0x40,0xCC,0x40,0xEC,0x40,0xCB,0x40,0xCB,0x40,0xCC,0x48,0xCC,0x48,0xCC,0x48,
	0xCC,0x48,0xCC,0x48,0xCC,0x48,0xCC,0x48,0xAB,0x40,0x8B,0x40,0x69,0x38,0x69,0x38,0x69,0x38,0x69,0x38,
	0x69,0x38,0x69,0x38,0x69,0x38,0x49,0x38,0x27,0x30,0x26,0x28,0x26,0x28,0x26,0x28,0x26,0x28,0x26,0x28,
	0x26,0x30,0x26,0x30,0x26,0x30,0x26,0x28,0x26,0x28,0x26,0x28,0x26,0x30,0x26,0x30,0x26,0x28,0x26,0x28,
	0x04,0x20,0x04,0x18,0x03,0x10,0x03,0x18,0x03,0x18,0x03,0x18,0x02,0x10,0x01,0x08,0x00,0x00,0x00,0x00,
	0x00,0x00,0x00,0x00,0x00,0x00,0x00,0x00,0x00,0x00,0x00,0x00,0x00,0x00,0x00,0x00,0x00,0x00,0x00,0x00,
	0x00,0x00,0x00,0x00,0x00,0x00,0x00,0x00,0x00,0x00,0x00,0x00,0x00,0x00,0x00,0x00,0x00,0x00,0x00,0x00,
	0x00,0x00,0x00,0x00,0x00,0x00,0x00,0x00,0x00,0x00,0x00,0x00,0x00,0x00,0x00,0x00,0x00,0x00,0x00,0x00,
	0x00,0x00,0x00,0x00,0x00,0x00,0x00,0x00,0x00,0x00,0x00,0x00,0x00,0x00,0x00,0x00,0x00,0x00,0x00,0x00,
	0x00,0x00,0x00,0x00,0x00,0x00,0x00,0x00,0x00,0x00,0x00,0x00,0x00,0x00,0x00,0x00,0x00,0x00,0x00,0x00,
	0x00,0x00,0x00,0x00,0x00,0x00,0x00,0x00,0x00,0x00,0x00,0x00,0x00,0x00,0x00,0x00,0x00,0x00,0x00,0x00,
	0x00,0x00,0x00,0x00,0x00,0x00,0x00,0x00,0x00,0x00,0x00,0x00,0x00,0x00,0x00,0x00,0x00,0x00,0x00,0x00,
	0x00,0x00,0x00,0x00,0x00,0x00,0x00,0x00,0x00,0x00,0x00,0x00,0x00,0x00,0x00,0x00,0x00,0x00,0x00,0x00,
	0x00,0x00,0x00,0x00,0x00,0x00,0x00,0x00,0x00,0x00,0x00,0x00,0x00,0x00,0x00,0x00,0x00,0x00,0x00,0x00,
	0x00,0x00,0x00,0x00,0x00,0x00,0x00,0x00,0x00,0x00,0x42,0x00,0x83,0x00,0x83,0x08,0x83,0x08,0x62,0x08,
	0x62,0x08,0x63,0x08,0xA3,0x08,0xC4,0x08,0x05,0x09,0x26,0x09,0x26,0x09,0x06,0x09,0x06,0x09,0x06,0x09,
	0x06,0x09,0x06,0x09,0x06,0x09,0x06,0x09,0x06,0x09,0x06,0x09,0x05,0x09,0x25,0x09,0x47,0x09,0x88,0x09,
	0xA8,0x09,0xA8,0x09,0xA8,0x09,0xA8,0x09,0x88,0x09,0x88,0x09,0xC9,0x09,0xEA,0x09,0x2B,0x12,0x2B,0x12,
	0x2B,0x12,0x0B,0x12,0x0B,0x12,0x0B,0x12,0x0B,0x12,0x0B,0x12,0x0B,0x1A,0x0B,0x1A,0x0B,0x1A,0x0B,0x1A,
	0x0B,0x1A,0x0B,0x1A,0x0B,0x1A,0xEB,0x11,0xEB,0x11,0xEB,0x19,0x0C,0x1A,0x2C,0x22,0x2C,0x22,0x4D,0x22,
	0x4D,0x22,0x4D,0x22,0x4D,0x22,0x2D,0x22,0x0D,0x22,0x2D,0x22,0x4D,0x22,0x4E,0x2A,0x6F,0x2A,0x6F,0x32,
	0x6F,0x32,0x6F,0x32,0x6F,0x32,0x6F,0x32,0x4F,0x32,0x4F,0x32,0x4F,0x32,0x4F,0x32,0x4F,0x3A,0x4F,0x3A,
	0x4F,0x3A,0x4F,0x3A,0x4F,0x3A,0x4F,0x3A,0x4F,0x3A,0x4F,0x3A,0x4F,0x3A,0x4F,0x3A,0x50,0x42,0x30,0x42,
	0x31,0x4A,0x31,0x4A,0x51,0x4A,0x31,0x4A,0x31,0x4A,0x11,0x4A,0xF0,0x49,0xF0,0x49,0xF0,0x49,0xD0,0x49,
	0xD0,0x49,0xD0,0x49,0xD0,0x49,0xD0,0x49,0xD0,0x49,0xD0,0x49,0xD0,0x49,0xB0,0x49,0xB0,0x49,0x90,0x49,
	0x90,0x51,0x90,0x51,0x90,0x51,0x90,0x51,0x90,0x51,0x90,0x51,0x90,0x51,0x6F,0x51,0x2E,0x49,0x0E,0x49,
	0x2E,0x49,0x2E,0x49,0x2E,0x49,0x2E,0x49,0x2E,0x49,0x0E,0x49,0x0D,0x49,0xED,0x48,0xEC,0x40,0xEC,0x40,
	0xEC,0x40,0xEC,0x40,0xEC,0x40,0xEC,0x40,0xEC,0x40,0xCC,0x40,0xCC,0x40,0xEC,0x40,0xCB,0x40,0xCB,0x40,
	0xCC,0x48,0xCC,0x48,0xCC,0x48,0xCC,0x48,0xCC,0x48,0xCC,0x48,0xCC,0x48,0x8B,0x40,0x69,0x38,0x69,0x38,
	0x69,0x38,0x69,0x38,0x69,0x38,0x69,0x38,0x69,0x38,0x49,0x38,0x28,0x38,0x27,0x30,0x26,0x28,0x26,0x28,
	0x26,0x28,0x26,0x28,0x26,0x28,0x26,0x30,0x26,0x30,0x26,0x30,0x26,0x28,0x26,0x28,0x26,0x28,0x26,0x30,
	0x26,0x28,0x25,0x20,0x04,0x20,0x03,0x18,0x03,0x18,0x03,0x10,0x03,0x18,0x03,0x18,0x03,0x18,0x02,0x10,
	0x00,0x00,0x00,0x00,0x00,0x00,0x00,0x00,0x00,0x00,0x00,0x00,0x00,0x00,0x00,0x00,0x00,0x00,0x00,0x00,
	0x00,0x00,0x00,0x00,0x00,0x00,0x00,0x00,0x00,0x00,0x00,0x00,0x00,0x00,0x00,0x00,0x00,0x00,0x00,0x00,
	0x00,0x00,0x00,0x00,0x00,0x00,0x00,0x00,0x00,0x00,0x00,0x00,0x00,0x00,0x00,0x00,0x00,0x00,0x00,0x00,
	0x00,0x00,0x00,0x00,0x00,0x00,0x00,0x00,0x00,0x00,0x00,0x00,0x00,0x00,0x00,0x00,0x00,0x00,0x00,0x00,
	0x00,0x00,0x00,0x00,0x00,0x00,0x00,0x00,0x00,0x00,0x00,0x00,0x00,0x00,0x00,0x00,0x00,0x00,0x00,0x00,
	0x00,0x00,0x00,0x00,0x00,0x00,0x00,0x00,0x00,0x00,0x00,0x00,0x00,0x00,0x00,0x00,0x00,0x00,0x00,0x00,
	0x00,0x00,0x00,0x00,0x00,0x00,0x00,0x00,0x00,0x00,0x00,0x00,0x00,0x00,0x00,0x00,0x00,0x00,0x00,0x00,
	0x00,0x00,0x00,0x00,0x00,0x00,0x00,0x00,0x00,0x00,0x00,0x00,0x00,0x00,0x00,0x00,0x00,0x00,0x00,0x00,
	0x00,0x00,0x00,0x00,0x00,0x00,0x00,0x00,0x00,0x00,0x00,0x00,0x00,0x00,0x00,0x00,0x00,0x00,0x00,0x00,
	0x00,0x00,0x00,0x00,0x00,0x00,0x00,0x00,0x00,0x00,0x00,0x00,0x00,0x00,0x00,0x00,0x42,0x00,0x83,0x00,
	0x83,0x08,0x83,0x08,0x83,0x08,0x63,0x08,0x63,0x08,0x62,0x08,0x62,0x08,0xC3,0x08,0x05,0x09,0x26,0x09,
	0x06,0x09,0x06,0x09,0x06,0x09,0x06,0x09,0x06,0x09,0x06,0x09,0x06,0x09,0x06,0x09,0x06,0x09,0x05,0x09,
	0x05,0x09,0x26,0x09,0x67,0x09,0xA8,0x09,0xA8,0x09,0xA8,0x09,0xA8,0x09,0xA8,0x09,0x88,0x09,0x88,0x09,
	0xA9,0x09,0xEB,0x11,0x2B,0x12,0x2B,0x12,0x2B,0x12,0x0B,0x12,0x0B,0x12,0x0B,0x12,0x0B,0x12,0x0B,0x1A,
	0x0B,0x1A,0x0B,0x1A,0x0B,0x1A,0x0B,0x1A,0x0B,0x1A,0x0B,0x1A,0xEB,0x11,0xEB,0x11,0xEB,0x19,0xEB,0x19,
	0xEB,0x19,0x0C,0x22,0x2C,0x22,0x4D,0x22,0x4D,0x22,0x4D,0x22,0x4D,0x22,0x2D,0x22,0x2D,0x22,0x2D,0x22,
	0x2D,0x22,0x4E,0x2A,0x6F,0x32,0x6F,0x32,0x6F,0x32,0x6F,0x32,0x6F,0x32,0x4F,0x32,0x4F,0x32,0x4F,0x32,
	0x4F,0x3A,0x4F,0x3A,0x4F,0x3A,0x4F,0x3A,0x4F,0x3A,0x4F,0x3A,0x4F,0x3A,0x4F,0x3A,0x4F,0x3A,0x4F,0x3A,
	0x4F,0x3A,0x4F,0x3A,0x2F,0x3A,0x2F,0x42,0x31,0x4A,0x31,0x4A,0x31,0x4A,0x10,0x4A,0xF0,0x49,0xD0,0x49,
	0xD0,0x49,0xD0,0x49,0xD0,0x49,0xD0,0x49,0xD0,0x49,0xD0,0x49,0xD0,0x49,0xD0,0x49,0xD0,0x49,0xD0,0x49,
	0xD0,0x49,0x90,0x49,0x90,0x49,0x90,0x51,0x90,0x51,0x90,0x51,0x90,0x51,0x90,0x51,0x90,0x51,0x8F,0x51,
	0x6F,0x51,0x2E,0x49,0x2E,0x49,0x2E,0x49,0x2E,0x49,0x2E,0x49,0x2E,0x49,0x2E,0x49,0x0E,0x49,0xED,0x48,
	0xEC,0x40,0xEC,0x38,0xEC,0x38,0xEC,0x40,0xEC,0x40,0xEC,0x40,0xEC,0x40,0xEC,0x40,0xCC,0x40,0xCC,0x40,
	0xEC,0x40,0xCB,0x40,0xCB,0x40,0xCC,0x48,0xCC,0x48,0xCC,0x48,0xCC,0x48,0xCC,0x48,0xCC,0x48,0xCC,0x48,
	0x8A,0x40,0x69,0x38,0x69,0x38,0x69,0x38,0x69,0x38,0x69,0x38,0x69,0x38,0x69,0x38,0x48,0x38,0x27,0x38,
	0x26,0x30,0x26,0x28,0x26,0x28,0x26,0x28,0x26,0x28,0x26,0x28,0x26,0x30,0x26,0x30,0x26,0x30,0x26,0x28,
	0x26,0x28,0x26,0x28,0x26,0x28,0x25,0x20,0x03,0x18,0x03,0x18,0x03,0x18,0x03,0x18,0x03,0x18,0x03,0x18,
	0x03,0x18,0x03,0x18,0x02,0x10,0x00,0x00,0x00,0x00,0x00,0x00,0x00,0x00,0x00,0x00,0x00,0x00,0x00,0x00,
	0x00,0x00,0x00,0x00,0x00,0x00,0x00,0x00,0x00,0x00,0x00,0x00,0x00,0x00,0x00,0x00,0x00,0x00,0x00,0x00,
	0x00,0x00,0x00,0x00,0x00,0x00,0x00,0x00,0x00,0x00,0x00,0x00,0x00,0x00,0x00,0x00,0x00,0x00,0x00,0x00,
	0x00,0x00,0x00,0x00,0x00,0x00,0x00,0x00,0x00,0x00,0x00,0x00,0x00,0x00,0x00,0x00,0x00,0x00,0x00,0x00,
	0x00,0x00,0x00,0x00,0x00,0x00,0x00,0x00,0x00,0x00,0x00,0x00,0x00,0x00,0x00,0x00,0x00,0x00,0x00,0x00,
	0x00,0x00,0x00,0x00,0x00,0x00,0x00,0x00,0x00,0x00,0x00,0x00,0x00,0x00,0x00,0x00,0x00,0x00,0x00,0x00,
	0x00,0x00,0x00,0x00,0x00,0x00,0x00,0x00,0x00,0x00,0x00,0x00,0x00,0x00,0x00,0x00,0x00,0x00,0x00,0x00,
	0x00,0x00,0x00,0x00,0x00,0x00,0x00,0x00,0x00,0x00,0x00,0x00,0x00,0x00,0x00,0x00,0x00,0x00,0x00,0x00,
	0x00,0x00,0x00,0x00,0x00,0x00,0x00,0x00,0x00,0x00,0x00,0x00,0x00,0x00,0x00,0x00,0x00,0x00,0x00,0x00,
	0x00,0x00,0x00,0x00,0x00,0x00,0x00,0x00,0x00,0x00,0x00,0x00,0x00,0x00,0x00,0x00,0x00,0x00,0x00,0x00,
	0x00,0x00,0x41,0x00,0x83,0x00,0x83,0x08,0x83,0x08,0x83,0x08,0x83,0x08,0x63,0x08,0x63,0x08,0x62,0x08,
	0x82,0x08,0xA3,0x08,0x05,0x09,0x05,0x09,0x05,0x09,0x06,0x09,0x06,0x09,0x06,0x09,0x06,0x09,0x06,0x09,
	0x06,0x09,0x06,0x09,0x06,0x09,0x05,0x09,0x05,0x09,0x67,0x09,0xA8,0x09,0xA8,0x09,0xA8,0x09,0x88,0x09,
	0x88,0x09,0x88,0x09,0x88,0x09,0x88,0x09,0xA9,0x09,0xEA,0x11,0x2A,0x12,0x2B,0x12,0x2B,0x12,0x0B,0x12,
	0x0B,0x12,0x0B,0x12,0x0B,0x1A,0x0B,0x1A,0x0B,0x1A,0x0B,0x1A,0x0B,0x1A,0x0B,0x1A,0x0B,0x1A,0xEB,0x19,
	0xEB,0x19,0xEB,0x19,0xEB,0x19,0xEB,0x19,0xEB,0x19,0xEB,0x19,0x0C,0x1A,0x0C,0x22,0x2C,0x22,0x2C,0x22,
	0x2C,0x22,0x2D,0x22,0x2D,0x22,0x2E,0x22,0x4E,0x2A,0x4F,0x2A,0x6F,0x32,0x6F,0x32,0x6F,0x32,0x4F,0x32,
	0x4F,0x32,0x4F,0x32,0x4F,0x3A,0x4F,0x3A,0x4F,0x3A,0x4F,0x3A,0x4F,0x3A,0x4F,0x3A,0x4F,0x3A,0x4F,0x3A,
	0x6F,0x3A,0x4F,0x3A,0x0F,0x42,0x0F,0x42,0xEF,0x41,0xEE,0x31,0xCE,0x39,0xCF,0x41,0xEF,0x41,0xCF,0x41,
	0xCF,0x41,0xCF,0x41,0xCF,0x41,0xCF,0x41,0xCF,0x41,0xD0,0x49,0xD0,0x49,0xD0,0x49,0xD0,0x49,0xD0,0x49,
	0xD0,0x49,0xD0,0x49,0xD0,0x49,0xB0,0x49,0xB0,0x49,0x90,0x49,0x90,0x49,0x90,0x49,0x90,0x49,0x90,0x51,
	0x90,0x51,0x90,0x49,0x6F,0x49,0x4E,0x49,0x2E,0x49,0x2E,0x49,0x0D,0x41,0x0D,0x41,0x0D,0x41,0x0D,0x41,
	0xED,0x40,0xED,0x40,0xEC,0x40,0xEC,0x38,0xEC,0x38,0xEC,0x40,0xEC,0x40,0xEC,0x40,0xEC,0x40,0xEC,0x40,
	0xEC,0x40,0xCB,0x40,0xCB,0x40,0xCC,0x40,0xCC,0x40,0xCC,0x40,0xCC,0x48,0xCC,0x48,0xCC,0x48,0xCC,0x48,
	0xAB,0x40,0xAB,0x40,0x8A,0x40,0x69,0x38,0x69,0x38,0x69,0x38,0x69,0x38,0x69,0x38,0x69,0x38,0x69,0x38,
	0x6A,0x40,0x49,0x38,0x27,0x30,0x26,0x28,0x26,0x28,0x26,0x28,0x26,0x28,0x26,0x28,0x26,0x28,0x26,0x30,
	0x26,0x30,0x26,0x30,0x26,0x30,0x26,0x30,0x26,0x28,0x05,0x20,0x04,0x18,0x03,0x18,0x03,0x18,0x03,0x18,
	0x03,0x18,0x03,0x18,0x03,0x18,0x03,0x18,0x03,0x18,0x02,0x10,0x00,0x00,0x00,0x00,0x00,0x00,0x00,0x00,
	0x00,0x00,0x00,0x00,0x00,0x00,0x00,0x00,0x00,0x00,0x00,0x00,0x00,0x00,0x00,0x00,0x00,0x00,0x00,0x00,
	0x00,0x00,0x00,0x00,0x00,0x00,0x00,0x00,0x00,0x00,0x00,0x00,0x00,0x00,0x00,0x00,0x00,0x00,0x00,0x00,
	0x00,0x00,0x00,0x00,0x00,0x00,0x00,0x00,0x00,0x00,0x00,0x00,0x00,0x00,0x00,0x00,0x00,0x00,0x00,0x00,
	0x00,0x00,0x00,0x00,0x00,0x00,0x00,0x00,0x00,0x00,0x00,0x00,0x00,0x00,0x00,0x00,0x00,0x00,0x00,0x00,
	0x00,0x00,0x00,0x00,0x00,0x00,0x00,0x00,0x00,0x00,0x00,0x00,0x00,0x00,0x00,0x00,0x00,0x00,0x00,0x00,
	0x00,0x00,0x00,0x00,0x00,0x00,0x00,0x00,0x00,0x00,0x00,0x00,0x00,0x00,0x00,0x00,0x00,0x00,0x00,0x00,
	0x00,0x00,0x00,0x00,0x00,0x00,0x00,0x00,0x00,0x00,0x00,0x00,0x00,0x00,0x00,0x00,0x00,0x00,0x00,0x00,
	0x00,0x00,0x00,0x00,0x00,0x00,0x00,0x00,0x00,0x00,0x00,0x00,0x00,0x00,0x00,0x00,0x00,0x00,0x00,0x00,
	0x00,0x00,0x00,0x00,0x00,0x00,0x00,0x00,0x00,0x00,0x00,0x00,0x00,0x00,0x00,0x00,0x00,0x00,0x00,0x00,
	0x00,0x00,0x00,0x00,0x00,0x00,0x00,0x00,0x21,0x00,0x62,0x00,0x83,0x08,0x83,0x08,0x83,0x08,0x83,0x08,
	0x83,0x08,0x63,0x08,0x63,0x08,0x62,0x08,0x82,0x08,0xC3,0x08,0xE4,0x08,0xE5,0x08,0x06,0x09,0x06,0x09,
	0x06,0x09,0x06,0x09,0x06,0x09,0x06,0x09,0x06,0x09,0x06,0x09,0x05,0x09,0x05,0x09,0x67,0x09,0xA8,0x09,
	0xA8,0x09,0xA8,0x09,0x88,0x09,0x88,0x09,0x88,0x09,0x88,0x09,0x88,0x09,0x88,0x09,0xC8,0x09,0x0A,0x12,
	0x2B,0x12,0x2B,0x12,0x0B,0x12,0x0B,0x12,0x0B,0x12,0x0B,0x1A,0x0B,0x1A,0x0B,0x1A,0x0B,0x1A,0x0B,0x1A,
	0x0B,0x1A,0x0B,0x1A,0xEB,0x19,0xEB,0x19,0xEB,0x19,0xEB,0x19,0xEB,0x19,0xCB,0x19,0xCB,0x19,0xEB,0x19,
	0xEB,0x19,0x0C,0x22,0x0C,0x22,0x2C,0x22,0x2C,0x22,0x2D,0x22,0x2D,0x2A,0x2D,0x2A,0x2D,0x2A,0x4E,0x2A,
	0x6F,0x32,0x4F,0x32,0x4F,0x32,0x4F,0x32,0x4F,0x32,0x4F,0x3A,0x4F,0x3A,0x4F,0x3A,0x4F,0x3A,0x4F,0x3A,
	0x4F,0x3A,0x4F,0x3A,0x4F,0x3A,0x4F,0x3A,0x2F,0x3A,0xEF,0x41,0xCF,0x41,0xAF,0x41,0xAD,0x31,0xAD,0x31,
	0xAE,0x39,0xAE,0x39,0xAE,0x39,0xAE,0x39,0xAE,0x39,0xCF,0x41,0xCF,0x41,0xCF,0x41,0xCF,0x41,0xD0,0x49,
	0xD0,0x49,0xD0,0x49,0xD0,0x49,0xD0,0x49,0xD0,0x49,0xB0,0x49,0xB0,0x49,0xB0,0x49,0xB0,0x49,0x90,0x49,
	0x90,0x49,0x90,0x49,0x90,0x51,0x8F,0x49,0x4E,0x49,0x2E,0x49,0x2E,0x49,0x2E,0x49,0x0D,0x49,0x0D,0x41,
	0x0D,0x41,0x0D,0x41,0xEC,0x38,0xEC,0x38,0xEC,0x38,0xEC,0x38,0xEC,0x38,0xEC,0x40,0xEC,0x40,0xEC,0x40,
	0xEC,0x40,0xEC,0x40,0xEC,0x40,0xEC,0x40,0xCB,0x40,0xCB,0x40,0xCC,0x40,0xCC,0x40,0xCC,0x40,0xCC,0x48,
	0xCC,0x48,0xCC,0x48,0xCC,0x48,0x8B,0x40,0x69,0x38,0x69,0x38,0x69,0x38,0x69,0x38,0x69,0x38,0x69,0x38,
	0x69,0x38,0x69,0x38,0x69,0x38,0x6A,0x40,0x49,0x38,0x27,0x28,0x26,0x28,0x26,0x28,0x26,0x28,0x26,0x28,
	0x26,0x28,0x26,0x28,0x26,0x30,0x26,0x30,0x26,0x30,0x26,0x30,0x26,0x28,0x25,0x20,0x04,0x18,0x03,0x10,
	0x03,0x18,0x03,0x18,0x03,0x18,0x03,0x18,0x03,0x18,0x03,0x18,0x03,0x18,0x03,0x18,0x01,0x08,0x00,0x00,
	0x00,0x00,0x00,0x00,0x00,0x00,0x00,0x00,0x00,0x00,0x00,0x00,0x00,0x00,0x00,0x00,0x00,0x00,0x00,0x00,
	0x00,0x00,0x00,0x00,0x00,0x00,0x00,0x00,0x00,0x00,0x00,0x00,0x00,0x00,0x00,0x00,0x00,0x00,0x00,0x00,
	0x00,0x00,0x00,0x00,0x00,0x00,0x00,0x00,0x00,0x00,0x00,0x00,0x00,0x00,0x00,0x00,0x00,0x00,0x00,0x00,
	0x00,0x00,0x00,0x00,0x00,0x00,0x00,0x00,0x00,0x00,0x00,0x00,0x00,0x00,0x00,0x00,0x00,0x00,0x00,0x00,
	0x00,0x00,0x00,0x00,0x00,0x00,0x00,0x00,0x00,0x00,0x00,0x00,0x00,0x00,0x00,0x00,0x00,0x00,0x00,0x00,
	0x00,0x00,0x00,0x00,0x00,0x00,0x00,0x00,0x00,0x00,0x00,0x00,0x00,0x00,0x00,0x00,0x00,0x00,0x00,0x00,
	0x00,0x00,0x00,0x00,0x00,0x00,0x00,0x00,0x00,0x00,0x00,0x00,0x00,0x00,0x00,0x00,0x00,0x00,0x00,0x00,
	0x00,0x00,0x00,0x00,0x00,0x00,0x00,0x00,0x00,0x00,0x00,0x00,0x00,0x00,0x00,0x00,0x00,0x00,0x00,0x00,
	0x00,0x00,0x00,0x00,0x00,0x00,0x00,0x00,0x00,0x00,0x00,0x00,0x00,0x00,0x00,0x00,0x00,0x00,0x00,0x00,
	0x00,0x00,0x00,0x00,0x00,0x00,0x00,0x00,0x00,0x00,0x00,0x00,0x00,0x00,0x20,0x00,0x41,0x00,0x63,0x08,
	0x83,0x08,0x83,0x08,0x83,0x08,0x83,0x08,0x83,0x08,0x83,0x08,0x83,0x08,0x63,0x08,0x62,0x08,0x83,0x08,
	0xC4,0x08,0x05,0x09,0x26,0x09,0x26,0x09,0x06,0x09,0x06,0x09,0x06,0x09,0x06,0x09,0x06,0x09,0x05,0x09,
	0x05,0x09,0x66,0x09,0xA8,0x09,0xA8,0x09,0xA8,0x09,0xA8,0x09,0xA8,0x09,0x88,0x09,0x88,0x09,0x88,0x09,
	0x88,0x11,0x88,0x09,0xA8,0x09,0xEA,0x11,0x2B,0x12,0x0B,0x12,0x0B,0x12,0x0B,0x12,0x0B,0x1A,0x0B,0x1A,
	0x0B,0x1A,0x0B,0x1A,0x0B,0x1A,0x0B,0x1A,0x0B,0x1A,0xEB,0x19,0xEB,0x19,0xEB,0x19,0xEB,0x19,0xEB,0x19,
	0xEB,0x19,0xEB,0x19,0xCB,0x19,0xCB,0x19,0xCB,0x19,0xCB,0x19,0xEB,0x19,0xEB,0x19,0xEB,0x19,0xEB,0x21,
	0xEB,0x21,0x0B,0x22,0xED,0x29,0x0E,0x2A,0x4E,0x2A,0x4E,0x2A,0x2E,0x2A,0x4E,0x32,0x4E,0x32,0x4E,0x2A,
	0x2E,0x2A,0x0D,0x32,0x0D,0x32,0x0D,0x32,0x0D,0x32,0xED,0x31,0xEE,0x31,0xCE,0x31,0xCD,0x29,0xCE,0x39,
	0xAE,0x39,0xAD,0x31,0xAD,0x31,0xAE,0x39,0xAE,0x39,0xAE,0x39,0xAE,0x39,0xAE,0x39,0xAE,0x39,0xAE,0x39,
	0x8E,0x39,0xAE,0x39,0xAE,0x39,0xAE,0x41,0x8E,0x41,0x8E,0x41,0x8E,0x41,0x8E,0x41,0xAF,0x41,0xAF,0x41,
	0x8F,0x49,0x8F,0x49,0x8E,0x41,0x90,0x51,0x90,0x51,0x8F,0x49,0x4E,0x41,0x0D,0x39,0x0C,0x39,0x0C,0x39,
	0x0D,0x39,0x0C,0x39,0x0B,0x39,0x0C,0x39,0x0C,0x39,0xEC,0x38,0xEC,0x38,0xEC,0x38,0xEC,0x38,0xEC,0x38,
	0xEC,0x40,0xEC,0x40,0xEC,0x40,0xEC,0x40,0xEC,0x40,0xEC,0x40,0xEC,0x40,0xCB,0x40,0xCB,0x40,0xCC,0x40,
	0xCC,0x40,0xCC,0x40,0xCC,0x48,0xCC,0x48,0xCC,0x48,0xAB,0x40,0x69,0x38,0x69,0x38,0x69,0x38,0x69,0x38,
	0x69,0x38,0x69,0x38,0x69,0x38,0x69,0x38,0x69,0x38,0x69,0x38,0x49,0x38,0x28,0x30,0x26,0x28,0x26,0x28,
	0x26,0x28,0x26,0x28,0x26,0x28,0x26,0x28,0x26,0x28,0x26,0x28,0x26,0x28,0x26,0x28,0x05,0x28,0x04,0x18,
	0x03,0x10,0x03,0x18,0x03,0x18,0x03,0x18,0x03,0x18,0x03,0x18,0x03,0x18,0x03,0x18,0x03,0x18,0x03,0x18,
	0x02,0x10,0x01,0x08,0x00,0x00,0x00,0x00,0x00,0x00,0x00,0x00,0x00,0x00,0x00,0x00,0x00,0x00,0x00,0x00,
	0x00,0x00,0x00,0x00,0x00,0x00,0x00,0x00,0x00,0x00,0x00,0x00,0x00,0x00,0x00,0x00,0x00,0x00,0x00,0x00,
	0x00,0x00,0x00,0x00,0x00,0x00,0x00,0x00,0x00,0x00,0x00,0x00,0x00,0x00,0x00,0x00,0x00,0x00,0x00,0x00,
	0x00,0x00,0x00,0x00,0x00,0x00,0x00,0x00,0x00,0x00,0x00,0x00,0x00,0x00,0x00,0x00,0x00,0x00,0x00,0x00,
	0x00,0x00,0x00,0x00,0x00,0x00,0x00,0x00,0x00,0x00,0x00,0x00,0x00,0x00,0x00,0x00,0x00,0x00,0x00,0x00,
	0x00,0x00,0x00,0x00,0x00,0x00,0x00,0x00,0x00,0x00,0x00,0x00,0x00,0x00,0x00,0x00,0x00,0x00,0x00,0x00,
	0x00,0x00,0x00,0x00,0x00,0x00,0x00,0x00,0x00,0x00,0x00,0x00,0x00,0x00,0x00,0x00,0x00,0x00,0x00,0x00,
	0x00,0x00,0x00,0x00,0x00,0x00,0x00,0x00,0x00,0x00,0x00,0x00,0x00,0x00,0x00,0x00,0x00,0x00,0x00,0x00,
	0x00,0x00,0x00,0x00,0x00,0x00,0x00,0x00,0x00,0x00,0x00,0x00,0x00,0x00,0x00,0x00,0x00,0x00,0x00,0x00,
	0x00,0x00,0x00,0x00,0x00,0x00,0x00,0x00,0x00,0x00,0x00,0x00,0x00,0x00,0x00,0x00,0x00,0x00,0x00,0x00,
	0x00,0x00,0x21,0x00,0x62,0x08,0x83,0x08,0x83,0x08,0x83,0x08,0x83,0x08,0x83,0x08,0x83,0x08,0x83,0x08,
	0x83,0x08,0x62,0x08,0x62,0x08,0x83,0x08,0xA3,0x08,0xE4,0x08,0x05,0x09,0x26,0x09,0x06,0x09,0x06,0x09,
	0x06,0x09,0x06,0x09,0x05,0x09,0x05,0x09,0x46,0x09,0x67,0x09,0xA8,0x09,0xA8,0x09,0xA8,0x09,0x88,0x09,
	0x88,0x09,0x88,0x09,0x88,0x09,0x88,0x11,0x88,0x11,0x88,0x09,0xA9,0x09,0xEA,0x11,0x0B,0x12,0x0B,0x12,
	0x0B,0x12,0x0B,0x1A,0x0B,0x1A,0x0B,0x1A,0x0B,0x1A,0x0B,0x1A,0x0B,0x1A,0x0B,0x1A,0xEB,0x19,0xEB,0x19,
	0xEB,0x19,0xEB,0x19,0xEB,0x19,0xEB,0x19,0xEB,0x19,0xEB,0x19,0xCB,0x19,0xCB,0x19,0xCB,0x19,0xCB,0x19,
	0xCB,0x19,0xCB,0x21,0xCB,0x21,0xCB,0x21,0xCB,0x21,0xCC,0x21,0xCC,0x21,0x0D,0x22,0x0D,0x2A,0x0E,0x2A,
	0x2E,0x2A,0x2E,0x32,0x2E,0x2A,0x0D,0x2A,0x0D,0x32,0x0D,0x32,0x0D,0x32,0xED,0x31,0xED,0x31,0xCD,0x31,
	0xCD,0x29,0xCD,0x29,0xCD,0x31,0xAD,0x39,0xAD,0x31,0xAE,0x39,0xAE,0x39,0xAE,0x39,0xAE,0x39,0xAE,0x39,
	0xAE,0x39,0xAE,0x39,0x8E,0x39,0x8E,0x39,0xAE,0x39,0xAE,0x39,0x8E,0x41,0x8E,0x41,0x8E,0x41,0x8E,0x41,
	0x8E,0x41,0x8E,0x41,0x8F,0x41,0x8F,0x49,0x8E,0x41,0x6D,0x41,0x6E,0x49,0x6E,0x41,0x4D,0x39,0x2C,0x39,
	0x0B,0x39,0x0B,0x39,0x0B,0x39,0x0B,0x39,0x0B,0x39,0x0B,0x39,0x0C,0x39,0x0C,0x39,0xEC,0x38,0xEC,0x38,
	0xEC,0x38,0xEC,0x38,0xEC,0x38,0xEC,0x40,0xEC,0x40,0xEC,0x40,0xEC,0x40,0xEC,0x40,0xEC,0x40,0xEC,0x40,
	0xCC,0x40,0xCC,0x40,0xCC,0x40,0xCC,0x40,0xCC,0x40,0xCC,0x48,0xAC,0x48,0xAB,0x40,0x8A,0x40,0x69,0x38,
	0x69,0x38,0x69,0x38,0x69,0x38,0x69,0x38,0x69,0x38,0x69,0x38,0x69,0x38,0x69,0x38,0x69,0x38,0x49,0x38,
	0x28,0x30,0x26,0x28,0x26,0x28,0x26,0x28,0x26,0x28,0x26,0x28,0x26,0x28,0x26,0x28,0x26,0x28,0x25,0x28,
	0x04,0x20,0x04,0x18,0x03,0x10,0x03,0x10,0x03,0x18,0x03,0x18,0x03,0x18,0x03,0x18,0x03,0x18,0x03,0x18,
	0x03,0x18,0x03,0x18,0x03,0x18,0x02,0x10,0x01,0x08,0x00,0x00,0x00,0x00,0x00,0x00,0x00,0x00,0x00,0x00,
	0x00,0x00,0x00,0x00,0x00,0x00,0x00,0x00,0x00,0x00,0x00,0x00,0x00,0x00,0x00,0x00,0x00,0x00,0x00,0x00,
	0x00,0x00,0x00,0x00,0x00,0x00,0x00,0x00,0x00,0x00,0x00,0x00,0x00,0x00,0x00,0x00,0x00,0x00,0x00,0x00,
	0x00,0x00,0x00,0x00,0x00,0x00,0x00,0x00,0x00,0x00,0x00,0x00,0x00,0x00,0x00,0x00,0x00,0x00,0x00,0x00,
	0x00,0x00,0x00,0x00,0x00,0x00,0x00,0x00,0x00,0x00,0x00,0x00,0x00,0x00,0x00,0x00,0x00,0x00,0x00,0x00,
	0x00,0x00,0x00,0x00,0x00,0x00,0x00,0x00,0x00,0x00,0x00,0x00,0x00,0x00,0x00,0x00,0x00,0x00,0x00,0x00,
	0x00,0x00,0x00,0x00,0x00,0x00,0x00,0x00,0x00,0x00,0x00,0x00,0x00,0x00,0x00,0x00,0x00,0x00,0x00,0x00,
	0x00,0x00,0x00,0x00,0x00,0x00,0x00,0x00,0x00,0x00,0x00,0x00,0x00,0x00,0x00,0x00,0x00,0x00,0x00,0x00,
	0x00,0x00,0x00,0x00,0x00,0x00,0x00,0x00,0x00,0x00,0x00,0x00,0x00,0x00,0x00,0x00,0x00,0x00,0x00,0x00,
	0x00,0x00,0x00,0x00,0x00,0x00,0x00,0x00,0x00,0x00,0x00,0x00,0x00,0x00,0x00,0x00,0x00,0x00,0x00,0x00,
	0x00,0x00,0x00,0x00,0x00,0x00,0x00,0x00,0x00,0x00,0x62,0x08,0x83,0x08,0x83,0x08,0x83,0x08,0x83,0x08,
	0x83,0x08,0x83,0x08,0x83,0x08,0x83,0x08,0x83,0x08,0x62,0x08,0x62,0x08,0x62,0x08,0x82,0x08,0xC4,0x08,
	0x05,0x09,0x26,0x09,0x06,0x09,0x06,0x09,0x06,0x09,0x06,0x09,0x05,0x09,0x05,0x09,0x26,0x09,0x88,0x09,
	0xA8,0x09,0x88,0x09,0x88,0x09,0x88,0x09,0x88,0x09,0x88,0x09,0x88,0x11,0x88,0x11,0x88,0x11,0x88,0x09,
	0xA8,0x09,0xEA,0x11,0x0A,0x12,0x0B,0x12,0x0B,0x1A,0x0B,0x1A,0x0B,0x1A,0x0B,0x1A,0x0B,0x1A,0x0B,0x1A,
	0x0B,0x1A,0xEB,0x19,0xEB,0x19,0xEB,0x19,0xEB,0x19,0xEB,0x19,0xEB,0x19,0xEB,0x19,0xEB,0x19,0xEB,0x19,
	0xEB,0x19,0xEB,0x19,0xCB,0x19,0xCB,0x21,0xCB,0x21,0xCB,0x21,0xCB,0x21,0xAB,0x21,0xAB,0x19,0xAB,0x19,
	0xAB,0x21,0xCC,0x21,0xED,0x29,0xED,0x29,0xED,0x29,0xED,0x29,0xED,0x29,0xED,0x31,0xED,0x31,0xED,0x31,
	0xED,0x31,0xED,0x31,0xED,0x31,0xED,0x31,0xED,0x31,0xED,0x31,0xCD,0x31,0xAE,0x39,0xAE,0x39,0xAE,0x39,
	0xAE,0x39,0xAE,0x39,0xAE,0x39,0xAE,0x39,0x8E,0x39,0x8E,0x39,0x8E,0x39,0x8E,0x41,0x8E,0x41,0x8E,0x41,
	0x8E,0x41,0x8E,0x41,0x8E,0x41,0x8E,0x41,0x6E,0x41,0x6E,0x41,0x6E,0x41,0x6E,0x41,0x4D,0x41,0x2C,0x39,
	0x2B,0x31,0x2B,0x31,0x2B,0x31,0x2B,0x39,0x0B,0x39,0x0B,0x39,0x0B,0x39,0x0B,0x39,0x0C,0x39,0x0C,0x39,
	0x0C,0x39,0x0C,0x39,0x0C,0x39,0xEC,0x38,0xEC,0x38,0xEC,0x38,0xEC,0x40,0xEC,0x40,0xEC,0x40,0xEC,0x40,
	0xEC,0x40,0xEC,0x40,0xEC,0x40,0xEC,0x40,0xEC,0x40,0xCC,0x40,0xCC,0x40,0xCC,0x40,0xAB,0x40,0x8B,0x40,
	0x69,0x38,0x69,0x38,0x69,0x38,0x69,0x38,0x69,0x38,0x69,0x38,0x69,0x38,0x69,0x38,0x69,0x38,0x69,0x38,
	0x69,0x38,0x69,0x38,0x48,0x38,0x27,0x30,0x26,0x28,0x26,0x28,0x26,0x28,0x26,0x28,0x26,0x28,0x26,0x28,
	0x06,0x28,0x05,0x28,0x04,0x20,0x03,0x18,0x03,0x10,0x03,0x10,0x03,0x18,0x03,0x18,0x03,0x18,0x03,0x18,
	0x03,0x18,0x03,0x18,0x03,0x18,0x03,0x18,0x03,0x18,0x03,0x18,0x01,0x08,0x00,0x00,0x00,0x00,0x00,0x00,
	0x00,0x00,0x00,0x00,0x00,0x00,0x00,0x00,0x00,0x00,0x00,0x00,0x00,0x00,0x00,0x00,0x00,0x00,0x00,0x00,
	0x00,0x00,0x00,0x00,0x00,0x00,0x00,0x00,0x00,0x00,0x00,0x00,0x00,0x00,0x00,0x00,0x00,0x00,0x00,0x00,
	0x00,0x00,0x00,0x00,0x00,0x00,0x00,0x00,0x00,0x00,0x00,0x00,0x00,0x00,0x00,0x00,0x00,0x00,0x00,0x00,
	0x00,0x00,0x00,0x00,0x00,0x00,0x00,0x00,0x00,0x00,0x00,0x00,0x00,0x00,0x00,0x00,0x00,0x00,0x00,0x00,
	0x00,0x00,0x00,0x00,0x00,0x00,0x00,0x00,0x00,0x00,0x00,0x00,0x00,0x00,0x00,0x00,0x00,0x00,0x00,0x00,
	0x00,0x00,0x00,0x00,0x00,0x00,0x00,0x00,0x00,0x00,0x00,0x00,0x00,0x00,0x00,0x00,0x00,0x00,0x00,0x00,
	0x00,0x00,0x00,0x00,0x00,0x00,0x00,0x00,0x00,0x00,0x00,0x00,0x00,0x00,0x00,0x00,0x00,0x00,0x00,0x00,
	0x00,0x00,0x00,0x00,0x00,0x00,0x00,0x00,0x00,0x00,0x00,0x00,0x00,0x00,0x00,0x00,0x00,0x00,0x00,0x00,
	0x00,0x00,0x00,0x00,0x00,0x00,0x00,0x00,0x00,0x00,0x00,0x00,0x00,0x00,0x00,0x00,0x00,0x00,0x00,0x00,
	0x00,0x00,0x00,0x00,0x00,0x00,0x00,0x00,0x00,0x00,0x00,0x00,0x00,0x00,0x00,0x00,0x42,0x08,0x83,0x08,
	0x83,0x08,0x83,0x08,0x83,0x08,0x83,0x08,0x83,0x08,0x83,0x08,0x83,0x08,0x83,0x08,0x83,0x08,0x62,0x08,
	0x62,0x08,0x62,0x08,0x83,0x08,0xC3,0x08,0xE4,0x08,0x05,0x09,0x06,0x09,0x06,0x09,0x06,0x09,0x06,0x09,
	0x05,0x09,0x25,0x09,0x87,0x09,0xA8,0x09,0xA8,0x09,0x88,0x09,0x88,0x09,0x88,0x09,0x88,0x09,0x88,0x11,
	0x88,0x11,0x88,0x11,0x88,0x11,0x88,0x11,0xA9,0x11,0xEA,0x11,0x0B,0x12,0x0B,0x12,0x0B,0x12,0x0B,0x1A,
	0x0B,0x1A,0x0B,0x1A,0x0B,0x1A,0x0B,0x1A,0xEB,0x19,0xEB,0x19,0xEB,0x19,0xEB,0x19,0xEB,0x19,0xEB,0x19,
	0xEB,0x19,0xEB,0x19,0xEB,0x19,0xEB,0x19,0xEB,0x19,0xCB,0x19,0xCB,0x21,0xCB,0x21,0xCB,0x21,0xCB,0x21,
	0xCB,0x21,0xAB,0x21,0xAB,0x21,0xAB,0x19,0xAB,0x21,0xCC,0x21,0xCC,0x21,0xED,0x21,0xED,0x29,0xED,0x29,
	0xED,0x31,0xED,0x31,0xED,0x31,0xED,0x31,0xED,0x31,0xED,0x31,0xED,0x31,0xED,0x31,0xED,0x31,0xCD,0x31,
	0xAE,0x39,0xAE,0x39,0xAE,0x39,0xAE,0x39,0xAE,0x39,0xAE,0x39,0xAE,0x39,0x8E,0x39,0x8E,0x39,0x8E,0x39,
	0x8E,0x41,0x8E,0x41,0x8E,0x41,0x8E,0x41,0x8E,0x41,0x8E,0x41,0x8E,0x41,0x8E,0x41,0x6E,0x41,0x4D,0x41,
	0x2C,0x39,0x2C,0x39,0x2B,0x39,0x2B,0x31,0x2B,0x31,0x2B,0x39,0x0B,0x39,0x0B,0x39,0x0C,0x39,0x0B,0x39,
	0x0C,0x39,0x0C,0x39,0x0C,0x39,0x0C,0x39,0x0C,0x39,0x0C,0x39,0xEC,0x38,0xEC,0x38,0xEC,0x38,0xEC,0x40,
	0xEC,0x40,0xEC,0x40,0xEC,0x40,0xEC,0x40,0xEC,0x40,0xEC,0x40,0xCC,0x40,0xCC,0x40,0xCC,0x40,0xCC,0x40,
	0xCC,0x40,0x8B,0x40,0x69,0x38,0x69,0x38,0x69,0x38,0x69,0x38,0x69,0x38,0x69,0x38,0x69,0x38,0x69,0x38,
	0x69,0x38,0x69,0x38,0x69,0x38,0x6A,0x40,0x69,0x38,0x47,0x30,0x26,0x28,0x26,0x28,0x26,0x28,0x26,0x28,
	0x26,0x28,0x26,0x28,0x06,0x28,0x05,0x20,0x04,0x18,0x03,0x10,0x03,0x10,0x03,0x10,0x03,0x18,0x03,0x18,
	0x03,0x18,0x03,0x18,0x03,0x18,0x03,0x18,0x03,0x18,0x03,0x18,0x03,0x18,0x03,0x18,0x02,0x10,0x01,0x08,
	0x00,0x00,0x00,0x00,0x00,0x00,0x00,0x00,0x00,0x00,0x00,0x00,0x00,0x00,0x00,0x00,0x00,0x00,0x00,0x00,
	0x00,0x00,0x00,0x00,0x00,0x00,0x00,0x00,0x00,0x00,0x00,0x00,0x00,0x00,0x00,0x00,0x00,0x00,0x00,0x00,
	0x00,0x00,0x00,0x00,0x00,0x00,0x00,0x00,0x00,0x00,0x00,0x00,0x00,0x00,0x00,0x00,0x00,0x00,0x00,0x00,
	0x00,0x00,0x00,0x00,0x00,0x00,0x00,0x00,0x00,0x00,0x00,0x00,0x00,0x00,0x00,0x00,0x00,0x00,0x00,0x00,
	0x00,0x00,0x00,0x00,0x00,0x00,0x00,0x00,0x00,0x00,0x00,0x00,0x00,0x00,0x00,0x00,0x00,0x00,0x00,0x00,
	0x00,0x00,0x00,0x00,0x00,0x00,0x00,0x00,0x00,0x00,0x00,0x00,0x00,0x00,0x00,0x00,0x00,0x00,0x00,0x00,
	0x00,0x00,0x00,0x00,0x00,0x00,0x00,0x00,0x00,0x00,0x00,0x00,0x00,0x00,0x00,0x00,0x00,0x00,0x00,0x00,
	0x00,0x00,0x00,0x00,0x00,0x00,0x00,0x00,0x00,0x00,0x00,0x00,0x00,0x00,0x00,0x00,0x00,0x00,0x00,0x00,
	0x00,0x00,0x00,0x00,0x00,0x00,0x00,0x00,0x00,0x00,0x00,0x00,0x00,0x00,0x00,0x00,0x00,0x00,0x00,0x00,
	0x00,0x00,0x00,0x00,0x00,0x00,0x00,0x00,0x00,0x00,0x00,0x00,0x00,0x00,0x00,0x00,0x00,0x00,0x00,0x00,
	0x00,0x00,0x41,0x08,0x62,0x08,0x83,0x08,0x83,0x08,0x83,0x08,0x83,0x08,0x83,0x08,0x83,0x08,0x83,0x08,
	0x83,0x08,0x83,0x08,0x83,0x08,0x62,0x08,0x62,0x08,0x62,0x08,0x62,0x08,0xA3,0x08,0xC4,0x08,0x05,0x09,
	0x06,0x09,0x06,0x09,0x06,0x09,0x05,0x09,0x05,0x09,0x67,0x09,0xA8,0x09,0xA8,0x09,0xA8,0x09,0x88,0x09,
	0x88,0x09,0x88,0x09,0x88,0x11,0x88,0x11,0x88,0x11,0x88,0x11,0x88,0x11,0x88,0x11,0xA9,0x11,0x0B,0x12,
	0x0B,0x12,0x0B,0x12,0x0B,0x1A,0x0B,0x1A,0x0B,0x1A,0x0B,0x1A,0x0B,0x1A,0xEB,0x19,0xEB,0x19,0xEB,0x19,
	0xEB,0x19,0xEB,0x19,0xEB,0x19,0xEB,0x19,0xEB,0x19,0xEB,0x19,0xEB,0x19,0xEB,0x19,0xCB,0x19,0xCB,0x21,
	0xCB,0x21,0xCB,0x21,0xCB,0x21,0xCB,0x21,0xAB,0x21,0xAB,0x21,0xAB,0x19,0xAB,0x19,0xAB,0x21,0xCB,0x21,
	0xEC,0x21,0xED,0x21,0xED,0x29,0xED,0x31,0xED,0x31,0xED,0x31,0xED,0x31,0xED,0x31,0xED,0x31,0xED,0x31,
	0xED,0x31,0xED,0x31,0xCD,0x31,0xAE,0x39,0xAE,0x39,0xAE,0x39,0xAE,0x39,0xAE,0x39,0xAE,0x39,0xAE,0x39,
	0x8E,0x39,0x8E,0x39,0x8E,0x39,0x8E,0x41,0x8E,0x41,0x8E,0x41,0x8E,0x41,0x8E,0x41,0x8E,0x41,0x8E,0x41,
	0x6E,0x41,0x4D,0x41,0x2C,0x39,0x2B,0x39,0x2B,0x39,0x2B,0x39,0x2B,0x39,0x2B,0x39,0x2B,0x39,0x0B,0x39,
	0x0C,0x39,0x0C,0x39,0x0C,0x39,0x0C,0x39,0x0C,0x39,0x0C,0x39,0x0C,0x39,0x0C,0x39,0x0C,0x39,0xEC,0x38,
	0xEC,0x38,0xEC,0x38,0xEC,0x40,0xEC,0x40,0xEC,0x40,0xEC,0x40,0xEC,0x40,0xEC,0x40,0xEC,0x40,0xCC,0x40,
	0xCC,0x40,0xCC,0x40,0xCC,0x40,0xCC,0x40,0x8A,0x38,0x69,0x38,0x69,0x38,0x69,0x38,0x69,0x38,0x69,0x38,
	0x69,0x38,0x69,0x38,0x69,0x38,0x69,0x38,0x69,0x38,0x69,0x38,0x6A,0x40,0x49,0x38,0x26,0x28,0x26,0x28,
	0x26,0x28,0x26,0x28,0x26,0x28,0x26,0x28,0x25,0x20,0x05,0x20,0x04,0x18,0x03,0x10,0x03,0x10,0x03,0x10,
	0x03,0x18,0x03,0x18,0x03,0x18,0x03,0x18,0x03,0x18,0x03,0x18,0x03,0x18,0x03,0x18,0x03,0x18,0x03,0x18,
	0x03,0x18,0x02,0x10,0x00,0x00,0x00,0x00,0x00,0x00,0x00,0x00,0x00,0x00,0x00,0x00,0x00,0x00,0x00,0x00,
	0x00,0x00,0x00,0x00,0x00,0x00,0x00,0x00,0x00,0x00,0x00,0x00,0x00,0x00,0x00,0x00,0x00,0x00,0x00,0x00,
	0x00,0x00,0x00,0x00,0x00,0x00,0x00,0x00,0x00,0x00,0x00,0x00,0x00,0x00,0x00,0x00,0x00,0x00,0x00,0x00,
	0x00,0x00,0x00,0x00,0x00,0x00,0x00,0x00,0x00,0x00,0x00,0x00,0x00,0x00,0x00,0x00,0x00,0x00,0x00,0x00,
	0x00,0x00,0x00,0x00,0x00,0x00,0x00,0x00,0x00,0x00,0x00,0x00,0x00,0x00,0x00,0x00,0x00,0x00,0x00,0x00,
	0x00,0x00,0x00,0x00,0x00,0x00,0x00,0x00,0x00,0x00,0x00,0x00,0x00,0x00,0x00,0x00,0x00,0x00,0x00,0x00,
	0x00,0x00,0x00,0x00,0x00,0x00,0x00,0x00,0x00,0x00,0x00,0x00,0x00,0x00,0x00,0x00,0x00,0x00,0x00,0x00,
	0x00,0x00,0x00,0x00,0x00,0x00,0x00,0x00,0x00,0x00,0x00,0x00,0x00,0x00,0x00,0x00,0x00,0x00,0x00,0x00,
	0x00,0x00,0x00,0x00,0x00,0x00,0x00,0x00,0x00,0x00,0x00,0x00,0x00,0x00,0x00,0x00,0x00,0x00,0x00,0x00,
	0x00,0x00,0x00,0x00,0x00,0x00,0x00,0x00,0x00,0x00,0x00,0x00,0x00,0x00,0x00,0x00,0x00,0x00,0x00,0x00,
	0x00,0x00,0x00,0x00,0x00,0x00,0x00,0x00,0x20,0x00,0x41,0x00,0x83,0x08,0x83,0x08,0x83,0x08,0x83,0x08,
	0x83,0x08,0x83,0x08,0x83,0x08,0x83,0x08,0x83,0x08,0x83,0x08,0x83,0x08,0x83,0x08,0x83,0x08,0x62,0x08,
	0x62,0x08,0x63,0x08,0x84,0x08,0xC4,0x08,0xE5,0x08,0x05,0x09,0x05,0x09,0x05,0x09,0x47,0x09,0x88,0x09,
	0xA8,0x09,0xA8,0x09,0x88,0x09,0x88,0x09,0x88,0x09,0x88,0x09,0x88,0x09,0x88,0x11,0x88,0x11,0x88,0x11,
	0x68,0x11,0x88,0x11,0xA9,0x11,0xE9,0x11,0x0A,0x12,0x0B,0x1A,0x0B,0x1A,0x0B,0x1A,0x0B,0x1A,0x0B,0x1A,
	0xEB,0x19,0xEB,0x19,0xEB,0x19,0xEB,0x19,0xEB,0x19,0xEB,0x19,0xEB,0x19,0xEB,0x19,0xEB,0x19,0xEB,0x19,
	0xEB,0x19,0xCB,0x19,0xCB,0x21,0xCB,0x21,0xCB,0x21,0xCB,0x21,0xCB,0x21,0xCB,0x21,0xCB,0x21,0xCB,0x21,
	0xCB,0x21,0xCB,0x21,0xCB,0x21,0xCB,0x21,0xAC,0x21,0xCC,0x21,0xEC,0x29,0xED,0x29,0xED,0x29,0xED,0x31,
	0xED,0x31,0xED,0x31,0xED,0x31,0xCD,0x31,0xCD,0x31,0xCD,0x31,0xAE,0x39,0xAE,0x39,0xAE,0x39,0xAE,0x39,
	0xAE,0x39,0xAE,0x39,0xAE,0x39,0xAE,0x39,0xAE,0x39,0x8E,0x39,0x8E,0x39,0x8E,0x39,0x8E,0x39,0x8E,0x41,
	0x8E,0x41,0x8E,0x41,0x6D,0x39,0x6D,0x39,0x4C,0x39,0x2B,0x31,0x2B,0x31,0x2B,0x39,0x2B,0x39,0x2B,0x39,
	0x0B,0x39,0x0B,0x39,0x0B,0x39,0x0C,0x39,0x0C,0x39,0x0C,0x39,0x0C,0x39,0x0C,0x39,0x0C,0x39,0x0C,0x39,
	0x0C,0x39,0x0C,0x39,0xEC,0x38,0xEC,0x38,0xEC,0x38,0xEC,0x40,0xEC,0x40,0xEC,0x40,0xEC,0x40,0xEC,0x40,
	0xEC,0x40,0xEC,0x40,0xCC,0x40,0xCC,0x40,0xCC,0x40,0xAB,0x40,0x8A,0x38,0x89,0x30,0x69,0x30,0x69,0x38,
	0x69,0x38,0x69,0x38,0x69,0x38,0x69,0x38,0x69,0x38,0x69,0x38,0x69,0x38,0x69,0x38,0x69,0x38,0x48,0x38,
	0x27,0x38,0x26,0x28,0x26,0x28,0x26,0x28,0x26,0x28,0x05,0x20,0x04,0x20,0x04,0x18,0x04,0x10,0x03,0x10,
	0x03,0x18,0x03,0x18,0x03,0x18,0x03,0x18,0x03,0x18,0x03,0x18,0x03,0x18,0x03,0x18,0x03,0x18,0x03,0x18,
	0x03,0x18,0x03,0x18,0x03,0x18,0x03,0x18,0x02,0x10,0x00,0x00,0x00,0x00,0x00,0x00,0x00,0x00,0x00,0x00,
	0x00,0x00,0x00,0x00,0x00,0x00,0x00,0x00,0x00,0x00,0x00,0x00,0x00,0x00,0x00,0x00,0x00,0x00,0x00,0x00,
	0x00,0x00,0x00,0x00,0x00,0x00,0x00,0x00,0x00,0x00,0x00,0x00,0x00,0x00,0x00,0x00,0x00,0x00,0x00,0x00,
	0x00,0x00,0x00,0x00,0x00,0x00,0x00,0x00,0x00,0x00,0x00,0x00,0x00,0x00,0x00,0x00,0x00,0x00,0x00,0x00,
	0x00,0x00,0x00,0x00,0x00,0x00,0x00,0x00,0x00,0x00,0x00,0x00,0x00,0x00,0x00,0x00,0x00,0x00,0x00,0x00,
	0x00,0x00,0x00,0x00,0x00,0x00,0x00,0x00,0x00,0x00,0x00,0x00,0x00,0x00,0x00,0x00,0x00,0x00,0x00,0x00,
	0x00,0x00,0x00,0x00,0x00,0x00,0x00,0x00,0x00,0x00,0x00,0x00,0x00,0x00,0x00,0x00,0x00,0x00,0x00,0x00,
	0x00,0x00,0x00,0x00,0x00,0x00,0x00,0x00,0x00,0x00,0x00,0x00,0x00,0x00,0x00,0x00,0x00,0x00,0x00,0x00,
	0x00,0x00,0x00,0x00,0x00,0x00,0x00,0x00,0x00,0x00,0x00,0x00,0x00,0x00,0x00,0x00,0x00,0x00,0x00,0x00,
	0x00,0x00,0x00,0x00,0x00,0x00,0x00,0x00,0x00,0x00,0x00,0x00,0x00,0x00,0x00,0x00,0x00,0x00,0x00,0x00,
	0x00,0x00,0x00,0x00,0x00,0x00,0x00,0x00,0x00,0x00,0x00,0x00,0x00,0x00,0x00,0x00,0x21,0x00,0x83,0x08,
	0x83,0x08,0x83,0x08,0x83,0x08,0x83,0x08,0x83,0x08,0x83,0x08,0x83,0x08,0x83,0x08,0x83,0x08,0x83,0x08,
	0x83,0x08,0x83,0x08,0x63,0x08,0x62,0x08,0x43,0x08,0x63,0x08,0x84,0x08,0xC4,0x08,0xE4,0x08,0xE4,0x08,
	0x05,0x09,0x26,0x09,0x67,0x09,0xA8,0x09,0xA8,0x09,0x88,0x09,0x88,0x09,0x88,0x09,0x88,0x09,0x88,0x09,
	0x88,0x11,0x88,0x11,0x88,0x11,0x68,0x11,0x68,0x11,0x88,0x11,0xA9,0x11,0xC9,0x11,0xEA,0x19,0x0B,0x1A,
	0x0B,0x1A,0x0B,0x1A,0x0B,0x1A,0xEB,0x19,0xEB,0x19,0xEB,0x19,0xEB,0x19,0xEB,0x19,0xEB,0x19,0xEB,0x19,
	0xEB,0x19,0xEB,0x19,0xEB,0x19,0xEB,0x19,0xCB,0x19,0xCB,0x21,0xCB,0x21,0xCB,0x21,0xCB,0x21,0xCB,0x21,
	0xCB,0x21,0xCB,0x21,0xCB,0x21,0xCB,0x21,0xCB,0x21,0xCB,0x21,0xAB,0x21,0xAB,0x21,0xAC,0x21,0xCC,0x29,
	0xEC,0x29,0xEC,0x29,0xEC,0x29,0xED,0x31,0xED,0x31,0xED,0x31,0xCD,0x31,0xCD,0x31,0xCD,0x31,0xAE,0x39,
	0xAE,0x39,0xAE,0x39,0xAE,0x39,0xAE,0x39,0xAE,0x39,0xAE,0x39,0xAE,0x39,0xAE,0x39,0x8E,0x39,0x8E,0x39,
	0x8E,0x39,0x8E,0x39,0x8D,0x39,0x6D,0x39,0x6D,0x39,0x4C,0x39,0x4C,0x39,0x2B,0x31,0x2B,0x31,0x2B,0x31,
	0x2B,0x39,0x2B,0x39,0x2B,0x39,0x0B,0x39,0x0B,0x39,0x0B,0x39,0x0C,0x39,0x0C,0x39,0x0C,0x39,0x0C,0x39,
	0x0C,0x39,0x0C,0x39,0x0C,0x39,0x0C,0x39,0x0C,0x39,0xEC,0x38,0xEC,0x38,0xEC,0x38,0xEC,0x40,0xEC,0x40,
	0xEC,0x40,0xEC,0x40,0xEC,0x40,0xEC,0x40,0xEC,0x40,0xCC,0x40,0xCB,0x40,0xCB,0x40,0xA9,0x38,0x89,0x38,
	0x89,0x30,0x69,0x30,0x69,0x38,0x69,0x38,0x69,0x38,0x69,0x38,0x69,0x38,0x69,0x38,0x69,0x38,0x69,0x38,
	0x69,0x38,0x69,0x38,0x28,0x38,0x27,0x30,0x26,0x28,0x26,0x28,0x25,0x20,0x05,0x20,0x04,0x18,0x03,0x18,
	0x03,0x18,0x03,0x10,0x03,0x18,0x03,0x18,0x03,0x18,0x03,0x18,0x03,0x18,0x03,0x18,0x03,0x18,0x03,0x18,
	0x03,0x18,0x03,0x18,0x03,0x18,0x03,0x18,0x03,0x18,0x03,0x18,0x02,0x10,0x01,0x08,0x00,0x00,0x00,0x00,
	0x00,0x00,0x00,0x00,0x00,0x00,0x00,0x00,0x00,0x00,0x00,0x00,0x00,0x00,0x00,0x00,0x00,0x00,0x00,0x00,
	0x00,0x00,0x00,0x00,0x00,0x00,0x00,0x00,0x00,0x00,0x00,0x00,0x00,0x00,0x00,0x00,0x00,0x00,0x00,0x00,
	0x00,0x00,0x00,0x00,0x00,0x00,0x00,0x00,0x00,0x00,0x00,0x00,0x00,0x00,0x00,0x00,0x00,0x00,0x00,0x00,
	0x00,0x00,0x00,0x00,0x00,0x00,0x00,0x00,0x00,0x00,0x00,0x00,0x00,0x00,0x00,0x00,0x00,0x00,0x00,0x00,
	0x00,0x00,0x00,0x00,0x00,0x00,0x00,0x00,0x00,0x00,0x00,0x00,0x00,0x00,0x00,0x00,0x00,0x00,0x00,0x00,
	0x00,0x00,0x00,0x00,0x00,0x00,0x00,0x00,0x00,0x00,0x00,0x00,0x00,0x00,0x00,0x00,0x00,0x00,0x00,0x00,
	0x00,0x00,0x00,0x00,0x00,0x00,0x00,0x00,0x00,0x00,0x00,0x00,0x00,0x00,0x00,0x00,0x00,0x00,0x00,0x00,
	0x00,0x00,0x00,0x00,0x00,0x00,0x00,0x00,0x00,0x00,0x00,0x00,0x00,0x00,0x00,0x00,0x00,0x00,0x00,0x00,
	0x00,0x00,0x00,0x00,0x00,0x00,0x00,0x00,0x00,0x00,0x00,0x00,0x00,0x00,0x00,0x00,0x00,0x00,0x00,0x00,
	0x00,0x00,0x00,0x00,0x00,0x00,0x00,0x00,0x00,0x00,0x00,0x00,0x00,0x00,0x00,0x00,0x00,0x00,0x00,0x00,
	0x00,0x00,0x21,0x00,0x63,0x00,0x83,0x00,0x83,0x08,0x83,0x08,0x83,0x08,0x83,0x08,0x83,0x08,0x83,0x08,
	0x83,0x08,0x83,0x08,0x83,0x08,0x83,0x08,0x83,0x08,0x83,0x08,0x83,0x08,0x63,0x08,0x63,0x08,0x63,0x08,
	0x63,0x08,0x82,0x08,0xA3,0x08,0xE4,0x08,0x05,0x09,0x66,0x09,0xA8,0x09,0xA8,0x09,0x88,0x09,0x88,0x09,
	0x88,0x09,0x88,0x09,0x88,0x09,0x88,0x11,0x88,0x11,0x88,0x11,0x88,0x11,0x88,0x11,0x68,0x11,0x68,0x11,
	0x88,0x11,0xA9,0x19,0xEA,0x19,0x0B,0x1A,0x0B,0x1A,0x0B,0x1A,0xEB,0x19,0xEB,0x19,0xEB,0x19,0xEB,0x19,
	0xEB,0x19,0xEB,0x19,0xEB,0x19,0xEB,0x19,0xEB,0x19,0xEB,0x19,0xEB,0x19,0xCB,0x19,0xCB,0x21,0xCB,0x21,
	0xCB,0x21,0xCB,0x21,0xCB,0x21,0xCB,0x21,0xCB,0x21,0xCB,0x21,0xCB,0x21,0xCB,0x21,0xCB,0x29,0xAB,0x29,
	0xAB,0x21,0xAB,0x21,0xAB,0x29,0xAB,0x29,0xAB,0x29,0xAB,0x29,0xCB,0x29,0xCD,0x29,0xED,0x29,0xED,0x31,
	0xED,0x31,0xCD,0x31,0xAE,0x39,0xAE,0x39,0xAE,0x39,0xAE,0x39,0xAE,0x39,0x8E,0x39,0x8E,0x39,0x8E,0x39,
	0x8E,0x39,0x8E,0x39,0x8E,0x39,0x8E,0x39,0x8D,0x31,0x6C,0x31,0x2B,0x31,0x2B,0x31,0x2B,0x31,0x2B,0x31,
	0x2B,0x31,0x2B,0x31,0x2B,0x31,0x2B,0x39,0x2B,0x39,0x2B,0x39,0x0B,0x39,0x0B,0x39,0x0B,0x39,0x0C,0x39,
	0x0C,0x39,0x0C,0x39,0x0C,0x39,0x0C,0x39,0x0C,0x39,0x0C,0x39,0x0C,0x39,0x0C,0x39,0xEC,0x38,0xEC,0x38,
	0xEC,0x38,0xEC,0x40,0xEC,0x40,0xEC,0x40,0xEC,0x40,0xEC,0x40,0xEC,0x40,0xEC,0x40,0xCB,0x40,0xCA,0x40,
	0xA9,0x30,0xA9,0x30,0xA9,0x30,0x89,0x30,0x69,0x30,0x69,0x30,0x69,0x30,0x69,0x38,0x69,0x38,0x69,0x38,
	0x69,0x38,0x69,0x38,0x69,0x38,0x69,0x38,0x69,0x38,0x48,0x30,0x27,0x28,0x05,0x20,0x05,0x20,0x04,0x18,
	0x04,0x10,0x03,0x10,0x03,0x18,0x03,0x18,0x03,0x18,0x03,0x18,0x03,0x18,0x03,0x18,0x03,0x18,0x03,0x18,
	0x03,0x18,0x03,0x18,0x03,0x18,0x03,0x18,0x03,0x18,0x03,0x18,0x03,0x18,0x03,0x18,0x03,0x18,0x01,0x08,
	0x00,0x00,0x00,0x00,0x00,0x00,0x00,0x00,0x00,0x00,0x00,0x00,0x00,0x00,0x00,0x00,0x00,0x00,0x00,0x00,
	0x00,0x00,0x00,0x00,0x00,0x00,0x00,0x00,0x00,0x00,0x00,0x00,0x00,0x00,0x00,0x00,0x00,0x00,0x00,0x00,
	0x00,0x00,0x00,0x00,0x00,0x00,0x00,0x00,0x00,0x00,0x00,0x00,0x00,0x00,0x00,0x00,0x00,0x00,0x00,0x00,
	0x00,0x00,0x00,0x00,0x00,0x00,0x00,0x00,0x00,0x00,0x00,0x00,0x00,0x00,0x00,0x00,0x00,0x00,0x00,0x00,
	0x00,0x00,0x00,0x00,0x00,0x00,0x00,0x00,0x00,0x00,0x00,0x00,0x00,0x00,0x00,0x00,0x00,0x00,0x00,0x00,
	0x00,0x00,0x00,0x00,0x00,0x00,0x00,0x00,0x00,0x00,0x00,0x00,0x00,0x00,0x00,0x00,0x00,0x00,0x00,0x00,
	0x00,0x00,0x00,0x00,0x00,0x00,0x00,0x00,0x00,0x00,0x00,0x00,0x00,0x00,0x00,0x00,0x00,0x00,0x00,0x00,
	0x00,0x00,0x00,0x00,0x00,0x00,0x00,0x00,0x00,0x00,0x00,0x00,0x00,0x00,0x00,0x00,0x00,0x00,0x00,0x00,
	0x00,0x00,0x00,0x00,0x00,0x00,0x00,0x00,0x00,0x00,0x00,0x00,0x00,0x00,0x00,0x00,0x00,0x00,0x00,0x00,
	0x00,0x00,0x00,0x00,0x00,0x00,0x00,0x00,0x00,0x00,0x00,0x00,0x00,0x00,0x00,0x00,0x00,0x00,0x00,0x00,
	0x00,0x00,0x00,0x00,0x00,0x00,0x00,0x00,0x21,0x00,0x62,0x00,0x83,0x00,0x83,0x08,0x83,0x08,0x83,0x08,
	0x83,0x08,0x83,0x08,0x83,0x08,0x83,0x08,0x83,0x08,0x83,0x08,0x83,0x08,0x83,0x08,0x83,0x08,0x83,0x08,
	0x83,0x08,0x63,0x08,0x63,0x08,0x63,0x08,0x62,0x08,0x83,0x08,0xA3,0x08,0xA3,0x08,0x05,0x09,0x67,0x09,
	0xA8,0x09,0xA8,0x09,0xA8,0x09,0x88,0x09,0x88,0x09,0x88,0x09,0x88,0x11,0x88,0x11,0x88,0x11,0x88,0x11,
	0x88,0x11,0x88,0x11,0x68,0x11,0x88,0x11,0x88,0x11,0xA9,0x19,0xEA,0x19,0x0B,0x1A,0x0B,0x1A,0xEB,0x19,
	0xEB,0x19,0xEB,0x19,0xEB,0x19,0xEB,0x19,0xEB,0x19,0xEB,0x19,0xEB,0x19,0xEB,0x19,0xEB,0x19,0xEB,0x19,
	0xCB,0x19,0xCB,0x21,0xCB,0x21,0xCB,0x21,0xCB,0x21,0xCB,0x21,0xCB,0x21,0xCB,0x21,0xCB,0x21,0xCB,0x21,
	0xCB,0x21,0xCB,0x29,0xAB,0x29,0xAB,0x29,0xAB,0x21,0xAB,0x29,0xAB,0x29,0xAB,0x29,0xAB,0x29,0xAB,0x29,
	0x8C,0x29,0xAC,0x29,0xCC,0x29,0xCC,0x29,0xCD,0x31,0xAD,0x31,0xAD,0x31,0xAE,0x39,0xAE,0x39,0xAE,0x39,
	0x8E,0x39,0x8E,0x39,0x8D,0x39,0x6D,0x39,0x6D,0x39,0x6D,0x31,0x6C,0x31,0x4C,0x31,0x2B,0x31,0x2B,0x31,
	0x2B,0x31,0x2B,0x31,0x2B,0x31,0x2B,0x31,0x2B,0x31,0x2B,0x31,0x2B,0x39,0x2B,0x39,0x2B,0x39,0x0B,0x39,
	0x0B,0x39,0x0B,0x39,0x0C,0x39,0x0C,0x39,0x0C,0x39,0x0C,0x39,0x0C,0x39,0x0C,0x39,0x0C,0x39,0xEC,0x38,
	0xEC,0x38,0xEC,0x38,0xEC,0x38,0xEC,0x38,0xEC,0x40,0xEC,0x40,0xEC,0x40,0xEC,0x40,0xEC,0x40,0xEC,0x40,
	0xCB,0x40,0xAA,0x38,0xA9,0x38,0x89,0x30,0x89,0x30,0x89,0x30,0x69,0x30,0x69,0x38,0x69,0x30,0x69,0x38,
	0x69,0x38,0x69,0x38,0x69,0x38,0x69,0x38,0x69,0x38,0x69,0x38,0x69,0x38,0x49,0x38,0x26,0x28,0x05,0x20,
	0x04,0x18,0x04,0x18,0x03,0x10,0x03,0x10,0x03,0x18,0x03,0x18,0x03,0x18,0x03,0x18,0x03,0x18,0x03,0x18,
	0x03,0x18,0x03,0x18,0x03,0x18,0x03,0x18,0x03,0x18,0x03,0x18,0x03,0x18,0x03,0x18,0x03,0x18,0x03,0x18,
	0x03,0x18,0x03,0x18,0x01,0x08,0x00,0x00,0x00,0x00,0x00,0x00,0x00,0x00,0x00,0x00,0x00,0x00,0x00,0x00,
	0x00,0x00,0x00,0x00,0x00,0x00,0x00,0x00,0x00,0x00,0x00,0x00,0x00,0x00,0x00,0x00,0x00,0x00,0x00,0x00,
	0x00,0x00,0x00,0x00,0x00,0x00,0x00,0x00,0x00,0x00,0x00,0x00,0x00,0x00,0x00,0x00,0x00,0x00,0x00,0x00,
	0x00,0x00,0x00,0x00,0x00,0x00,0x00,0x00,0x00,0x00,0x00,0x00,0x00,0x00,0x00,0x00,0x00,0x00,0x00,0x00,
	0x00,0x00,0x00,0x00,0x00,0x00,0x00,0x00,0x00,0x00,0x00,0x00,0x00,0x00,0x00,0x00,0x00,0x00,0x00,0x00,
	0x00,0x00,0x00,0x00,0x00,0x00,0x00,0x00,0x00,0x00,0x00,0x00,0x00,0x00,0x00,0x00,0x00,0x00,0x00,0x00,
	0x00,0x00,0x00,0x00,0x00,0x00,0x00,0x00,0x00,0x00,0x00,0x00,0x00,0x00,0x00,0x00,0x00,0x00,0x00,0x00,
	0x00,0x00,0x00,0x00,0x00,0x00,0x00,0x00,0x00,0x00,0x00,0x00,0x00,0x00,0x00,0x00,0x00,0x00,0x00,0x00,
	0x00,0x00,0x00,0x00,0x00,0x00,0x00,0x00,0x00,0x00,0x00,0x00,0x00,0x00,0x00,0x00,0x00,0x00,0x00,0x00,
	0x00,0x00,0x00,0x00,0x00,0x00,0x00,0x00,0x00,0x00,0x00,0x00,0x00,0x00,0x00,0x00,0x00,0x00,0x00,0x00,
	0x00,0x00,0x00,0x00,0x00,0x00,0x00,0x00,0x00,0x00,0x00,0x00,0x00,0x00,0x00,0x00,0x22,0x00,0x62,0x00,
	0x83,0x08,0x83,0x08,0x83,0x08,0x83,0x08,0x83,0x08,0x83,0x08,0x83,0x08,0x83,0x08,0x83,0x08,0x83,0x08,
	0x83,0x08,0x83,0x08,0x83,0x08,0x83,0x08,0x83,0x08,0x83,0x08,0x63,0x08,0x63,0x08,0x62,0x08,0x62,0x08,
	0x43,0x08,0x84,0x08,0x05,0x09,0x67,0x09,0xA8,0x09,0xA8,0x09,0x88,0x09,0x88,0x09,0x88,0x09,0x88,0x11,
	0x88,0x11,0x88,0x11,0x88,0x11,0x88,0x11,0x88,0x11,0x88,0x11,0x88,0x11,0x68,0x11,0x88,0x11,0xC9,0x11,
	0xEA,0x11,0xEB,0x19,0xEB,0x19,0xEB,0x19,0xEB,0x19,0xEB,0x19,0xEB,0x19,0xEB,0x19,0xEB,0x19,0xEB,0x19,
	0xEB,0x19,0xEB,0x19,0xEB,0x19,0xCB,0x19,0xCB,0x21,0xCB,0x21,0xCB,0x21,0xCB,0x21,0xCB,0x21,0xCB,0x21,
	0xCB,0x21,0xCB,0x21,0xCB,0x21,0xCB,0x21,0xCB,0x21,0xAB,0x29,0xAB,0x29,0xAB,0x29,0xAB,0x29,0xAB,0x29,
	0x8B,0x29,0x8B,0x29,0x8B,0x29,0x6B,0x29,0x6B,0x29,0x8B,0x29,0xAB,0x29,0xAC,0x29,0xAC,0x29,0xAC,0x29,
	0x8D,0x31,0x8D,0x31,0x8D,0x31,0x8D,0x31,0x8D,0x31,0x6C,0x31,0x6B,0x31,0x4B,0x31,0x4B,0x29,0x4B,0x29,
	0x2B,0x31,0x2B,0x31,0x2B,0x31,0x2C,0x31,0x4C,0x31,0x4C,0x31,0x4C,0x31,0x2B,0x31,0x2B,0x31,0x2B,0x39,
	0x2B,0x39,0x2B,0x39,0x2B,0x39,0x2B,0x39,0x0B,0x39,0x0C,0x39,0x0C,0x39,0x0C,0x39,0x0C,0x39,0x0C,0x39,
	0x0C,0x39,0x0C,0x39,0xEC,0x38,0xEC,0x38,0xEC,0x38,0xEC,0x38,0xEC,0x38,0xEC,0x40,0xEC,0x40,0xEC,0x40,
	0xEC,0x40,0xEC,0x40,0xCC,0x38,0xAB,0x38,0x89,0x30,0x88,0x30,0x89,0x30,0x69,0x30,0x69,0x30,0x69,0x38,
	0x69,0x38,0x69,0x38,0x69,0x38,0x69,0x38,0x69,0x38,0x69,0x38,0x69,0x38,0x69,0x38,0x69,0x38,0x69,0x38,
	0x28,0x30,0x04,0x20,0x03,0x10,0x03,0x10,0x03,0x10,0x03,0x10,0x03,0x18,0x03,0x18,0x03,0x18,0x03,0x18,
	0x03,0x18,0x03,0x18,0x03,0x18,0x03,0x18,0x03,0x18,0x03,0x18,0x03,0x18,0x03,0x18,0x03,0x18,0x03,0x18,
	0x03,0x18,0x03,0x18,0x03,0x18,0x03,0x18,0x03,0x18,0x01,0x08,0x00,0x00,0x00,0x00,0x00,0x00,0x00,0x00,
	0x00,0x00,0x00,0x00,0x00,0x00,0x00,0x00,0x00,0x00,0x00,0x00,0x00,0x00,0x00,0x00,0x00,0x00,0x00,0x00,
	0x00,0x00,0x00,0x00,0x00,0x00,0x00,0x00,0x00,0x00,0x00,0x00,0x00,0x00,0x00,0x00,0x00,0x00,0x00,0x00,
	0x00,0x00,0x00,0x00,0x00,0x00,0x00,0x00,0x00,0x00,0x00,0x00,0x00,0x00,0x00,0x00,0x00,0x00,0x00,0x00,
	0x00,0x00,0x00,0x00,0x00,0x00,0x00,0x00,0x00,0x00,0x00,0x00,0x00,0x00,0x00,0x00,0x00,0x00,0x00,0x00,
	0x00,0x00,0x00,0x00,0x00,0x00,0x00,0x00,0x00,0x00,0x00,0x00,0x00,0x00,0x00,0x00,0x00,0x00,0x00,0x00,
	0x00,0x00,0x00,0x00,0x00,0x00,0x00,0x00,0x00,0x00,0x00,0x00,0x00,0x00,0x00,0x00,0x00,0x00,0x00,0x00,
	0x00,0x00,0x00,0x00,0x00,0x00,0x00,0x00,0x00,0x00,0x00,0x00,0x00,0x00,0x00,0x00,0x00,0x00,0x00,0x00,
	0x00,0x00,0x00,0x00,0x00,0x00,0x00,0x00,0x00,0x00,0x00,0x00,0x00,0x00,0x00,0x00,0x00,0x00,0x00,0x00,
	0x00,0x00,0x00,0x00,0x00,0x00,0x00,0x00,0x00,0x00,0x00,0x00,0x00,0x00,0x00,0x00,0x00,0x00,0x00,0x00,
	0x00,0x00,0x00,0x00,0x00,0x00,0x00,0x00,0x00,0x00,0x00,0x00,0x00,0x00,0x00,0x00,0x00,0x00,0x00,0x00,
	0x00,0x00,0x00,0x00,0x42,0x00,0x83,0x08,0x83,0x08,0x83,0x08,0x83,0x08,0x83,0x08,0x83,0x08,0x83,0x08,
	0x83,0x08,0x83,0x08,0x83,0x08,0x83,0x08,0x83,0x08,0x83,0x08,0x83,0x08,0x83,0x08,0x83,0x08,0x63,0x08,
	0x63,0x08,0x63,0x08,0x63,0x08,0x63,0x08,0x63,0x08,0x83,0x08,0xE4,0x08,0x46,0x09,0x67,0x09,0x88,0x09,
	0x88,0x09,0xA8,0x09,0xA8,0x09,0xA8,0x11,0x88,0x11,0x88,0x11,0x88,0x11,0x68,0x11,0x68,0x11,0x68,0x11,
	0x68,0x11,0x68,0x11,0x88,0x11,0x89,0x11,0xAA,0x11,0xEB,0x19,0x0B,0x1A,0xEB,0x19,0xEB,0x19,0xEB,0x19,
	0xEB,0x19,0xEB,0x19,0xEB,0x19,0xEB,0x19,0xEB,0x19,0xEB,0x19,0xCB,0x19,0xCB,0x21,0xCB,0x21,0xCB,0x21,
	0xCB,0x21,0xCB,0x21,0xCB,0x21,0xCB,0x21,0xCB,0x21,0xCB,0x21,0xCB,0x21,0xCB,0x21,0xAB,0x21,0xAB,0x29,
	0xAB,0x29,0xAB,0x29,0xAB,0x29,0x8B,0x29,0x8B,0x29,0x8B,0x29,0x8B,0x29,0x8B,0x29,0x8B,0x29,0x8B,0x29,
	0x8B,0x29,0x8B,0x29,0x8B,0x29,0x6C,0x29,0x6C,0x29,0x6C,0x29,0x6C,0x29,0x6B,0x29,0x4A,0x31,0x4B,0x31,
	0x6B,0x31,0x4B,0x31,0x4B,0x31,0x4B,0x31,0x4B,0x31,0x4C,0x31,0x4C,0x31,0x4C,0x31,0x4C,0x31,0x4C,0x31,
	0x2B,0x31,0x2B,0x31,0x2B,0x39,0x2B,0x39,0x2B,0x39,0x2B,0x39,0x2B,0x39,0x0B,0x39,0x0C,0x39,0x0C,0x39,
	0x0C,0x39,0x0C,0x39,0x0C,0x39,0x0C,0x39,0x0C,0x39,0x0C,0x39,0xEC,0x38,0xEC,0x38,0xEC,0x38,0xEC,0x38,
	0xEC,0x40,0xEC,0x40,0xEC,0x40,0xEC,0x40,0xCB,0x38,0xAA,0x38,0x89,0x30,0x89,0x30,0x89,0x30,0x69,0x30,
	0x69,0x30,0x69,0x30,0x69,0x30,0x89,0x30,0x69,0x38,0x69,0x38,0x69,0x38,0x69,0x38,0x69,0x38,0x49,0x38,
	0x48,0x30,0x48,0x38,0x26,0x28,0x04,0x20,0x03,0x18,0x03,0x10,0x23,0x18,0x23,0x18,0x23,0x18,0x03,0x18,
	0x03,0x18,0x03,0x18,0x03,0x18,0x03,0x18,0x03,0x18,0x03,0x18,0x03,0x18,0x03,0x18,0x03,0x18,0x03,0x18,
	0x03,0x18,0x03,0x18,0x03,0x18,0x03,0x18,0x03,0x18,0x03,0x18,0x02,0x10,0x01,0x08,0x00,0x00,0x00,0x00,
	0x00,0x00,0x00,0x00,0x00,0x00,0x00,0x00,0x00,0x00,0x00,0x00,0x00,0x00,0x00,0x00,0x00,0x00,0x00,0x00,
	0x00,0x00,0x00,0x00,0x00,0x00,0x00,0x00,0x00,0x00,0x00,0x00,0x00,0x00,0x00,0x00,0x00,0x00,0x00,0x00,
	0x00,0x00,0x00,0x00,0x00,0x00,0x00,0x00,0x00,0x00,0x00,0x00,0x00,0x00,0x00,0x00,0x00,0x00,0x00,0x00,
	0x00,0x00,0x00,0x00,0x00,0x00,0x00,0x00,0x00,0x00,0x00,0x00,0x00,0x00,0x00,0x00,0x00,0x00,0x00,0x00,
	0x00,0x00,0x00,0x00,0x00,0x00,0x00,0x00,0x00,0x00,0x00,0x00,0x00,0x00,0x00,0x00,0x00,0x00,0x00,0x00,
	0x00,0x00,0x00,0x00,0x00,0x00,0x00,0x00,0x00,0x00,0x00,0x00,0x00,0x00,0x00,0x00,0x00,0x00,0x00,0x00,
	0x00,0x00,0x00,0x00,0x00,0x00,0x00,0x00,0x00,0x00,0x00,0x00,0x00,0x00,0x00,0x00,0x00,0x00,0x00,0x00,
	0x00,0x00,0x00,0x00,0x00,0x00,0x20,0x00,0x41,0x08,0xA2,0x10,0x82,0x10,0x41,0x08,0x20,0x00,0x00,0x00,
	0x00,0x00,0x00,0x00,0x00,0x00,0x00,0x00,0x00,0x00,0x00,0x00,0x00,0x00,0x00,0x00,0x00,0x00,0x00,0x00,
	0x00,0x00,0x00,0x00,0x00,0x00,0x00,0x00,0x00,0x00,0x00,0x00,0x00,0x00,0x00,0x00,0x00,0x00,0x00,0x00,
	0x00,0x00,0x00,0x00,0x00,0x00,0x00,0x00,0x00,0x00,0x21,0x00,0x83,0x08,0x83,0x08,0x83,0x08,0x83,0x08,
	0x83,0x08,0x83,0x08,0x83,0x08,0x83,0x08,0x83,0x08,0x83,0x08,0x83,0x08,0x83,0x08,0x83,0x08,0x83,0x08,
	0x83,0x08,0x83,0x08,0x63,0x08,0x63,0x08,0x63,0x08,0x63,0x08,0x63,0x08,0x62,0x08,0x42,0x08,0x83,0x08,
	0xE5,0x08,0x46,0x09,0x67,0x09,0x68,0x09,0x88,0x09,0xA8,0x09,0x88,0x11,0x88,0x11,0x88,0x11,0x88,0x11,
	0x68,0x11,0x68,0x11,0x68,0x11,0x68,0x11,0x68,0x11,0x68,0x11,0x68,0x11,0x89,0x11,0xCA,0x11,0xEB,0x19,
	0xEB,0x19,0xEB,0x19,0xEB,0x19,0xEB,0x19,0xEB,0x19,0xEB,0x19,0xEB,0x19,0xEB,0x19,0xEB,0x19,0xCB,0x19,
	0xCB,0x21,0xCB,0x21,0xCB,0x21,0xCB,0x21,0xCB,0x21,0xCB,0x21,0xCB,0x21,0xCB,0x21,0xCB,0x21,0xCB,0x21,
	0xCB,0x21,0xAB,0x21,0xAB,0x29,0xAB,0x29,0xAB,0x29,0xAB,0x29,0x8B,0x29,0x8B,0x29,0x8B,0x29,0x8B,0x29,
	0x8B,0x29,0x8B,0x29,0x8B,0x29,0x6B,0x29,0x6B,0x29,0x6B,0x29,0x6B,0x29,0x6B,0x29,0x6B,0x29,0x6B,0x29,
	0x6B,0x29,0x4A,0x31,0x6A,0x31,0x6B,0x31,0x4B,0x31,0x4B,0x31,0x4B,0x31,0x4B,0x31,0x4C,0x31,0x4C,0x31,
	0x4C,0x31,0x4C,0x31,0x4C,0x31,0x2B,0x31,0x2B,0x31,0x2B,0x39,0x2B,0x39,0x2B,0x39,0x2B,0x39,0x0B,0x39,
	0x0B,0x39,0x0C,0x39,0x0C,0x39,0x0C,0x39,0x0C,0x39,0x0C,0x39,0x0C,0x39,0x0C,0x39,0x0C,0x39,0x0C,0x39,
	0xEC,0x38,0xEC,0x38,0xEC,0x38,0xEC,0x40,0xEC,0x40,0xEC,0x40,0xCB,0x40,0xCA,0x38,0xA9,0x30,0x88,0x30,
	0xA9,0x30,0x89,0x30,0x69,0x30,0x69,0x30,0x69,0x30,0x89,0x30,0x89,0x30,0x69,0x38,0x69,0x38,0x69,0x38,
	0x69,0x38,0x48,0x38,0x48,0x30,0x27,0x30,0x27,0x30,0x04,0x20,0x03,0x18,0x03,0x10,0x03,0x10,0x23,0x18,
	0x23,0x18,0x23,0x18,0x03,0x18,0x03,0x18,0x03,0x18,0x03,0x18,0x03,0x18,0x03,0x18,0x03,0x18,0x03,0x18,
	0x03,0x18,0x03,0x18,0x03,0x18,0x03,0x18,0x03,0x18,0x03,0x18,0x03,0x18,0x03,0x18,0x03,0x18,0x02,0x10,
	0x00,0x00,0x00,0x00,0x00,0x00,0x00,0x00,0x00,0x00,0x00,0x00,0x00,0x00,0x00,0x00,0x00,0x00,0x00,0x00,
	0x00,0x00,0x00,0x00,0x00,0x00,0x00,0x00,0x00,0x00,0x00,0x00,0x00,0x00,0x00,0x00,0x00,0x00,0x00,0x00,
	0x00,0x00,0x00,0x00,0x00,0x00,0x00,0x00,0x00,0x00,0x00,0x00,0x20,0x00,0x61,0x08,0x82,0x10,0xA2,0x10,
	0x41,0x08,0x20,0x00,0x00,0x00,0x00,0x00,0x00,0x00,0x00,0x00,0x00,0x00,0x00,0x00,0x00,0x00,0x00,0x00,
	0x00,0x00,0x00,0x00,0x00,0x00,0x00,0x00,0x00,0x00,0x00,0x00,0x00,0x00,0x00,0x00,0x00,0x00,0x00,0x00,
	0x00,0x00,0x00,0x00,0x00,0x00,0x00,0x00,0x00,0x00,0x00,0x00,0x00,0x00,0x00,0x00,0x00,0x00,0x00,0x00,
	0x00,0x00,0x00,0x00,0x00,0x00,0x00,0x00,0x00,0x00,0x00,0x00,0x00,0x00,0x00,0x00,0x00,0x00,0x00,0x00,
	0x00,0x00,0x00,0x00,0x00,0x00,0x00,0x00,0x00,0x00,0x00,0x00,0x62,0x10,0x45,0x29,0x8A,0x52,0x69,0x4A,
	0x66,0x31,0x82,0x10,0x00,0x00,0x00,0x00,0x00,0x00,0x00,0x00,0x00,0x00,0x00,0x00,0x00,0x00,0x00,0x00,
	0x00,0x00,0x00,0x00,0x00,0x00,0x00,0x00,0x00,0x00,0x00,0x00,0x00,0x00,0x00,0x00,0x00,0x00,0x00,0x00,
	0x00,0x00,0x00,0x00,0x00,0x00,0x00,0x00,0x00,0x00,0x00,0x00,0x00,0x00,0x00,0x00,0x21,0x00,0x42,0x00,
	0x63,0x08,0x83,0x08,0x83,0x08,0x83,0x08,0x83,0x08,0x83,0x08,0x83,0x08,0x83,0x08,0x83,0x08,0x83,0x08,
	0x83,0x08,0x83,0x08,0x83,0x08,0x83,0x08,0x83,0x08,0x63,0x08,0x63,0x08,0x63,0x08,0x63,0x08,0x63,0x08,
	0x63,0x08,0x62,0x08,0x83,0x08,0xC4,0x08,0x05,0x09,0x25,0x09,0x06,0x09,0x26,0x09,0x46,0x09,0x67,0x11,
	0x88,0x11,0x88,0x11,0x88,0x11,0x88,0x11,0x88,0x11,0x88,0x11,0x68,0x11,0x68,0x11,0x68,0x11,0x68,0x11,
	0x68,0x11,0x88,0x11,0xA9,0x11,0xEB,0x19,0x0B,0x1A,0xEB,0x19,0xEB,0x19,0xEB,0x19,0xEB,0x19,0xEB,0x19,
	0xEB,0x19,0xEB,0x19,0xCB,0x19,0xCB,0x21,0xCB,0x21,0xCB,0x21,0xCB,0x21,0xCB,0x21,0xCB,0x21,0xCB,0x21,
	0xCB,0x21,0xCB,0x21,0xCB,0x21,0xCB,0x21,0xAB,0x29,0xAB,0x29,0xAB,0x29,0xAB,0x29,0xAB,0x29,0xAB,0x29,
	0x8B,0x29,0x8B,0x29,0x8B,0x29,0x8B,0x29,0x8B,0x29,0x8B,0x29,0x8B,0x29,0x8B,0x29,0x8B,0x29,0x6B,0x29,
	0x6B,0x29,0x6B,0x29,0x6B,0x31,0x6B,0x31,0x6B,0x31,0x6B,0x31,0x6B,0x31,0x4B,0x31,0x4B,0x31,0x4B,0x31,
	0x4B,0x31,0x4C,0x31,0x4C,0x31,0x4C,0x31,0x4C,0x31,0x4C,0x31,0x2B,0x31,0x2B,0x31,0x2B,0x39,0x2B,0x39,
	0x2B,0x39,0x0B,0x39,0x0B,0x39,0x0B,0x39,0x0C,0x39,0x0C,0x39,0x0C,0x39,0x0C,0x39,0x0C,0x39,0x0C,0x39,
	0x0C,0x39,0x0C,0x39,0x0C,0x39,0xEC,0x38,0xEC,0x38,0xEC,0x38,0xEC,0x40,0xEB,0x40,0xCA,0x38,0xCA,0x38,
	0xA9,0x30,0xA9,0x30,0xA9,0x30,0xA9,0x30,0xA9,0x30,0x89,0x30,0x69,0x30,0x69,0x38,0x69,0x38,0x69,0x38,
	0x69,0x38,0x69,0x38,0x48,0x30,0x27,0x30,0x26,0x28,0x26,0x28,0x26,0x28,0x05,0x20,0x04,0x18,0x03,0x10,
	0x23,0x18,0x23,0x18,0x23,0x18,0x23,0x18,0x23,0x18,0x03,0x18,0x03,0x18,0x03,0x18,0x03,0x18,0x03,0x18,
	0x03,0x18,0x03,0x18,0x03,0x18,0x03,0x18,0x03,0x18,0x03,0x18,0x03,0x18,0x03,0x18,0x03,0x18,0x03,0x18,
	0x03,0x18,0x02,0x10,0x01,0x08,0x00,0x00,0x00,0x00,0x00,0x00,0x00,0x00,0x00,0x00,0x00,0x00,0x00,0x00,
	0x00,0x00,0x00,0x00,0x00,0x00,0x00,0x00,0x00,0x00,0x00,0x00,0x00,0x00,0x00,0x00,0x00,0x00,0x00,0x00,
	0x00,0x00,0x00,0x00,0x00,0x00,0x00,0x00,0x00,0x00,0x00,0x00,0x00,0x00,0x00,0x00,0x00,0x00,0x82,0x10,
	0x86,0x31,0x69,0x4A,0x8A,0x52,0x45,0x29,0x62,0x10,0x00,0x00,0x00,0x00,0x00,0x00,0x00,0x00,0x00,0x00,
	0x00,0x00,0x00,0x00,0x00,0x00,0x00,0x00,0x00,0x00,0x00,0x00,0x00,0x00,0x00,0x00,0x00,0x00,0x00,0x00,
	0x00,0x00,0x00,0x00,0x00,0x00,0x00,0x00,0x00,0x00,0x00,0x00,0x00,0x00,0x00,0x00,0x00,0x00,0x00,0x00,
	0x00,0x00,0x00,0x00,0x00,0x00,0x00,0x00,0x00,0x00,0x00,0x00,0x00,0x00,0x00,0x00,0x00,0x00,0x00,0x00,
	0x00,0x00,0x00,0x00,0x00,0x00,0x00,0x00,0x00,0x00,0x00,0x00,0x00,0x00,0x00,0x00,0x20,0x00,0x24,0x21,
	0x29,0x4A,0x2D,0x6B,0x2D,0x6B,0x6A,0x52,0xE3,0x18,0x00,0x00,0x00,0x00,0x00,0x00,0x00,0x00,0x00,0x00,
	0x00,0x00,0x00,0x00,0x00,0x00,0x00,0x00,0x00,0x00,0x00,0x00,0x00,0x00,0x00,0x00,0x00,0x00,0x00,0x00,
	0x00,0x00,0x00,0x00,0x00,0x00,0x00,0x00,0x00,0x00,0x00,0x00,0x00,0x00,0x00,0x00,0x00,0x00,0x00,0x00,
	0x00,0x00,0x00,0x00,0x21,0x00,0x62,0x00,0x83,0x08,0x83,0x08,0x83,0x08,0x83,0x08,0x83,0x08,0x83,0x08,
	0x83,0x08,0x83,0x08,0x83,0x08,0x83,0x08,0x83,0x08,0x83,0x08,0x83,0x08,0x83,0x08,0x63,0x08,0x63,0x08,
	0x63,0x08,0x63,0x08,0x63,0x08,0x63,0x08,0x62,0x08,0x63,0x08,0x83,0x08,0xE4,0x08,0x05,0x09,0x05,0x09,
	0x05,0x09,0x25,0x09,0x26,0x09,0x46,0x11,0x67,0x11,0x67,0x11,0x67,0x11,0x88,0x11,0x88,0x11,0x88,0x11,
	0x88,0x11,0x88,0x11,0x68,0x11,0x68,0x11,0x68,0x11,0x88,0x11,0xA9,0x11,0xCA,0x19,0xEB,0x19,0xEB,0x19,
	0xEB,0x19,0xEB,0x19,0xEB,0x19,0xEB,0x19,0xEB,0x19,0xCB,0x19,0xCB,0x21,0xCB,0x21,0xCB,0x21,0xCB,0x21,
	0xCB,0x21,0xCB,0x21,0xCB,0x21,0xCB,0x21,0xCB,0x21,0xCB,0x21,0xCB,0x29,0xAB,0x29,0xAB,0x29,0xAB,0x29,
	0xAB,0x29,0xAB,0x29,0xAB,0x29,0x8B,0x29,0x8B,0x29,0x8B,0x29,0x8B,0x29,0x8B,0x29,0x8B,0x29,0x8B,0x29,
	0x8B,0x29,0x8B,0x29,0x6B,0x29,0x6B,0x29,0x6B,0x29,0x6B,0x31,0x6B,0x31,0x6B,0x31,0x6B,0x31,0x6B,0x31,
	0x4B,0x31,0x4B,0x31,0x4B,0x31,0x4B,0x31,0x4C,0x31,0x4C,0x31,0x4C,0x31,0x4C,0x31,0x4C,0x31,0x2B,0x31,
	0x2B,0x31,0x2B,0x39,0x2B,0x39,0x2B,0x39,0x0B,0x39,0x0B,0x39,0x0B,0x39,0x0C,0x39,0x0C,0x39,0x0C,0x39,
	0x0C,0x39,0x0C,0x39,0x0C,0x39,0x0C,0x39,0x0C,0x39,0x0C,0x39,0xEC,0x38,0xEC,0x38,0xEC,0x38,0xCB,0x38,
	0xCA,0x38,0xCA,0x38,0xA9,0x30,0xA9,0x30,0xA9,0x30,0xA9,0x30,0xA9,0x30,0x89,0x30,0x89,0x30,0x69,0x30,
	0x68,0x30,0x68,0x30,0x48,0x30,0x48,0x30,0x48,0x30,0x27,0x28,0x26,0x28,0x26,0x28,0x26,0x28,0x25,0x28,
	0x04,0x20,0x04,0x18,0x03,0x10,0x23,0x18,0x23,0x18,0x23,0x18,0x23,0x18,0x23,0x18,0x03,0x18,0x03,0x18,
	0x03,0x18,0x03,0x18,0x03,0x18,0x03,0x18,0x03,0x18,0x03,0x18,0x03,0x18,0x03,0x18,0x03,0x18,0x03,0x18,
	0x03,0x18,0x03,0x18,0x03,0x18,0x03,0x10,0x02,0x08,0x00,0x00,0x00,0x00,0x00,0x00,0x00,0x00,0x00,0x00,
	0x00,0x00,0x00,0x00,0x00,0x00,0x00,0x00,0x00,0x00,0x00,0x00,0x00,0x00,0x00,0x00,0x00,0x00,0x00,0x00,
	0x00,0x00,0x00,0x00,0x00,0x00,0x00,0x00,0x00,0x00,0x00,0x00,0x00,0x00,0x00,0x00,0x00,0x00,0x00,0x00,
	0x00,0x00,0x00,0x00,0xE3,0x18,0x8A,0x52,0x2D,0x6B,0x2D,0x6B,0x29,0x4A,0x24,0x21,0x20,0x00,0x00,0x00,
	0x00,0x00,0x00,0x00,0x00,0x00,0x00,0x00,0x00,0x00,0x00,0x00,0x00,0x00,0x00,0x00,0x00,0x00,0x00,0x00,
	0x00,0x00,0x00,0x00,0x00,0x00,0x00,0x00,0x00,0x00,0x00,0x00,0x00,0x00,0x00,0x00,0x00,0x00,0x00,0x00,
	0x00,0x00,0x00,0x00,0x00,0x00,0x00,0x00,0x00,0x00,0x00,0x00,0x00,0x00,0x00,0x00,0x00,0x00,0x00,0x00,
	0x00,0x00,0x00,0x00,0x00,0x00,0x00,0x00,0x00,0x00,0x00,0x00,0x00,0x00,0x00,0x00,0x00,0x00,0x00,0x00,
	0x00,0x00,0x21,0x08,0xA6,0x31,0xAA,0x52,0xEC,0x62,0x4D,0x6B,0xEC,0x62,0x04,0x21,0x00,0x00,0x00,0x00,
	0x00,0x00,0x00,0x00,0x00,0x00,0x00,0x00,0x00,0x00,0x00,0x00,0x00,0x00,0x00,0x00,0x00,0x00,0x00,0x00,
	0x00,0x00,0x00,0x00,0x00,0x00,0x00,0x00,0x00,0x00,0x00,0x00,0x00,0x00,0x00,0x00,0x00,0x00,0x00,0x00,
	0x00,0x00,0x00,0x00,0x00,0x00,0x00,0x00,0x00,0x00,0x00,0x00,0x42,0x00,0x83,0x00,0x83,0x08,0x83,0x08,
	0x83,0x08,0x83,0x08,0x83,0x08,0x83,0x08,0x83,0x08,0x83,0x08,0x83,0x08,0x83,0x08,0x83,0x08,0x83,0x08,
	0x83,0x08,0x63,0x08,0x63,0x08,0x63,0x08,0x63,0x08,0x63,0x08,0x63,0x08,0x63,0x08,0x62,0x08,0x62,0x08,
	0xC4,0x08,0x05,0x09,0x05,0x09,0x05,0x09,0x05,0x09,0x05,0x09,0x05,0x09,0x26,0x09,0x26,0x09,0x46,0x09,
	0x67,0x09,0x68,0x11,0x88,0x11,0x88,0x11,0x88,0x11,0x88,0x11,0x68,0x11,0x68,0x11,0x68,0x11,0x68,0x11,
	0x89,0x11,0xCA,0x19,0xEB,0x19,0xEB,0x19,0xEB,0x19,0xEB,0x19,0xEB,0x19,0xEB,0x19,0xCB,0x19,0xCB,0x21,
	0xCB,0x21,0xCB,0x21,0xCB,0x21,0xCB,0x21,0xCB,0x21,0xCB,0x21,0xCB,0x21,0xCB,0x21,0xCB,0x21,0xCB,0x21,
	0xAB,0x29,0xAB,0x29,0xAB,0x29,0xAB,0x29,0xAB,0x29,0xAB,0x29,0x8B,0x29,0x8B,0x29,0x8B,0x29,0x8B,0x29,
	0x8B,0x29,0x8B,0x29,0x8B,0x29,0x6B,0x29,0x6B,0x29,0x6B,0x29,0x6B,0x29,0x6B,0x29,0x6B,0x31,0x6B,0x31,
	0x6B,0x31,0x6B,0x31,0x6B,0x31,0x4B,0x31,0x4B,0x31,0x4B,0x31,0x4B,0x31,0x4C,0x31,0x4C,0x31,0x4C,0x31,
	0x4C,0x31,0x4C,0x31,0x2B,0x31,0x2B,0x31,0x2B,0x39,0x2B,0x39,0x2B,0x39,0x2B,0x39,0x2B,0x39,0x0B,0x39,
	0x0C,0x39,0x0C,0x39,0x0C,0x39,0x0C,0x39,0x0C,0x39,0x0C,0x39,0x0C,0x39,0x0C,0x39,0x0C,0x39,0xEC,0x38,
	0xEC,0x38,0xEB,0x38,0xCA,0x30,0xA9,0x30,0xA9,0x30,0xA9,0x30,0xA9,0x30,0xA9,0x30,0xA9,0x30,0x89,0x30,
	0x89,0x30,0x68,0x30,0x68,0x28,0x67,0x28,0x47,0x28,0x47,0x28,0x26,0x28,0x26,0x28,0x26,0x28,0x26,0x28,
	0x26,0x28,0x25,0x28,0x24,0x20,0x03,0x18,0x03,0x10,0x03,0x10,0x23,0x18,0x23,0x18,0x23,0x18,0x23,0x18,
	0x23,0x18,0x03,0x18,0x03,0x18,0x03,0x18,0x03,0x18,0x03,0x18,0x03,0x18,0x03,0x18,0x03,0x18,0x03,0x18,
	0x03,0x18,0x03,0x18,0x03,0x18,0x03,0x18,0x03,0x18,0x03,0x18,0x02,0x10,0x01,0x00,0x00,0x00,0x00,0x00,
	0x00,0x00,0x00,0x00,0x00,0x00,0x00,0x00,0x00,0x00,0x00,0x00,0x00,0x00,0x00,0x00,0x00,0x00,0x00,0x00,
	0x00,0x00,0x00,0x00,0x00,0x00,0x00,0x00,0x00,0x00,0x00,0x00,0x00,0x00,0x00,0x00,0x00,0x00,0x00,0x00,
	0x00,0x00,0x00,0x00,0x00,0x00,0x00,0x00,0x00,0x00,0x04,0x21,0xEC,0x62,0x4D,0x6B,0xEC,0x62,0xAA,0x52,
	0xA6,0x31,0x21,0x08,0x00,0x00,0x00,0x00,0x00,0x00,0x00,0x00,0x00,0x00,0x00,0x00,0x00,0x00,0x00,0x00,
	0x00,0x00,0x00,0x00,0x00,0x00,0x00,0x00,0x00,0x00,0x00,0x00,0x00,0x00,0x00,0x00,0x00,0x00,0x00,0x00,
	0x00,0x00,0x00,0x00,0x00,0x00,0x00,0x00,0x00,0x00,0x00,0x00,0x00,0x00,0x00,0x00,0x00,0x00,0x00,0x00,
	0x00,0x00,0x00,0x00,0x00,0x00,0x00,0x00,0x00,0x00,0x00,0x00,0x00,0x00,0x00,0x00,0x00,0x00,0x00,0x00,
	0x00,0x00,0x00,0x00,0x00,0x00,0x00,0x00,0x20,0x00,0xC3,0x18,0xC6,0x31,0xAA,0x52,0xAA,0x52,0xE7,0x39,
	0xA3,0x18,0x00,0x00,0x00,0x00,0x00,0x00,0x00,0x00,0x00,0x00,0x00,0x00,0x00,0x00,0x00,0x00,0x00,0x00,
	0x00,0x00,0x00,0x00,0x00,0x00,0x00,0x00,0x00,0x00,0x00,0x00,0x00,0x00,0x00,0x00,0x00,0x00,0x00,0x00,
	0x00,0x00,0x00,0x00,0x00,0x00,0x00,0x00,0x00,0x00,0x00,0x00,0x00,0x00,0x00,0x00,0x00,0x00,0x21,0x00,
	0x62,0x00,0x83,0x08,0x83,0x08,0x83,0x08,0x83,0x08,0x83,0x08,0x83,0x08,0x83,0x08,0x83,0x08,0x83,0x08,
	0x83,0x08,0x83,0x08,0x83,0x08,0x83,0x08,0x63,0x08,0x63,0x08,0x63,0x08,0x63,0x08,0x63,0x08,0x63,0x08,
	0x63,0x08,0x63,0x08,0x63,0x08,0xC4,0x08,0x05,0x09,0x05,0x09,0x06,0x09,0x06,0x09,0x05,0x09,0x05,0x09,
	0x06,0x09,0x06,0x09,0x25,0x09,0x26,0x09,0x26,0x09,0x27,0x09,0x47,0x09,0x67,0x09,0x68,0x11,0x68,0x11,
	0x88,0x11,0x88,0x11,0x68,0x11,0x68,0x11,0x89,0x11,0xAA,0x19,0xCB,0x19,0xEB,0x19,0xEB,0x19,0xEB,0x19,
	0xEB,0x19,0xCB,0x19,0xCB,0x21,0xCB,0x21,0xCB,0x21,0xCB,0x21,0xCB,0x21,0xCB,0x21,0xCB,0x21,0xCB,0x21,
	0xCB,0x21,0xCB,0x21,0xCB,0x21,0xAB,0x21,0xAB,0x29,0xAB,0x29,0xAB,0x29,0xAB,0x29,0xAB,0x29,0x8B,0x29,
	0x8B,0x29,0x8B,0x29,0x8B,0x29,0x8B,0x29,0x8B,0x29,0x8B,0x29,0x8B,0x29,0x8B,0x29,0x6B,0x29,0x6B,0x29,
	0x6B,0x29,0x6B,0x29,0x6B,0x29,0x6B,0x31,0x6B,0x31,0x6B,0x31,0x6B,0x31,0x6B,0x31,0x6B,0x31,0x4B,0x31,
	0x4C,0x31,0x4C,0x31,0x4C,0x31,0x4C,0x31,0x4C,0x31,0x2B,0x31,0x2B,0x31,0x2B,0x39,0x2B,0x39,0x2B,0x39,
	0x2B,0x39,0x2B,0x39,0x0B,0x39,0x0C,0x39,0x0C,0x39,0x0C,0x39,0x0C,0x39,0x0C,0x39,0x0C,0x39,0x0C,0x39,
	0xEC,0x38,0xEB,0x38,0xEC,0x30,0xEB,0x30,0xCA,0x30,0xA9,0x30,0x88,0x30,0xA9,0x30,0xA9,0x30,0xA9,0x30,
	0xA9,0x30,0x89,0x28,0x68,0x28,0x48,0x28,0x47,0x28,0x46,0x28,0x46,0x28,0x46,0x28,0x26,0x28,0x26,0x28,
	0x26,0x28,0x26,0x28,0x26,0x28,0x26,0x28,0x05,0x28,0x04,0x20,0x03,0x10,0x03,0x10,0x03,0x18,0x23,0x18,
	0x23,0x18,0x23,0x18,0x23,0x18,0x23,0x18,0x03,0x18,0x03,0x18,0x03,0x18,0x03,0x18,0x03,0x18,0x03,0x18,
	0x03,0x18,0x03,0x18,0x03,0x18,0x03,0x18,0x03,0x18,0x03,0x18,0x03,0x18,0x03,0x18,0x02,0x10,0x01,0x08,
	0x00,0x00,0x00,0x00,0x00,0x00,0x00,0x00,0x00,0x00,0x00,0x00,0x00,0x00,0x00,0x00,0x00,0x00,0x00,0x00,
	0x00,0x00,0x00,0x00,0x00,0x00,0x00,0x00,0x00,0x00,0x00,0x00,0x00,0x00,0x00,0x00,0x00,0x00,0x00,0x00,
	0x00,0x00,0x00,0x00,0x00,0x00,0x00,0x00,0x00,0x00,0x00,0x00,0x00,0x00,0x00,0x00,0xA3,0x18,0xE7,0x39,
	0xAA,0x52,0xAA,0x52,0xC6,0x31,0xC3,0x18,0x20,0x00,0x00,0x00,0x00,0x00,0x00,0x00,0x00,0x00,0x00,0x00,
	0x00,0x00,0x00,0x00,0x00,0x00,0x00,0x00,0x00,0x00,0x00,0x00,0x00,0x00,0x00,0x00,0x00,0x00,0x00,0x00,
	0x00,0x00,0x00,0x00,0x00,0x00,0x00,0x00,0x00,0x00,0x00,0x00,0x00,0x00,0x00,0x00,0x00,0x00,0x00,0x00,
	0x00,0x00,0x00,0x00,0x00,0x00,0x00,0x00,0x00,0x00,0x00,0x00,0x00,0x00,0x00,0x00,0x00,0x00,0x00,0x00,
	0x00,0x00,0x00,0x00,0x00,0x00,0x00,0x00,0x00,0x00,0x00,0x00,0x00,0x00,0x00,0x00,0x20,0x00,0xC2,0x10,
	0xE7,0x39,0x86,0x31,0xC3,0x18,0x41,0x08,0x00,0x00,0x00,0x00,0x00,0x00,0x00,0x00,0x00,0x00,0x00,0x00,
	0x00,0x00,0x00,0x00,0x00,0x00,0x00,0x00,0x00,0x00,0x00,0x00,0x00,0x00,0x00,0x00,0x00,0x00,0x00,0x00,
	0x00,0x00,0x00,0x00,0x00,0x00,0x00,0x00,0x00,0x00,0x00,0x00,0x00,0x00,0x00,0x00,0x00,0x00,0x00,0x00,
	0x00,0x00,0x00,0x00,0x00,0x00,0x21,0x00,0x62,0x08,0x83,0x08,0x83,0x08,0x83,0x08,0x83,0x08,0x83,0x08,
	0x83,0x08,0x83,0x08,0x83,0x08,0x83,0x08,0x83,0x08,0x83,0x08,0x83,0x08,0x63,0x08,0x63,0x08,0x63,0x08,
	0x63,0x08,0x63,0x08,0x63,0x08,0x63,0x08,0x63,0x08,0x63,0x08,0x83,0x08,0xC4,0x08,0x06,0x09,0x26,0x09,
	0x06,0x09,0x06,0x09,0x06,0x09,0x06,0x09,0x06,0x09,0x05,0x09,0x05,0x09,0x05,0x09,0xE5,0x08,0x06,0x09,
	0x27,0x09,0x47,0x09,0x67,0x11,0x67,0x11,0x88,0x11,0x68,0x11,0x68,0x11,0x68,0x11,0x89,0x11,0xAA,0x19,
	0xEB,0x19,0xEB,0x19,0xEB,0x19,0xEB,0x19,0xCB,0x19,0xCB,0x21,0xCB,0x21,0xCB,0x21,0xCB,0x21,0xCB,0x21,
	0xCB,0x21,0xCB,0x21,0xCB,0x21,0xCB,0x21,0xCB,0x21,0xCB,0x21,0xAB,0x21,0xAB,0x29,0xAB,0x29,0xAB,0x29,
	0xAB,0x29,0xAB,0x29,0x8B,0x29,0x8B,0x29,0x8B,0x29,0x8B,0x29,0x8B,0x29,0x8B,0x29,0x8B,0x29,0x8B,0x29,
	0x8B,0x29,0x6B,0x29,0x6B,0x29,0x6B,0x29,0x6B,0x29,0x6B,0x29,0x6B,0x31,0x6B,0x31,0x6B,0x31,0x6B,0x31,
	0x6B,0x31,0x6B,0x31,0x6B,0x31,0x4C,0x31,0x4C,0x31,0x4C,0x31,0x4C,0x31,0x4C,0x31,0x2B,0x31,0x2B,0x31,
	0x2B,0x39,0x2B,0x39,0x2B,0x39,0x2B,0x39,0x2B,0x39,0x2B,0x39,0x0C,0x39,0x0C,0x39,0x0C,0x39,0x0C,0x39,
	0x0C,0x39,0x0C,0x39,0x0C,0x39,0xEB,0x38,0xEB,0x38,0xEB,0x30,0xCA,0x30,0x89,0x30,0x88,0x30,0x88,0x30,
	0x88,0x30,0xA9,0x30,0x89,0x30,0x88,0x28,0x68,0x28,0x47,0x28,0x46,0x28,0x46,0x28,0x46,0x28,0x46,0x28,
	0x26,0x28,0x26,0x28,0x26,0x28,0x26,0x28,0x26,0x28,0x26,0x28,0x26,0x28,0x05,0x20,0x04,0x18,0x03,0x10,
	0x03,0x10,0x23,0x18,0x23,0x18,0x23,0x18,0x23,0x18,0x23,0x18,0x23,0x18,0x03,0x18,0x03,0x18,0x03,0x18,
	0x03,0x18,0x03,0x18,0x03,0x18,0x03,0x18,0x03,0x18,0x03,0x18,0x03,0x18,0x03,0x18,0x03,0x18,0x03,0x18,
	0x03,0x18,0x01,0x08,0x00,0x00,0x00,0x00,0x00,0x00,0x00,0x00,0x00,0x00,0x00,0x00,0x00,0x00,0x00,0x00,
	0x00,0x00,0x00,0x00,0x00,0x00,0x00,0x00,0x00,0x00,0x00,0x00,0x00,0x00,0x00,0x00,0x00,0x00,0x00,0x00,
	0x00,0x00,0x00,0x00,0x00,0x00,0x00,0x00,0x00,0x00,0x00,0x00,0x00,0x00,0x00,0x00,0x00,0x00,0x00,0x00,
	0x00,0x00,0x41,0x08,0xE3,0x18,0xA6,0x31,0xE7,0x39,0xC2,0x10,0x20,0x00,0x00,0x00,0x00,0x00,0x00,0x00,
	0x00,0x00,0x00,0x00,0x00,0x00,0x00,0x00,0x00,0x00,0x00,0x00,0x00,0x00,0x00,0x00,0x00,0x00,0x00,0x00,
	0x00,0x00,0x00,0x00,0x00,0x00,0x00,0x00,0x00,0x00,0x00,0x00,0x00,0x00,0x00,0x00,0x00,0x00,0x00,0x00,
	0x00,0x00,0x00,0x00,0x00,0x00,0x00,0x00,0x00,0x00,0x00,0x00,0x00,0x00,0x00,0x00,0x00,0x00,0x00,0x00,
	0x00,0x00,0x00,0x00,0x00,0x00,0x00,0x00,0x00,0x00,0x00,0x00,0x00,0x00,0x00,0x00,0x00,0x00,0x00,0x00,
	0x00,0x00,0x00,0x00,0x20,0x00,0x61,0x08,0x41,0x08,0x21,0x08,0x00,0x00,0x00,0x00,0x00,0x00,0x00,0x00,
	0x00,0x00,0x00,0x00,0x00,0x00,0x00,0x00,0x00,0x00,0x00,0x00,0x00,0x00,0x00,0x00,0x00,0x00,0x00,0x00,
	0x00,0x00,0x00,0x00,0x00,0x00,0x00,0x00,0x00,0x00,0x00,0x00,0x00,0x00,0x00,0x00,0x00,0x00,0x00,0x00,
	0x00,0x00,0x00,0x00,0x00,0x00,0x00,0x00,0x00,0x00,0x00,0x00,0x00,0x00,0x41,0x00,0x62,0x00,0x83,0x08,
	0x83,0x08,0x83,0x08,0x83,0x08,0x83,0x08,0x83,0x08,0x83,0x08,0x83,0x08,0x83,0x08,0x83,0x08,0x83,0x08,
	0x63,0x08,0x63,0x08,0x63,0x08,0x63,0x08,0x63,0x08,0x63,0x08,0x63,0x08,0x63,0x08,0x63,0x08,0x62,0x08,
	0x83,0x08,0xE5,0x08,0x06,0x09,0x06,0x09,0x06,0x09,0x06,0x09,0x06,0x09,0x06,0x09,0x06,0x09,0x06,0x09,
	0x06,0x09,0xE5,0x08,0xE5,0x08,0x06,0x09,0x06,0x09,0x05,0x09,0x25,0x09,0x26,0x09,0x26,0x11,0x27,0x11,
	0x27,0x11,0x68,0x11,0x89,0x11,0xA9,0x19,0xCA,0x19,0xCB,0x19,0xEB,0x19,0xEB,0x19,0xCB,0x21,0xCB,0x21,
	0xCB,0x21,0xCB,0x21,0xCB,0x21,0xCB,0x21,0xCB,0x21,0xCB,0x21,0xCB,0x21,0xCB,0x21,0xCB,0x21,0xAB,0x29,
	0xAB,0x29,0xAB,0x29,0xAB,0x29,0xAB,0x29,0xAB,0x29,0x8B,0x29,0x8B,0x29,0x8B,0x29,0x8B,0x29,0x8B,0x29,
	0x8B,0x29,0x8B,0x29,0x8B,0x29,0x8B,0x29,0x6B,0x29,0x6B,0x29,0x6B,0x31,0x6B,0x31,0x6B,0x31,0x6B,0x31,
	0x6B,0x31,0x6B,0x31,0x6B,0x31,0x6B,0x31,0x4B,0x31,0x4B,0x31,0x4C,0x31,0x4C,0x31,0x4C,0x31,0x4C,0x31,
	0x4C,0x31,0x2B,0x31,0x2B,0x31,0x2B,0x39,0x2B,0x39,0x2B,0x39,0x2B,0x39,0x2B,0x39,0x2B,0x39,0x0C,0x39,
	0x0C,0x39,0x0C,0x39,0x0C,0x39,0x0C,0x39,0x0C,0x39,0x0C,0x39,0xEB,0x38,0xCA,0x38,0xCA,0x30,0x89,0x30,
	0x68,0x28,0x88,0x28,0x87,0x28,0x67,0x20,0x66,0x20,0x47,0x20,0x46,0x28,0x46,0x28,0x46,0x28,0x46,0x28,
	0x46,0x28,0x46,0x28,0x66,0x28,0x46,0x28,0x26,0x28,0x26,0x28,0x26,0x28,0x26,0x28,0x26,0x28,0x26,0x28,
	0x04,0x20,0x03,0x18,0x03,0x10,0x03,0x10,0x23,0x18,0x23,0x18,0x23,0x18,0x23,0x18,0x23,0x18,0x23,0x18,
	0x03,0x18,0x03,0x18,0x03,0x18,0x03,0x18,0x03,0x18,0x03,0x18,0x03,0x18,0x03,0x18,0x03,0x18,0x03,0x18,
	0x03,0x18,0x03,0x18,0x03,0x18,0x02,0x10,0x00,0x00,0x00,0x00,0x00,0x00,0x00,0x00,0x00,0x00,0x00,0x00,
	0x00,0x00,0x00,0x00,0x00,0x00,0x00,0x00,0x00,0x00,0x00,0x00,0x00,0x00,0x00,0x00,0x00,0x00,0x00,0x00,
	0x00,0x00,0x00,0x00,0x00,0x00,0x00,0x00,0x00,0x00,0x00,0x00,0x00,0x00,0x00,0x00,0x00,0x00,0x00,0x00,
	0x00,0x00,0x00,0x00,0x00,0x00,0x00,0x00,0x00,0x00,0x21,0x08,0x61,0x08,0x61,0x08,0x20,0x00,0x00,0x00,
	0x00,0x00,0x00,0x00,0x00,0x00,0x00,0x00,0x00,0x00,0x00,0x00,0x00,0x00,0x00,0x00,0x00,0x00,0x00,0x00,
	0x00,0x00,0x00,0x00,0x00,0x00,0x00,0x00,0x00,0x00,0x00,0x00,0x00,0x00,0x00,0x00,0x00,0x00,0x00,0x00,
	0x00,0x00,0x00,0x00,0x00,0x00,0x00,0x00,0x00,0x00,0x00,0x00,0x00,0x00,0x00,0x00,0x00,0x00,0x00,0x00,
	0x00,0x00,0x00,0x00,0x00,0x00,0x00,0x00,0x00,0x00,0x00,0x00,0x00,0x00,0x00,0x00,0x00,0x00,0x00,0x00,
	0x00,0x00,0x00,0x00,0x00,0x00,0x00,0x00,0x00,0x00,0x00,0x00,0x00,0x00,0x00,0x00,0x00,0x00,0x00,0x00,
	0x00,0x00,0x00,0x00,0x00,0x00,0x00,0x00,0x00,0x00,0x00,0x00,0x00,0x00,0x00,0x00,0x00,0x00,0x00,0x00,
	0x00,0x00,0x00,0x00,0x00,0x00,0x00,0x00,0x00,0x00,0x00,0x00,0x00,0x00,0x00,0x00,0x00,0x00,0x00,0x00,
	0x00,0x00,0x00,0x00,0x00,0x00,0x00,0x00,0x00,0x00,0x00,0x00,0x00,0x00,0x00,0x00,0x00,0x00,0x00,0x00,
	0x20,0x00,0x41,0x00,0x83,0x08,0x83,0x08,0x83,0x08,0x83,0x08,0x83,0x08,0x83,0x08,0x83,0x08,0x83,0x08,
	0x83,0x08,0x83,0x08,0x83,0x08,0x63,0x08,0x63,0x08,0x63,0x08,0x63,0x08,0x63,0x08,0x63,0x08,0x63,0x08,
	0x63,0x08,0x63,0x08,0x62,0x08,0x63,0x08,0xA4,0x08,0xE5,0x08,0x06,0x09,0x06,0x09,0x06,0x09,0x06,0x09,
	0x06,0x09,0x06,0x09,0x06,0x09,0x06,0x09,0xE5,0x08,0xE5,0x08,0x06,0x09,0x06,0x09,0x05,0x09,0x05,0x09,
	0x05,0x09,0x05,0x11,0x06,0x11,0x06,0x11,0x27,0x11,0x47,0x11,0x47,0x11,0x68,0x19,0x89,0x19,0xCA,0x19,
	0xEB,0x19,0xCB,0x21,0xCB,0x21,0xCB,0x21,0xCB,0x21,0xCB,0x21,0xCB,0x21,0xCB,0x21,0xCB,0x21,0xCB,0x21,
	0xCB,0x21,0xCB,0x21,0xAB,0x29,0xAB,0x29,0xAB,0x29,0xAB,0x29,0xAB,0x29,0xAB,0x29,0x8B,0x29,0x8B,0x29,
	0x8B,0x29,0x8B,0x29,0x8B,0x29,0x8B,0x29,0x8B,0x29,0x8B,0x29,0x8B,0x29,0x6B,0x29,0x6B,0x29,0x6B,0x31,
	0x6B,0x31,0x6B,0x31,0x6B,0x31,0x6B,0x31,0x6B,0x31,0x6B,0x31,0x6B,0x31,0x4B,0x31,0x4B,0x31,0x4C,0x31,
	0x4C,0x31,0x4C,0x31,0x4C,0x31,0x4C,0x31,0x2B,0x31,0x2B,0x31,0x2B,0x39,0x2B,0x39,0x2B,0x39,0x2B,0x39,
	0x2B,0x39,0x2B,0x39,0x0B,0x39,0x0C,0x39,0x0C,0x39,0x0C,0x39,0x0C,0x39,0x0B,0x39,0xEB,0x30,0xC9,0x30,
	0xA8,0x30,0x88,0x28,0x68,0x28,0x67,0x28,0x67,0x28,0x86,0x20,0x66,0x20,0x46,0x20,0x46,0x20,0x46,0x28,
	0x46,0x28,0x46,0x28,0x46,0x28,0x46,0x28,0x66,0x28,0x66,0x28,0x46,0x28,0x26,0x28,0x26,0x28,0x26,0x28,
	0x26,0x28,0x26,0x28,0x25,0x20,0x03,0x18,0x03,0x10,0x03,0x10,0x23,0x18,0x23,0x18,0x23,0x18,0x23,0x18,
	0x23,0x18,0x23,0x18,0x23,0x18,0x03,0x18,0x03,0x18,0x03,0x18,0x03,0x18,0x03,0x18,0x03,0x18,0x03,0x18,
	0x03,0x18,0x03,0x18,0x03,0x18,0x03,0x18,0x03,0x18,0x02,0x10,0x01,0x08,0x00,0x00,0x00,0x00,0x00,0x00,
	0x00,0x00,0x00,0x00,0x00,0x00,0x00,0x00,0x00,0x00,0x00,0x00,0x00,0x00,0x00,0x00,0x00,0x00,0x00,0x00,
	0x00,0x00,0x00,0x00,0x00,0x00,0x00,0x00,0x00,0x00,0x00,0x00,0x00,0x00,0x00,0x00,0x00,0x00,0x00,0x00,
	0x00,0x00,0x00,0x00,0x00,0x00,0x00,0x00,0x00,0x00,0x00,0x00,0x00,0x00,0x00,0x00,0x00,0x00,0x00,0x00,
	0x00,0x00,0x00,0x00,0x00,0x00,0x00,0x00,0x00,0x00,0x00,0x00,0x00,0x00,0x00,0x00,0x00,0x00,0x00,0x00,
	0x00,0x00,0x00,0x00,0x00,0x00,0x00,0x00,0x00,0x00,0x00,0x00,0x00,0x00,0x00,0x00,0x00,0x00,0x00,0x00,
	0x00,0x00,0x00,0x00,0x00,0x00,0x00,0x00,0x00,0x00,0x00,0x00,0x00,0x00,0x00,0x00,0x00,0x00,0x00,0x00,
	0x00,0x00,0x00,0x00,0x00,0x00,0x00,0x00,0x00,0x00,0x00,0x00,0x00,0x00,0x00,0x00,0x00,0x00,0x00,0x00,
	0x00,0x00,0x00,0x00,0x00,0x00,0x00,0x00,0x00,0x00,0x00,0x00,0x00,0x00,0x00,0x00,0x00,0x00,0x00,0x00,
	0x00,0x00,0x00,0x00,0x00,0x00,0x00,0x00,0x00,0x00,0x00,0x00,0x00,0x00,0x00,0x00,0x00,0x00,0x00,0x00,
	0x00,0x00,0x00,0x00,0x00,0x00,0x00,0x00,0x00,0x00,0x00,0x00,0x00,0x00,0x00,0x00,0x00,0x00,0x00,0x00,
	0x00,0x00,0x00,0x00,0x00,0x00,0x00,0x00,0x00,0x00,0x00,0x00,0x00,0x00,0x00,0x00,0x00,0x00,0x00,0x00,
	0x00,0x00,0x00,0x00,0x00,0x00,0x00,0x00,0x21,0x00,0x63,0x08,0x83,0x08,0x83,0x08,0x83,0x08,0x83,0x08,
	0x83,0x08,0x83,0x08,0x83,0x08,0x83,0x08,0x83,0x08,0x83,0x08,0x63,0x08,0x63,0x08,0x63,0x08,0x63,0x08,
	0x63,0x08,0x63,0x08,0x63,0x08,0x63,0x08,0x63,0x08,0x63,0x08,0x63,0x08,0x83,0x08,0xC4,0x08,0x26,0x09,
	0x06,0x09,0x06,0x09,0x06,0x09,0x06,0x09,0x06,0x09,0x06,0x09,0x06,0x09,0x06,0x09,0x06,0x09,0x06,0x09,
	0x06,0x09,0x06,0x11,0x06,0x11,0x06,0x11,0x05,0x09,0xE5,0x08,0xE5,0x08,0xE5,0x10,0xE5,0x10,0x05,0x09,
	0x05,0x09,0x26,0x11,0x68,0x19,0xA9,0x19,0xCB,0x19,0xEB,0x19,0xCB,0x19,0xCB,0x19,0xAB,0x21,0xAB,0x21,
	0xAB,0x21,0xCB,0x21,0xCB,0x21,0xCB,0x21,0xCB,0x21,0xAB,0x21,0xAB,0x29,0xAB,0x29,0xAB,0x29,0xAB,0x29,
	0xAB,0x29,0x8B,0x29,0x8B,0x29,0x8B,0x29,0x8B,0x29,0x8B,0x29,0x8B,0x29,0x8B,0x29,0x6B,0x29,0x6B,0x29,
	0x6B,0x29,0x6B,0x29,0x6B,0x29,0x6B,0x29,0x6B,0x29,0x6B,0x31,0x6B,0x31,0x6B,0x31,0x6B,0x31,0x6B,0x31,
	0x4B,0x31,0x4B,0x31,0x4B,0x31,0x4C,0x31,0x4C,0x31,0x4C,0x31,0x4C,0x31,0x2B,0x31,0x2B,0x31,0x2B,0x31,
	0x2B,0x39,0x2B,0x39,0x0B,0x39,0x0B,0x39,0x0B,0x39,0x0B,0x31,0x0B,0x31,0x0B,0x31,0x0B,0x31,0xEA,0x38,
	0xE9,0x30,0xC8,0x28,0x87,0x20,0x66,0x20,0x66,0x20,0x66,0x20,0x66,0x20,0x66,0x20,0x66,0x20,0x66,0x20,
	0x66,0x20,0x66,0x28,0x66,0x28,0x66,0x28,0x66,0x28,0x66,0x28,0x66,0x28,0x66,0x28,0x66,0x28,0x46,0x28,
	0x26,0x28,0x26,0x28,0x26,0x28,0x46,0x28,0x25,0x20,0x04,0x18,0x03,0x10,0x03,0x10,0x23,0x18,0x23,0x18,
	0x23,0x18,0x23,0x18,0x23,0x18,0x23,0x18,0x23,0x18,0x23,0x18,0x03,0x18,0x03,0x18,0x03,0x18,0x03,0x18,
	0x03,0x18,0x03,0x18,0x03,0x18,0x03,0x18,0x03,0x18,0x03,0x18,0x03,0x18,0x03,0x18,0x01,0x08,0x00,0x00,
	0x00,0x00,0x00,0x00,0x00,0x00,0x00,0x00,0x00,0x00,0x00,0x00,0x00,0x00,0x00,0x00,0x00,0x00,0x00,0x00,
	0x00,0x00,0x00,0x00,0x00,0x00,0x00,0x00,0x00,0x00,0x00,0x00,0x00,0x00,0x00,0x00,0x00,0x00,0x00,0x00,
	0x00,0x00,0x00,0x00,0x00,0x00,0x00,0x00,0x00,0x00,0x00,0x00,0x00,0x00,0x00,0x00,0x00,0x00,0x00,0x00,
	0x00,0x00,0x00,0x00,0x00,0x00,0x00,0x00,0x00,0x00,0x00,0x00,0x00,0x00,0x00,0x00,0x00,0x00,0x00,0x00,
	0x00,0x00,0x00,0x00,0x00,0x00,0x00,0x00,0x00,0x00,0x00,0x00,0x00,0x00,0x00,0x00,0x00,0x00,0x00,0x00,
	0x00,0x00,0x00,0x00,0x00,0x00,0x00,0x00,0x00,0x00,0x00,0x00,0x00,0x00,0x00,0x00,0x00,0x00,0x00,0x00,
	0x00,0x00,0x00,0x00,0x00,0x00,0x00,0x00,0x00,0x00,0x00,0x00,0x00,0x00,0x00,0x00,0x00,0x00,0x00,0x00,
	0x00,0x00,0x00,0x00,0x00,0x00,0x00,0x00,0x00,0x00,0x00,0x00,0x00,0x00,0x00,0x00,0x00,0x00,0x00,0x00,
	0x00,0x00,0x00,0x00,0x00,0x00,0x00,0x00,0x00,0x00,0x00,0x00,0x00,0x00,0x00,0x00,0x00,0x00,0x00,0x00,
	0x00,0x00,0x00,0x00,0x00,0x00,0x00,0x00,0x00,0x00,0x00,0x00,0x00,0x00,0x00,0x00,0x00,0x00,0x00,0x00,
	0x00,0x00,0x00,0x00,0x00,0x00,0x00,0x00,0x00,0x00,0x00,0x00,0x00,0x00,0x00,0x00,0x00,0x00,0x00,0x00,
	0x00,0x00,0x00,0x00,0x00,0x00,0x00,0x00,0x00,0x00,0x00,0x00,0x00,0x00,0x00,0x00,0x21,0x00,0x62,0x08,
	0x83,0x08,0x83,0x08,0x83,0x08,0x83,0x08,0x83,0x08,0x83,0x08,0x83,0x08,0x83,0x08,0x83,0x08,0x63,0x08,
	0x63,0x08,0x63,0x08,0x63,0x08,0x63,0x08,0x63,0x08,0x63,0x08,0x63,0x08,0x63,0x08,0x63,0x08,0x63,0x08,
	0x62,0x08,0xA3,0x08,0x05,0x09,0x06,0x09,0x26,0x09,0x06,0x09,0x06,0x09,0x06,0x09,0x06,0x09,0x06,0x09,
	0x06,0x09,0x06,0x09,0x06,0x09,0x06,0x09,0x06,0x11,0x06,0x11,0x06,0x11,0x05,0x11,0x05,0x09,0xE5,0x08,
	0xE5,0x10,0xE5,0x10,0xE5,0x08,0x05,0x09,0xE5,0x10,0x06,0x11,0x27,0x11,0x48,0x11,0x69,0x11,0xA9,0x11,
	0xAA,0x19,0x8A,0x21,0x8A,0x21,0x8A,0x21,0x8A,0x19,0xAA,0x21,0xAA,0x21,0xAA,0x21,0xAA,0x21,0xAA,0x21,
	0xAA,0x29,0xAB,0x21,0xAB,0x21,0xAB,0x21,0xAB,0x29,0x8B,0x29,0x8B,0x29,0x8B,0x29,0x8B,0x29,0x8B,0x29,
	0x8B,0x29,0x8B,0x29,0x8B,0x29,0x6B,0x29,0x6B,0x29,0x6B,0x31,0x6B,0x29,0x6B,0x31,0x6B,0x31,0x6B,0x31,
	0x6B,0x31,0x6B,0x31,0x6B,0x31,0x4B,0x31,0x4B,0x31,0x2B,0x31,0x2B,0x31,0x2C,0x31,0x2C,0x31,0x2B,0x31,
	0x2B,0x31,0x2A,0x31,0x0A,0x29,0x0A,0x31,0x0A,0x31,0x0A,0x31,0xEA,0x30,0xEA,0x30,0x0A,0x31,0xEA,0x28,
	0xC9,0x28,0xA8,0x28,0xA7,0x28,0xA7,0x28,0x86,0x20,0x66,0x20,0x66,0x20,0x66,0x20,0x66,0x20,0x66,0x20,
	0x66,0x20,0x66,0x20,0x66,0x20,0x66,0x28,0x66,0x28,0x66,0x28,0x66,0x28,0x66,0x28,0x66,0x28,0x66,0x28,
	0x66,0x28,0x66,0x28,0x46,0x28,0x26,0x28,0x26,0x28,0x26,0x28,0x26,0x20,0x04,0x18,0x03,0x10,0x03,0x10,
	0x23,0x10,0x23,0x18,0x23,0x18,0x23,0x18,0x23,0x18,0x23,0x18,0x23,0x18,0x23,0x18,0x23,0x18,0x03,0x18,
	0x03,0x18,0x03,0x18,0x03,0x18,0x03,0x18,0x03,0x18,0x03,0x18,0x03,0x18,0x03,0x18,0x03,0x18,0x02,0x10,
	0x01,0x08,0x00,0x00,0x00,0x00,0x00,0x00,0x00,0x00,0x00,0x00,0x00,0x00,0x00,0x00,0x00,0x00,0x00,0x00,
	0x00,0x00,0x00,0x00,0x00,0x00,0x00,0x00,0x00,0x00,0x00,0x00,0x00,0x00,0x00,0x00,0x00,0x00,0x00,0x00,
	0x00,0x00,0x00,0x00,0x00,0x00,0x00,0x00,0x00,0x00,0x00,0x00,0x00,0x00,0x00,0x00,0x00,0x00,0x00,0x00,
	0x00,0x00,0x00,0x00,0x00,0x00,0x00,0x00,0x00,0x00,0x00,0x00,0x00,0x00,0x00,0x00,0x00,0x00,0x00,0x00,
	0x00,0x00,0x00,0x00,0x00,0x00,0x00,0x00,0x00,0x00,0x00,0x00,0x00,0x00,0x00,0x00,0x00,0x00,0x00,0x00,
	0x00,0x00,0x00,0x00,0x00,0x00,0x00,0x00,0x00,0x00,0x00,0x00,0x00,0x00,0x00,0x00,0x00,0x00,0x00,0x00,
	0x00,0x00,0x00,0x00,0x00,0x00,0x00,0x00,0x00,0x00,0x00,0x00,0x00,0x00,0x00,0x00,0x00,0x00,0x00,0x00,
	0x00,0x00,0x00,0x00,0x00,0x00,0x00,0x00,0x00,0x00,0x00,0x00,0x00,0x00,0x00,0x00,0x00,0x00,0x00,0x00,
	0x00,0x00,0x00,0x00,0x00,0x00,0x00,0x00,0x00,0x00,0x00,0x00,0x00,0x00,0x00,0x00,0x00,0x00,0x00,0x00,
	0x00,0x00,0x00,0x00,0x00,0x00,0x00,0x00,0x00,0x00,0x00,0x00,0x00,0x00,0x00,0x00,0x00,0x00,0x00,0x00,
	0x00,0x00,0x00,0x00,0x00,0x00,0x00,0x00,0x00,0x00,0x00,0x00,0x00,0x00,0x00,0x00,0x00,0x00,0x00,0x00,
	0x00,0x00,0x00,0x00,0x00,0x00,0x00,0x00,0x00,0x00,0x00,0x00,0x00,0x00,0x00,0x00,0x00,0x00,0x00,0x00,
	0x00,0x00,0x00,0x00,0x21,0x00,0x62,0x08,0x83,0x08,0x83,0x08,0x83,0x08,0x83,0x08,0x83,0x08,0x83,0x08,
	0x83,0x08,0x83,0x08,0x63,0x08,0x63,0x08,0x63,0x08,0x63,0x08,0x63,0x08,0x63,0x08,0x63,0x08,0x63,0x08,
	0x63,0x08,0x63,0x08,0x63,0x08,0x62,0x08,0x83,0x08,0xC4,0x08,0x05,0x09,0x26,0x09,0x06,0x09,0x06,0x09,
	0x06,0x09,0x06,0x09,0x06,0x09,0x06,0x09,0x06,0x09,0x06,0x09,0x06,0x09,0x06,0x11,0x06,0x11,0x06,0x11,
	0x06,0x11,0x06,0x11,0x06,0x11,0xE5,0x10,0xE5,0x10,0x05,0x09,0x05,0x09,0xE5,0x10,0xE5,0x10,0xE5,0x10,
	0xC5,0x10,0xE6,0x10,0x47,0x11,0x68,0x11,0x69,0x19,0x69,0x19,0x69,0x19,0x69,0x19,0x69,0x19,0x69,0x21,
	0x69,0x21,0x89,0x21,0x89,0x21,0x89,0x21,0xAB,0x21,0xAB,0x21,0xAB,0x21,0x8B,0x21,0x8B,0x29,0x8B,0x29,
	0x8B,0x29,0x8B,0x29,0x8B,0x29,0x8B,0x29,0x8B,0x29,0x8B,0x29,0x6B,0x29,0x6B,0x29,0x6B,0x31,0x6B,0x31,
	0x6B,0x31,0x6B,0x31,0x6B,0x31,0x6B,0x31,0x6B,0x31,0x6B,0x31,0x4B,0x31,0x2B,0x31,0x2B,0x31,0x2B,0x31,
	0x2B,0x31,0x2B,0x31,0x2A,0x31,0x2A,0x31,0x09,0x29,0x09,0x29,0x09,0x29,0x09,0x29,0xE9,0x28,0xE9,0x28,
	0xE9,0x28,0xE9,0x28,0xC8,0x28,0x87,0x20,0x66,0x20,0x65,0x20,0x65,0x20,0x65,0x20,0x66,0x20,0x66,0x20,
	0x66,0x20,0x66,0x20,0x66,0x20,0x66,0x20,0x66,0x20,0x66,0x28,0x66,0x28,0x66,0x28,0x66,0x28,0x66,0x28,
	0x66,0x28,0x66,0x28,0x66,0x28,0x66,0x28,0x66,0x28,0x46,0x28,0x26,0x28,0x26,0x28,0x26,0x28,0x25,0x20,
	0x04,0x18,0x03,0x10,0x23,0x10,0x23,0x10,0x23,0x18,0x23,0x18,0x23,0x18,0x23,0x18,0x23,0x18,0x23,0x18,
	0x23,0x18,0x23,0x18,0x03,0x18,0x03,0x18,0x03,0x18,0x03,0x18,0x03,0x18,0x03,0x18,0x03,0x18,0x03,0x18,
	0x03,0x18,0x03,0x18,0x02,0x10,0x00,0x00,0x00,0x00,0x00,0x00,0x00,0x00,0x00,0x00,0x00,0x00,0x00,0x00,
	0x00,0x00,0x00,0x00,0x00,0x00,0x00,0x00,0x00,0x00,0x00,0x00,0x00,0x00,0x00,0x00,0x00,0x00,0x00,0x00,
	0x00,0x00,0x00,0x00,0x00,0x00,0x00,0x00,0x00,0x00,0x00,0x00,0x00,0x00,0x00,0x00,0x00,0x00,0x00,0x00,
	0x00,0x00,0x00,0x00,0x00,0x00,0x00,0x00,0x00,0x00,0x00,0x00,0x00,0x00,0x00,0x00,0x00,0x00,0x00,0x00,
	0x00,0x00,0x00,0x00,0x00,0x00,0x00,0x00,0x00,0x00,0x00,0x00,0x00,0x00,0x00,0x00,0x00,0x00,0x00,0x00,
	0x00,0x00,0x00,0x00,0x00,0x00,0x00,0x00,0x00,0x00,0x00,0x00,0x00,0x00,0x00,0x00,0x00,0x00,0x00,0x00,
	0x00,0x00,0x00,0x00,0x00,0x00,0x00,0x00,0x00,0x00,0x00,0x00,0x00,0x00,0x00,0x00,0x00,0x00,0x00,0x00,
	0x00,0x00,0x00,0x00,0x00,0x00,0x00,0x00,0x00,0x00,0x00,0x00,0x00,0x00,0x00,0x00,0x00,0x00,0x00,0x00,
	0x00,0x00,0x00,0x00,0x00,0x00,0x00,0x00,0x00,0x00,0x00,0x00,0x00,0x00,0x00,0x00,0x00,0x00,0x00,0x00,
	0x00,0x00,0x00,0x00,0x00,0x00,0x00,0x00,0x00,0x00,0x00,0x00,0x00,0x00,0x00,0x00,0x00,0x00,0x00,0x00,
	0x00,0x00,0x00,0x00,0x00,0x00,0x00,0x00,0x00,0x00,0x00,0x00,0x00,0x00,0x00,0x00,0x00,0x00,0x00,0x00,
	0x00,0x00,0x00,0x00,0x00,0x00,0x00,0x00,0x00,0x00,0x00,0x00,0x00,0x00,0x00,0x00,0x00,0x00,0x00,0x00,
	0x00,0x00,0x00,0x00,0x00,0x00,0x00,0x00,0x00,0x00,0x00,0x00,0x21,0x00,0x62,0x08,0x83,0x08,0x83,0x08,
	0x83,0x08,0x83,0x08,0x83,0x08,0x83,0x08,0x83,0x08,0x63,0x08,0x63,0x08,0x63,0x08,0x63,0x08,0x63,0x08,
	0x63,0x08,0x63,0x08,0x63,0x08,0x63,0x08,0x63,0x08,0x63,0x08,0x63,0x08,0x62,0x08,0x82,0x08,0xC4,0x08,
	0x06,0x09,0x06,0x09,0x06,0x09,0x06,0x09,0x06,0x09,0x06,0x09,0x06,0x09,0x06,0x09,0x06,0x09,0x06,0x09,
	0x06,0x11,0x06,0x11,0x06,0x11,0x06,0x09,0x06,0x09,0x06,0x11,0x06,0x11,0x06,0x11,0x06,0x11,0x06,0x11,
	0xE6,0x10,0xE6,0x10,0xE6,0x10,0xE5,0x10,0xE5,0x10,0xE5,0x10,0x07,0x11,0x28,0x19,0x48,0x19,0x68,0x19,
	0x48,0x19,0x48,0x19,0x48,0x11,0x48,0x19,0x48,0x19,0x48,0x19,0x49,0x19,0x69,0x19,0x6A,0x19,0x69,0x19,
	0x49,0x19,0x49,0x21,0x49,0x21,0x49,0x21,0x49,0x21,0x49,0x21,0x49,0x21,0x29,0x21,0x29,0x21,0x29,0x21,
	0x29,0x21,0x49,0x21,0x29,0x21,0x29,0x21,0x29,0x21,0x29,0x29,0x29,0x29,0x29,0x29,0x29,0x29,0x09,0x29,
	0x09,0x29,0x09,0x29,0x0A,0x29,0xE9,0x28,0xE9,0x20,0xE9,0x20,0xE9,0x28,0xE9,0x28,0xE9,0x28,0xE9,0x28,
	0xE9,0x28,0xE8,0x28,0xE8,0x28,0xC8,0x20,0xA7,0x20,0x87,0x20,0x66,0x20,0x66,0x20,0x66,0x20,0x65,0x20,
	0x66,0x20,0x66,0x20,0x66,0x20,0x66,0x20,0x66,0x20,0x66,0x20,0x66,0x20,0x66,0x20,0x66,0x28,0x66,0x28,
	0x66,0x28,0x66,0x28,0x66,0x28,0x66,0x28,0x66,0x28,0x66,0x28,0x66,0x28,0x66,0x28,0x46,0x28,0x26,0x28,
	0x25,0x28,0x05,0x28,0x04,0x18,0x03,0x10,0x22,0x10,0x23,0x18,0x23,0x18,0x23,0x18,0x23,0x18,0x23,0x18,
	0x23,0x18,0x23,0x18,0x23,0x18,0x23,0x18,0x23,0x18,0x03,0x18,0x03,0x18,0x03,0x18,0x03,0x18,0x03,0x18,
	0x03,0x18,0x03,0x18,0x03,0x18,0x03,0x18,0x02,0x10,0x01,0x08,0x00,0x00,0x00,0x00,0x00,0x00,0x00,0x00,
	0x00,0x00,0x00,0x00,0x00,0x00,0x00,0x00,0x00,0x00,0x00,0x00,0x00,0x00,0x00,0x00,0x00,0x00,0x00,0x00,
	0x00,0x00,0x00,0x00,0x00,0x00,0x00,0x00,0x00,0x00,0x00,0x00,0x00,0x00,0x00,0x00,0x00,0x00,0x00,0x00,
	0x00,0x00,0x00,0x00,0x00,0x00,0x00,0x00,0x00,0x00,0x00,0x00,0x00,0x00,0x00,0x00,0x00,0x00,0x00,0x00,
	0x00,0x00,0x00,0x00,0x00,0x00,0x00,0x00,0x00,0x00,0x00,0x00,0x00,0x00,0x00,0x00,0x00,0x00,0x00,0x00,
	0x00,0x00,0x00,0x00,0x00,0x00,0x00,0x00,0x00,0x00,0x00,0x00,0x00,0x00,0x00,0x00,0x00,0x00,0x00,0x00,
	0x00,0x00,0x00,0x00,0x00,0x00,0x00,0x00,0x00,0x00,0x00,0x00,0x00,0x00,0x00,0x00,0x00,0x00,0x00,0x00,
	0x00,0x00,0x00,0x00,0x00,0x00,0x00,0x00,0x00,0x00,0x00,0x00,0x00,0x00,0x00,0x00,0x00,0x00,0x00,0x00,
	0x00,0x00,0x00,0x00,0x00,0x00,0x00,0x00,0x00,0x00,0x00,0x00,0x00,0x00,0x00,0x00,0x00,0x00,0x00,0x00,
	0x00,0x00,0x00,0x00,0x00,0x00,0x00,0x00,0x00,0x00,0x00,0x00,0x00,0x00,0x00,0x00,0x00,0x00,0x00,0x00,
	0x00,0x00,0x00,0x00,0x00,0x00,0x00,0x00,0x00,0x00,0x00,0x00,0x00,0x00,0x00,0x00,0x00,0x00,0x00,0x00,
	0x00,0x00,0x00,0x00,0x00,0x00,0x00,0x00,0x00,0x00,0x00,0x00,0x00,0x00,0x00,0x00,0x00,0x00,0x00,0x00,
	0x00,0x00,0x00,0x00,0x00,0x00,0x00,0x00,0x00,0x00,0x00,0x00,0x00,0x00,0x00,0x00,0x00,0x00,0x00,0x00,
	0x21,0x00,0x62,0x08,0x83,0x08,0x83,0x08,0x83,0x08,0x83,0x08,0x83,0x08,0x83,0x08,0x63,0x08,0x63,0x08,
	0x63,0x08,0x63,0x08,0x63,0x08,0x63,0x08,0x63,0x08,0x63,0x08,0x63,0x08,0x63,0x08,0x63,0x08,0x63,0x08,
	0x62,0x08,0x62,0x08,0xA3,0x08,0xE5,0x08,0x06,0x09,0x06,0x09,0x06,0x09,0x06,0x09,0x06,0x09,0x06,0x09,
	0x06,0x09,0x06,0x09,0x06,0x09,0x06,0x11,0x06,0x11,0x06,0x11,0x06,0x09,0x06,0x09,0x06,0x11,0x06,0x11,
	0x06,0x11,0x06,0x11,0x06,0x11,0xE6,0x10,0xE6,0x10,0xE6,0x10,0xE5,0x10,0xE5,0x10,0xC5,0x10,0xC5,0x10,
	0xE6,0x18,0x07,0x19,0x28,0x19,0x48,0x19,0x48,0x19,0x48,0x11,0x28,0x11,0x28,0x19,0x28,0x19,0x28,0x19,
	0x49,0x19,0x49,0x19,0x49,0x19,0x29,0x19,0x29,0x19,0x29,0x19,0x29,0x19,0x29,0x19,0x29,0x21,0x29,0x21,
	0x09,0x21,0x09,0x21,0x09,0x21,0x09,0x21,0x09,0x21,0x09,0x21,0x09,0x21,0x09,0x21,0x09,0x21,0x09,0x29,
	0x09,0x29,0x09,0x29,0x09,0x29,0x09,0x29,0x09,0x29,0xE9,0x28,0xE9,0x28,0xE8,0x20,0xE8,0x20,0xE9,0x28,
	0xE9,0x28,0xE9,0x28,0xE9,0x28,0xE9,0x28,0xC8,0x28,0xC7,0x20,0xA7,0x20,0x86,0x20,0x46,0x20,0x66,0x20,
	0x66,0x20,0x86,0x20,0x66,0x20,0x66,0x20,0x66,0x20,0x66,0x20,0x66,0x20,0x66,0x20,0x66,0x20,0x66,0x20,
	0x66,0x20,0x66,0x28,0x66,0x28,0x66,0x28,0x66,0x28,0x66,0x28,0x66,0x28,0x66,0x28,0x66,0x28,0x66,0x28,
	0x66,0x28,0x46,0x28,0x26,0x28,0x25,0x28,0x04,0x20,0x03,0x18,0x02,0x10,0x22,0x10,0x23,0x18,0x23,0x18,
	0x23,0x18,0x23,0x18,0x23,0x18,0x23,0x18,0x23,0x18,0x23,0x18,0x23,0x18,0x23,0x18,0x03,0x18,0x03,0x18,
	0x03,0x18,0x03,0x18,0x03,0x18,0x03,0x18,0x03,0x18,0x03,0x18,0x02,0x10,0x01,0x08,0x00,0x00,0x00,0x00,
	0x00,0x00,0x00,0x00,0x00,0x00,0x00,0x00,0x00,0x00,0x00,0x00,0x00,0x00,0x00,0x00,0x00,0x00,0x00,0x00,
	0x00,0x00,0x00,0x00,0x00,0x00,0x00,0x00,0x00,0x00,0x00,0x00,0x00,0x00,0x00,0x00,0x00,0x00,0x00,0x00,
	0x00,0x00,0x00,0x00,0x00,0x00,0x00,0x00,0x00,0x00,0x00,0x00,0x00,0x00,0x00,0x00,0x00,0x00,0x00,0x00,
	0x00,0x00,0x00,0x00,0x00,0x00,0x00,0x00,0x00,0x00,0x00,0x00,0x00,0x00,0x00,0x00,0x00,0x00,0x00,0x00,
	0x00,0x00,0x00,0x00,0x00,0x00,0x00,0x00,0x00,0x00,0x00,0x00,0x00,0x00,0x00,0x00,0x00,0x00,0x00,0x00,
	0x00,0x00,0x00,0x00,0x00,0x00,0x00,0x00,0x00,0x00,0x00,0x00,0x00,0x00,0x00,0x00,0x00,0x00,0x00,0x00,
	0x00,0x00,0x00,0x00,0x00,0x00,0x00,0x00,0x00,0x00,0x00,0x00,0x00,0x00,0x00,0x00,0x00,0x00,0x00,0x00,
	0x00,0x00,0x00,0x00,0x00,0x00,0x00,0x00,0x00,0x00,0x00,0x00,0x00,0x00,0x00,0x00,0x00,0x00,0x00,0x00,
	0x00,0x00,0x00,0x00,0x00,0x00,0x00,0x00,0x00,0x00,0x00,0x00,0x00,0x00,0x00,0x00,0x00,0x00,0x00,0x00,
	0x00,0x00,0x00,0x00,0x00,0x00,0x00,0x00,0x00,0x00,0x00,0x00,0x00,0x00,0x00,0x00,0x00,0x00,0x00,0x00,
	0x00,0x00,0x00,0x00,0x00,0x00,0x00,0x00,0x00,0x00,0x00,0x00,0x00,0x00,0x00,0x00,0x00,0x00,0x00,0x00,
	0x00,0x00,0x00,0x00,0x00,0x00,0x00,0x00,0x00,0x00,0x00,0x00,0x00,0x00,0x00,0x00,0x00,0x00,0x00,0x00,
	0x00,0x00,0x00,0x00,0x00,0x00,0x00,0x00,0x21,0x00,0x62,0x08,0x83,0x08,0x83,0x08,0x83,0x08,0x83,0x08,
	0x83,0x08,0x63,0x08,0x63,0x08,0x63,0x08,0x63,0x08,0x63,0x08,0x63,0x08,0x63,0x08,0x63,0x08,0x63,0x08,
	0x63,0x08,0x63,0x08,0x63,0x08,0x63,0x08,0x62,0x08,0x63,0x08,0xA4,0x08,0xE5,0x08,0x06,0x09,0x06,0x09,
	0x06,0x09,0x06,0x09,0x06,0x09,0x06,0x09,0x06,0x09,0x06,0x09,0x06,0x11,0x06,0x11,0x06,0x11,0x06,0x11,
	0x06,0x11,0x06,0x11,0x06,0x11,0x06,0x11,0x06,0x11,0x06,0x11,0x06,0x11,0xE6,0x10,0xE6,0x10,0xE6,0x10,
	0xE6,0x10,0xE5,0x10,0xC5,0x10,0xC5,0x10,0xE6,0x10,0xE6,0x10,0x27,0x19,0x48,0x19,0x49,0x19,0x49,0x19,
	0x49,0x19,0x49,0x19,0x49,0x19,0x49,0x19,0x49,0x19,0x49,0x19,0x29,0x19,0x29,0x19,0x29,0x19,0x29,0x19,
	0x29,0x19,0x29,0x21,0x29,0x21,0x29,0x21,0x29,0x21,0x29,0x21,0x09,0x21,0x09,0x21,0x09,0x21,0x09,0x21,
	0x09,0x21,0x09,0x21,0x09,0x21,0x09,0x29,0x09,0x29,0x09,0x29,0x09,0x29,0x09,0x29,0xE9,0x28,0xE9,0x28,
	0xE9,0x28,0xE9,0x28,0xE9,0x28,0xE9,0x28,0xE9,0x28,0xE9,0x28,0xE9,0x28,0xA7,0x20,0x86,0x20,0x65,0x18,
	0x66,0x20,0x66,0x20,0x86,0x20,0x86,0x20,0x86,0x20,0x66,0x20,0x66,0x20,0x66,0x20,0x66,0x20,0x66,0x20,
	0x66,0x20,0x66,0x20,0x66,0x20,0x66,0x20,0x66,0x28,0x66,0x28,0x66,0x28,0x66,0x28,0x66,0x28,0x66,0x28,
	0x66,0x28,0x66,0x28,0x66,0x28,0x66,0x28,0x46,0x28,0x26,0x28,0x24,0x20,0x03,0x18,0x02,0x10,0x02,0x10,
	0x23,0x10,0x23,0x18,0x23,0x18,0x23,0x18,0x23,0x18,0x23,0x18,0x23,0x18,0x23,0x18,0x23,0x18,0x23,0x18,
	0x23,0x18,0x03,0x18,0x03,0x18,0x03,0x18,0x03,0x18,0x03,0x18,0x03,0x18,0x03,0x18,0x01,0x08,0x00,0x00,
	0x00,0x00,0x00,0x00,0x00,0x00,0x00,0x00,0x00,0x00,0x00,0x00,0x00,0x00,0x00,0x00,0x00,0x00,0x00,0x00,
	0x00,0x00,0x00,0x00,0x00,0x00,0x00,0x00,0x00,0x00,0x00,0x00,0x00,0x00,0x00,0x00,0x00,0x00,0x00,0x00,
	0x00,0x00,0x00,0x00,0x00,0x00,0x00,0x00,0x00,0x00,0x00,0x00,0x00,0x00,0x00,0x00,0x00,0x00,0x00,0x00,
	0x00,0x00,0x00,0x00,0x00,0x00,0x00,0x00,0x00,0x00,0x00,0x00,0x00,0x00,0x00,0x00,0x00,0x00,0x00,0x00,
	0x00,0x00,0x00,0x00,0x00,0x00,0x00,0x00,0x00,0x00,0x00,0x00,0x00,0x00,0x00,0x00,0x00,0x00,0x00,0x00,
	0x00,0x00,0x00,0x00,0x00,0x00,0x00,0x00,0x00,0x00,0x00,0x00,0x00,0x00,0x00,0x00,0x00,0x00,0x00,0x00,
	0x00,0x00,0x00,0x00,0x00,0x00,0x00,0x00,0x00,0x00,0x00,0x00,0x00,0x00,0x00,0x00,0x00,0x00,0x00,0x00,
	0x00,0x00,0x00,0x00,0x00,0x00,0x00,0x00,0x00,0x00,0x00,0x00,0x00,0x00,0x00,0x00,0x00,0x00,0x00,0x00,
	0x00,0x00,0x00,0x00,0x00,0x00,0x00,0x00,0x00,0x00,0x00,0x00,0x00,0x00,0x00,0x00,0x00,0x00,0x00,0x00,
	0x00,0x00,0x00,0x00,0x00,0x00,0x00,0x00,0x00,0x00,0x00,0x00,0x00,0x00,0x00,0x00,0x00,0x00,0x00,0x00,
	0x00,0x00,0x00,0x00,0x00,0x00,0x00,0x00,0x00,0x00,0x00,0x00,0x00,0x00,0x00,0x00,0x00,0x00,0x00,0x00,
	0x00,0x00,0x00,0x00,0x00,0x00,0x00,0x00,0x00,0x00,0x00,0x00,0x00,0x00,0x00,0x00,0x00,0x00,0x00,0x00,
	0x00,0x00,0x00,0x00,0x00,0x00,0x00,0x00,0x00,0x00,0x00,0x00,0x00,0x00,0x00,0x00,0x21,0x00,0x62,0x08,
	0x83,0x08,0x83,0x08,0x83,0x08,0x83,0x08,0x63,0x08,0x63,0x08,0x63,0x08,0x63,0x08,0x63,0x08,0x63,0x08,
	0x63,0x08,0x63,0x08,0x63,0x08,0x63,0x08,0x63,0x08,0x63,0x08,0x63,0x08,0x62,0x08,0x62,0x08,0x83,0x08,
	0xE4,0x08,0x05,0x09,0x06,0x09,0x06,0x09,0x06,0x09,0x06,0x09,0x06,0x09,0x06,0x09,0x06,0x09,0x06,0x11,
	0x06,0x11,0x06,0x11,0x06,0x11,0x06,0x11,0x06,0x11,0x06,0x11,0x06,0x11,0x06,0x11,0x06,0x11,0x06,0x11,
	0xE6,0x10,0xE6,0x10,0xE6,0x10,0xE6,0x10,0xE5,0x10,0xE5,0x10,0xC5,0x10,0xC5,0x10,0xC5,0x10,0xE6,0x10,
	0x07,0x19,0x28,0x19,0x29,0x19,0x49,0x19,0x49,0x19,0x49,0x19,0x49,0x19,0x49,0x19,0x49,0x19,0x29,0x19,
	0x29,0x19,0x29,0x19,0x29,0x19,0x29,0x21,0x29,0x21,0x29,0x21,0x29,0x21,0x29,0x21,0x29,0x21,0x09,0x21,
	0x09,0x21,0x09,0x21,0x09,0x21,0x09,0x21,0x09,0x21,0x09,0x21,0x09,0x21,0x09,0x29,0x09,0x29,0x09,0x29,
	0xE9,0x28,0xE9,0x28,0xE9,0x28,0xE9,0x28,0xE9,0x28,0xE9,0x28,0xE9,0x28,0xE8,0x28,0xC8,0x20,0xA7,0x20,
	0x86,0x20,0x65,0x18,0x65,0x18,0x66,0x20,0x66,0x20,0x86,0x20,0x86,0x20,0x86,0x20,0x66,0x20,0x66,0x20,
	0x66,0x20,0x66,0x20,0x66,0x20,0x66,0x20,0x66,0x20,0x66,0x20,0x66,0x20,0x66,0x28,0x66,0x28,0x66,0x28,
	0x66,0x28,0x66,0x28,0x66,0x28,0x66,0x28,0x66,0x28,0x66,0x28,0x66,0x28,0x46,0x28,0x26,0x20,0x24,0x18,
	0x03,0x10,0x02,0x10,0x23,0x10,0x23,0x18,0x23,0x18,0x23,0x18,0x23,0x18,0x23,0x18,0x23,0x18,0x23,0x18,
	0x23,0x18,0x23,0x18,0x23,0x18,0x23,0x18,0x03,0x18,0x03,0x18,0x03,0x18,0x03,0x18,0x03,0x18,0x03,0x18,
	0x02,0x10,0x00,0x00,0x00,0x00,0x00,0x00,0x00,0x00,0x00,0x00,0x00,0x00,0x00,0x00,0x00,0x00,0x00,0x00,
	0x00,0x00,0x00,0x00,0x00,0x00,0x00,0x00,0x00,0x00,0x00,0x00,0x00,0x00,0x00,0x00,0x00,0x00,0x00,0x00,
	0x00,0x00,0x00,0x00,0x00,0x00,0x00,0x00,0x00,0x00,0x00,0x00,0x00,0x00,0x00,0x00,0x00,0x00,0x00,0x00,
	0x00,0x00,0x00,0x00,0x00,0x00,0x00,0x00,0x00,0x00,0x00,0x00,0x00,0x00,0x00,0x00,0x00,0x00,0x00,0x00,
	0x00,0x00,0x00,0x00,0x00,0x00,0x00,0x00,0x00,0x00,0x00,0x00,0x00,0x00,0x00,0x00,0x00,0x00,0x00,0x00,
	0x00,0x00,0x00,0x00,0x00,0x00,0x00,0x00,0x00,0x00,0x00,0x00,0x00,0x00,0x00,0x00,0x00,0x00,0x00,0x00,
	0x00,0x00,0x00,0x00,0x00,0x00,0x00,0x00,0x00,0x00,0x00,0x00,0x00,0x00,0x00,0x00,0x00,0x00,0x00,0x00,
	0x00,0x00,0x00,0x00,0x00,0x00,0x00,0x00,0x00,0x00,0x00,0x00,0x00,0x00,0x00,0x00,0x00,0x00,0x00,0x00,
	0x00,0x00,0x00,0x00,0x00,0x00,0x00,0x00,0x00,0x00,0x00,0x00,0x00,0x00,0x00,0x00,0x00,0x00,0x00,0x00,
	0x00,0x00,0x00,0x00,0x00,0x00,0x00,0x00,0x00,0x00,0x00,0x00,0x00,0x00,0x00,0x00,0x00,0x00,0x00,0x00,
	0x00,0x00,0x00,0x00,0x00,0x00,0x00,0x00,0x00,0x00,0x00,0x00,0x00,0x00,0x00,0x00,0x00,0x00,0x00,0x00,
	0x00,0x00,0x00,0x00,0x00,0x00,0x00,0x00,0x00,0x00,0x00,0x00,0x00,0x00,0x00,0x00,0x00,0x00,0x00,0x00,
	0x00,0x00,0x00,0x00,0x00,0x00,0x00,0x00,0x00,0x00,0x00,0x00,0x00,0x00,0x00,0x00,0x00,0x00,0x00,0x00,
	0x00,0x00,0x00,0x00,0x41,0x00,0x83,0x08,0x83,0x08,0x83,0x08,0x83,0x08,0x63,0x08,0x63,0x08,0x63,0x08,
	0x63,0x08,0x63,0x08,0x63,0x08,0x63,0x08,0x63,0x08,0x63,0x08,0x63,0x08,0x63,0x08,0x63,0x08,0x63,0x08,
	0x63,0x08,0x62,0x08,0x62,0x08,0xC4,0x08,0x05,0x09,0x06,0x09,0x06,0x09,0x06,0x09,0x06,0x09,0x06,0x09,
	0x06,0x09,0x06,0x09,0x06,0x11,0x06,0x11,0x06,0x11,0x06,0x11,0x06,0x11,0x06,0x11,0x06,0x11,0x06,0x11,
	0x06,0x11,0x06,0x11,0x06,0x11,0xE6,0x10,0xE6,0x10,0xE6,0x10,0xE6,0x10,0xE6,0x10,0xE6,0x10,0xE6,0x10,
	0xC5,0x10,0xC5,0x10,0xC5,0x10,0xC5,0x10,0x06,0x11,0x07,0x19,0x28,0x19,0x48,0x19,0x48,0x19,0x49,0x19,
	0x49,0x19,0x49,0x19,0x29,0x21,0x29,0x21,0x29,0x19,0x29,0x19,0x29,0x21,0x29,0x21,0x29,0x21,0x29,0x21,
	0x29,0x21,0x29,0x21,0x09,0x21,0x08,0x21,0x09,0x21,0x09,0x21,0x09,0x21,0x09,0x21,0x09,0x29,0x08,0x21,
	0x08,0x21,0x09,0x29,0x09,0x29,0xE9,0x28,0xE9,0x28,0x09,0x29,0x09,0x29,0x09,0x29,0xE8,0x20,0xC8,0x20,
	0xC7,0x20,0x85,0x18,0x85,0x18,0x85,0x18,0x85,0x18,0x86,0x20,0x86,0x20,0x86,0x20,0x86,0x20,0x86,0x20,
	0x86,0x20,0x66,0x20,0x66,0x20,0x66,0x20,0x66,0x20,0x66,0x20,0x66,0x20,0x66,0x20,0x66,0x20,0x66,0x20,
	0x66,0x28,0x66,0x28,0x66,0x28,0x66,0x28,0x66,0x28,0x66,0x28,0x66,0x28,0x66,0x28,0x66,0x28,0x66,0x28,
	0x46,0x20,0x25,0x20,0x04,0x10,0x03,0x10,0x23,0x10,0x23,0x18,0x23,0x18,0x23,0x18,0x23,0x18,0x23,0x18,
	0x23,0x18,0x23,0x18,0x23,0x18,0x23,0x18,0x23,0x18,0x23,0x18,0x23,0x18,0x03,0x18,0x03,0x18,0x03,0x18,
	0x03,0x18,0x03,0x18,0x01,0x08,0x00,0x00,0x00,0x00,0x00,0x00,0x00,0x00,0x00,0x00,0x00,0x00,0x00,0x00,
	0x00,0x00,0x00,0x00,0x00,0x00,0x00,0x00,0x00,0x00,0x00,0x00,0x00,0x00,0x00,0x00,0x00,0x00,0x00,0x00,
	0x00,0x00,0x00,0x00,0x00,0x00,0x00,0x00,0x00,0x00,0x00,0x00,0x00,0x00,0x00,0x00,0x00,0x00,0x00,0x00,
	0x00,0x00,0x00,0x00,0x00,0x00,0x00,0x00,0x00,0x00,0x00,0x00,0x00,0x00,0x00,0x00,0x00,0x00,0x00,0x00,
	0x00,0x00,0x00,0x00,0x00,0x00,0x00,0x00,0x00,0x00,0x00,0x00,0x00,0x00,0x00,0x00,0x00,0x00,0x00,0x00,
	0x00,0x00,0x00,0x00,0x00,0x00,0x00,0x00,0x00,0x00,0x00,0x00,0x00,0x00,0x00,0x00,0x00,0x00,0x00,0x00,
	0x00,0x00,0x00,0x00,0x00,0x00,0x00,0x00,0x00,0x00,0x00,0x00,0x00,0x00,0x00,0x00,0x00,0x00,0x00,0x00,
	0x00,0x00,0x00,0x00,0x00,0x00,0x00,0x00,0x00,0x00,0x00,0x00,0x00,0x00,0x00,0x00,0x00,0x00,0x00,0x00,
	0x00,0x00,0x00,0x00,0x00,0x00,0x00,0x00,0x00,0x00,0x00,0x00,0x00,0x00,0x00,0x00,0x00,0x00,0x00,0x00,
	0x00,0x00,0x00,0x00,0x00,0x00,0x00,0x00,0x00,0x00,0x00,0x00,0x00,0x00,0x00,0x00,0x00,0x00,0x00,0x00,
	0x00,0x00,0x00,0x00,0x00,0x00,0x00,0x00,0x00,0x00,0x00,0x00,0x00,0x00,0x00,0x00,0x00,0x00,0x00,0x00,
	0x00,0x00,0x00,0x00,0x00,0x00,0x00,0x00,0x00,0x00,0x00,0x00,0x00,0x00,0x00,0x00,0x00,0x00,0x00,0x00,
	0x00,0x00,0x00,0x00,0x00,0x00,0x00,0x00,0x00,0x00,0x00,0x00,0x00,0x00,0x00,0x00,0x00,0x00,0x00,0x00,
	0x00,0x00,0x00,0x00,0x00,0x00,0x00,0x00,0x00,0x00,0x00,0x00,0x21,0x00,0x41,0x00,0x62,0x00,0x83,0x08,
	0x83,0x08,0x63,0x08,0x63,0x08,0x63,0x08,0x63,0x08,0x63,0x08,0x63,0x08,0x63,0x08,0x63,0x08,0x63,0x08,
	0x63,0x08,0x63,0x08,0x63,0x08,0x63,0x08,0x63,0x08,0x63,0x08,0x82,0x08,0xA3,0x08,0xE5,0x08,0x06,0x09,
	0x06,0x09,0x06,0x09,0x06,0x09,0x06,0x09,0x06,0x09,0x06,0x11,0x06,0x11,0x06,0x11,0x06,0x11,0x06,0x11,
	0x06,0x11,0x06,0x11,0x06,0x11,0x06,0x11,0x06,0x11,0x06,0x11,0xE6,0x10,0xE6,0x10,0xE6,0x10,0xE6,0x10,
	0xE6,0x10,0xE6,0x10,0xE6,0x10,0xE6,0x10,0xC5,0x10,0xC6,0x10,0xC5,0x10,0xC5,0x10,0xE5,0x10,0xE6,0x10,
	0xE6,0x10,0x07,0x19,0x28,0x19,0x49,0x19,0x49,0x19,0x29,0x21,0x29,0x21,0x29,0x19,0x29,0x19,0x29,0x21,
	0x29,0x21,0x29,0x21,0x29,0x21,0x29,0x21,0x29,0x21,0x09,0x21,0x09,0x21,0x09,0x21,0x09,0x21,0x09,0x21,
	0x09,0x21,0x09,0x21,0x08,0x21,0x08,0x21,0x09,0x29,0x09,0x29,0x09,0x29,0x09,0x29,0x09,0x21,0xE8,0x20,
	0xC7,0x20,0xA6,0x18,0xA6,0x18,0xA5,0x18,0x85,0x18,0x85,0x20,0x85,0x20,0x86,0x20,0x86,0x20,0x86,0x20,
	0x86,0x20,0x86,0x20,0x86,0x20,0x86,0x20,0x66,0x20,0x66,0x20,0x66,0x20,0x66,0x20,0x66,0x20,0x66,0x20,
	0x66,0x20,0x66,0x20,0x66,0x20,0x66,0x28,0x66,0x28,0x66,0x28,0x66,0x28,0x66,0x28,0x66,0x28,0x66,0x28,
	0x46,0x28,0x46,0x28,0x45,0x28,0x25,0x20,0x04,0x10,0x03,0x10,0x23,0x10,0x23,0x18,0x23,0x18,0x23,0x10,
	0x23,0x18,0x23,0x18,0x23,0x18,0x23,0x18,0x23,0x18,0x23,0x18,0x23,0x18,0x23,0x18,0x23,0x18,0x23,0x18,
	0x03,0x18,0x03,0x18,0x03,0x18,0x02,0x10,0x01,0x08,0x00,0x00,0x00,0x00,0x00,0x00,0x00,0x00,0x00,0x00,
	0x00,0x00,0x00,0x00,0x00,0x00,0x00,0x00,0x00,0x00,0x00,0x00,0x00,0x00,0x00,0x00,0x00,0x00,0x00,0x00,
	0x00,0x00,0x00,0x00,0x00,0x00,0x00,0x00,0x00,0x00,0x00,0x00,0x00,0x00,0x00,0x00,0x00,0x00,0x00,0x00,
	0x00,0x00,0x00,0x00,0x00,0x00,0x00,0x00,0x00,0x00,0x00,0x00,0x00,0x00,0x00,0x00,0x00,0x00,0x00,0x00,
	0x00,0x00,0x00,0x00,0x00,0x00,0x00,0x00,0x00,0x00,0x00,0x00,0x00,0x00,0x00,0x00,0x00,0x00,0x00,0x00,
	0x00,0x00,0x00,0x00,0x00,0x00,0x00,0x00,0x00,0x00,0x00,0x00,0x00,0x00,0x00,0x00,0x00,0x00,0x00,0x00,
	0x00,0x00,0x00,0x00,0x00,0x00,0x00,0x00,0x00,0x00,0x00,0x00,0x00,0x00,0x00,0x00,0x00,0x00,0x00,0x00,
	0x00,0x00,0x00,0x00,0x00,0x00,0x00,0x00,0x00,0x00,0x00,0x00,0x00,0x00,0x00,0x00,0x00,0x00,0x00,0x00,
	0x00,0x00,0x00,0x00,0x00,0x00,0x00,0x00,0x00,0x00,0x00,0x00,0x00,0x00,0x00,0x00,0x00,0x00,0x00,0x00,
	0x00,0x00,0x00,0x00,0x00,0x00,0x00,0x00,0x00,0x00,0x00,0x00,0x00,0x00,0x00,0x00,0x00,0x00,0x00,0x00,
	0x00,0x00,0x00,0x00,0x00,0x00,0x00,0x00,0x00,0x00,0x00,0x00,0x00,0x00,0x00,0x00,0x00,0x00,0x00,0x00,
	0x00,0x00,0x00,0x00,0x00,0x00,0x00,0x00,0x00,0x00,0x00,0x00,0x00,0x00,0x00,0x00,0x00,0x00,0x00,0x00,
	0x00,0x00,0x00,0x00,0x00,0x00,0x00,0x00,0x00,0x00,0x00,0x00,0x00,0x00,0x00,0x00,0x00,0x00,0x00,0x00,
	0x00,0x00,0x00,0x00,0x00,0x00,0x00,0x00,0x00,0x00,0x00,0x00,0x00,0x00,0x00,0x00,0x00,0x00,0x00,0x00,
	0x20,0x00,0x41,0x00,0x62,0x08,0x63,0x08,0x63,0x08,0x63,0x08,0x63,0x08,0x63,0x08,0x63,0x08,0x63,0x08,
	0x63,0x08,0x63,0x08,0x63,0x08,0x63,0x08,0x63,0x08,0x63,0x08,0x63,0x08,0x63,0x08,0x63,0x08,0x42,0x08,
	0x62,0x08,0xA3,0x08,0xE5,0x08,0x06,0x09,0x06,0x09,0x06,0x09,0x06,0x09,0x06,0x09,0x06,0x11,0x06,0x11,
	0x06,0x11,0x06,0x11,0x06,0x11,0x06,0x11,0x06,0x11,0x06,0x11,0x06,0x11,0x06,0x11,0x06,0x11,0xE6,0x10,
	0xE6,0x10,0xE6,0x10,0xE6,0x10,0xE6,0x10,0xE6,0x10,0xE6,0x10,0xE6,0x10,0xE6,0x10,0xE6,0x10,0xE6,0x10,
	0xC5,0x10,0xC5,0x10,0xC5,0x10,0xC5,0x10,0xE6,0x10,0x06,0x19,0x28,0x19,0x49,0x19,0x29,0x21,0x29,0x21,
	0x29,0x19,0x29,0x19,0x29,0x21,0x29,0x21,0x29,0x21,0x29,0x21,0x29,0x21,0x29,0x21,0x09,0x21,0x09,0x21,
	0x09,0x21,0x09,0x21,0x09,0x21,0x09,0x21,0x09,0x21,0x08,0x21,0x08,0x21,0x09,0x29,0x09,0x29,0x09,0x29,
	0x08,0x21,0xE7,0x20,0xA7,0x20,0x86,0x20,0x85,0x18,0x85,0x18,0x85,0x18,0x86,0x20,0x86,0x20,0x86,0x20,
	0x86,0x20,0x86,0x20,0x86,0x20,0x86,0x20,0x86,0x20,0x86,0x20,0x86,0x20,0x66,0x20,0x66,0x20,0x66,0x20,
	0x66,0x20,0x66,0x20,0x66,0x20,0x66,0x20,0x66,0x20,0x66,0x20,0x66,0x28,0x66,0x28,0x66,0x28,0x66,0x28,
	0x66,0x28,0x66,0x28,0x66,0x28,0x46,0x28,0x45,0x28,0x44,0x20,0x03,0x18,0x03,0x10,0x23,0x10,0x23,0x10,
	0x23,0x18,0x23,0x10,0x23,0x10,0x23,0x18,0x23,0x18,0x23,0x18,0x23,0x18,0x23,0x18,0x23,0x18,0x23,0x18,
	0x23,0x18,0x23,0x18,0x23,0x18,0x03,0x18,0x03,0x18,0x02,0x10,0x01,0x08,0x00,0x00,0x00,0x00,0x00,0x00,
	0x00,0x00,0x00,0x00,0x00,0x00,0x00,0x00,0x00,0x00,0x00,0x00,0x00,0x00,0x00,0x00,0x00,0x00,0x00,0x00,
	0x00,0x00,0x00,0x00,0x00,0x00,0x00,0x00,0x00,0x00,0x00,0x00,0x00,0x00,0x00,0x00,0x00,0x00,0x00,0x00,
	0x00,0x00,0x00,0x00,0x00,0x00,0x00,0x00,0x00,0x00,0x00,0x00,0x00,0x00,0x00,0x00,0x00,0x00,0x00,0x00,
	0x00,0x00,0x00,0x00,0x00,0x00,0x00,0x00,0x00,0x00,0x00,0x00,0x00,0x00,0x00,0x00,0x00,0x00,0x00,0x00,
	0x00,0x00,0x00,0x00,0x00,0x00,0x00,0x00,0x00,0x00,0x00,0x00,0x00,0x00,0x00,0x00,0x00,0x00,0x00,0x00,
	0x00,0x00,0x00,0x00,0x00,0x00,0x00,0x00,0x00,0x00,0x00,0x00,0x00,0x00,0x00,0x00,0x00,0x00,0x00,0x00,
	0x00,0x00,0x00,0x00,0x00,0x00,0x00,0x00,0x00,0x00,0x00,0x00,0x00,0x00,0x00,0x00,0x00,0x00,0x00,0x00,
	0x00,0x00,0x00,0x00,0x00,0x00,0x00,0x00,0x00,0x00,0x00,0x00,0x00,0x00,0x00,0x00,0x00,0x00,0x00,0x00,
	0x00,0x00,0x00,0x00,0x00,0x00,0x00,0x00,0x00,0x00,0x00,0x00,0x00,0x00,0x00,0x00,0x00,0x00,0x00,0x00,
	0x00,0x00,0x00,0x00,0x00,0x00,0x00,0x00,0x00,0x00,0x00,0x00,0x00,0x00,0x00,0x00,0x00,0x00,0x00,0x00,
	0x00,0x00,0x00,0x00,0x00,0x00,0x00,0x00,0x00,0x00,0x00,0x00,0x00,0x00,0x00,0x00,0x00,0x00,0x00,0x00,
	0x00,0x00,0x00,0x00,0x00,0x00,0x00,0x00,0x00,0x00,0x00,0x00,0x00,0x00,0x00,0x00,0x00,0x00,0x00,0x00,
	0x00,0x00,0x00,0x00,0x00,0x00,0x00,0x00,0x00,0x00,0x00,0x00,0x00,0x00,0x00,0x00,0x00,0x00,0x00,0x00,
	0x00,0x00,0x00,0x00,0x00,0x00,0x00,0x00,0x00,0x00,0x21,0x00,0x42,0x00,0x62,0x00,0x63,0x08,0x63,0x08,
	0x63,0x08,0x63,0x08,0x63,0x08,0x63,0x08,0x63,0x08,0x63,0x08,0x63,0x08,0x63,0x08,0x63,0x08,0x63,0x08,
	0x63,0x08,0x63,0x08,0x63,0x08,0x62,0x08,0x62,0x08,0xC4,0x08,0xE5,0x08,0x06,0x09,0x06,0x09,0x06,0x09,
	0x06,0x09,0x06,0x11,0x06,0x11,0x06,0x11,0x06,0x11,0x06,0x11,0x06,0x11,0x06,0x11,0x06,0x11,0x06,0x11,
	0x06,0x11,0x06,0x11,0xE6,0x10,0xE6,0x10,0xE6,0x10,0xE6,0x10,0xE6,0x10,0xE6,0x10,0xE6,0x10,0xE6,0x10,
	0xE6,0x10,0xE6,0x10,0xC6,0x10,0xC5,0x10,0xC5,0x10,0xE6,0x10,0xC5,0x10,0xC5,0x10,0xC5,0x10,0xE6,0x10,
	0x07,0x11,0x28,0x19,0x29,0x19,0x28,0x19,0x29,0x19,0x29,0x21,0x29,0x21,0x29,0x19,0x29,0x21,0x29,0x21,
	0x09,0x21,0x09,0x21,0x08,0x21,0x08,0x21,0x08,0x21,0x09,0x21,0x09,0x21,0x09,0x21,0x09,0x29,0x09,0x29,
	0xE9,0x20,0xE8,0x20,0xC8,0x18,0xA6,0x18,0x85,0x18,0x85,0x18,0x85,0x18,0xA6,0x20,0x86,0x20,0x86,0x20,
	0x86,0x20,0x86,0x20,0x86,0x20,0x86,0x20,0x86,0x20,0x86,0x20,0x86,0x20,0x86,0x20,0x86,0x20,0x86,0x20,
	0x66,0x20,0x66,0x20,0x66,0x20,0x66,0x20,0x66,0x20,0x66,0x20,0x66,0x20,0x66,0x20,0x66,0x20,0x66,0x28,
	0x66,0x28,0x66,0x28,0x66,0x28,0x66,0x28,0x66,0x28,0x66,0x28,0x66,0x20,0x45,0x18,0x23,0x10,0x23,0x10,
	0x23,0x10,0x23,0x10,0x23,0x10,0x23,0x10,0x23,0x10,0x23,0x10,0x23,0x18,0x23,0x18,0x23,0x18,0x23,0x18,
	0x23,0x18,0x23,0x18,0x23,0x18,0x03,0x18,0x03,0x18,0x03,0x18,0x02,0x10,0x01,0x08,0x00,0x00,0x00,0x00,
	0x00,0x00,0x00,0x00,0x00,0x00,0x00,0x00,0x00,0x00,0x00,0x00,0x00,0x00,0x00,0x00,0x00,0x00,0x00,0x00,
	0x00,0x00,0x00,0x00,0x00,0x00,0x00,0x00,0x00,0x00,0x00,0x00,0x00,0x00,0x00,0x00,0x00,0x00,0x00,0x00,
	0x00,0x00,0x00,0x00,0x00,0x00,0x00,0x00,0x00,0x00,0x00,0x00,0x00,0x00,0x00,0x00,0x00,0x00,0x00,0x00,
	0x00,0x00,0x00,0x00,0x00,0x00,0x00,0x00,0x00,0x00,0x00,0x00,0x00,0x00,0x00,0x00,0x00,0x00,0x00,0x00,
	0x00,0x00,0x00,0x00,0x00,0x00,0x00,0x00,0x00,0x00,0x00,0x00,0x00,0x00,0x00,0x00,0x00,0x00,0x00,0x00,
	0x00,0x00,0x00,0x00,0x00,0x00,0x00,0x00,0x00,0x00,0x00,0x00,0x00,0x00,0x00,0x00,0x00,0x00,0x00,0x00,
	0x00,0x00,0x00,0x00,0x00,0x00,0x00,0x00,0x00,0x00,0x00,0x00,0x00,0x00,0x00,0x00,0x00,0x00,0x00,0x00,
	0x00,0x00,0x00,0x00,0x00,0x00,0x00,0x00,0x00,0x00,0x00,0x00,0x00,0x00,0x00,0x00,0x00,0x00,0x00,0x00,
	0x00,0x00,0x00,0x00,0x00,0x00,0x00,0x00,0x00,0x00,0x00,0x00,0x00,0x00,0x00,0x00,0x00,0x00,0x00,0x00,
	0x00,0x00,0x00,0x00,0x00,0x00,0x00,0x00,0x00,0x00,0x00,0x00,0x00,0x00,0x00,0x00,0x00,0x00,0x00,0x00,
	0x00,0x00,0x00,0x00,0x00,0x00,0x00,0x00,0x00,0x00,0x00,0x00,0x00,0x00,0x00,0x00,0x00,0x00,0x00,0x00,
	0x00,0x00,0x00,0x00,0x00,0x00,0x00,0x00,0x00,0x00,0x00,0x00,0x00,0x00,0x00,0x00,0x00,0x00,0x00,0x00,
	0x00,0x00,0x00,0x00,0x00,0x00,0x00,0x00,0x00,0x00,0x00,0x00,0x00,0x00,0x00,0x00,0x00,0x00,0x00,0x00,
	0x00,0x00,0x00,0x00,0x00,0x00,0x00,0x00,0x00,0x00,0x00,0x00,0x00,0x00,0x00,0x00,0x00,0x00,0x21,0x00,
	0x41,0x00,0x62,0x00,0x63,0x08,0x63,0x08,0x63,0x08,0x63,0x08,0x63,0x08,0x63,0x08,0x63,0x08,0x63,0x08,
	0x63,0x08,0x63,0x08,0x63,0x08,0x63,0x08,0x63,0x08,0x63,0x08,0x63,0x08,0x62,0x08,0x83,0x08,0xC4,0x08,
	0xE5,0x08,0x06,0x09,0x06,0x09,0x06,0x09,0x06,0x11,0x06,0x11,0x06,0x11,0x06,0x11,0x06,0x11,0x06,0x11,
	0x06,0x11,0x06,0x11,0x06,0x11,0x06,0x11,0x06,0x11,0xE6,0x10,0xE6,0x10,0xE6,0x10,0xE6,0x10,0xE6,0x10,
	0xE6,0x10,0xE6,0x10,0xE6,0x10,0xE6,0x10,0xE6,0x10,0xC6,0x10,0xC5,0x10,0xC5,0x10,0xE6,0x10,0xC5,0x10,
	0xC5,0x10,0xC5,0x10,0xC5,0x10,0xE5,0x10,0x06,0x11,0x07,0x19,0x07,0x19,0x08,0x19,0x28,0x21,0x29,0x19,
	0x29,0x19,0x29,0x21,0x29,0x21,0x09,0x21,0x09,0x21,0x08,0x21,0x08,0x21,0x09,0x21,0x09,0x21,0x09,0x21,
	0x08,0x21,0xE9,0x20,0xE8,0x20,0xC7,0x20,0xA6,0x18,0xA6,0x18,0x85,0x18,0x85,0x18,0x85,0x18,0x85,0x20,
	0xA6,0x20,0x86,0x20,0x86,0x20,0x86,0x20,0x86,0x20,0x86,0x20,0x86,0x20,0x86,0x20,0x86,0x20,0x86,0x20,
	0x86,0x20,0x86,0x20,0x86,0x20,0x66,0x20,0x66,0x20,0x66,0x20,0x66,0x20,0x66,0x20,0x66,0x20,0x66,0x20,
	0x66,0x20,0x66,0x20,0x66,0x28,0x66,0x28,0x66,0x28,0x66,0x28,0x66,0x28,0x66,0x28,0x66,0x28,0x45,0x20,
	0x24,0x18,0x02,0x10,0x23,0x10,0x23,0x10,0x23,0x10,0x23,0x10,0x23,0x10,0x23,0x10,0x23,0x10,0x23,0x18,
	0x23,0x18,0x23,0x18,0x23,0x18,0x23,0x18,0x23,0x18,0x03,0x18,0x03,0x18,0x03,0x10,0x02,0x10,0x01,0x08,
	0x00,0x00,0x00,0x00,0x00,0x00,0x00,0x00,0x00,0x00,0x00,0x00,0x00,0x00,0x00,0x00,0x00,0x00,0x00,0x00,
	0x00,0x00,0x00,0x00,0x00,0x00,0x00,0x00,0x00,0x00,0x00,0x00,0x00,0x00,0x00,0x00,0x00,0x00,0x00,0x00,
	0x00,0x00,0x00,0x00,0x00,0x00,0x00,0x00,0x00,0x00,0x00,0x00,0x00,0x00,0x00,0x00,0x00,0x00,0x00,0x00,
	0x00,0x00,0x00,0x00,0x00,0x00,0x00,0x00,0x00,0x00,0x00,0x00,0x00,0x00,0x00,0x00,0x00,0x00,0x00,0x00,
	0x00,0x00,0x00,0x00,0x00,0x00,0x00,0x00,0x00,0x00,0x00,0x00,0x00,0x00,0x00,0x00,0x00,0x00,0x00,0x00,
	0x00,0x00,0x00,0x00,0x00,0x00,0x00,0x00,0x00,0x00,0x00,0x00,0x00,0x00,0x00,0x00,0x00,0x00,0x00,0x00,
	0x00,0x00,0x00,0x00,0x00,0x00,0x00,0x00,0x00,0x00,0x00,0x00,0x00,0x00,0x00,0x00,0x00,0x00,0x00,0x00,
	0x00,0x00,0x00,0x00,0x00,0x00,0x00,0x00,0x00,0x00,0x00,0x00,0x00,0x00,0x00,0x00,0x00,0x00,0x00,0x00,
	0x00,0x00,0x00,0x00,0x00,0x00,0x00,0x00,0x00,0x00,0x00,0x00,0x00,0x00,0x00,0x00,0x00,0x00,0x00,0x00,
	0x00,0x00,0x00,0x00,0x00,0x00,0x00,0x00,0x00,0x00,0x00,0x00,0x00,0x00,0x00,0x00,0x00,0x00,0x00,0x00,
	0x00,0x00,0x00,0x00,0x00,0x00,0x00,0x00,0x00,0x00,0x00,0x00,0x00,0x00,0x00,0x00,0x00,0x00,0x00,0x00,
	0x00,0x00,0x00,0x00,0x00,0x00,0x00,0x00,0x00,0x00,0x00,0x00,0x00,0x00,0x00,0x00,0x00,0x00,0x00,0x00,
	0x00,0x00,0x00,0x00,0x00,0x00,0x00,0x00,0x00,0x00,0x00,0x00,0x00,0x00,0x00,0x00,0x00,0x00,0x00,0x00,
	0x00,0x00,0x00,0x00,0x00,0x00,0x00,0x00,0x00,0x00,0x00,0x00,0x00,0x00,0x00,0x00,0x00,0x00,0x00,0x00,
	0x00,0x00,0x00,0x00,0x00,0x00,0x00,0x00,0x40,0x00,0x61,0x00,0x63,0x08,0x63,0x08,0x63,0x08,0x63,0x08,
	0x63,0x08,0x63,0x08,0x63,0x08,0x63,0x08,0x63,0x08,0x63,0x08,0x63,0x08,0x63,0x08,0x63,0x08,0x63,0x08,
	0x63,0x08,0x63,0x08,0x63,0x08,0xE4,0x08,0x05,0x09,0x06,0x09,0x06,0x09,0x06,0x11,0x06,0x11,0x06,0x11,
	0x06,0x11,0x06,0x11,0x06,0x11,0x06,0x11,0x06,0x11,0x06,0x11,0x06,0x11,0x06,0x11,0xE6,0x10,0xE6,0x10,
	0xE6,0x10,0xE6,0x10,0xE6,0x10,0xE6,0x10,0xE6,0x10,0xE6,0x10,0xE6,0x10,0xE6,0x10,0xC6,0x10,0xC5,0x10,
	0xC5,0x10,0xE6,0x10,0xE6,0x10,0xE6,0x10,0xE6,0x10,0xC5,0x10,0xC5,0x10,0xC5,0x10,0xC5,0x10,0xE6,0x10,
	0xE6,0x10,0x07,0x19,0x08,0x19,0x28,0x19,0x49,0x21,0x29,0x21,0x08,0x21,0x09,0x21,0x29,0x21,0x09,0x21,
	0x09,0x21,0x08,0x21,0x08,0x21,0xE7,0x20,0xC7,0x18,0xC7,0x18,0x85,0x18,0x85,0x18,0x85,0x18,0x85,0x18,
	0xA6,0x18,0xA6,0x20,0xA6,0x20,0xA6,0x20,0x86,0x20,0x86,0x20,0x86,0x20,0x86,0x20,0x86,0x20,0x86,0x20,
	0x86,0x20,0x86,0x20,0x86,0x20,0x86,0x20,0x86,0x20,0x86,0x20,0x66,0x20,0x66,0x20,0x66,0x20,0x66,0x20,
	0x66,0x20,0x66,0x20,0x66,0x20,0x66,0x20,0x66,0x20,0x66,0x28,0x66,0x28,0x66,0x28,0x66,0x28,0x66,0x28,
	0x66,0x28,0x45,0x20,0x23,0x18,0x02,0x10,0x02,0x10,0x03,0x10,0x23,0x10,0x23,0x10,0x23,0x10,0x23,0x10,
	0x23,0x10,0x23,0x10,0x23,0x18,0x23,0x18,0x23,0x18,0x23,0x18,0x23,0x18,0x03,0x18,0x03,0x18,0x02,0x10,
	0x02,0x08,0x01,0x00,0x00,0x00,0x00,0x00,0x00,0x00,0x00,0x00,0x00,0x00,0x00,0x00,0x00,0x00,0x00,0x00,
	0x00,0x00,0x00,0x00,0x00,0x00,0x00,0x00,0x00,0x00,0x00,0x00,0x00,0x00,0x00,0x00,0x00,0x00,0x00,0x00,
	0x00,0x00,0x00,0x00,0x00,0x00,0x00,0x00,0x00,0x00,0x00,0x00,0x00,0x00,0x00,0x00,0x00,0x00,0x00,0x00,
	0x00,0x00,0x00,0x00,0x00,0x00,0x00,0x00,0x00,0x00,0x00,0x00,0x00,0x00,0x00,0x00,0x00,0x00,0x00,0x00,
	0x00,0x00,0x00,0x00,0x00,0x00,0x00,0x00,0x00,0x00,0x00,0x00,0x00,0x00,0x00,0x00,0x00,0x00,0x00,0x00,
	0x00,0x00,0x00,0x00,0x00,0x00,0x00,0x00,0x00,0x00,0x00,0x00,0x00,0x00,0x00,0x00,0x00,0x00,0x00,0x00,
	0x00,0x00,0x00,0x00,0x00,0x00,0x00,0x00,0x00,0x00,0x00,0x00,0x00,0x00,0x00,0x00,0x00,0x00,0x00,0x00,
	0x00,0x00,0x00,0x00,0x00,0x00,0x00,0x00,0x00,0x00,0x00,0x00,0x00,0x00,0x00,0x00,0x00,0x00,0x00,0x00,
	0x00,0x00,0x00,0x00,0x00,0x00,0x00,0x00,0x00,0x00,0x00,0x00,0x00,0x00,0x00,0x00,0x00,0x00,0x00,0x00,
	0x00,0x00,0x00,0x00,0x00,0x00,0x00,0x00,0x00,0x00,0x00,0x00,0x00,0x00,0x00,0x00,0x00,0x00,0x00,0x00,
	0x00,0x00,0x00,0x00,0x00,0x00,0x00,0x00,0x00,0x00,0x00,0x00,0x00,0x00,0x00,0x00,0x00,0x00,0x00,0x00,
	0x00,0x00,0x00,0x00,0x00,0x00,0x00,0x00,0x00,0x00,0x00,0x00,0x00,0x00,0x00,0x00,0x00,0x00,0x00,0x00,
	0x00,0x00,0x00,0x00,0x00,0x00,0x00,0x00,0x00,0x00,0x00,0x00,0x00,0x00,0x00,0x00,0x00,0x00,0x00,0x00,
	0x00,0x00,0x00,0x00,0x00,0x00,0x00,0x00,0x00,0x00,0x00,0x00,0x00,0x00,0x00,0x00,0x00,0x00,0x00,0x00,
	0x00,0x00,0x00,0x00,0x00,0x00,0x00,0x00,0x00,0x00,0x00,0x00,0x00,0x00,0x20,0x00,0x20,0x00,0x42,0x00,
	0x42,0x00,0x63,0x00,0x63,0x08,0x63,0x08,0x63,0x08,0x63,0x08,0x63,0x08,0x63,0x08,0x63,0x08,0x63,0x08,
	0x63,0x08,0x63,0x08,0x63,0x08,0x63,0x08,0x62,0x08,0x62,0x08,0xA3,0x08,0xC4,0x08,0x05,0x09,0x06,0x09,
	0x06,0x11,0x06,0x11,0x06,0x11,0x06,0x11,0x06,0x11,0x06,0x11,0x06,0x11,0x06,0x11,0x06,0x11,0x06,0x11,
	0x06,0x11,0xE6,0x10,0xE6,0x10,0xE6,0x10,0xE6,0x10,0xE6,0x10,0xE6,0x10,0xE6,0x10,0xE6,0x10,0xE6,0x10,
	0xE6,0x10,0xE6,0x10,0xE6,0x10,0xC5,0x10,0xC5,0x10,0xC5,0x10,0xC6,0x10,0xE6,0x10,0xE6,0x10,0xC5,0x10,
	0xC5,0x10,0xC5,0x10,0xC5,0x10,0xC5,0x10,0xE6,0x10,0xE6,0x10,0xE6,0x18,0x08,0x19,0x08,0x21,0x08,0x21,
	0x29,0x21,0x29,0x21,0x09,0x21,0xE9,0x20,0xC7,0x20,0xC6,0x18,0xA6,0x18,0xA6,0x18,0xA6,0x18,0x85,0x18,
	0x85,0x18,0x85,0x18,0xA6,0x18,0xA6,0x18,0xA6,0x20,0xA6,0x20,0xA6,0x20,0x86,0x20,0x86,0x20,0x86,0x20,
	0x86,0x20,0x86,0x20,0x86,0x20,0x86,0x20,0x86,0x20,0x86,0x20,0x86,0x20,0x86,0x20,0x86,0x20,0x66,0x20,
	0x66,0x20,0x66,0x20,0x66,0x20,0x66,0x20,0x66,0x20,0x66,0x20,0x66,0x20,0x66,0x20,0x66,0x28,0x66,0x28,
	0x66,0x28,0x66,0x28,0x66,0x28,0x45,0x20,0x24,0x20,0x22,0x18,0x02,0x10,0x03,0x10,0x23,0x10,0x23,0x10,
	0x23,0x10,0x23,0x10,0x23,0x18,0x23,0x10,0x23,0x10,0x23,0x18,0x23,0x18,0x03,0x18,0x03,0x18,0x03,0x18,
	0x02,0x10,0x02,0x10,0x01,0x08,0x01,0x00,0x00,0x00,0x00,0x00,0x00,0x00,0x00,0x00,0x00,0x00,0x00,0x00,
	0x00,0x00,0x00,0x00,0x00,0x00,0x00,0x00,0x00,0x00,0x00,0x00,0x00,0x00,0x00,0x00,0x00,0x00,0x00,0x00,
	0x00,0x00,0x00,0x00,0x00,0x00,0x00,0x00,0x00,0x00,0x00,0x00,0x00,0x00,0x00,0x00,0x00,0x00,0x00,0x00,
	0x00,0x00,0x00,0x00,0x00,0x00,0x00,0x00,0x00,0x00,0x00,0x00,0x00,0x00,0x00,0x00,0x00,0x00,0x00,0x00,
	0x00,0x00,0x00,0x00,0x00,0x00,0x00,0x00,0x00,0x00,0x00,0x00,0x00,0x00,0x00,0x00,0x00,0x00,0x00,0x00,
	0x00,0x00,0x00,0x00,0x00,0x00,0x00,0x00,0x00,0x00,0x00,0x00,0x00,0x00,0x00,0x00,0x00,0x00,0x00,0x00,
	0x00,0x00,0x00,0x00,0x00,0x00,0x00,0x00,0x00,0x00,0x00,0x00,0x00,0x00,0x00,0x00,0x00,0x00,0x00,0x00,
	0x00,0x00,0x00,0x00,0x00,0x00,0x00,0x00,0x00,0x00,0x00,0x00,0x00,0x00,0x00,0x00,0x00,0x00,0x00,0x00,
	0x00,0x00,0x00,0x00,0x00,0x00,0x00,0x00,0x00,0x00,0x00,0x00,0x00,0x00,0x00,0x00,0x00,0x00,0x00,0x00,
	0x00,0x00,0x00,0x00,0x00,0x00,0x00,0x00,0x00,0x00,0x00,0x00,0x00,0x00,0x00,0x00,0x00,0x00,0x00,0x00,
	0x00,0x00,0x00,0x00,0x00,0x00,0x00,0x00,0x00,0x00,0x00,0x00,0x00,0x00,0x00,0x00,0x00,0x00,0x00,0x00,
	0x00,0x00,0x00,0x00,0x00,0x00,0x00,0x00,0x00,0x00,0x00,0x00,0x00,0x00,0x00,0x00,0x00,0x00,0x00,0x00,
	0x00,0x00,0x00,0x00,0x00,0x00,0x00,0x00,0x00,0x00,0x00,0x00,0x00,0x00,0x00,0x00,0x00,0x00,0x00,0x00,
	0x00,0x00,0x00,0x00,0x00,0x00,0x00,0x00,0x00,0x00,0x00,0x00,0x00,0x00,0x00,0x00,0x00,0x00,0x00,0x00,
	0x00,0x00,0x00,0x00,0x00,0x00,0x00,0x00,0x00,0x00,0x00,0x00,0x00,0x00,0x00,0x00,0x00,0x00,0x00,0x00,
	0x00,0x00,0x00,0x00,0x01,0x00,0x21,0x00,0x62,0x00,0x62,0x00,0x62,0x08,0x62,0x08,0x63,0x08,0x63,0x08,
	0x63,0x08,0x63,0x08,0x63,0x08,0x63,0x08,0x63,0x08,0x63,0x08,0x63,0x08,0x62,0x08,0x62,0x08,0x62,0x08,
	0xA3,0x08,0xE4,0x08,0x05,0x09,0x06,0x11,0x06,0x11,0x06,0x11,0x06,0x11,0x06,0x11,0x06,0x11,0x06,0x11,
	0x06,0x11,0x06,0x11,0x06,0x11,0x06,0x11,0xE6,0x10,0xE6,0x10,0xE6,0x10,0xE6,0x10,0xE6,0x10,0xE6,0x10,
	0xE6,0x10,0xE6,0x10,0xE6,0x10,0xE6,0x10,0xE6,0x10,0xE6,0x10,0xC5,0x10,0xC5,0x10,0xC5,0x10,0xC5,0x10,
	0xE6,0x10,0xE6,0x10,0xE6,0x10,0xE6,0x10,0xE6,0x10,0xC5,0x10,0xC5,0x10,0xC5,0x10,0xC5,0x10,0xC5,0x10,
	0xC6,0x18,0xE7,0x18,0xE8,0x20,0x08,0x21,0xE7,0x20,0xE8,0x20,0xC7,0x20,0xA6,0x18,0x85,0x18,0x85,0x18,
	0x85,0x18,0x85,0x18,0xA6,0x18,0xA6,0x18,0xA6,0x18,0xA6,0x18,0xA6,0x18,0xA6,0x20,0xA6,0x20,0xA6,0x20,
	0x86,0x20,0x86,0x20,0x86,0x20,0x86,0x20,0x86,0x20,0x86,0x20,0x86,0x20,0x86,0x20,0x86,0x20,0x86,0x20,
	0x86,0x20,0x86,0x20,0x66,0x20,0x66,0x20,0x66,0x20,0x66,0x20,0x66,0x20,0x66,0x20,0x66,0x20,0x66,0x20,
	0x66,0x20,0x66,0x28,0x66,0x28,0x66,0x28,0x66,0x28,0x46,0x28,0x24,0x18,0x23,0x10,0x22,0x10,0x22,0x10,
	0x23,0x10,0x23,0x10,0x23,0x10,0x23,0x10,0x23,0x10,0x23,0x18,0x23,0x18,0x23,0x10,0x23,0x18,0x23,0x18,
	0x03,0x18,0x03,0x18,0x03,0x18,0x01,0x08,0x00,0x00,0x00,0x00,0x00,0x00,0x00,0x00,0x00,0x00,0x00,0x00,
	0x00,0x00,0x00,0x00,0x00,0x00,0x00,0x00,0x00,0x00,0x00,0x00,0x00,0x00,0x00,0x00,0x00,0x00,0x00,0x00,
	0x00,0x00,0x00,0x00,0x00,0x00,0x00,0x00,0x00,0x00,0x00,0x00,0x00,0x00,0x00,0x00,0x00,0x00,0x00,0x00,
	0x00,0x00,0x00,0x00,0x00,0x00,0x00,0x00,0x00,0x00,0x00,0x00,0x00,0x00,0x00,0x00,0x00,0x00,0x00,0x00,
	0x00,0x00,0x00,0x00,0x00,0x00,0x00,0x00,0x00,0x00,0x00,0x00,0x00,0x00,0x00,0x00,0x00,0x00,0x00,0x00,
	0x00,0x00,0x00,0x00,0x00,0x00,0x00,0x00,0x00,0x00,0x00,0x00,0x00,0x00,0x00,0x00,0x00,0x00,0x00,0x00,
	0x00,0x00,0x00,0x00,0x00,0x00,0x00,0x00,0x00,0x00,0x00,0x00,0x00,0x00,0x00,0x00,0x00,0x00,0x00,0x00,
	0x00,0x00,0x00,0x00,0x00,0x00,0x00,0x00,0x00,0x00,0x00,0x00,0x00,0x00,0x00,0x00,0x00,0x00,0x00,0x00,
	0x00,0x00,0x00,0x00,0x00,0x00,0x00,0x00,0x00,0x00,0x00,0x00,0x00,0x00,0x00,0x00,0x00,0x00,0x00,0x00,
	0x00,0x00,0x00,0x00,0x00,0x00,0x00,0x00,0x00,0x00,0x00,0x00,0x00,0x00,0x00,0x00,0x00,0x00,0x00,0x00,
	0x00,0x00,0x00,0x00,0x00,0x00,0x00,0x00,0x00,0x00,0x00,0x00,0x00,0x00,0x00,0x00,0x00,0x00,0x00,0x00,
	0x00,0x00,0x00,0x00,0x00,0x00,0x00,0x00,0x00,0x00,0x00,0x00,0x00,0x00,0x00,0x00,0x00,0x00,0x00,0x00,
	0x00,0x00,0x00,0x00,0x00,0x00,0x00,0x00,0x00,0x00,0x00,0x00,0x00,0x00,0x00,0x00,0x00,0x00,0x00,0x00,
	0x00,0x00,0x00,0x00,0x00,0x00,0x00,0x00,0x00,0x00,0x00,0x00,0x00,0x00,0x00,0x00,0x00,0x00,0x00,0x00,
	0x00,0x00,0x00,0x00,0x00,0x00,0x00,0x00,0x00,0x00,0x00,0x00,0x00,0x00,0x00,0x00,0x00,0x00,0x00,0x00,
	0x00,0x00,0x00,0x00,0x00,0x00,0x00,0x00,0x00,0x00,0x00,0x00,0x00,0x00,0x20,0x00,0x20,0x00,0x20,0x00,
	0x41,0x00,0x42,0x00,0x63,0x08,0x63,0x08,0x63,0x08,0x63,0x08,0x63,0x08,0x63,0x08,0x63,0x08,0x63,0x08,
	0x63,0x08,0x63,0x08,0x62,0x08,0x62,0x08,0xA3,0x08,0xE5,0x08,0x06,0x09,0x06,0x09,0x06,0x09,0x06,0x09,
	0x06,0x09,0x06,0x11,0x06,0x11,0x06,0x11,0x06,0x11,0x06,0x11,0x06,0x11,0xE6,0x10,0xE6,0x10,0xE6,0x10,
	0xE6,0x10,0xE6,0x10,0xE6,0x10,0xE6,0x10,0xE6,0x10,0xE6,0x10,0xE6,0x10,0xC6,0x10,0xC5,0x10,0xC5,0x10,
	0xE6,0x10,0xE6,0x10,0xE6,0x10,0xE6,0x10,0xE6,0x10,0xE6,0x10,0xE6,0x10,0xE6,0x10,0xC6,0x10,0xC6,0x10,
	0xE6,0x10,0xC5,0x10,0xA5,0x10,0x84,0x10,0x84,0x10,0x84,0x10,0x84,0x10,0x84,0x10,0x84,0x10,0x84,0x10,
	0x85,0x10,0x86,0x18,0xA6,0x18,0xA6,0x18,0xA6,0x18,0xA6,0x18,0xA6,0x18,0xA6,0x18,0xA6,0x18,0xA6,0x18,
	0xA6,0x20,0xA6,0x20,0xA6,0x20,0x86,0x20,0x86,0x20,0x86,0x20,0x86,0x20,0x86,0x20,0x86,0x20,0x86,0x20,
	0x86,0x20,0x86,0x20,0x86,0x20,0x86,0x20,0x86,0x20,0x66,0x20,0x66,0x20,0x66,0x20,0x66,0x20,0x66,0x20,
	0x66,0x20,0x66,0x20,0x66,0x20,0x66,0x20,0x66,0x28,0x66,0x28,0x66,0x28,0x45,0x20,0x24,0x18,0x23,0x18,
	0x22,0x10,0x23,0x10,0x23,0x10,0x23,0x10,0x23,0x10,0x23,0x10,0x23,0x10,0x23,0x10,0x23,0x18,0x23,0x18,
	0x23,0x18,0x23,0x18,0x22,0x10,0x02,0x08,0x01,0x08,0x01,0x08,0x00,0x00,0x00,0x00,0x00,0x00,0x00,0x00,
	0x00,0x00,0x00,0x00,0x00,0x00,0x00,0x00,0x00,0x00,0x00,0x00,0x00,0x00,0x00,0x00,0x00,0x00,0x00,0x00,
	0x00,0x00,0x00,0x00,0x00,0x00,0x00,0x00,0x00,0x00,0x00,0x00,0x00,0x00,0x00,0x00,0x00,0x00,0x00,0x00,
	0x00,0x00,0x00,0x00,0x00,0x00,0x00,0x00,0x00,0x00,0x00,0x00,0x00,0x00,0x00,0x00,0x00,0x00,0x00,0x00,
	0x00,0x00,0x00,0x00,0x00,0x00,0x00,0x00,0x00,0x00,0x00,0x00,0x00,0x00,0x00,0x00,0x00,0x00,0x00,0x00,
	0x00,0x00,0x00,0x00,0x00,0x00,0x00,0x00,0x00,0x00,0x00,0x00,0x00,0x00,0x00,0x00,0x00,0x00,0x00,0x00,
	0x00,0x00,0x00,0x00,0x00,0x00,0x00,0x00,0x00,0x00,0x00,0x00,0x00,0x00,0x00,0x00,0x00,0x00,0x00,0x00,
	0x00,0x00,0x00,0x00,0x00,0x00,0x00,0x00,0x00,0x00,0x00,0x00,0x00,0x00,0x00,0x00,0x00,0x00,0x00,0x00,
	0x00,0x00,0x00,0x00,0x00,0x00,0x00,0x00,0x00,0x00,0x00,0x00,0x00,0x00,0x00,0x00,0x00,0x00,0x00,0x00,
	0x00,0x00,0x00,0x00,0x00,0x00,0x00,0x00,0x00,0x00,0x00,0x00,0x00,0x00,0x00,0x00,0x00,0x00,0x00,0x00,
	0x00,0x00,0x00,0x00,0x00,0x00,0x00,0x00,0x00,0x00,0x00,0x00,0x00,0x00,0x00,0x00,0x00,0x00,0x00,0x00,
	0x00,0x00,0x00,0x00,0x00,0x00,0x00,0x00,0x00,0x00,0x00,0x00,0x00,0x00,0x00,0x00,0x00,0x00,0x00,0x00,
	0x00,0x00,0x00,0x00,0x00,0x00,0x00,0x00,0x00,0x00,0x00,0x00,0x00,0x00,0x00,0x00,0x00,0x00,0x00,0x00,
	0x00,0x00,0x00,0x00,0x00,0x00,0x00,0x00,0x00,0x00,0x00,0x00,0x00,0x00,0x00,0x00,0x00,0x00,0x00,0x00,
	0x00,0x00,0x00,0x00,0x00,0x00,0x00,0x00,0x00,0x00,0x00,0x00,0x00,0x00,0x00,0x00,0x00,0x00,0x00,0x00,
	0x00,0x00,0x00,0x00,0x00,0x00,0x00,0x00,0x00,0x00,0x00,0x00,0x00,0x00,0x00,0x00,0x00,0x00,0x00,0x00,
	0x00,0x00,0x00,0x00,0x00,0x00,0x20,0x00,0x21,0x00,0x42,0x08,0x42,0x08,0x43,0x08,0x63,0x08,0x63,0x08,
	0x63,0x08,0x63,0x08,0x63,0x08,0x63,0x08,0x63,0x08,0x63,0x08,0x62,0x08,0x62,0x08,0xA4,0x08,0xE5,0x08,
	0x06,0x09,0x06,0x09,0x06,0x09,0x06,0x09,0x06,0x11,0x06,0x11,0x06,0x11,0x06,0x11,0x06,0x11,0x06,0x11,
	0xE6,0x10,0xE6,0x10,0xE6,0x10,0xE6,0x10,0xE6,0x10,0xE6,0x10,0xE6,0x10,0xE6,0x10,0xE6,0x10,0xE6,0x10,
	0xE6,0x10,0xC5,0x10,0xE6,0x10,0xE6,0x10,0xE6,0x10,0xE6,0x10,0xE6,0x10,0xE6,0x10,0xE6,0x10,0xE6,0x10,
	0xC6,0x10,0xA6,0x10,0xC5,0x10,0xC5,0x10,0xA4,0x10,0x84,0x10,0x43,0x10,0x42,0x08,0x63,0x08,0x63,0x08,
	0x63,0x08,0x42,0x08,0x63,0x10,0x64,0x10,0x85,0x10,0x85,0x10,0x85,0x10,0x86,0x18,0x85,0x18,0x86,0x18,
	0xA6,0x18,0xA6,0x18,0xA6,0x18,0xA6,0x20,0xA6,0x20,0xA6,0x20,0x86,0x20,0x86,0x20,0x86,0x20,0x86,0x20,
	0x86,0x20,0x86,0x20,0x86,0x20,0x86,0x20,0x86,0x20,0x86,0x20,0x86,0x20,0x86,0x20,0x66,0x20,0x66,0x20,
	0x66,0x20,0x66,0x20,0x66,0x20,0x66,0x20,0x66,0x20,0x66,0x20,0x66,0x20,0x66,0x28,0x66,0x28,0x65,0x20,
	0x44,0x20,0x23,0x18,0x22,0x10,0x22,0x10,0x23,0x10,0x23,0x10,0x23,0x10,0x23,0x10,0x23,0x10,0x23,0x10,
	0x23,0x10,0x23,0x18,0x22,0x10,0x22,0x10,0x22,0x10,0x01,0x08,0x01,0x00,0x00,0x00,0x00,0x00,0x00,0x00,
	0x00,0x00,0x00,0x00,0x00,0x00,0x00,0x00,0x00,0x00,0x00,0x00,0x00,0x00,0x00,0x00,0x00,0x00,0x00,0x00,
	0x00,0x00,0x00,0x00,0x00,0x00,0x00,0x00,0x00,0x00,0x00,0x00,0x00,0x00,0x00,0x00,0x00,0x00,0x00,0x00,
	0x00,0x00,0x00,0x00,0x00,0x00,0x00,0x00,0x00,0x00,0x00,0x00,0x00,0x00,0x00,0x00,0x00,0x00,0x00,0x00,
	0x00,0x00,0x00,0x00,0x00,0x00,0x00,0x00,0x00,0x00,0x00,0x00,0x00,0x00,0x00,0x00,0x00,0x00,0x00,0x00,
	0x00,0x00,0x00,0x00,0x00,0x00,0x00,0x00,0x00,0x00,0x00,0x00,0x00,0x00,0x00,0x00,0x00,0x00,0x00,0x00,
	0x00,0x00,0x00,0x00,0x00,0x00,0x00,0x00,0x00,0x00,0x00,0x00,0x00,0x00,0x00,0x00,0x00,0x00,0x00,0x00,
	0x00,0x00,0x00,0x00,0x00,0x00,0x00,0x00,0x00,0x00,0x00,0x00,0x00,0x00,0x00,0x00,0x00,0x00,0x00,0x00,
	0x00,0x00,0x00,0x00,0x00,0x00,0x00,0x00,0x00,0x00,0x00,0x00,0x00,0x00,0x00,0x00,0x00,0x00,0x00,0x00,
	0x00,0x00,0x00,0x00,0x00,0x00,0x00,0x00,0x00,0x00,0x00,0x00,0x00,0x00,0x00,0x00,0x00,0x00,0x00,0x00,
	0x00,0x00,0x00,0x00,0x00,0x00,0x00,0x00,0x00,0x00,0x00,0x00,0x00,0x00,0x00,0x00,0x00,0x00,0x00,0x00,
	0x00,0x00,0x00,0x00,0x00,0x00,0x00,0x00,0x00,0x00,0x00,0x00,0x00,0x00,0x00,0x00,0x00,0x00,0x00,0x00,
	0x00,0x00,0x00,0x00,0x00,0x00,0x00,0x00,0x00,0x00,0x00,0x00,0x00,0x00,0x00,0x00,0x00,0x00,0x00,0x00,
	0x00,0x00,0x00,0x00,0x00,0x00,0x00,0x00,0x00,0x00,0x00,0x00,0x00,0x00,0x00,0x00,0x00,0x00,0x00,0x00,
	0x00,0x00,0x00,0x00,0x00,0x00,0x00,0x00,0x00,0x00,0x00,0x00,0x00,0x00,0x00,0x00,0x00,0x00,0x00,0x00,
	0x00,0x00,0x00,0x00,0x00,0x00,0x00,0x00,0x00,0x00,0x00,0x00,0x00,0x00,0x00,0x00,0x00,0x00,0x00,0x00,
	0x00,0x00,0x00,0x00,0x00,0x00,0x00,0x00,0x00,0x00,0x00,0x00,0x00,0x00,0x00,0x00,0x00,0x00,0x01,0x00,
	0x21,0x00,0x42,0x00,0x42,0x00,0x62,0x08,0x62,0x08,0x62,0x08,0x63,0x08,0x63,0x08,0x63,0x08,0x63,0x08,
	0x42,0x08,0x62,0x08,0x83,0x08,0xC5,0x08,0x05,0x09,0x06,0x09,0x06,0x09,0x06,0x11,0x06,0x11,0x06,0x11,
	0x06,0x11,0x06,0x11,0x06,0x11,0xE6,0x10,0xE6,0x10,0xE6,0x10,0xE6,0x10,0xE6,0x10,0xE6,0x10,0xE6,0x10,
	0xE6,0x10,0xE6,0x10,0xE6,0x10,0xE6,0x10,0xE6,0x10,0xE6,0x10,0xE6,0x10,0xE6,0x10,0xE6,0x10,0xC5,0x10,
	0xC5,0x08,0xC5,0x08,0xC5,0x08,0xC5,0x08,0x84,0x08,0x83,0x08,0x62,0x08,0x42,0x08,0x42,0x08,0x42,0x08,
	0x42,0x08,0x63,0x08,0x63,0x08,0x63,0x08,0x42,0x08,0x42,0x08,0x42,0x08,0x42,0x08,0x43,0x08,0x64,0x08,
	0x64,0x08,0x64,0x10,0x65,0x18,0x86,0x18,0x86,0x18,0x86,0x18,0x86,0x18,0x86,0x18,0xA6,0x20,0x86,0x20,
	0x86,0x20,0x86,0x20,0x86,0x20,0x86,0x20,0x86,0x20,0x86,0x20,0x86,0x20,0x86,0x20,0x86,0x20,0x86,0x20,
	0x86,0x20,0x66,0x20,0x66,0x20,0x66,0x20,0x66,0x20,0x66,0x20,0x66,0x20,0x66,0x20,0x66,0x20,0x66,0x20,
	0x66,0x20,0x66,0x20,0x44,0x18,0x23,0x18,0x22,0x10,0x23,0x10,0x23,0x10,0x23,0x10,0x23,0x10,0x22,0x10,
	0x23,0x10,0x23,0x10,0x02,0x08,0x02,0x08,0x01,0x08,0x01,0x08,0x00,0x00,0x00,0x00,0x00,0x00,0x00,0x00,
	0x00,0x00,0x00,0x00,0x00,0x00,0x00,0x00,0x00,0x00,0x00,0x00,0x00,0x00,0x00,0x00,0x00,0x00,0x00,0x00,
	0x00,0x00,0x00,0x00,0x00,0x00,0x00,0x00,0x00,0x00,0x00,0x00,0x00,0x00,0x00,0x00,0x00,0x00,0x00,0x00,
	0x00,0x00,0x00,0x00,0x00,0x00,0x00,0x00,0x00,0x00,0x00,0x00,0x00,0x00,0x00,0x00,0x00,0x00,0x00,0x00,
	0x00,0x00,0x00,0x00,0x00,0x00,0x00,0x00,0x00,0x00,0x00,0x00,0x00,0x00,0x00,0x00,0x00,0x00,0x00,0x00,
	0x00,0x00,0x00,0x00,0x00,0x00,0x00,0x00,0x00,0x00,0x00,0x00,0x00,0x00,0x00,0x00,0x00,0x00,0x00,0x00,
	0x00,0x00,0x00,0x00,0x00,0x00,0x00,0x00,0x00,0x00,0x00,0x00,0x00,0x00,0x00,0x00,0x00,0x00,0x00,0x00,
	0x00,0x00,0x00,0x00,0x00,0x00,0x00,0x00,0x00,0x00,0x00,0x00,0x00,0x00,0x00,0x00,0x00,0x00,0x00,0x00,
	0x00,0x00,0x00,0x00,0x00,0x00,0x00,0x00,0x00,0x00,0x00,0x00,0x00,0x00,0x00,0x00,0x00,0x00,0x00,0x00,
	0x00,0x00,0x00,0x00,0x00,0x00,0x00,0x00,0x00,0x00,0x00,0x00,0x00,0x00,0x00,0x00,0x00,0x00,0x00,0x00,
	0x00,0x00,0x00,0x00,0x00,0x00,0x00,0x00,0x00,0x00,0x00,0x00,0x00,0x00,0x00,0x00,0x00,0x00,0x00,0x00,
	0x00,0x00,0x00,0x00,0x00,0x00,0x00,0x00,0x00,0x00,0x00,0x00,0x00,0x00,0x00,0x00,0x00,0x00,0x00,0x00,
	0x00,0x00,0x00,0x00,0x00,0x00,0x00,0x00,0x00,0x00,0x00,0x00,0x00,0x00,0x00,0x00,0x00,0x00,0x00,0x00,
	0x00,0x00,0x00,0x00,0x00,0x00,0x00,0x00,0x00,0x00,0x00,0x00,0x00,0x00,0x00,0x00,0x00,0x00,0x00,0x00,
	0x00,0x00,0x00,0x00,0x00,0x00,0x00,0x00,0x00,0x00,0x00,0x00,0x00,0x00,0x00,0x00,0x00,0x00,0x00,0x00,
	0x00,0x00,0x00,0x00,0x00,0x00,0x00,0x00,0x00,0x00,0x00,0x00,0x00,0x00,0x00,0x00,0x00,0x00,0x00,0x00,
	0x00,0x00,0x00,0x00,0x00,0x00,0x00,0x00,0x00,0x00,0x00,0x00,0x00,0x00,0x00,0x00,0x00,0x00,0x00,0x00,
	0x00,0x00,0x00,0x00,0x00,0x00,0x00,0x00,0x21,0x00,0x21,0x00,0x21,0x00,0x21,0x08,0x21,0x00,0x41,0x00,
	0x42,0x00,0x42,0x00,0x42,0x08,0x42,0x08,0x62,0x08,0x63,0x08,0x84,0x08,0xC5,0x08,0x06,0x09,0x06,0x11,
	0x06,0x11,0x06,0x11,0x06,0x11,0x06,0x11,0x06,0x11,0x06,0x11,0x06,0x11,0xE6,0x10,0xE6,0x10,0xE6,0x10,
	0xE6,0x10,0xE6,0x10,0xE6,0x10,0xE6,0x10,0xE6,0x10,0xE6,0x10,0xE5,0x08,0xE5,0x08,0xC5,0x08,0xC5,0x08,
	0xC5,0x08,0xA4,0x08,0x84,0x08,0x84,0x08,0x83,0x08,0x84,0x08,0x84,0x08,0x63,0x08,0x62,0x08,0x62,0x08,
	0x42,0x08,0x42,0x08,0x42,0x08,0x43,0x08,0x63,0x08,0x63,0x08,0x63,0x08,0x43,0x08,0x42,0x08,0x42,0x08,
	0x42,0x08,0x43,0x08,0x43,0x08,0x43,0x08,0x43,0x08,0x44,0x10,0x64,0x10,0x64,0x10,0x64,0x10,0x64,0x10,
	0x65,0x10,0x85,0x18,0x85,0x18,0x86,0x18,0x86,0x20,0x86,0x20,0x86,0x20,0x86,0x20,0x86,0x20,0x86,0x20,
	0x86,0x20,0x86,0x20,0x86,0x20,0x86,0x20,0x86,0x20,0x66,0x20,0x66,0x20,0x66,0x20,0x66,0x20,0x66,0x20,
	0x66,0x20,0x67,0x20,0x67,0x28,0x66,0x20,0x44,0x18,0x23,0x18,0x22,0x10,0x22,0x10,0x22,0x10,0x02,0x08,
	0x02,0x08,0x01,0x08,0x01,0x08,0x01,0x08,0x01,0x08,0x01,0x00,0x01,0x00,0x00,0x00,0x00,0x00,0x00,0x00,
	0x00,0x00,0x00,0x00,0x00,0x00,0x00,0x00,0x00,0x00,0x00,0x00,0x00,0x00,0x00,0x00,0x00,0x00,0x00,0x00,
	0x00,0x00,0x00,0x00,0x00,0x00,0x00,0x00,0x00,0x00,0x00,0x00,0x00,0x00,0x00,0x00,0x00,0x00,0x00,0x00,
	0x00,0x00,0x00,0x00,0x00,0x00,0x00,0x00,0x00,0x00,0x00,0x00,0x00,0x00,0x00,0x00,0x00,0x00,0x00,0x00,
	0x00,0x00,0x00,0x00,0x00,0x00,0x00,0x00,0x00,0x00,0x00,0x00,0x00,0x00,0x00,0x00,0x00,0x00,0x00,0x00,
	0x00,0x00,0x00,0x00,0x00,0x00,0x00,0x00,0x00,0x00,0x00,0x00,0x00,0x00,0x00,0x00,0x00,0x00,0x00,0x00,
	0x00,0x00,0x00,0x00,0x00,0x00,0x00,0x00,0x00,0x00,0x00,0x00,0x00,0x00,0x00,0x00,0x00,0x00,0x00,0x00,
	0x00,0x00,0x00,0x00,0x00,0x00,0x00,0x00,0x00,0x00,0x00,0x00,0x00,0x00,0x00,0x00,0x00,0x00,0x00,0x00,
	0x00,0x00,0x00,0x00,0x00,0x00,0x00,0x00,0x00,0x00,0x00,0x00,0x00,0x00,0x00,0x00,0x00,0x00,0x00,0x00,
	0x00,0x00,0x00,0x00,0x00,0x00,0x00,0x00,0x00,0x00,0x00,0x00,0x00,0x00,0x00,0x00,0x00,0x00,0x00,0x00,
	0x00,0x00,0x00,0x00,0x00,0x00,0x00,0x00,0x00,0x00,0x00,0x00,0x00,0x00,0x00,0x00,0x00,0x00,0x00,0x00,
	0x00,0x00,0x00,0x00,0x00,0x00,0x00,0x00,0x00,0x00,0x00,0x00,0x00,0x00,0x00,0x00,0x00,0x00,0x00,0x00,
	0x00,0x00,0x00,0x00,0x00,0x00,0x00,0x00,0x00,0x00,0x00,0x00,0x00,0x00,0x00,0x00,0x00,0x00,0x00,0x00,
	0x00,0x00,0x00,0x00,0x00,0x00,0x00,0x00,0x00,0x00,0x00,0x00,0x00,0x00,0x00,0x00,0x00,0x00,0x00,0x00,
	0x00,0x00,0x00,0x00,0x00,0x00,0x00,0x00,0x00,0x00,0x00,0x00,0x00,0x00,0x00,0x00,0x00,0x00,0x00,0x00,
	0x00,0x00,0x00,0x00,0x00,0x00,0x00,0x00,0x00,0x00,0x00,0x00,0x00,0x00,0x00,0x00,0x00,0x00,0x00,0x00,
	0x00,0x00,0x00,0x00,0x00,0x00,0x00,0x00,0x00,0x00,0x00,0x00,0x00,0x00,0x00,0x00,0x00,0x00,0x00,0x00,
	0x00,0x00,0x00,0x00,0x00,0x00,0x00,0x00,0x00,0x00,0x00,0x00,0x00,0x00,0x00,0x00,0x00,0x00,0x00,0x00,
	0x00,0x00,0x00,0x00,0x00,0x00,0x20,0x00,0x40,0x00,0x41,0x00,0x62,0x08,0x62,0x08,0x62,0x08,0x42,0x08,
	0x83,0x08,0xE5,0x10,0x06,0x11,0x06,0x11,0x06,0x11,0x06,0x11,0x06,0x11,0x06,0x11,0x06,0x11,0xE6,0x10,
	0xE6,0x10,0xE6,0x10,0xE6,0x10,0xE6,0x10,0xE6,0x10,0xE6,0x10,0xC5,0x10,0xC5,0x10,0xC5,0x08,0xC4,0x08,
	0xC4,0x08,0xA4,0x08,0xA4,0x08,0x83,0x08,0x63,0x08,0x63,0x08,0x62,0x08,0x62,0x08,0x63,0x08,0x63,0x08,
	0x62,0x08,0x62,0x08,0x62,0x08,0x63,0x08,0x63,0x08,0x63,0x08,0x63,0x08,0x63,0x08,0x63,0x08,0x63,0x08,
	0x63,0x08,0x63,0x08,0x63,0x08,0x43,0x08,0x43,0x08,0x42,0x08,0x42,0x08,0x43,0x08,0x43,0x08,0x42,0x08,
	0x42,0x08,0x42,0x08,0x43,0x08,0x43,0x08,0x64,0x10,0x64,0x10,0x85,0x10,0x85,0x18,0x85,0x18,0x85,0x18,
	0x65,0x18,0x66,0x20,0x66,0x20,0x86,0x20,0x86,0x20,0x86,0x20,0x86,0x20,0x66,0x20,0x66,0x20,0x66,0x20,
	0x66,0x20,0x66,0x20,0x66,0x20,0x66,0x20,0x67,0x28,0x66,0x28,0x44,0x18,0x23,0x10,0x22,0x10,0x22,0x10,
	0x22,0x10,0x01,0x08,0x01,0x00,0x01,0x00,0x00,0x00,0x00,0x00,0x00,0x00,0x00,0x00,0x00,0x00,0x00,0x00,
	0x00,0x00,0x00,0x00,0x00,0x00,0x00,0x00,0x00,0x00,0x00,0x00,0x00,0x00,0x00,0x00,0x00,0x00,0x00,0x00,
	0x00,0x00,0x00,0x00,0x00,0x00,0x00,0x00,0x00,0x00,0x00,0x00,0x00,0x00,0x00,0x00,0x00,0x00,0x00,0x00,
	0x00,0x00,0x00,0x00,0x00,0x00,0x00,0x00,0x00,0x00,0x00,0x00,0x00,0x00,0x00,0x00,0x00,0x00,0x00,0x00,
	0x00,0x00,0x00,0x00,0x00,0x00,0x00,0x00,0x00,0x00,0x00,0x00,0x00,0x00,0x00,0x00,0x00,0x00,0x00,0x00,
	0x00,0x00,0x00,0x00,0x00,0x00,0x00,0x00,0x00,0x00,0x00,0x00,0x00,0x00,0x00,0x00,0x00,0x00,0x00,0x00,
	0x00,0x00,0x00,0x00,0x00,0x00,0x00,0x00,0x00,0x00,0x00,0x00,0x00,0x00,0x00,0x00,0x00,0x00,0x00,0x00,
	0x00,0x00,0x00,0x00,0x00,0x00,0x00,0x00,0x00,0x00,0x00,0x00,0x00,0x00,0x00,0x00,0x00,0x00,0x00,0x00,
	0x00,0x00,0x00,0x00,0x00,0x00,0x00,0x00,0x00,0x00,0x00,0x00,0x00,0x00,0x00,0x00,0x00,0x00,0x00,0x00,
	0x00,0x00,0x00,0x00,0x00,0x00,0x00,0x00,0x00,0x00,0x00,0x00,0x00,0x00,0x00,0x00,0x00,0x00,0x00,0x00,
	0x00,0x00,0x00,0x00,0x00,0x00,0x00,0x00,0x00,0x00,0x00,0x00,0x00,0x00,0x00,0x00,0x00,0x00,0x00,0x00,
	0x00,0x00,0x00,0x00,0x00,0x00,0x00,0x00,0x00,0x00,0x00,0x00,0x00,0x00,0x00,0x00,0x00,0x00,0x00,0x00,
	0x00,0x00,0x00,0x00,0x00,0x00,0x00,0x00,0x00,0x00,0x00,0x00,0x00,0x00,0x00,0x00,0x00,0x00,0x00,0x00,
	0x00,0x00,0x00,0x00,0x00,0x00,0x00,0x00,0x00,0x00,0x00,0x00,0x00,0x00,0x00,0x00,0x00,0x00,0x00,0x00,
	0x00,0x00,0x00,0x00,0x00,0x00,0x00,0x00,0x00,0x00,0x00,0x00,0x00,0x00,0x00,0x00,0x00,0x00,0x00,0x00,
	0x00,0x00,0x00,0x00,0x00,0x00,0x00,0x00,0x00,0x00,0x00,0x00,0x00,0x00,0x00,0x00,0x00,0x00,0x00,0x00,
	0x00,0x00,0x00,0x00,0x00,0x00,0x00,0x00,0x00,0x00,0x00,0x00,0x00,0x00,0x00,0x00,0x00,0x00,0x00,0x00,
	0x00,0x00,0x00,0x00,0x00,0x00,0x00,0x00,0x00,0x00,0x00,0x00,0x00,0x00,0x00,0x00,0x00,0x00,0x00,0x00,
	0x00,0x00,0x00,0x00,0x00,0x00,0x00,0x00,0x00,0x00,0x00,0x00,0x00,0x00,0x00,0x00,0x20,0x00,0x21,0x00,
	0x21,0x00,0x20,0x00,0x21,0x00,0x21,0x00,0x42,0x08,0x83,0x08,0xC4,0x08,0xC4,0x08,0xC4,0x08,0xC4,0x08,
	0xC4,0x08,0xC4,0x08,0xC4,0x08,0xC4,0x08,0xA4,0x08,0xA4,0x08,0xA4,0x08,0xA4,0x08,0xA3,0x08,0xA3,0x08,
	0x84,0x08,0x83,0x08,0x83,0x08,0x82,0x08,0x82,0x08,0x62,0x08,0x63,0x08,0x63,0x08,0x63,0x08,0x63,0x08,
	0x63,0x08,0x63,0x08,0x63,0x08,0x63,0x08,0x63,0x08,0x63,0x08,0x63,0x08,0x63,0x08,0x63,0x08,0x63,0x08,
	0x63,0x08,0x63,0x08,0x63,0x08,0x63,0x08,0x63,0x08,0x63,0x08,0x63,0x08,0x63,0x08,0x43,0x08,0x43,0x08,
	0x43,0x08,0x43,0x08,0x43,0x10,0x43,0x10,0x43,0x08,0x43,0x08,0x43,0x08,0x42,0x08,0x42,0x08,0x43,0x08,
	0x43,0x08,0x43,0x10,0x43,0x10,0x43,0x10,0x23,0x18,0x44,0x18,0x44,0x18,0x44,0x18,0x44,0x18,0x44,0x18,
	0x44,0x18,0x24,0x18,0x24,0x18,0x24,0x18,0x24,0x18,0x44,0x18,0x45,0x20,0x24,0x18,0x23,0x10,0x22,0x08,
	0x01,0x08,0x01,0x08,0x01,0x08,0x01,0x08,0x00,0x00,0x00,0x00,0x00,0x00,0x00,0x00,0x00,0x00,0x00,0x00,
	0x00,0x00,0x00,0x00,0x00,0x00,0x00,0x00,0x00,0x00,0x00,0x00,0x00,0x00,0x00,0x00,0x00,0x00,0x00,0x00,
	0x00,0x00,0x00,0x00,0x00,0x00,0x00,0x00,0x00,0x00,0x00,0x00,0x00,0x00,0x00,0x00,0x00,0x00,0x00,0x00,
	0x00,0x00,0x00,0x00,0x00,0x00,0x00,0x00,0x00,0x00,0x00,0x00,0x00,0x00,0x00,0x00,0x00,0x00,0x00,0x00,
	0x00,0x00,0x00,0x00,0x00,0x00,0x00,0x00,0x00,0x00,0x00,0x00,0x00,0x00,0x00,0x00,0x00,0x00,0x00,0x00,
	0x00,0x00,0x00,0x00,0x00,0x00,0x00,0x00,0x00,0x00,0x00,0x00,0x00,0x00,0x00,0x00,0x00,0x00,0x00,0x00,
	0x00,0x00,0x00,0x00,0x00,0x00,0x00,0x00,0x00,0x00,0x00,0x00,0x00,0x00,0x00,0x00,0x00,0x00,0x00,0x00,
	0x00,0x00,0x00,0x00,0x00,0x00,0x00,0x00,0x00,0x00,0x00,0x00,0x00,0x00,0x00,0x00,0x00,0x00,0x00,0x00,
	0x00,0x00,0x00,0x00,0x00,0x00,0x00,0x00,0x00,0x00,0x00,0x00,0x00,0x00,0x00,0x00,0x00,0x00,0x00,0x00,
	0x00,0x00,0x00,0x00,0x00,0x00,0x00,0x00,0x00,0x00,0x00,0x00,0x00,0x00,0x00,0x00,0x00,0x00,0x00,0x00,
	0x00,0x00,0x00,0x00,0x00,0x00,0x00,0x00,0x00,0x00,0x00,0x00,0x00,0x00,0x00,0x00,0x00,0x00,0x00,0x00,
	0x00,0x00,0x00,0x00,0x00,0x00,0x00,0x00,0x00,0x00,0x00,0x00,0x00,0x00,0x00,0x00,0x00,0x00,0x00,0x00,
	0x00,0x00,0x00,0x00,0x00,0x00,0x00,0x00,0x00,0x00,0x00,0x00,0x00,0x00,0x00,0x00,0x00,0x00,0x00,0x00,
	0x00,0x00,0x00,0x00,0x00,0x00,0x00,0x00,0x00,0x00,0x00,0x00,0x00,0x00,0x00,0x00,0x00,0x00,0x00,0x00,
	0x00,0x00,0x00,0x00,0x00,0x00,0x00,0x00,0x00,0x00,0x00,0x00,0x00,0x00,0x00,0x00,0x00,0x00,0x00,0x00,
	0x00,0x00,0x00,0x00,0x00,0x00,0x00,0x00,0x00,0x00,0x00,0x00,0x00,0x00,0x00,0x00,0x00,0x00,0x00,0x00,
	0x00,0x00,0x00,0x00,0x00,0x00,0x00,0x00,0x00,0x00,0x00,0x00,0x00,0x00,0x00,0x00,0x00,0x00,0x00,0x00,
	0x00,0x00,0x00,0x00,0x00,0x00,0x00,0x00,0x00,0x00,0x00,0x00,0x00,0x00,0x00,0x00,0x00,0x00,0x00,0x00,
	0x00,0x00,0x00,0x00,0x00,0x00,0x00,0x00,0x00,0x00,0x00,0x00,0x00,0x00,0x00,0x00,0x00,0x00,0x00,0x00,
	0x00,0x00,0x00,0x00,0x00,0x00,0x00,0x00,0x00,0x00,0x00,0x00,0x00,0x00,0x00,0x00,0x21,0x00,0x82,0x00,
	0x82,0x00,0x83,0x00,0x83,0x00,0x83,0x00,0x83,0x00,0x83,0x00,0xA3,0x00,0x83,0x00,0x83,0x08,0x83,0x00,
	0x82,0x00,0x82,0x00,0x82,0x00,0x83,0x08,0x62,0x08,0x62,0x08,0x62,0x08,0x62,0x08,0x62,0x08,0x63,0x08,
	0x63,0x08,0x63,0x08,0x63,0x08,0x63,0x08,0x63,0x08,0x63,0x08,0x63,0x08,0x63,0x08,0x63,0x08,0x63,0x08,
	0x63,0x08,0x63,0x08,0x63,0x08,0x63,0x08,0x63,0x08,0x63,0x08,0x63,0x08,0x63,0x08,0x63,0x08,0x63,0x08,
	0x63,0x08,0x43,0x08,0x43,0x08,0x43,0x08,0x43,0x08,0x43,0x10,0x43,0x10,0x43,0x10,0x43,0x08,0x43,0x08,
	0x42,0x08,0x22,0x08,0x22,0x08,0x22,0x08,0x42,0x08,0x43,0x10,0x22,0x10,0x22,0x10,0x22,0x10,0x43,0x10,
	0x23,0x10,0x23,0x10,0x23,0x10,0x23,0x10,0x23,0x10,0x23,0x10,0x23,0x10,0x23,0x10,0x23,0x10,0x23,0x10,
	0x02,0x08,0x01,0x00,0x00,0x00,0x00,0x00,0x00,0x00,0x00,0x00,0x00,0x00,0x00,0x00,0x00,0x00,0x00,0x00,
	0x00,0x00,0x00,0x00,0x00,0x00,0x00,0x00,0x00,0x00,0x00,0x00,0x00,0x00,0x00,0x00,0x00,0x00,0x00,0x00,
	0x00,0x00,0x00,0x00,0x00,0x00,0x00,0x00,0x00,0x00,0x00,0x00,0x00,0x00,0x00,0x00,0x00,0x00,0x00,0x00,
	0x00,0x00,0x00,0x00,0x00,0x00,0x00,0x00,0x00,0x00,0x00,0x00,0x00,0x00,0x00,0x00,0x00,0x00,0x00,0x00,
	0x00,0x00,0x00,0x00,0x00,0x00,0x00,0x00,0x00,0x00,0x00,0x00,0x00,0x00,0x00,0x00,0x00,0x00,0x00,0x00,
	0x00,0x00,0x00,0x00,0x00,0x00,0x00,0x00,0x00,0x00,0x00,0x00,0x00,0x00,0x00,0x00,0x00,0x00,0x00,0x00,
	0x00,0x00,0x00,0x00,0x00,0x00,0x00,0x00,0x00,0x00,0x00,0x00,0x00,0x00,0x00,0x00,0x00,0x00,0x00,0x00,
	0x00,0x00,0x00,0x00,0x00,0x00,0x00,0x00,0x00,0x00,0x00,0x00,0x00,0x00,0x00,0x00,0x00,0x00,0x00,0x00,
	0x00,0x00,0x00,0x00,0x00,0x00,0x00,0x00,0x00,0x00,0x00,0x00,0x00,0x00,0x00,0x00,0x00,0x00,0x00,0x00,
	0x00,0x00,0x00,0x00,0x00,0x00,0x00,0x00,0x00,0x00,0x00,0x00,0x00,0x00,0x00,0x00,0x00,0x00,0x00,0x00,
	0x00,0x00,0x00,0x00,0x00,0x00,0x00,0x00,0x00,0x00,0x00,0x00,0x00,0x00,0x00,0x00,0x00,0x00,0x00,0x00,
	0x00,0x00,0x00,0x00,0x00,0x00,0x00,0x00,0x00,0x00,0x00,0x00,0x00,0x00,0x00,0x00,0x00,0x00,0x00,0x00,
	0x00,0x00,0x00,0x00,0x00,0x00,0x00,0x00,0x00,0x00,0x00,0x00,0x00,0x00,0x00,0x00,0x00,0x00,0x00,0x00,
	0x00,0x00,0x00,0x00,0x00,0x00,0x00,0x00,0x00,0x00,0x00,0x00,0x00,0x00,0x00,0x00,0x00,0x00,0x00,0x00,
	0x00,0x00,0x00,0x00,0x00,0x00,0x00,0x00,0x00,0x00,0x00,0x00,0x00,0x00,0x00,0x00,0x00,0x00,0x00,0x00,
	0x00,0x00,0x00,0x00,0x00,0x00,0x00,0x00,0x00,0x00,0x00,0x00,0x00,0x00,0x00,0x00,0x00,0x00,0x00,0x00,
	0x00,0x00,0x00,0x00,0x00,0x00,0x00,0x00,0x00,0x00,0x00,0x00,0x00,0x00,0x00,0x00,0x00,0x00,0x00,0x00,
	0x00,0x00,0x00,0x00,0x00,0x00,0x00,0x00,0x00,0x00,0x00,0x00,0x00,0x00,0x00,0x00,0x00,0x00,0x00,0x00,
	0x00,0x00,0x00,0x00,0x00,0x00,0x00,0x00,0x00,0x00,0x00,0x00,0x00,0x00,0x00,0x00,0x00,0x00,0x00,0x00,
	0x00,0x00,0x00,0x00,0x00,0x00,0x00,0x00,0x00,0x00,0x00,0x00,0x00,0x00,0x00,0x00,0x00,0x00,0x00,0x00,
	0x00,0x00,0x00,0x00,0x00,0x00,0x41,0x00,0x61,0x00,0x83,0x00,0x83,0x00,0x82,0x00,0x82,0x00,0x82,0x00,
	0x82,0x00,0x82,0x00,0x82,0x00,0x82,0x00,0x82,0x00,0x83,0x08,0x83,0x08,0x83,0x08,0x83,0x08,0x83,0x08,
	0x83,0x08,0x83,0x08,0x83,0x08,0x83,0x08,0x63,0x08,0x63,0x08,0x63,0x08,0x63,0x08,0x63,0x08,0x63,0x08,
	0x63,0x08,0x63,0x08,0x63,0x08,0x63,0x08,0x63,0x08,0x63,0x08,0x63,0x08,0x63,0x08,0x63,0x08,0x63,0x08,
	0x63,0x08,0x63,0x08,0x63,0x08,0x63,0x08,0x43,0x08,0x43,0x08,0x43,0x08,0x43,0x08,0x43,0x10,0x43,0x10,
	0x43,0x10,0x43,0x10,0x43,0x10,0x43,0x10,0x43,0x10,0x43,0x10,0x43,0x10,0x43,0x10,0x43,0x10,0x23,0x10,
	0x22,0x10,0x22,0x08,0x42,0x08,0x22,0x10,0x22,0x10,0x22,0x10,0x22,0x10,0x22,0x10,0x22,0x10,0x22,0x10,
	0x22,0x08,0x21,0x08,0x00,0x00,0x00,0x00,0x00,0x00,0x00,0x00,0x00,0x00,0x00,0x00,0x00,0x00,0x00,0x00,
	0x00,0x00,0x00,0x00,0x00,0x00,0x00,0x00,0x00,0x00,0x00,0x00,0x00,0x00,0x00,0x00,0x00,0x00,0x00,0x00,
	0x00,0x00,0x00,0x00,0x00,0x00,0x00,0x00,0x00,0x00,0x00,0x00,0x00,0x00,0x00,0x00,0x00,0x00,0x00,0x00,
	0x00,0x00,0x00,0x00,0x00,0x00,0x00,0x00,0x00,0x00,0x00,0x00,0x00,0x00,0x00,0x00,0x00,0x00,0x00,0x00,
	0x00,0x00,0x00,0x00,0x00,0x00,0x00,0x00,0x00,0x00,0x00,0x00,0x00,0x00,0x00,0x00,0x00,0x00,0x00,0x00,
	0x00,0x00,0x00,0x00,0x00,0x00,0x00,0x00,0x00,0x00,0x00,0x00,0x00,0x00,0x00,0x00,0x00,0x00,0x00,0x00,
	0x00,0x00,0x00,0x00,0x00,0x00,0x00,0x00,0x00,0x00,0x00,0x00,0x00,0x00,0x00,0x00,0x00,0x00,0x00,0x00,
	0x00,0x00,0x00,0x00,0x00,0x00,0x00,0x00,0x00,0x00,0x00,0x00,0x00,0x00,0x00,0x00,0x00,0x00,0x00,0x00,
	0x00,0x00,0x00,0x00,0x00,0x00,0x00,0x00,0x00,0x00,0x00,0x00,0x00,0x00,0x00,0x00,0x00,0x00,0x00,0x00,
	0x00,0x00,0x00,0x00,0x00,0x00,0x00,0x00,0x00,0x00,0x00,0x00,0x00,0x00,0x00,0x00,0x00,0x00,0x00,0x00,
	0x00,0x00,0x00,0x00,0x00,0x00,0x00,0x00,0x00,0x00,0x00,0x00,0x00,0x00,0x00,0x00,0x00,0x00,0x00,0x00,
	0x00,0x00,0x00,0x00,0x00,0x00,0x00,0x00,0x00,0x00,0x00,0x00,0x00,0x00,0x00,0x00,0x00,0x00,0x00,0x00,
	0x00,0x00,0x00,0x00,0x00,0x00,0x00,0x00,0x00,0x00,0x00,0x00,0x00,0x00,0x00,0x00,0x00,0x00,0x00,0x00,
	0x00,0x00,0x00,0x00,0x00,0x00,0x00,0x00,0x00,0x00,0x00,0x00,0x00,0x00,0x00,0x00,0x00,0x00,0x00,0x00,
	0x00,0x00,0x00,0x00,0x00,0x00,0x00,0x00,0x00,0x00,0x00,0x00,0x00,0x00,0x00,0x00,0x00,0x00,0x00,0x00,
	0x00,0x00,0x00,0x00,0x00,0x00,0x00,0x00,0x00,0x00,0x00,0x00,0x00,0x00,0x00,0x00,0x00,0x00,0x00,0x00,
	0x00,0x00,0x00,0x00,0x00,0x00,0x00,0x00,0x00,0x00,0x00,0x00,0x00,0x00,0x00,0x00,0x00,0x00,0x00,0x00,
	0x00,0x00,0x00,0x00,0x00,0x00,0x00,0x00,0x00,0x00,0x00,0x00,0x00,0x00,0x00,0x00,0x00,0x00,0x00,0x00,
	0x00,0x00,0x00,0x00,0x00,0x00,0x00,0x00,0x00,0x00,0x00,0x00,0x00,0x00,0x00,0x00,0x00,0x00,0x00,0x00,
	0x00,0x00,0x00,0x00,0x00,0x00,0x00,0x00,0x00,0x00,0x00,0x00,0x00,0x00,0x00,0x00,0x00,0x00,0x00,0x00,
	0x00,0x00,0x00,0x00,0x00,0x00,0x00,0x00,0x00,0x00,0x00,0x00,0x20,0x00,0x41,0x00,0x62,0x00,0x63,0x00,
	0x82,0x00,0x82,0x00,0x82,0x00,0x82,0x00,0x82,0x00,0x82,0x00,0x82,0x00,0x82,0x00,0x83,0x08,0x83,0x08,
	0x83,0x08,0x83,0x08,0x83,0x08,0x83,0x08,0x83,0x08,0x83,0x08,0x83,0x08,0x63,0x08,0x63,0x08,0x63,0x08,
	0x63,0x08,0x63,0x08,0x63,0x08,0x63,0x08,0x63,0x08,0x63,0x08,0x63,0x08,0x63,0x08,0x63,0x08,0x63,0x08,
	0x63,0x08,0x63,0x08,0x63,0x08,0x63,0x08,0x63,0x08,0x63,0x08,0x63,0x08,0x43,0x08,0x43,0x08,0x43,0x08,
	0x43,0x08,0x43,0x10,0x43,0x10,0x43,0x10,0x43,0x10,0x43,0x10,0x43,0x10,0x43,0x10,0x43,0x10,0x43,0x10,
	0x43,0x10,0x43,0x10,0x43,0x10,0x22,0x10,0x42,0x10,0x42,0x08,0x22,0x10,0x22,0x10,0x22,0x10,0x22,0x10,
	0x22,0x10,0x22,0x10,0x01,0x08,0x01,0x08,0x00,0x00,0x00,0x00,0x00,0x00,0x00,0x00,0x00,0x00,0x00,0x00,
	0x00,0x00,0x00,0x00,0x00,0x00,0x00,0x00,0x00,0x00,0x00,0x00,0x00,0x00,0x00,0x00,0x00,0x00,0x00,0x00,
	0x00,0x00,0x00,0x00,0x00,0x00,0x00,0x00,0x00,0x00,0x00,0x00,0x00,0x00,0x00,0x00,0x00,0x00,0x00,0x00,
	0x00,0x00,0x00,0x00,0x00,0x00,0x00,0x00,0x00,0x00,0x00,0x00,0x00,0x00,0x00,0x00,0x00,0x00,0x00,0x00,
	0x00,0x00,0x00,0x00,0x00,0x00,0x00,0x00,0x00,0x00,0x00,0x00,0x00,0x00,0x00,0x00,0x00,0x00,0x00,0x00,
	0x00,0x00,0x00,0x00,0x00,0x00,0x00,0x00,0x00,0x00,0x00,0x00,0x00,0x00,0x00,0x00,0x00,0x00,0x00,0x00,
	0x00,0x00,0x00,0x00,0x00,0x00,0x00,0x00,0x00,0x00,0x00,0x00,0x00,0x00,0x00,0x00,0x00,0x00,0x00,0x00,
	0x00,0x00,0x00,0x00,0x00,0x00,0x00,0x00,0x00,0x00,0x00,0x00,0x00,0x00,0x00,0x00,0x00,0x00,0x00,0x00,
	0x00,0x00,0x00,0x00,0x00,0x00,0x00,0x00,0x00,0x00,0x00,0x00,0x00,0x00,0x00,0x00,0x00,0x00,0x00,0x00,
	0x00,0x00,0x00,0x00,0x00,0x00,0x00,0x00,0x00,0x00,0x00,0x00,0x00,0x00,0x00,0x00,0x00,0x00,0x00,0x00,
	0x00,0x00,0x00,0x00,0x00,0x00,0x00,0x00,0x00,0x00,0x00,0x00,0x00,0x00,0x00,0x00,0x00,0x00,0x00,0x00,
	0x00,0x00,0x00,0x00,0x00,0x00,0x00,0x00,0x00,0x00,0x00,0x00,0x00,0x00,0x00,0x00,0x00,0x00,0x00,0x00,
	0x00,0x00,0x00,0x00,0x00,0x00,0x00,0x00,0x00,0x00,0x00,0x00,0x00,0x00,0x00,0x00,0x00,0x00,0x00,0x00,
	0x00,0x00,0x00,0x00,0x00,0x00,0x00,0x00,0x00,0x00,0x00,0x00,0x00,0x00,0x00,0x00,0x00,0x00,0x00,0x00,
	0x00,0x00,0x00,0x00,0x00,0x00,0x00,0x00,0x00,0x00,0x00,0x00,0x00,0x00,0x00,0x00,0x00,0x00,0x00,0x00,
	0x00,0x00,0x00,0x00,0x00,0x00,0x00,0x00,0x00,0x00,0x00,0x00,0x00,0x00,0x00,0x00,0x00,0x00,0x00,0x00,
	0x00,0x00,0x00,0x00,0x00,0x00,0x00,0x00,0x00,0x00,0x00,0x00,0x00,0x00,0x00,0x00,0x00,0x00,0x00,0x00,
	0x00,0x00,0x00,0x00,0x00,0x00,0x00,0x00,0x00,0x00,0x00,0x00,0x00,0x00,0x00,0x00,0x00,0x00,0x00,0x00,
	0x00,0x00,0x00,0x00,0x00,0x00,0x00,0x00,0x00,0x00,0x00,0x00,0x00,0x00,0x00,0x00,0x00,0x00,0x00,0x00,
	0x00,0x00,0x00,0x00,0x00,0x00,0x00,0x00,0x00,0x00,0x00,0x00,0x00,0x00,0x00,0x00,0x00,0x00,0x00,0x00,
	0x00,0x00,0x00,0x00,0x00,0x00,0x00,0x00,0x00,0x00,0x00,0x00,0x00,0x00,0x00,0x00,0x00,0x00,0x00,0x00,
	0x00,0x00,0x21,0x00,0x62,0x00,0x83,0x00,0x83,0x00,0x83,0x00,0x83,0x00,0x83,0x00,0x83,0x08,0x83,0x08,
	0x83,0x08,0x83,0x08,0x83,0x08,0x83,0x08,0x83,0x08,0x83,0x08,0x83,0x08,0x83,0x08,0x83,0x08,0x83,0x08,
	0x63,0x08,0x63,0x08,0x63,0x08,0x63,0x08,0x63,0x08,0x63,0x08,0x63,0x08,0x63,0x08,0x63,0x08,0x63,0x08,
	0x63,0x08,0x63,0x08,0x63,0x08,0x63,0x08,0x63,0x08,0x63,0x08,0x63,0x08,0x63,0x08,0x63,0x08,0x63,0x08,
	0x43,0x08,0x43,0x08,0x43,0x08,0x43,0x08,0x43,0x10,0x43,0x10,0x43,0x10,0x43,0x10,0x43,0x10,0x43,0x10,
	0x43,0x10,0x43,0x10,0x43,0x10,0x43,0x10,0x43,0x10,0x43,0x10,0x43,0x10,0x43,0x10,0x43,0x10,0x43,0x10,
	0x43,0x10,0x23,0x10,0x23,0x10,0x23,0x10,0x02,0x08,0x01,0x08,0x00,0x00,0x00,0x00,0x00,0x00,0x00,0x00,
	0x00,0x00,0x00,0x00,0x00,0x00,0x00,0x00,0x00,0x00,0x00,0x00,0x00,0x00,0x00,0x00,0x00,0x00,0x00,0x00,
	0x00,0x00,0x00,0x00,0x00,0x00,0x00,0x00,0x00,0x00,0x00,0x00,0x00,0x00,0x00,0x00,0x00,0x00,0x00,0x00,
	0x00,0x00,0x00,0x00,0x00,0x00,0x00,0x00,0x00,0x00,0x00,0x00,0x00,0x00,0x00,0x00,0x00,0x00,0x00,0x00,
	0x00,0x00,0x00,0x00,0x00,0x00,0x00,0x00,0x00,0x00,0x00,0x00,0x00,0x00,0x00,0x00,0x00,0x00,0x00,0x00,
	0x00,0x00,0x00,0x00,0x00,0x00,0x00,0x00,0x00,0x00,0x00,0x00,0x00,0x00,0x00,0x00,0x00,0x00,0x00,0x00,
	0x00,0x00,0x00,0x00,0x00,0x00,0x00,0x00,0x00,0x00,0x00,0x00,0x00,0x00,0x00,0x00,0x00,0x00,0x00,0x00,
	0x00,0x00,0x00,0x00,0x00,0x00,0x00,0x00,0x00,0x00,0x00,0x00,0x00,0x00,0x00,0x00,0x00,0x00,0x00,0x00,
	0x00,0x00,0x00,0x00,0x00,0x00,0x00,0x00,0x00,0x00,0x00,0x00,0x00,0x00,0x00,0x00,0x00,0x00,0x00,0x00,
	0x00,0x00,0x00,0x00,0x00,0x00,0x00,0x00,0x00,0x00,0x00,0x00,0x00,0x00,0x00,0x00,0x00,0x00,0x00,0x00,
	0x00,0x00,0x00,0x00,0x00,0x00,0x00,0x00,0x00,0x00,0x00,0x00,0x00,0x00,0x00,0x00,0x00,0x00,0x00,0x00,
	0x00,0x00,0x00,0x00,0x00,0x00,0x00,0x00,0x00,0x00,0x00,0x00,0x00,0x00,0x00,0x00,0x00,0x00,0x00,0x00,
	0x00,0x00,0x00,0x00,0x00,0x00,0x00,0x00,0x00,0x00,0x00,0x00,0x00,0x00,0x00,0x00,0x00,0x00,0x00,0x00,
	0x00,0x00,0x00,0x00,0x00,0x00,0x00,0x00,0x00,0x00,0x00,0x00,0x00,0x00,0x00,0x00,0x00,0x00,0x00,0x00,
	0x00,0x00,0x00,0x00,0x00,0x00,0x00,0x00,0x00,0x00,0x00,0x00,0x00,0x00,0x00,0x00,0x00,0x00,0x00,0x00,
	0x00,0x00,0x00,0x00,0x00,0x00,0x00,0x00,0x00,0x00,0x00,0x00,0x00,0x00,0x00,0x00,0x00,0x00,0x00,0x00,
	0x00,0x00,0x00,0x00,0x00,0x00,0x00,0x00,0x00,0x00,0x00,0x00,0x00,0x00,0x00,0x00,0x00,0x00,0x00,0x00,
	0x00,0x00,0x00,0x00,0x00,0x00,0x00,0x00,0x00,0x00,0x00,0x00,0x00,0x00,0x00,0x00,0x00,0x00,0x00,0x00,
	0x00,0x00,0x00,0x00,0x00,0x00,0x00,0x00,0x00,0x00,0x00,0x00,0x00,0x00,0x00,0x00,0x00,0x00,0x00,0x00,
	0x00,0x00,0x00,0x00,0x00,0x00,0x00,0x00,0x00,0x00,0x00,0x00,0x00,0x00,0x00,0x00,0x00,0x00,0x00,0x00,
	0x00,0x00,0x00,0x00,0x00,0x00,0x00,0x00,0x00,0x00,0x00,0x00,0x00,0x00,0x00,0x00,0x00,0x00,0x00,0x00,
	0x00,0x00,0x00,0x00,0x00,0x00,0x00,0x00,0x00,0x00,0x21,0x00,0x41,0x00,0x62,0x00,0x83,0x00,0x83,0x00,
	0x83,0x08,0x83,0x08,0x83,0x08,0x83,0x08,0x83,0x08,0x83,0x08,0x83,0x08,0x83,0x08,0x83,0x08,0x83,0x08,
	0x83,0x08,0x83,0x08,0x83,0x08,0x63,0x08,0x63,0x08,0x63,0x08,0x63,0x08,0x63,0x08,0x63,0x08,0x63,0x08,
	0x63,0x08,0x63,0x08,0x63,0x08,0x63,0x08,0x63,0x08,0x63,0x08,0x63,0x08,0x63,0x08,0x63,0x08,0x63,0x08,
	0x63,0x08,0x63,0x08,0x63,0x08,0x43,0x08,0x43,0x08,0x43,0x08,0x43,0x08,0x43,0x10,0x43,0x10,0x43,0x10,
	0x43,0x10,0x43,0x10,0x43,0x10,0x43,0x10,0x43,0x10,0x43,0x10,0x43,0x10,0x43,0x10,0x43,0x10,0x43,0x10,
	0x43,0x10,0x43,0x10,0x43,0x10,0x43,0x10,0x43,0x08,0x22,0x08,0x02,0x08,0x01,0x00,0x00,0x00,0x00,0x00,
	0x00,0x00,0x00,0x00,0x00,0x00,0x00,0x00,0x00,0x00,0x00,0x00,0x00,0x00,0x00,0x00,0x00,0x00,0x00,0x00,
	0x00,0x00,0x00,0x00,0x00,0x00,0x00,0x00,0x00,0x00,0x00,0x00,0x00,0x00,0x00,0x00,0x00,0x00,0x00,0x00,
	0x00,0x00,0x00,0x00,0x00,0x00,0x00,0x00,0x00,0x00,0x00,0x00,0x00,0x00,0x00,0x00,0x00,0x00,0x00,0x00,
	0x00,0x00,0x00,0x00,0x00,0x00,0x00,0x00,0x00,0x00,0x00,0x00,0x00,0x00,0x00,0x00,0x00,0x00,0x00,0x00,
	0x00,0x00,0x00,0x00,0x00,0x00,0x00,0x00,0x00,0x00,0x00,0x00,0x00,0x00,0x00,0x00,0x00,0x00,0x00,0x00,
	0x00,0x00,0x00,0x00,0x00,0x00,0x00,0x00,0x00,0x00,0x00,0x00,0x00,0x00,0x00,0x00,0x00,0x00,0x00,0x00,
	0x00,0x00,0x00,0x00,0x00,0x00,0x00,0x00,0x00,0x00,0x00,0x00,0x00,0x00,0x00,0x00,0x00,0x00,0x00,0x00,
	0x00,0x00,0x00,0x00,0x00,0x00,0x00,0x00,0x00,0x00,0x00,0x00,0x00,0x00,0x00,0x00,0x00,0x00,0x00,0x00,
	0x00,0x00,0x00,0x00,0x00,0x00,0x00,0x00,0x00,0x00,0x00,0x00,0x00,0x00,0x00,0x00,0x00,0x00,0x00,0x00,
	0x00,0x00,0x00,0x00,0x00,0x00,0x00,0x00,0x00,0x00,0x00,0x00,0x00,0x00,0x00,0x00,0x00,0x00,0x00,0x00,
	0x00,0x00,0x00,0x00,0x00,0x00,0x00,0x00,0x00,0x00,0x00,0x00,0x00,0x00,0x00,0x00,0x00,0x00,0x00,0x00,
	0x00,0x00,0x00,0x00,0x00,0x00,0x00,0x00,0x00,0x00,0x00,0x00,0x00,0x00,0x00,0x00,0x00,0x00,0x00,0x00,
	0x00,0x00,0x00,0x00,0x00,0x00,0x00,0x00,0x00,0x00,0x00,0x00,0x00,0x00,0x00,0x00,0x00,0x00,0x00,0x00,
	0x00,0x00,0x00,0x00,0x00,0x00,0x00,0x00,0x00,0x00,0x00,0x00,0x00,0x00,0x00,0x00,0x00,0x00,0x00,0x00,
	0x00,0x00,0x00,0x00,0x00,0x00,0x00,0x00,0x00,0x00,0x00,0x00,0x00,0x00,0x00,0x00,0x00,0x00,0x00,0x00,
	0x00,0x00,0x00,0x00,0x00,0x00,0x00,0x00,0x00,0x00,0x00,0x00,0x00,0x00,0x00,0x00,0x00,0x00,0x00,0x00,
	0x00,0x00,0x00,0x00,0x00,0x00,0x00,0x00,0x00,0x00,0x00,0x00,0x00,0x00,0x00,0x00,0x00,0x00,0x00,0x00,
	0x00,0x00,0x00,0x00,0x00,0x00,0x00,0x00,0x00,0x00,0x00,0x00,0x00,0x00,0x00,0x00,0x00,0x00,0x00,0x00,
	0x00,0x00,0x00,0x00,0x00,0x00,0x00,0x00,0x00,0x00,0x00,0x00,0x00,0x00,0x00,0x00,0x00,0x00,0x00,0x00,
	0x00,0x00,0x00,0x00,0x00,0x00,0x00,0x00,0x00,0x00,0x00,0x00,0x00,0x00,0x00,0x00,0x00,0x00,0x00,0x00,
	0x00,0x00,0x00,0x00,0x00,0x00,0x00,0x00,0x00,0x00,0x00,0x00,0x00,0x00,0x00,0x00,0x00,0x00,0x20,0x00,
	0x21,0x00,0x62,0x00,0x62,0x08,0x83,0x08,0x83,0x08,0x83,0x08,0x83,0x08,0x83,0x08,0x83,0x08,0x83,0x08,
	0x83,0x08,0x83,0x08,0x83,0x08,0x83,0x08,0x83,0x08,0x83,0x08,0x63,0x08,0x63,0x08,0x63,0x08,0x63,0x08,
	0x63,0x08,0x63,0x08,0x63,0x08,0x63,0x08,0x63,0x08,0x63,0x08,0x63,0x08,0x63,0x08,0x63,0x08,0x63,0x08,
	0x63,0x08,0x63,0x08,0x63,0x08,0x63,0x08,0x63,0x08,0x63,0x08,0x43,0x08,0x43,0x08,0x43,0x08,0x43,0x08,
	0x43,0x10,0x43,0x10,0x43,0x10,0x43,0x10,0x43,0x10,0x43,0x10,0x43,0x10,0x43,0x10,0x43,0x10,0x43,0x10,
	0x43,0x10,0x43,0x10,0x43,0x10,0x43,0x10,0x43,0x10,0x43,0x10,0x42,0x10,0x42,0x08,0x21,0x00,0x01,0x00,
	0x00,0x00,0x00,0x00,0x00,0x00,0x00,0x00,0x00,0x00,0x00,0x00,0x00,0x00,0x00,0x00,0x00,0x00,0x00,0x00,
	0x00,0x00,0x00,0x00,0x00,0x00,0x00,0x00,0x00,0x00,0x00,0x00,0x00,0x00,0x00,0x00,0x00,0x00,0x00,0x00,
	0x00,0x00,0x00,0x00,0x00,0x00,0x00,0x00,0x00,0x00,0x00,0x00,0x00,0x00,0x00,0x00,0x00,0x00,0x00,0x00,
	0x00,0x00,0x00,0x00,0x00,0x00,0x00,0x00,0x00,0x00,0x00,0x00,0x00,0x00,0x00,0x00,0x00,0x00,0x00,0x00,
	0x00,0x00,0x00,0x00,0x00,0x00,0x00,0x00,0x00,0x00,0x00,0x00,0x00,0x00,0x00,0x00,0x00,0x00,0x00,0x00,
	0x00,0x00,0x00,0x00,0x00,0x00,0x00,0x00,0x00,0x00,0x00,0x00,0x00,0x00,0x00,0x00,0x00,0x00,0x00,0x00,
	0x00,0x00,0x00,0x00,0x00,0x00,0x00,0x00,0x00,0x00,0x00,0x00,0x00,0x00,0x00,0x00,0x00,0x00,0x00,0x00,
	0x00,0x00,0x00,0x00,0x00,0x00,0x00,0x00,0x00,0x00,0x00,0x00,0x00,0x00,0x00,0x00,0x00,0x00,0x00,0x00,
	0x00,0x00,0x00,0x00,0x00,0x00,0x00,0x00,0x00,0x00,0x00,0x00,0x00,0x00,0x00,0x00,0x00,0x00,0x00,0x00,
	0x00,0x00,0x00,0x00,0x00,0x00,0x00,0x00,0x00,0x00,0x00,0x00,0x00,0x00,0x00,0x00,0x00,0x00,0x00,0x00,
	0x00,0x00,0x00,0x00,0x00,0x00,0x00,0x00,0x00,0x00,0x00,0x00,0x00,0x00,0x00,0x00,0x00,0x00,0x00,0x00,
	0x00,0x00,0x00,0x00,0x00,0x00,0x00,0x00,0x00,0x00,0x00,0x00,0x00,0x00,0x00,0x00,0x00,0x00,0x00,0x00,
	0x00,0x00,0x00,0x00,0x00,0x00,0x00,0x00,0x00,0x00,0x00,0x00,0x00,0x00,0x00,0x00,0x00,0x00,0x00,0x00,
	0x00,0x00,0x00,0x00,0x00,0x00,0x00,0x00,0x00,0x00,0x00,0x00,0x00,0x00,0x00,0x00,0x00,0x00,0x00,0x00,
	0x00,0x00,0x00,0x00,0x00,0x00,0x00,0x00,0x00,0x00,0x00,0x00,0x00,0x00,0x00,0x00,0x00,0x00,0x00,0x00,
	0x00,0x00,0x00,0x00,0x00,0x00,0x00,0x00,0x00,0x00,0x00,0x00,0x00,0x00,0x00,0x00,0x00,0x00,0x00,0x00,
	0x00,0x00,0x00,0x00,0x00,0x00,0x00,0x00,0x00,0x00,0x00,0x00,0x00,0x00,0x00,0x00,0x00,0x00,0x00,0x00,
	0x00,0x00,0x00,0x00,0x00,0x00,0x00,0x00,0x00,0x00,0x00,0x00,0x00,0x00,0x00,0x00,0x00,0x00,0x00,0x00,
	0x00,0x00,0x00,0x00,0x00,0x00,0x00,0x00,0x00,0x00,0x00,0x00,0x00,0x00,0x00,0x00,0x00,0x00,0x00,0x00,
	0x00,0x00,0x00,0x00,0x00,0x00,0x00,0x00,0x00,0x00,0x00,0x00,0x00,0x00,0x00,0x00,0x00,0x00,0x00,0x00,
	0x00,0x00,0x00,0x00,0x00,0x00,0x00,0x00,0x00,0x00,0x00,0x00,0x00,0x00,0x00,0x00,0x00,0x00,0x00,0x00,
	0x00,0x00,0x00,0x00,0x00,0x00,0x00,0x00,0x00,0x00,0x41,0x00,0x62,0x00,0x63,0x00,0x83,0x00,0x82,0x00,
	0x83,0x08,0x83,0x08,0x83,0x08,0x83,0x08,0x83,0x08,0x83,0x08,0x83,0x08,0x83,0x08,0x83,0x08,0x63,0x08,
	0x63,0x08,0x63,0x08,0x63,0x08,0x63,0x08,0x63,0x08,0x63,0x08,0x63,0x08,0x63,0x08,0x63,0x08,0x63,0x08,
	0x63,0x08,0x63,0x08,0x63,0x08,0x63,0x08,0x63,0x08,0x63,0x08,0x63,0x08,0x63,0x08,0x63,0x08,0x43,0x08,
	0x43,0x08,0x43,0x08,0x43,0x08,0x43,0x10,0x43,0x10,0x43,0x10,0x43,0x10,0x43,0x10,0x43,0x10,0x43,0x10,
	0x43,0x10,0x43,0x10,0x43,0x10,0x43,0x10,0x43,0x10,0x43,0x10,0x43,0x10,0x43,0x08,0x22,0x08,0x21,0x08,
	0x00,0x00,0x00,0x00,0x00,0x00,0x00,0x00,0x00,0x00,0x00,0x00,0x00,0x00,0x00,0x00,0x00,0x00,0x00,0x00,
	0x00,0x00,0x00,0x00,0x00,0x00,0x00,0x00,0x00,0x00,0x00,0x00,0x00,0x00,0x00,0x00,0x00,0x00,0x00,0x00,
	0x00,0x00,0x00,0x00,0x00,0x00,0x00,0x00,0x00,0x00,0x00,0x00,0x00,0x00,0x00,0x00,0x00,0x00,0x00,0x00,
	0x00,0x00,0x00,0x00,0x00,0x00,0x00,0x00,0x00,0x00,0x00,0x00,0x00,0x00,0x00,0x00,0x00,0x00,0x00,0x00,
	0x00,0x00,0x00,0x00,0x00,0x00,0x00,0x00,0x00,0x00,0x00,0x00,0x00,0x00,0x00,0x00,0x00,0x00,0x00,0x00,
	0x00,0x00,0x00,0x00,0x00,0x00,0x00,0x00,0x00,0x00,0x00,0x00,0x00,0x00,0x00,0x00,0x00,0x00,0x00,0x00,
	0x00,0x00,0x00,0x00,0x00,0x00,0x00,0x00,0x00,0x00,0x00,0x00,0x00,0x00,0x00,0x00,0x00,0x00,0x00,0x00,
	0x00,0x00,0x00,0x00,0x00,0x00,0x00,0x00,0x00,0x00,0x00,0x00,0x00,0x00,0x00,0x00,0x00,0x00,0x00,0x00,
	0x00,0x00,0x00,0x00,0x00,0x00,0x00,0x00,0x00,0x00,0x00,0x00,0x00,0x00,0x00,0x00,0x00,0x00,0x00,0x00,
	0x00,0x00,0x00,0x00,0x00,0x00,0x00,0x00,0x00,0x00,0x00,0x00,0x00,0x00,0x00,0x00,0x00,0x00,0x00,0x00,
	0x00,0x00,0x00,0x00,0x00,0x00,0x00,0x00,0x00,0x00,0x00,0x00,0x00,0x00,0x00,0x00,0x00,0x00,0x00,0x00,
	0x00,0x00,0x00,0x00,0x00,0x00,0x00,0x00,0x00,0x00,0x00,0x00,0x00,0x00,0x00,0x00,0x00,0x00,0x00,0x00,
	0x00,0x00,0x00,0x00,0x00,0x00,0x00,0x00,0x00,0x00,0x00,0x00,0x00,0x00,0x00,0x00,0x00,0x00,0x00,0x00,
	0x00,0x00,0x00,0x00,0x00,0x00,0x00,0x00,0x00,0x00,0x00,0x00,0x00,0x00,0x00,0x00,0x00,0x00,0x00,0x00,
	0x00,0x00,0x00,0x00,0x00,0x00,0x00,0x00,0x00,0x00,0x00,0x00,0x00,0x00,0x00,0x00,0x00,0x00,0x00,0x00,
	0x00,0x00,0x00,0x00,0x00,0x00,0x00,0x00,0x00,0x00,0x00,0x00,0x00,0x00,0x00,0x00,0x00,0x00,0x00,0x00,
	0x00,0x00,0x00,0x00,0x00,0x00,0x00,0x00,0x00,0x00,0x00,0x00,0x00,0x00,0x00,0x00,0x00,0x00,0x00,0x00,
	0x00,0x00,0x00,0x00,0x00,0x00,0x00,0x00,0x00,0x00,0x00,0x00,0x00,0x00,0x00,0x00,0x00,0x00,0x00,0x00,
	0x00,0x00,0x00,0x00,0x00,0x00,0x00,0x00,0x00,0x00,0x00,0x00,0x00,0x00,0x00,0x00,0x00,0x00,0x00,0x00,
	0x00,0x00,0x00,0x00,0x00,0x00,0x00,0x00,0x00,0x00,0x00,0x00,0x00,0x00,0x00,0x00,0x00,0x00,0x00,0x00,
	0x00,0x00,0x00,0x00,0x00,0x00,0x00,0x00,0x00,0x00,0x00,0x00,0x00,0x00,0x00,0x00,0x00,0x00,0x00,0x00,
	0x00,0x00,0x00,0x00,0x00,0x00,0x00,0x00,0x00,0x00,0x00,0x00,0x00,0x00,0x00,0x00,0x20,0x00,0x21,0x00,
	0x42,0x00,0x42,0x00,0x61,0x00,0x62,0x00,0x83,0x08,0x83,0x08,0x83,0x08,0x83,0x08,0x83,0x08,0x83,0x08,
	0x83,0x08,0x83,0x08,0x63,0x08,0x63,0x08,0x63,0x08,0x63,0x08,0x63,0x08,0x63,0x08,0x63,0x08,0x63,0x08,
	0x63,0x08,0x63,0x08,0x63,0x08,0x63,0x08,0x63,0x08,0x63,0x08,0x63,0x08,0x63,0x08,0x63,0x08,0x63,0x08,
	0x63,0x08,0x63,0x08,0x43,0x08,0x43,0x08,0x43,0x08,0x43,0x08,0x43,0x10,0x43,0x10,0x43,0x10,0x43,0x10,
	0x43,0x10,0x43,0x10,0x43,0x10,0x43,0x10,0x43,0x10,0x43,0x10,0x43,0x10,0x43,0x08,0x42,0x08,0x22,0x08,
	0x22,0x08,0x21,0x08,0x00,0x00,0x00,0x00,0x00,0x00,0x00,0x00,0x00,0x00,0x00,0x00,0x00,0x00,0x00,0x00,
	0x00,0x00,0x00,0x00,0x00,0x00,0x00,0x00,0x00,0x00,0x00,0x00,0x00,0x00,0x00,0x00,0x00,0x00,0x00,0x00,
	0x00,0x00,0x00,0x00,0x00,0x00,0x00,0x00,0x00,0x00,0x00,0x00,0x00,0x00,0x00,0x00,0x00,0x00,0x00,0x00,
	0x00,0x00,0x00,0x00,0x00,0x00,0x00,0x00,0x00,0x00,0x00,0x00,0x00,0x00,0x00,0x00,0x00,0x00,0x00,0x00,
	0x00,0x00,0x00,0x00,0x00,0x00,0x00,0x00,0x00,0x00,0x00,0x00,0x00,0x00,0x00,0x00,0x00,0x00,0x00,0x00,
	0x00,0x00,0x00,0x00,0x00,0x00,0x00,0x00,0x00,0x00,0x00,0x00,0x00,0x00,0x00,0x00,0x00,0x00,0x00,0x00,
	0x00,0x00,0x00,0x00,0x00,0x00,0x00,0x00,0x00,0x00,0x00,0x00,0x00,0x00,0x00,0x00,0x00,0x00,0x00,0x00,
	0x00,0x00,0x00,0x00,0x00,0x00,0x00,0x00,0x00,0x00,0x00,0x00,0x00,0x00,0x00,0x00,0x00,0x00,0x00,0x00,
	0x00,0x00,0x00,0x00,0x00,0x00,0x00,0x00,0x00,0x00,0x00,0x00,0x00,0x00,0x00,0x00,0x00,0x00,0x00,0x00,
	0x00,0x00,0x00,0x00,0x00,0x00,0x00,0x00,0x00,0x00,0x00,0x00,0x00,0x00,0x00,0x00,0x00,0x00,0x00,0x00,
	0x00,0x00,0x00,0x00,0x00,0x00,0x00,0x00,0x00,0x00,0x00,0x00,0x00,0x00,0x00,0x00,0x00,0x00,0x00,0x00,
	0x00,0x00,0x00,0x00,0x00,0x00,0x00,0x00,0x00,0x00,0x00,0x00,0x00,0x00,0x00,0x00,0x00,0x00,0x00,0x00,
	0x00,0x00,0x00,0x00,0x00,0x00,0x00,0x00,0x00,0x00,0x00,0x00,0x00,0x00,0x00,0x00,0x00,0x00,0x00,0x00,
	0x00,0x00,0x00,0x00,0x00,0x00,0x00,0x00,0x00,0x00,0x00,0x00,0x00,0x00,0x00,0x00,0x00,0x00,0x00,0x00,
	0x00,0x00,0x00,0x00,0x00,0x00,0x00,0x00,0x00,0x00,0x00,0x00,0x00,0x00,0x00,0x00,0x00,0x00,0x00,0x00,
	0x00,0x00,0x00,0x00,0x00,0x00,0x00,0x00,0x00,0x00,0x00,0x00,0x00,0x00,0x00,0x00,0x00,0x00,0x00,0x00,
	0x00,0x00,0x00,0x00,0x00,0x00,0x00,0x00,0x00,0x00,0x00,0x00,0x00,0x00,0x00,0x00,0x00,0x00,0x00,0x00,
	0x00,0x00,0x00,0x00,0x00,0x00,0x00,0x00,0x00,0x00,0x00,0x00,0x00,0x00,0x00,0x00,0x00,0x00,0x00,0x00,
	0x00,0x00,0x00,0x00,0x00,0x00,0x00,0x00,0x00,0x00,0x00,0x00,0x00,0x00,0x00,0x00,0x00,0x00,0x00,0x00,
	0x00,0x00,0x00,0x00,0x00,0x00,0x00,0x00,0x00,0x00,0x00,0x00,0x00,0x00,0x00,0x00,0x00,0x00,0x00,0x00,
	0x00,0x00,0x00,0x00,0x00,0x00,0x00,0x00,0x00,0x00,0x00,0x00,0x00,0x00,0x00,0x00,0x00,0x00,0x00,0x00,
	0x00,0x00,0x00,0x00,0x00,0x00,0x00,0x00,0x00,0x00,0x00,0x00,0x00,0x00,0x00,0x00,0x00,0x00,0x00,0x00,
	0x00,0x00,0x00,0x00,0x00,0x00,0x00,0x00,0x00,0x00,0x20,0x00,0x41,0x00,0x62,0x00,0x83,0x08,0x83,0x08,
	0x83,0x08,0x83,0x08,0x83,0x08,0x83,0x08,0x83,0x08,0x63,0x08,0x63,0x08,0x63,0x08,0x63,0x08,0x63,0x08,
	0x63,0x08,0x63,0x08,0x63,0x08,0x63,0x08,0x63,0x08,0x63,0x08,0x63,0x08,0x63,0x08,0x63,0x08,0x63,0x08,
	0x63,0x08,0x63,0x08,0x63,0x08,0x63,0x08,0x63,0x08,0x43,0x08,0x43,0x08,0x43,0x08,0x43,0x08,0x43,0x10,
	0x43,0x10,0x43,0x10,0x43,0x10,0x43,0x10,0x43,0x10,0x43,0x10,0x43,0x10,0x43,0x10,0x43,0x10,0x42,0x08,
	0x42,0x08,0x21,0x00,0x00,0x00,0x00,0x00,0x00,0x00,0x00,0x00,0x00,0x00,0x00,0x00,0x00,0x00,0x00,0x00,
	0x00,0x00,0x00,0x00,0x00,0x00,0x00,0x00,0x00,0x00,0x00,0x00,0x00,0x00,0x00,0x00,0x00,0x00,0x00,0x00,
	0x00,0x00,0x00,0x00,0x00,0x00,0x00,0x00,0x00,0x00,0x00,0x00,0x00,0x00,0x00,0x00,0x00,0x00,0x00,0x00,
	0x00,0x00,0x00,0x00,0x00,0x00,0x00,0x00,0x00,0x00,0x00,0x00,0x00,0x00,0x00,0x00,0x00,0x00,0x00,0x00,
	0x00,0x00,0x00,0x00,0x00,0x00,0x00,0x00,0x00,0x00,0x00,0x00,0x00,0x00,0x00,0x00,0x00,0x00,0x00,0x00,
	0x00,0x00,0x00,0x00,0x00,0x00,0x00,0x00,0x00,0x00,0x00,0x00,0x00,0x00,0x00,0x00,0x00,0x00,0x00,0x00,
	0x00,0x00,0x00,0x00,0x00,0x00,0x00,0x00,0x00,0x00,0x00,0x00,0x00,0x00,0x00,0x00,0x00,0x00,0x00,0x00,
	0x00,0x00,0x00,0x00,0x00,0x00,0x00,0x00,0x00,0x00,0x00,0x00,0x00,0x00,0x00,0x00,0x00,0x00,0x00,0x00,
	0x00,0x00,0x00,0x00,0x00,0x00,0x00,0x00,0x00,0x00,0x00,0x00,0x00,0x00,0x00,0x00,0x00,0x00,0x00,0x00,
	0x00,0x00,0x00,0x00,0x00,0x00,0x00,0x00,0x00,0x00,0x00,0x00,0x00,0x00,0x00,0x00,0x00,0x00,0x00,0x00,
	0x00,0x00,0x00,0x00,0x00,0x00,0x00,0x00,0x00,0x00,0x00,0x00,0x00,0x00,0x00,0x00,0x00,0x00,0x00,0x00,
	0x00,0x00,0x00,0x00,0x00,0x00,0x00,0x00,0x00,0x00,0x00,0x00,0x00,0x00,0x00,0x00,0x00,0x00,0x00,0x00,
	0x00,0x00,0x00,0x00,0x00,0x00,0x00,0x00,0x00,0x00,0x00,0x00,0x00,0x00,0x00,0x00,0x00,0x00,0x00,0x00,
	0x00,0x00,0x00,0x00,0x00,0x00,0x00,0x00,0x00,0x00,0x00,0x00,0x00,0x00,0x00,0x00,0x00,0x00,0x00,0x00,
	0x00,0x00,0x00,0x00,0x00,0x00,0x00,0x00,0x00,0x00,0x00,0x00,0x00,0x00,0x00,0x00,0x00,0x00,0x00,0x00,
	0x00,0x00,0x00,0x00,0x00,0x00,0x00,0x00,0x00,0x00,0x00,0x00,0x00,0x00,0x00,0x00,0x00,0x00,0x00,0x00,
	0x00,0x00,0x00,0x00,0x00,0x00,0x00,0x00,0x00,0x00,0x00,0x00,0x00,0x00,0x00,0x00,0x00,0x00,0x00,0x00,
	0x00,0x00,0x00,0x00,0x00,0x00,0x00,0x00,0x00,0x00,0x00,0x00,0x00,0x00,0x00,0x00,0x00,0x00,0x00,0x00,
	0x00,0x00,0x00,0x00,0x00,0x00,0x00,0x00,0x00,0x00,0x00,0x00,0x00,0x00,0x00,0x00,0x00,0x00,0x00,0x00,
	0x00,0x00,0x00,0x00,0x00,0x00,0x00,0x00,0x00,0x00,0x00,0x00,0x00,0x00,0x00,0x00,0x00,0x00,0x00,0x00,
	0x00,0x00,0x00,0x00,0x00,0x00,0x00,0x00,0x00,0x00,0x00,0x00,0x00,0x00,0x00,0x00,0x00,0x00,0x00,0x00,
	0x00,0x00,0x00,0x00,0x00,0x00,0x00,0x00,0x00,0x00,0x00,0x00,0x00,0x00,0x00,0x00,0x00,0x00,0x00,0x00,
	0x00,0x00,0x00,0x00,0x00,0x00,0x00,0x00,0x00,0x00,0x00,0x00,0x00,0x00,0x00,0x00,0x00,0x00,0x20,0x00,
	0x21,0x00,0x42,0x00,0x62,0x00,0x83,0x00,0x83,0x08,0x83,0x08,0x83,0x08,0x83,0x08,0x63,0x08,0x63,0x08,
	0x63,0x08,0x63,0x08,0x63,0x08,0x63,0x08,0x63,0x08,0x63,0x08,0x63,0x08,0x63,0x08,0x63,0x08,0x63,0x08,
	0x63,0x08,0x63,0x08,0x63,0x08,0x63,0x08,0x63,0x08,0x63,0x08,0x63,0x08,0x63,0x08,0x43,0x08,0x43,0x08,
	0x43,0x08,0x43,0x08,0x43,0x10,0x43,0x10,0x43,0x10,0x43,0x10,0x43,0x10,0x43,0x10,0x43,0x08,0x43,0x08,
	0x43,0x10,0x22,0x08,0x21,0x08,0x21,0x00,0x00,0x00,0x00,0x00,0x00,0x00,0x00,0x00,0x00,0x00,0x00,0x00,
	0x00,0x00,0x00,0x00,0x00,0x00,0x00,0x00,0x00,0x00,0x00,0x00,0x00,0x00,0x00,0x00,0x00,0x00,0x00,0x00,
	0x00,0x00,0x00,0x00,0x00,0x00,0x00,0x00,0x00,0x00,0x00,0x00,0x00,0x00,0x00,0x00,0x00,0x00,0x00,0x00,
	0x00,0x00,0x00,0x00,0x00,0x00,0x00,0x00,0x00,0x00,0x00,0x00,0x00,0x00,0x00,0x00,0x00,0x00,0x00,0x00,
	0x00,0x00,0x00,0x00,0x00,0x00,0x00,0x00,0x00,0x00,0x00,0x00,0x00,0x00,0x00,0x00,0x00,0x00,0x00,0x00,
	0x00,0x00,0x00,0x00,0x00,0x00,0x00,0x00,0x00,0x00,0x00,0x00,0x00,0x00,0x00,0x00,0x00,0x00,0x00,0x00,
	0x00,0x00,0x00,0x00,0x00,0x00,0x00,0x00,0x00,0x00,0x00,0x00,0x00,0x00,0x00,0x00,0x00,0x00,0x00,0x00,
	0x00,0x00,0x00,0x00,0x00,0x00,0x00,0x00,0x00,0x00,0x00,0x00,0x00,0x00,0x00,0x00,0x00,0x00,0x00,0x00,
	0x00,0x00,0x00,0x00,0x00,0x00,0x00,0x00,0x00,0x00,0x00,0x00,0x00,0x00,0x00,0x00,0x00,0x00,0x00,0x00,
	0x00,0x00,0x00,0x00,0x00,0x00,0x00,0x00,0x00,0x00,0x00,0x00,0x00,0x00,0x00,0x00,0x00,0x00,0x00,0x00,
	0x00,0x00,0x00,0x00,0x00,0x00,0x00,0x00,0x00,0x00,0x00,0x00,0x00,0x00,0x00,0x00,0x00,0x00,0x00,0x00,
	0x00,0x00,0x00,0x00,0x00,0x00,0x00,0x00,0x00,0x00,0x00,0x00,0x00,0x00,0x00,0x00,0x00,0x00,0x00,0x00,
	0x00,0x00,0x00,0x00,0x00,0x00,0x00,0x00,0x00,0x00,0x00,0x00,0x00,0x00,0x00,0x00,0x00,0x00,0x00,0x00,
	0x00,0x00,0x00,0x00,0x00,0x00,0x00,0x00,0x00,0x00,0x00,0x00,0x00,0x00,0x00,0x00,0x00,0x00,0x00,0x00,
	0x00,0x00,0x00,0x00,0x00,0x00,0x00,0x00,0x00,0x00,0x00,0x00,0x00,0x00,0x00,0x00,0x00,0x00,0x00,0x00,
	0x00,0x00,0x00,0x00,0x00,0x00,0x00,0x00,0x00,0x00,0x00,0x00,0x00,0x00,0x00,0x00,0x00,0x00,0x00,0x00,
	0x00,0x00,0x00,0x00,0x00,0x00,0x00,0x00,0x00,0x00,0x00,0x00,0x00,0x00,0x00,0x00,0x00,0x00,0x00,0x00,
	0x00,0x00,0x00,0x00,0x00,0x00,0x00,0x00,0x00,0x00,0x00,0x00,0x00,0x00,0x00,0x00,0x00,0x00,0x00,0x00,
	0x00,0x00,0x00,0x00,0x00,0x00,0x00,0x00,0x00,0x00,0x00,0x00,0x00,0x00,0x00,0x00,0x00,0x00,0x00,0x00,
	0x00,0x00,0x00,0x00,0x00,0x00,0x00,0x00,0x00,0x00,0x00,0x00,0x00,0x00,0x00,0x00,0x00,0x00,0x00,0x00,
	0x00,0x00,0x00,0x00,0x00,0x00,0x00,0x00,0x00,0x00,0x00,0x00,0x00,0x00,0x00,0x00,0x00,0x00,0x00,0x00,
	0x00,0x00,0x00,0x00,0x00,0x00,0x00,0x00,0x00,0x00,0x00,0x00,0x00,0x00,0x00,0x00,0x00,0x00,0x00,0x00,
	0x00,0x00,0x00,0x00,0x00,0x00,0x00,0x00,0x00,0x00,0x00,0x00,0x00,0x00,0x00,0x00,0x00,0x00,0x00,0x00,
	0x00,0x00,0x00,0x00,0x00,0x00,0x00,0x00,0x01,0x00,0x21,0x00,0x62,0x00,0x62,0x00,0x83,0x08,0x83,0x08,
	0x63,0x08,0x63,0x08,0x63,0x08,0x63,0x08,0x63,0x08,0x63,0x08,0x63,0x08,0x63,0x08,0x63,0x08,0x63,0x08,
	0x63,0x08,0x63,0x08,0x63,0x08,0x63,0x08,0x63,0x08,0x63,0x08,0x63,0x08,0x63,0x08,0x63,0x08,0x63,0x08,
	0x63,0x08,0x43,0x08,0x43,0x08,0x43,0x08,0x43,0x08,0x43,0x10,0x43,0x10,0x43,0x10,0x43,0x10,0x43,0x10,
	0x42,0x08,0x42,0x08,0x43,0x08,0x22,0x08,0x20,0x08,0x00,0x00,0x00,0x00,0x00,0x00,0x00,0x00,0x00,0x00,
	0x00,0x00,0x00,0x00,0x00,0x00,0x00,0x00,0x00,0x00,0x00,0x00,0x00,0x00,0x00,0x00,0x00,0x00,0x00,0x00,
	0x00,0x00,0x00,0x00,0x00,0x00,0x00,0x00,0x00,0x00,0x00,0x00,0x00,0x00,0x00,0x00,0x00,0x00,0x00,0x00,
	0x00,0x00,0x00,0x00,0x00,0x00,0x00,0x00,0x00,0x00,0x00,0x00,0x00,0x00,0x00,0x00,0x00,0x00,0x00,0x00,
	0x00,0x00,0x00,0x00,0x00,0x00,0x00,0x00,0x00,0x00,0x00,0x00,0x00,0x00,0x00,0x00,0x00,0x00,0x00,0x00,
	0x00,0x00,0x00,0x00,0x00,0x00,0x00,0x00,0x00,0x00,0x00,0x00,0x00,0x00,0x00,0x00,0x00,0x00,0x00,0x00,
	0x00,0x00,0x00,0x00,0x00,0x00,0x00,0x00,0x00,0x00,0x00,0x00,0x00,0x00,0x00,0x00,0x00,0x00,0x00,0x00,
	0x00,0x00,0x00,0x00,0x00,0x00,0x00,0x00,0x00,0x00,0x00,0x00,0x00,0x00,0x00,0x00,0x00,0x00,0x00,0x00,
	0x00,0x00,0x00,0x00,0x00,0x00,0x00,0x00,0x00,0x00,0x00,0x00,0x00,0x00,0x00,0x00,0x00,0x00,0x00,0x00,
	0x00,0x00,0x00,0x00,0x00,0x00,0x00,0x00,0x00,0x00,0x00,0x00,0x00,0x00,0x00,0x00,0x00,0x00,0x00,0x00,
	0x00,0x00,0x00,0x00,0x00,0x00,0x00,0x00,0x00,0x00,0x00,0x00,0x00,0x00,0x00,0x00,0x00,0x00,0x00,0x00,
	0x00,0x00,0x00,0x00,0x00,0x00,0x00,0x00,0x00,0x00,0x00,0x00,0x00,0x00,0x00,0x00,0x00,0x00,0x00,0x00,
	0x00,0x00,0x00,0x00,0x00,0x00,0x00,0x00,0x00,0x00,0x00,0x00,0x00,0x00,0x00,0x00,0x00,0x00,0x00,0x00,
	0x00,0x00,0x00,0x00,0x00,0x00,0x00,0x00,0x00,0x00,0x00,0x00,0x00,0x00,0x00,0x00,0x00,0x00,0x00,0x00,
	0x00,0x00,0x00,0x00,0x00,0x00,0x00,0x00,0x00,0x00,0x00,0x00,0x00,0x00,0x00,0x00,0x00,0x00,0x00,0x00,
	0x00,0x00,0x00,0x00,0x00,0x00,0x00,0x00,0x00,0x00,0x00,0x00,0x00,0x00,0x00,0x00,0x00,0x00,0x00,0x00,
	0x00,0x00,0x00,0x00,0x00,0x00,0x00,0x00,0x00,0x00,0x00,0x00,0x00,0x00,0x00,0x00,0x00,0x00,0x00,0x00,
	0x00,0x00,0x00,0x00,0x00,0x00,0x00,0x00,0x00,0x00,0x00,0x00,0x00,0x00,0x00,0x00,0x00,0x00,0x00,0x00,
	0x00,0x00,0x00,0x00,0x00,0x00,0x00,0x00,0x00,0x00,0x00,0x00,0x00,0x00,0x00,0x00,0x00,0x00,0x00,0x00,
	0x00,0x00,0x00,0x00,0x00,0x00,0x00,0x00,0x00,0x00,0x00,0x00,0x00,0x00,0x00,0x00,0x00,0x00,0x00,0x00,
	0x00,0x00,0x00,0x00,0x00,0x00,0x00,0x00,0x00,0x00,0x00,0x00,0x00,0x00,0x00,0x00,0x00,0x00,0x00,0x00,
	0x00,0x00,0x00,0x00,0x00,0x00,0x00,0x00,0x00,0x00,0x00,0x00,0x00,0x00,0x00,0x00,0x00,0x00,0x00,0x00,
	0x00,0x00,0x00,0x00,0x00,0x00,0x00,0x00,0x00,0x00,0x00,0x00,0x00,0x00,0x00,0x00,0x00,0x00,0x00,0x00,
	0x00,0x00,0x00,0x00,0x00,0x00,0x00,0x00,0x00,0x00,0x00,0x00,0x00,0x00,0x00,0x00,0x00,0x00,0x20,0x00,
	0x21,0x00,0x21,0x00,0x41,0x00,0x42,0x00,0x42,0x08,0x62,0x08,0x62,0x08,0x63,0x08,0x63,0x08,0x63,0x08,
	0x63,0x08,0x63,0x08,0x63,0x08,0x63,0x08,0x63,0x08,0x63,0x08,0x63,0x08,0x63,0x08,0x63,0x08,0x63,0x08,
	0x63,0x08,0x63,0x08,0x63,0x08,0x63,0x08,0x43,0x08,0x43,0x08,0x43,0x08,0x43,0x08,0x42,0x08,0x42,0x08,
	0x42,0x08,0x22,0x08,0x21,0x00,0x01,0x00,0x01,0x00,0x01,0x00,0x00,0x00,0x00,0x00,0x00,0x00,0x00,0x00,
	0x00,0x00,0x00,0x00,0x00,0x00,0x00,0x00,0x00,0x00,0x00,0x00,0x00,0x00,0x00,0x00,0x00,0x00,0x00,0x00,
	0x00,0x00,0x00,0x00,0x00,0x00,0x00,0x00,0x00,0x00,0x00,0x00,0x00,0x00,0x00,0x00,0x00,0x00,0x00,0x00,
	0x00,0x00,0x00,0x00,0x00,0x00,0x00,0x00,0x00,0x00,0x00,0x00,0x00,0x00,0x00,0x00,0x00,0x00,0x00,0x00,
	0x00,0x00,0x00,0x00,0x00,0x00,0x00,0x00,0x00,0x00,0x00,0x00,0x00,0x00,0x00,0x00,0x00,0x00,0x00,0x00,
	0x00,0x00,0x00,0x00,0x00,0x00,0x00,0x00,0x00,0x00,0x00,0x00,0x00,0x00,0x00,0x00,0x00,0x00,0x00,0x00,
	0x00,0x00,0x00,0x00,0x00,0x00,0x00,0x00,0x00,0x00,0x00,0x00,0x00,0x00,0x00,0x00,0x00,0x00,0x00,0x00,
	0x00,0x00,0x00,0x00,0x00,0x00,0x00,0x00,0x00,0x00,0x00,0x00,0x00,0x00,0x00,0x00,0x00,0x00,0x00,0x00,
	0x00,0x00,0x00,0x00,0x00,0x00,0x00,0x00,0x00,0x00,0x00,0x00,0x00,0x00,0x00,0x00,0x00,0x00,0x00,0x00,
	0x00,0x00,0x00,0x00,0x00,0x00,0x00,0x00,0x00,0x00,0x00,0x00,0x00,0x00,0x00,0x00,0x00,0x00,0x00,0x00,
	0x00,0x00,0x00,0x00,0x00,0x00,0x00,0x00,0x00,0x00,0x00,0x00,0x00,0x00,0x00,0x00,0x00,0x00,0x00,0x00,
	0x00,0x00,0x00,0x00,0x00,0x00,0x00,0x00,0x00,0x00,0x00,0x00,0x00,0x00,0x00,0x00,0x00,0x00,0x00,0x00,
	0x00,0x00,0x00,0x00,0x00,0x00,0x00,0x00,0x00,0x00,0x00,0x00,0x00,0x00,0x00,0x00,0x00,0x00,0x00,0x00,
	0x00,0x00,0x00,0x00,0x00,0x00,0x00,0x00,0x00,0x00,0x00,0x00,0x00,0x00,0x00,0x00,0x00,0x00,0x00,0x00,
	0x00,0x00,0x00,0x00,0x00,0x00,0x00,0x00,0x00,0x00,0x00,0x00,0x00,0x00,0x00,0x00,0x00,0x00,0x00,0x00,
	0x00,0x00,0x00,0x00,0x00,0x00,0x00,0x00,0x00,0x00,0x00,0x00,0x00,0x00,0x00,0x00,0x00,0x00,0x00,0x00,
	0x00,0x00,0x00,0x00,0x00,0x00,0x00,0x00,0x00,0x00,0x00,0x00,0x00,0x00,0x00,0x00,0x00,0x00,0x00,0x00,
	0x00,0x00,0x00,0x00,0x00,0x00,0x00,0x00,0x00,0x00,0x00,0x00,0x00,0x00,0x00,0x00,0x00,0x00,0x00,0x00,
	0x00,0x00,0x00,0x00,0x00,0x00,0x00,0x00,0x00,0x00,0x00,0x00,0x00,0x00,0x00,0x00,0x00,0x00,0x00,0x00,
	0x00,0x00,0x00,0x00,0x00,0x00,0x00,0x00,0x00,0x00,0x00,0x00,0x00,0x00,0x00,0x00,0x00,0x00,0x00,0x00,
	0x00,0x00,0x00,0x00,0x00,0x00,0x00,0x00,0x00,0x00,0x00,0x00,0x00,0x00,0x00,0x00,0x00,0x00,0x00,0x00,
	0x00,0x00,0x00,0x00,0x00,0x00,0x00,0x00,0x00,0x00,0x00,0x00,0x00,0x00,0x00,0x00,0x00,0x00,0x00,0x00,
	0x00,0x00,0x00,0x00,0x00,0x00,0x00,0x00,0x00,0x00,0x00,0x00,0x00,0x00,0x00,0x00,0x00,0x00,0x00,0x00,
	0x00,0x00,0x00,0x00,0x00,0x00,0x00,0x00,0x00,0x00,0x00,0x00,0x00,0x00,0x00,0x00,0x00,0x00,0x00,0x00,
	0x00,0x00,0x00,0x00,0x00,0x00,0x00,0x00,0x00,0x00,0x00,0x00,0x21,0x00,0x21,0x08,0x41,0x08,0x41,0x08,
	0x42,0x08,0x42,0x08,0x43,0x08,0x63,0x08,0x63,0x08,0x63,0x08,0x63,0x08,0x63,0x08,0x63,0x08,0x63,0x08,
	0x63,0x08,0x63,0x08,0x63,0x08,0x63,0x08,0x63,0x08,0x63,0x08,0x43,0x08,0x43,0x08,0x43,0x08,0x43,0x08,
	0x42,0x08,0x21,0x08,0x21,0x08,0x21,0x08,0x21,0x00,0x00,0x00,0x00,0x00,0x00,0x00,0x00,0x00,0x00,0x00,
	0x00,0x00,0x00,0x00,0x00,0x00,0x00,0x00,0x00,0x00,0x00,0x00,0x00,0x00,0x00,0x00,0x00,0x00,0x00,0x00,
	0x00,0x00,0x00,0x00,0x00,0x00,0x00,0x00,0x00,0x00,0x00,0x00,0x00,0x00,0x00,0x00,0x00,0x00,0x00,0x00,
	0x00,0x00,0x00,0x00,0x00,0x00,0x00,0x00,0x00,0x00,0x00,0x00,0x00,0x00,0x00,0x00,0x00,0x00,0x00,0x00,
	0x00,0x00,0x00,0x00,0x00,0x00,0x00,0x00,0x00,0x00,0x00,0x00,0x00,0x00,0x00,0x00,0x00,0x00,0x00,0x00,
	0x00,0x00,0x00,0x00,0x00,0x00,0x00,0x00,0x00,0x00,0x00,0x00,0x00,0x00,0x00,0x00,0x00,0x00,0x00,0x00,
	0x00,0x00,0x00,0x00,0x00,0x00,0x00,0x00,0x00,0x00,0x00,0x00,0x00,0x00,0x00,0x00,0x00,0x00,0x00,0x00,
	0x00,0x00,0x00,0x00,0x00,0x00,0x00,0x00,0x00,0x00,0x00,0x00,0x00,0x00,0x00,0x00,0x00,0x00,0x00,0x00,
	0x00,0x00,0x00,0x00,0x00,0x00,0x00,0x00,0x00,0x00,0x00,0x00,0x00,0x00,0x00,0x00,0x00,0x00,0x00,0x00,
	0x00,0x00,0x00,0x00,0x00,0x00,0x00,0x00,0x00,0x00,0x00,0x00,0x00,0x00,0x00,0x00,0x00,0x00,0x00,0x00,
	0x00,0x00,0x00,0x00,0x00,0x00,0x00,0x00,0x00,0x00,0x00,0x00,0x00,0x00,0x00,0x00,0x00,0x00,0x00,0x00,
	0x00,0x00,0x00,0x00,0x00,0x00,0x00,0x00,0x00,0x00,0x00,0x00,0x00,0x00,0x00,0x00,0x00,0x00,0x00,0x00,
	0x00,0x00,0x00,0x00,0x00,0x00,0x00,0x00,0x00,0x00,0x00,0x00,0x00,0x00,0x00,0x00,0x00,0x00,0x00,0x00,
	0x00,0x00,0x00,0x00,0x00,0x00,0x00,0x00,0x00,0x00,0x00,0x00,0x00,0x00,0x00,0x00,0x00,0x00,0x00,0x00,
	0x00,0x00,0x00,0x00,0x00,0x00,0x00,0x00,0x00,0x00,0x00,0x00,0x00,0x00,0x00,0x00,0x00,0x00,0x00,0x00,
	0x00,0x00,0x00,0x00,0x00,0x00,0x00,0x00,0x00,0x00,0x00,0x00,0x00,0x00,0x00,0x00,0x00,0x00,0x00,0x00,
	0x00,0x00,0x00,0x00,0x00,0x00,0x00,0x00,0x00,0x00,0x00,0x00,0x00,0x00,0x00,0x00,0x00,0x00,0x00,0x00,
	0x00,0x00,0x00,0x00,0x00,0x00,0x00,0x00,0x00,0x00,0x00,0x00,0x00,0x00,0x00,0x00,0x00,0x00,0x00,0x00,
	0x00,0x00,0x00,0x00,0x00,0x00,0x00,0x00,0x00,0x00,0x00,0x00,0x00,0x00,0x00,0x00,0x00,0x00,0x00,0x00,
	0x00,0x00,0x00,0x00,0x00,0x00,0x00,0x00,0x00,0x00,0x00,0x00,0x00,0x00,0x00,0x00,0x00,0x00,0x00,0x00,
	0x00,0x00,0x00,0x00,0x00,0x00,0x00,0x00,0x00,0x00,0x00,0x00,0x00,0x00,0x00,0x00,0x00,0x00,0x00,0x00,
	0x00,0x00,0x00,0x00,0x00,0x00,0x00,0x00,0x00,0x00,0x00,0x00,0x00,0x00,0x00,0x00,0x00,0x00,0x00,0x00,
	0x00,0x00,0x00,0x00,0x00,0x00,0x00,0x00,0x00,0x00,0x00,0x00,0x00,0x00,0x00,0x00,0x00,0x00,0x00,0x00,
	0x00,0x00,0x00,0x00,0x00,0x00,0x00,0x00,0x00,0x00,0x00,0x00,0x00,0x00,0x00,0x00,0x00,0x00,0x00,0x00,
	0x00,0x00,0x00,0x00,0x00,0x00,0x00,0x00,0x00,0x00,0x00,0x00,0x00,0x00,0x00,0x00,0x00,0x00,0x00,0x00,
	0x00,0x00,0x00,0x00,0x00,0x00,0x00,0x00,0x00,0x00,0x21,0x00,0x41,0x00,0x41,0x00,0x42,0x00,0x42,0x00,
	0x42,0x00,0x42,0x00,0x42,0x00,0x42,0x00,0x42,0x00,0x42,0x00,0x42,0x00,0x42,0x00,0x42,0x00,0x21,0x00,
	0x21,0x00,0x21,0x00,0x21,0x00,0x21,0x00,0x00,0x00,0x00,0x00,0x00,0x00,0x00,0x00,0x00,0x00,0x00,0x00,
	0x00,0x00,0x00,0x00,0x00,0x00,0x00,0x00,0x00,0x00,0x00,0x00,0x00,0x00,0x00,0x00,0x00,0x00,0x00,0x00,
	0x00,0x00,0x00,0x00,0x00,0x00,0x00,0x00,0x00,0x00,0x00,0x00,0x00,0x00,0x00,0x00,0x00,0x00,0x00,0x00,
	0x00,0x00,0x00,0x00,0x00,0x00,0x00,0x00,0x00,0x00,0x00,0x00,0x00,0x00,0x00,0x00,0x00,0x00,0x00,0x00,
	0x00,0x00,0x00,0x00,0x00,0x00,0x00,0x00,0x00,0x00,0x00,0x00,0x00,0x00,0x00,0x00,0x00,0x00,0x00,0x00,
	0x00,0x00,0x00,0x00,0x00,0x00,0x00,0x00,0x00,0x00,0x00,0x00,0x00,0x00,0x00,0x00,0x00,0x00,0x00,0x00,
	0x00,0x00,0x00,0x00,0x00,0x00,0x00,0x00,0x00,0x00,0x00,0x00,0x00,0x00,0x00,0x00,0x00,0x00,0x00,0x00,
	0x00,0x00,0x00,0x00,0x00,0x00,0x00,0x00,0x00,0x00,0x00,0x00,0x00,0x00,0x00,0x00,0x00,0x00,0x00,0x00,
	0x00,0x00,0x00,0x00,0x00,0x00,0x00,0x00,0x00,0x00,0x00,0x00,0x00,0x00,0x00,0x00,0x00,0x00,0x00,0x00,
	0x00,0x00,0x00,0x00,0x00,0x00,0x00,0x00,0x00,0x00,0x00,0x00,0x00,0x00,0x00,0x00,0x00,0x00,0x00,0x00,
	0x00,0x00,0x00,0x00,0x00,0x00,0x00,0x00,0x00,0x00,0x00,0x00,0x00,0x00,0x00,0x00,0x00,0x00,0x00,0x00,
	0x00,0x00,0x00,0x00,0x00,0x00,0x00,0x00,0x00,0x00,0x00,0x00,0x00,0x00,0x00,0x00,0x00,0x00,0x00,0x00,
	0x00,0x00,0x00,0x00,0x00,0x00,0x00,0x00,0x00,0x00,0x00,0x00,0x00,0x00,0x00,0x00,0x00,0x00,0x00,0x00,
	0x00,0x00,0x00,0x00,0x00,0x00,0x00,0x00,0x00,0x00,0x00,0x00,0x00,0x00,0x00,0x00,0x00,0x00,0x00,0x00,
	0x00,0x00,0x00,0x00,0x00,0x00,0x00,0x00,0x00,0x00,0x00,0x00,0x00,0x00,0x00,0x00,0x00,0x00,0x00,0x00,
	0x00,0x00,0x00,0x00,0x00,0x00,0x00,0x00,0x00,0x00,0x00,0x00,0x00,0x00,0x00,0x00,0x00,0x00,0x00,0x00,
	0x00,0x00,0x00,0x00,0x00,0x00,0x00,0x00,0x00,0x00,0x00,0x00,0x00,0x00,0x00,0x00,0x00,0x00,0x00,0x00,
	0x00,0x00,0x00,0x00,0x00,0x00,0x00,0x00,0x00,0x00,0x00,0x00,0x00,0x00,0x00,0x00,0x00,0x00,0x00,0x00,
	0x00,0x00,0x00,0x00,0x00,0x00,0x00,0x00,0x00,0x00,0x00,0x00,0x00,0x00,0x00,0x00,0x00,0x00,0x00,0x00,
	0x00,0x00,0x00,0x00,0x00,0x00,0x00,0x00,0x00,0x00,0x00,0x00,0x00,0x00,0x00,0x00,0x00,0x00,0x00,0x00,
	0x00,0x00,0x00,0x00,0x00,0x00,0x00,0x00,0x00,0x00,0x00,0x00,0x00,0x00,0x00,0x00,0x00,0x00,0x00,0x00,
	0x00,0x00,0x00,0x00,0x00,0x00,0x00,0x00,0x00,0x00,0x00,0x00,0x00,0x00,0x00,0x00,0x00,0x00,0x00,0x00,
	0x00,0x00,0x00,0x00,0x00,0x00,0x00,0x00,0x00,0x00,0x00,0x00,0x00,0x00,0x00,0x00,0x00,0x00,0x00,0x00,
	0x00,0x00,0x00,0x00,0x00,0x00,0x00,0x00,0x00,0x00,0x00,0x00,0x00,0x00,0x00,0x00,0x00,0x00,0x00,0x00,
	0x00,0x00,0x00,0x00,0x00,0x00,0x00,0x00,0x00,0x00,0x00,0x00,0x00,0x00,0x00,0x00,0x00,0x00,0x00,0x00,
	0x00,0x00,0x00,0x00,0x00,0x00,0x00,0x00,0x00,0x00,0x00,0x00,0x00,0x00,0x00,0x00,0x00,0x00,0x20,0x00,
	0x20,0x00,0x21,0x00,0x21,0x00,0x21,0x00,0x21,0x00,0x21,0x00,0x21,0x00,0x21,0x00,0x21,0x00,0x21,0x00,
	0x21,0x00,0x21,0x00,0x00,0x00,0x00,0x00,0x00,0x00,0x00,0x00,0x00,0x00,0x00,0x00,0x00,0x00,0x00,0x00,
	0x00,0x00,0x00,0x00,0x00,0x00,0x00,0x00,0x00,0x00,0x00,0x00,0x00,0x00,0x00,0x00,0x00,0x00,0x00,0x00,
	0x00,0x00,0x00,0x00,0x00,0x00,0x00,0x00,0x00,0x00,0x00,0x00,0x00,0x00,0x00,0x00,0x00,0x00,0x00,0x00,
	0x00,0x00,0x00,0x00,0x00,0x00,0x00,0x00,0x00,0x00,0x00,0x00,0x00,0x00,0x00,0x00,0x00,0x00,0x00,0x00,
	0x00,0x00,0x00,0x00,0x00,0x00,0x00,0x00,0x00,0x00,0x00,0x00,0x00,0x00,0x00,0x00,0x00,0x00,0x00,0x00,
	0x00,0x00,0x00,0x00,0x00,0x00,0x00,0x00,0x00,0x00,0x00,0x00,0x00,0x00,0x00,0x00,0x00,0x00,0x00,0x00,
	0x00,0x00,0x00,0x00,0x00,0x00,0x00,0x00,0x00,0x00,0x00,0x00,0x00,0x00,0x00,0x00,0x00,0x00,0x00,0x00,
	0x00,0x00,0x00,0x00,0x00,0x00,0x00,0x00,0x00,0x00,0x00,0x00,0x00,0x00,0x00,0x00,0x00,0x00,0x00,0x00,
	0x00,0x00,0x00,0x00,0x00,0x00,0x00,0x00,0x00,0x00,0x00,0x00,0x00,0x00,0x00,0x00,0x00,0x00,0x00,0x00,
	0x00,0x00,0x00,0x00,0x00,0x00,0x00,0x00,0x00,0x00,0x00,0x00,0x00,0x00,0x00,0x00,0x00,0x00,0x00,0x00,
	0x00,0x00,0x00,0x00,0x00,0x00,0x00,0x00,0x00,0x00,0x00,0x00,0x00,0x00,0x00,0x00,0x00,0x00,0x00,0x00,
	0x00,0x00,0x00,0x00,0x00,0x00,0x00,0x00,0x00,0x00,0x00,0x00,0x00,0x00,0x00,0x00,0x00,0x00,0x00,0x00,
	0x00,0x00,0x00,0x00,0x00,0x00,0x00,0x00,0x00,0x00,0x00,0x00,0x00,0x00,0x00,0x00,0x00,0x00,0x00,0x00,
	0x00,0x00,0x00,0x00,0x00,0x00,0x00,0x00,0x00,0x00,0x00,0x00,0x00,0x00,0x00,0x00,0x00,0x00,0x00,0x00,
	0x00,0x00,0x00,0x00,0x00,0x00,0x00,0x00,0x00,0x00,0x00,0x00,0x00,0x00,0x00,0x00,0x00,0x00,0x00,0x00,
	0x00,0x00,0x00,0x00,0x00,0x00,0x00,0x00,0x00,0x00,0x00,0x00,0x00,0x00,0x00,0x00,0x00,0x00,0x00,0x00,
	0x00,0x00,0x00,0x00,0x00,0x00,0x00,0x00,0x00,0x00,0x00,0x00,0x00,0x00,0x00,0x00,0x00,0x00,0x00,0x00,
	0x00,0x00,0x00,0x00,0x00,0x00,0x00,0x00,0x00,0x00,0x00,0x00,0x00,0x00,0x00,0x00,0x00,0x00,0x00,0x00,
	0x00,0x00,0x00,0x00,0x00,0x00,0x00,0x00,0x00,0x00,0x00,0x00,0x00,0x00,0x00,0x00,0x00,0x00,0x00,0x00,
	0x00,0x00,0x00,0x00,0x00,0x00,0x00,0x00,0x00,0x00,0x00,0x00,0x00,0x00,0x00,0x00,0x00,0x00,0x00,0x00,
	0x00,0x00,0x00,0x00,0x00,0x00,0x00,0x00,0x00,0x00,0x00,0x00,0x00,0x00,0x00,0x00,0x00,0x00,0x00,0x00,
	0x00,0x00,0x00,0x00,0x00,0x00,0x00,0x00,0x00,0x00,0x00,0x00,0x00,0x00,0x00,0x00,0x00,0x00,0x00,0x00,
	0x00,0x00,0x00,0x00,0x00,0x00,0x00,0x00,0x00,0x00,0x00,0x00,0x00,0x00,0x00,0x00,0x00,0x00,0x00,0x00,
	0x00,0x00,0x00,0x00,0x00,0x00,0x00,0x00,0x00,0x00,0x00,0x00,0x00,0x00,0x00,0x00,0x00,0x00,0x00,0x00,
	0x00,0x00,0x00,0x00,0x00,0x00,0x00,0x00,0x00,0x00,0x00,0x00,0x00,0x00,0x00,0x00,0x00,0x00,0x00,0x00,
	0x00,0x00,0x00,0x00,0x00,0x00,0x00,0x00,0x00,0x00,0x00,0x00,0x00,0x00,0x00,0x00,0x00,0x00,0x00,0x00,
	0x00,0x00,0x00,0x00,0x00,0x00,0x00,0x00,0x00,0x00,0x00,0x00,0x00,0x00,0x00,0x00,0x00,0x00,0x00,0x00,
	0x00,0x00,0x00,0x00,0x00,0x00,0x00,0x00,0x00,0x00,0x00,0x00,0x00,0x00,0x00,0x00,0x00,0x00,0x00,0x00,
	0x00,0x00,0x00,0x00,0x00,0x00,0x00,0x00,0x00,0x00,0x00,0x00,0x00,0x00,0x00,0x00,0x00,0x00,0x00,0x00,
	0x00,0x00,0x00,0x00,0x00,0x00,0x00,0x00,0x00,0x00,0x00,0x00,0x00,0x00,0x00,0x00,0x00,0x00,0x00,0x00,
	0x00,0x00,0x00,0x00,0x00,0x00,0x00,0x00,0x00,0x00,0x00,0x00,0x00,0x00,0x00,0x00,0x00,0x00,0x00,0x00,
	0x00,0x00,0x00,0x00,0x00,0x00,0x00,0x00,0x00,0x00,0x00,0x00,0x00,0x00,0x00,0x00,0x00,0x00,0x00,0x00,
	0x00,0x00,0x00,0x00,0x00,0x00,0x00,0x00,0x00,0x00,0x00,0x00,0x00,0x00,0x00,0x00,0x00,0x00,0x00,0x00,
	0x00,0x00,0x00,0x00,0x00,0x00,0x00,0x00,0x00,0x00,0x00,0x00,0x00,0x00,0x00,0x00,0x00,0x00,0x00,0x00,
	0x00,0x00,0x00,0x00,0x00,0x00,0x00,0x00,0x00,0x00,0x00,0x00,0x00,0x00,0x00,0x00,0x00,0x00,0x00,0x00,
	0x00,0x00,0x00,0x00,0x00,0x00,0x00,0x00,0x00,0x00,0x00,0x00,0x00,0x00,0x00,0x00,0x00,0x00,0x00,0x00,
	0x00,0x00,0x00,0x00,0x00,0x00,0x00,0x00,0x00,0x00,0x00,0x00,0x00,0x00,0x00,0x00,0x00,0x00,0x00,0x00,
	0x00,0x00,0x00,0x00,0x00,0x00,0x00,0x00,0x00,0x00,0x00,0x00,0x00,0x00,0x00,0x00,0x00,0x00,0x00,0x00,
	0x00,0x00,0x00,0x00,0x00,0x00,0x00,0x00,0x00,0x00,0x00,0x00,0x00,0x00,0x00,0x00,0x00,0x00,0x00,0x00,
	0x00,0x00,0x00,0x00,0x00,0x00,0x00,0x00,0x00,0x00,0x00,0x00,0x00,0x00,0x00,0x00,0x00,0x00,0x00,0x00,
	0x00,0x00,0x00,0x00,0x00,0x00,0x00,0x00,0x00,0x00,0x00,0x00,0x00,0x00,0x00,0x00,0x00,0x00,0x00,0x00,
	0x00,0x00,0x00,0x00,0x00,0x00,0x00,0x00,0x00,0x00,0x00,0x00,0x00,0x00,0x00,0x00,0x00,0x00,0x00,0x00,
	0x00,0x00,0x00,0x00,0x00,0x00,0x00,0x00,0x00,0x00,0x00,0x00,0x00,0x00,0x00,0x00,0x00,0x00,0x00,0x00,
	0x00,0x00,0x00,0x00,0x00,0x00,0x00,0x00,0x00,0x00,0x00,0x00,0x00,0x00,0x00,0x00,0x00,0x00,0x00,0x00,
	0x00,0x00,0x00,0x00,0x00,0x00,0x00,0x00,0x00,0x00,0x00,0x00,0x00,0x00,0x00,0x00,0x00,0x00,0x00,0x00,
	0x00,0x00,0x00,0x00,0x00,0x00,0x00,0x00,0x00,0x00,0x00,0x00,0x00,0x00,0x00,0x00,0x00,0x00,0x00,0x00,
	0x00,0x00,0x00,0x00,0x00,0x00,0x00,0x00,0x00,0x00,0x00,0x00,0x00,0x00,0x00,0x00,0x00,0x00,0x00,0x00,
	0x00,0x00,0x00,0x00,0x00,0x00,0x00,0x00,0x00,0x00,0x00,0x00,0x00,0x00,0x00,0x00,0x00,0x00,0x00,0x00,
	0x00,0x00,0x00,0x00,0x00,0x00,0x00,0x00,0x00,0x00,0x00,0x00,0x00,0x00,0x00,0x00,0x00,0x00,0x00,0x00,
	0x00,0x00,0x00,0x00,0x00,0x00,0x00,0x00,0x00,0x00,0x00,0x00,0x00,0x00,0x00,0x00,0x00,0x00,0x00,0x00,
	0x00,0x00,0x00,0x00,0x00,0x00,0x00,0x00,0x00,0x00,0x00,0x00,0x00,0x00,0x00,0x00,0x00,0x00,0x00,0x00,
	0x00,0x00,0x00,0x00,0x00,0x00,0x00,0x00,0x00,0x00,0x00,0x00,0x00,0x00,0x00,0x00,0x00,0x00,0x00,0x00,
	0x00,0x00,0x00,0x00,0x00,0x00,0x00,0x00,0x00,0x00,0x00,0x00,0x00,0x00,0x00,0x00,0x00,0x00,0x00,0x00,
	0x00,0x00,0x00,0x00,0x00,0x00,0x00,0x00,0x00,0x00,0x00,0x00,0x00,0x00,0x00,0x00,0x00,0x00,0x00,0x00,
	0x00,0x00,0x00,0x00,0x00,0x00,0x00,0x00,0x00,0x00,0x00,0x00,0x00,0x00,0x00,0x00,0x00,0x00,0x00,0x00,
	0x00,0x00,0x00,0x00,0x00,0x00,0x00,0x00,0x00,0x00,0x00,0x00,0x00,0x00,0x00,0x00,0x00,0x00,0x00,0x00,
	0x00,0x00,0x00,0x00,0x00,0x00,0x00,0x00,0x00,0x00,0x00,0x00,0x00,0x00,0x00,0x00,0x00,0x00,0x00,0x00,
	0x00,0x00,0x00,0x00,0x00,0x00,0x00,0x00,0x00,0x00,0x00,0x00,0x00,0x00,0x00,0x00,0x00,0x00,0x00,0x00,
	0x00,0x00,0x00,0x00,0x00,0x00,0x00,0x00,0x00,0x00,0x00,0x00,0x00,0x00,0x00,0x00,0x00,0x00,0x00,0x00,
	0x00,0x00,0x00,0x00,0x00,0x00,0x00,0x00,0x00,0x00,0x00,0x00,0x00,0x00,0x00,0x00,0x00,0x00,0x00,0x00,
	0x00,0x00,0x00,0x00,0x00,0x00,0x00,0x00,0x00,0x00,0x00,0x00,0x00,0x00,0x00,0x00,0x00,0x00,0x00,0x00,
	0x00,0x00,0x00,0x00,0x00,0x00,0x00,0x00,0x00,0x00,0x00,0x00,0x00,0x00,0x00,0x00,0x00,0x00,0x00,0x00,
	0x00,0x00,0x00,0x00,0x00,0x00,0x00,0x00,0x00,0x00,0x00,0x00,0x00,0x00,0x00,0x00,0x00,0x00,0x00,0x00,
	0x00,0x00,0x00,0x00,0x00,0x00,0x00,0x00,0x00,0x00,0x00,0x00,0x00,0x00,0x00,0x00,0x00,0x00,0x00,0x00,
	0x00,0x00,0x00,0x00,0x00,0x00,0x00,0x00,0x00,0x00,0x00,0x00,0x00,0x00,0x00,0x00,0x00,0x00,0x00,0x00,
	0x00,0x00,0x00,0x00,0x00,0x00,0x00,0x00,0x00,0x00,0x00,0x00,0x00,0x00,0x00,0x00,0x00,0x00,0x00,0x00,
	0x00,0x00,0x00,0x00,0x00,0x00,0x00,0x00,0x00,0x00,0x00,0x00,0x00,0x00,0x00,0x00,0x00,0x00,0x00,0x00,
	0x00,0x00,0x00,0x00,0x00,0x00,0x00,0x00,0x00,0x00,0x00,0x00,0x00,0x00,0x00,0x00,0x00,0x00,0x00,0x00,
	0x00,0x00,0x00,0x00,0x00,0x00,0x00,0x00,0x00,0x00,0x00,0x00,0x00,0x00,0x00,0x00,0x00,0x00,0x00,0x00,
	0x00,0x00,0x00,0x00,0x00,0x00,0x00,0x00,0x00,0x00,0x00,0x00,0x00,0x00,0x00,0x00,0x00,0x00,0x00,0x00,
	0x00,0x00,0x00,0x00,0x00,0x00,0x00,0x00,0x00,0x00,0x00,0x00,0x00,0x00,0x00,0x00,0x00,0x00,0x00,0x00,
	0x00,0x00,0x00,0x00,0x00,0x00,0x00,0x00,0x00,0x00,0x00,0x00,0x00,0x00,0x00,0x00,0x00,0x00,0x00,0x00,
	0x00,0x00,0x00,0x00,0x00,0x00,0x00,0x00,0x00,0x00,0x00,0x00,0x00,0x00,0x00,0x00,0x00,0x00,0x00,0x00,
	0x00,0x00,0x00,0x00,0x00,0x00,0x00,0x00,0x00,0x00,0x00,0x00,0x00,0x00,0x00,0x00,0x00,0x00,0x00,0x00,
	0x00,0x00,0x00,0x00,0x00,0x00,0x00,0x00,0x00,0x00,0x00,0x00,0x00,0x00,0x00,0x00,0x00,0x00,0x00,0x00,
	0x00,0x00,0x00,0x00,0x00,0x00,0x00,0x00,0x00,0x00,0x00,0x00,0x00,0x00,0x00,0x00,0x00,0x00,0x00,0x00,
	0x00,0x00,0x00,0x00,0x00,0x00,0x00,0x00,0x00,0x00,0x00,0x00,0x00,0x00,0x00,0x00,0x00,0x00,0x00,0x00,
	0x00,0x00,0x00,0x00,0x00,0x00,0x00,0x00,0x00,0x00,0x00,0x00,0x00,0x00,0x00,0x00,0x00,0x00,0x00,0x00,
	0x00,0x00,0x00,0x00,0x00,0x00,0x00,0x00,0x00,0x00,0x00,0x00,0x00,0x00,0x00,0x00,0x00,0x00,0x00,0x00,
	0x00,0x00,0x00,0x00,0x00,0x00,0x00,0x00,0x00,0x00,0x00,0x00,0x00,0x00,0x00,0x00,0x00,0x00,0x00,0x00,
	0x00,0x00,0x00,0x00,0x00,0x00,0x00,0x00,0x00,0x00,0x00,0x00,0x00,0x00,0x00,0x00,0x00,0x00,0x00,0x00,
	0x00,0x00,0x00,0x00,0x00,0x00,0x00,0x00,0x00,0x00,0x00,0x00,0x00,0x00,0x00,0x00,0x00,0x00,0x00,0x00,
	0x00,0x00,0x00,0x00,0x00,0x00,0x00,0x00,0x00,0x00,0x00,0x00,0x00,0x00,0x00,0x00,0x00,0x00,0x00,0x00,
	0x00,0x00,0x00,0x00,0x00,0x00,0x00,0x00,0x00,0x00,0x00,0x00,0x00,0x00,0x00,0x00,0x00,0x00,0x00,0x00,
	0x00,0x00,0x00,0x00,0x00,0x00,0x00,0x00,0x00,0x00,0x00,0x00,0x00,0x00,0x00,0x00,0x00,0x00,0x00,0x00,
	0x00,0x00,0x00,0x00,0x00,0x00,0x00,0x00,0x00,0x00,0x00,0x00,0x00,0x00,0x00,0x00,0x00,0x00,0x00,0x00,
	0x00,0x00,0x00,0x00,0x00,0x00,0x00,0x00,0x00,0x00,0x00,0x00,0x00,0x00,0x00,0x00,0x00,0x00,0x00,0x00,
	0x00,0x00,0x00,0x00,0x00,0x00,0x00,0x00,0x00,0x00,0x00,0x00,0x00,0x00,0x00,0x00,0x00,0x00,0x00,0x00,
	0x00,0x00,0x00,0x00,0x00,0x00,0x00,0x00,0x00,0x00,0x00,0x00,0x00,0x00,0x00,0x00,0x00,0x00,0x00,0x00,
	0x00,0x00,0x00,0x00,0x00,0x00,0x00,0x00,0x00,0x00,0x00,0x00,0x00,0x00,0x00,0x00,0x00,0x00,0x00,0x00,
	0x00,0x00,0x00,0x00,0x00,0x00,0x00,0x00,0x00,0x00,0x00,0x00,0x00,0x00,0x00,0x00,0x00,0x00,0x00,0x00,
	0x00,0x00,0x00,0x00,0x00,0x00,0x00,0x00,0x00,0x00,0x00,0x00,0x00,0x00,0x00,0x00,0x00,0x00,0x00,0x00,
	0x00,0x00,0x00,0x00,0x00,0x00,0x00,0x00,0x00,0x00,0x00,0x00,0x00,0x00,0x00,0x00,0x00,0x00,0x00,0x00,
	0x00,0x00,0x00,0x00,0x00,0x00,0x00,0x00,0x00,0x00,0x00,0x00,0x00,0x00,0x00,0x00,0x00,0x00,0x00,0x00,
	0x00,0x00,0x00,0x00,0x00,0x00,0x00,0x00,0x00,0x00,0x00,0x00,0x00,0x00,0x00,0x00,0x00,0x00,0x00,0x00,
	0x00,0x00,0x00,0x00,0x00,0x00,0x00,0x00,0x00,0x00,0x00,0x00,0x00,0x00,0x00,0x00,0x00,0x00,0x00,0x00,
	0x00,0x00,0x00,0x00,0x00,0x00,0x00,0x00,0x00,0x00,0x00,0x00,0x00,0x00,0x00,0x00,0x00,0x00,0x00,0x00,
	0x00,0x00,0x00,0x00,0x00,0x00,0x00,0x00,0x00,0x00,0x00,0x00,0x00,0x00,0x00,0x00,0x00,0x00,0x00,0x00,
	0x00,0x00,0x00,0x00,0x00,0x00,0x00,0x00,0x00,0x00,0x00,0x00,0x00,0x00,0x00,0x00,0x00,0x00,0x00,0x00,
	0x00,0x00,0x00,0x00,0x00,0x00,0x00,0x00,0x00,0x00,0x00,0x00,0x00,0x00,0x00,0x00,0x00,0x00,0x00,0x00,
	0x00,0x00,0x00,0x00,0x00,0x00,0x00,0x00,0x00,0x00,0x00,0x00,0x00,0x00,0x00,0x00,0x00,0x00,0x00,0x00,
	0x00,0x00,0x00,0x00,0x00,0x00,0x00,0x00,0x00,0x00,0x00,0x00,0x00,0x00,0x00,0x00,0x00,0x00,0x00,0x00,
	0x00,0x00,0x00,0x00,0x00,0x00,0x00,0x00,0x00,0x00,0x00,0x00,0x00,0x00,0x00,0x00,0x00,0x00,0x00,0x00,
	0x00,0x00,0x00,0x00,0x00,0x00,0x00,0x00,0x00,0x00,0x00,0x00,0x00,0x00,0x00,0x00,0x00,0x00,0x00,0x00,
	0x00,0x00,0x00,0x00,0x00,0x00,0x00,0x00,0x00,0x00,0x00,0x00,0x00,0x00,0x00,0x00,0x00,0x00,0x00,0x00,
	0x00,0x00,0x00,0x00,0x00,0x00,0x00,0x00,0x00,0x00,0x00,0x00,0x00,0x00,0x00,0x00,0x00,0x00,0x00,0x00,
	0x00,0x00,0x00,0x00,0x00,0x00,0x00,0x00,0x00,0x00,0x00,0x00,0x00,0x00,0x00,0x00,0x00,0x00,0x00,0x00,
	0x00,0x00,0x00,0x00,0x00,0x00,0x00,0x00,0x00,0x00,0x00,0x00,0x00,0x00,0x00,0x00,0x00,0x00,0x00,0x00,
	0x00,0x00,0x00,0x00,0x00,0x00,0x00,0x00,0x00,0x00,0x00,0x00,0x00,0x00,0x00,0x00,0x00,0x00,0x00,0x00,
	0x00,0x00,0x00,0x00,0x00,0x00,0x00,0x00,0x00,0x00,0x00,0x00,0x00,0x00,0x00,0x00,0x00,0x00,0x00,0x00,
	0x00,0x00,0x00,0x00,0x00,0x00,0x00,0x00,0x00,0x00,0x00,0x00,0x00,0x00,0x00,0x00,0x00,0x00,0x00,0x00,
	0x00,0x00,0x00,0x00,0x00,0x00,0x00,0x00,0x00,0x00,0x00,0x00,0x00,0x00,0x00,0x00,0x00,0x00,0x00,0x00,
	0x00,0x00,0x00,0x00,0x00,0x00,0x00,0x00,0x00,0x00,0x00,0x00,0x00,0x00,0x00,0x00,0x00,0x00,0x00,0x00,
	0x00,0x00,0x00,0x00,0x00,0x00,0x00,0x00,0x00,0x00,0x00,0x00,0x00,0x00,0x00,0x00,0x00,0x00,0x00,0x00,
	0x00,0x00,0x00,0x00,0x00,0x00,0x00,0x00,0x00,0x00,0x00,0x00,0x00,0x00,0x00,0x00,0x00,0x00,0x00,0x00,
	0x00,0x00,0x00,0x00,0x00,0x00,0x00,0x00,0x00,0x00,0x00,0x00,0x00,0x00,0x00,0x00,0x00,0x00,0x00,0x00,
	0x00,0x00,0x00,0x00,0x00,0x00,0x00,0x00,0x00,0x00,0x00,0x00,0x00,0x00,0x00,0x00,0x00,0x00,0x00,0x00,
	0x00,0x00,0x00,0x00,0x00,0x00,0x00,0x00,0x00,0x00,0x00,0x00,0x00,0x00,0x00,0x00,0x00,0x00,0x00,0x00,
	0x00,0x00,0x00,0x00,0x00,0x00,0x00,0x00,0x00,0x00,0x00,0x00,0x00,0x00,0x00,0x00,0x00,0x00,0x00,0x00,
	0x00,0x00,0x00,0x00,0x00,0x00,0x00,0x00,0x00,0x00,0x00,0x00,0x00,0x00,0x00,0x00,0x00,0x00,0x00,0x00,
	0x00,0x00,0x00,0x00,0x00,0x00,0x00,0x00,0x00,0x00,0x00,0x00,0x00,0x00,0x00,0x00,0x00,0x00,0x00,0x00,
	0x00,0x00,0x00,0x00,0x00,0x00,0x00,0x00,0x00,0x00,0x00,0x00,0x00,0x00,0x00,0x00,0x00,0x00,0x00,0x00,
	0x00,0x00,0x00,0x00,0x00,0x00,0x00,0x00,0x00,0x00,0x00,0x00,0x00,0x00,0x00,0x00,0x00,0x00,0x00,0x00,
	0x00,0x00,0x00,0x00,0x00,0x00,0x00,0x00,0x00,0x00,0x00,0x00,0x00,0x00,0x00,0x00,0x00,0x00,0x00,0x00,
	0x00,0x00,0x00,0x00,0x00,0x00,0x00,0x00,0x00,0x00,0x00,0x00,0x00,0x00,0x00,0x00,0x00,0x00,0x00,0x00,
	0x00,0x00,0x00,0x00,0x00,0x00,0x00,0x00,0x00,0x00,0x00,0x00,0x00,0x00,0x00,0x00,0x00,0x00,0x00,0x00,
	0x00,0x00,0x00,0x00,0x00,0x00,0x00,0x00,0x00,0x00,0x00,0x00,0x00,0x00,0x00,0x00,0x00,0x00,0x00,0x00,
	0x00,0x00,0x00,0x00,0x00,0x00,0x00,0x00,0x00,0x00,0x00,0x00,0x00,0x00,0x00,0x00,0x00,0x00,0x00,0x00,
	0x00,0x00,0x00,0x00,0x00,0x00,0x00,0x00,0x00,0x00,0x00,0x00,0x00,0x00,0x00,0x00,0x00,0x00,0x00,0x00,
	0x00,0x00,0x00,0x00,0x00,0x00,0x00,0x00,0x00,0x00,0x41,0x08,0xA3,0x18,0x04,0x21,0xE3,0x18,0x82,0x10,
	0x20,0x00,0x00,0x00,0x00,0x00,0x00,0x00,0x00,0x00,0x00,0x00,0x00,0x00,0x00,0x00,0x00,0x00,0x00,0x00,
	0x00,0x00,0x00,0x00,0x00,0x00,0x00,0x00,0x00,0x00,0x00,0x00,0x00,0x00,0x00,0x00,0x00,0x00,0x00,0x00,
	0x00,0x00,0x00,0x00,0x00,0x00,0x00,0x00,0x00,0x00,0x00,0x00,0x00,0x00,0x00,0x00,0x00,0x00,0x00,0x00,
	0x00,0x00,0x00,0x00,0x00,0x00,0x00,0x00,0x00,0x00,0x00,0x00,0x00,0x00,0x00,0x00,0x00,0x00,0x00,0x00,
	0x00,0x00,0x00,0x00,0x00,0x00,0x00,0x00,0x00,0x00,0x00,0x00,0x00,0x00,0x00,0x00,0x00,0x00,0x00,0x00,
	0x00,0x00,0x00,0x00,0x00,0x00,0x00,0x00,0x00,0x00,0x00,0x00,0x00,0x00,0x00,0x00,0x00,0x00,0x00,0x00,
	0x00,0x00,0x00,0x00,0x00,0x00,0x00,0x00,0x00,0x00,0x00,0x00,0x00,0x00,0x00,0x00,0x00,0x00,0x00,0x00,
	0x00,0x00,0x00,0x00,0x00,0x00,0x00,0x00,0x00,0x00,0x00,0x00,0x00,0x00,0x00,0x00,0x00,0x00,0x00,0x00,
	0x00,0x00,0x00,0x00,0x00,0x00,0x00,0x00,0x00,0x00,0x00,0x00,0x00,0x00,0x00,0x00,0x00,0x00,0x00,0x00,
	0x00,0x00,0x00,0x00,0x00,0x00,0x00,0x00,0x00,0x00,0x00,0x00,0x00,0x00,0x00,0x00,0x00,0x00,0x00,0x00,
	0x00,0x00,0x00,0x00,0x00,0x00,0x00,0x00,0x00,0x00,0x00,0x00,0x00,0x00,0x00,0x00,0x00,0x00,0x00,0x00,
	0x00,0x00,0x00,0x00,0x00,0x00,0x00,0x00,0x00,0x00,0x00,0x00,0x00,0x00,0x00,0x00,0x00,0x00,0x00,0x00,
	0x00,0x00,0x00,0x00,0x20,0x00,0x82,0x10,0xE3,0x18,0x04,0x21,0xA3,0x18,0x41,0x08,0x00,0x00,0x00,0x00,
	0x00,0x00,0x00,0x00,0x00,0x00,0x00,0x00,0x00,0x00,0x00,0x00,0x00,0x00,0x00,0x00,0x00,0x00,0x00,0x00,
	0x00,0x00,0x00,0x00,0x00,0x00,0x00,0x00,0x00,0x00,0x00,0x00,0x00,0x00,0x00,0x00,0x00,0x00,0x00,0x00,
	0x00,0x00,0x00,0x00,0x00,0x00,0x00,0x00,0x00,0x00,0x00,0x00,0x00,0x00,0x00,0x00,0x00,0x00,0x00,0x00,
	0x00,0x00,0x00,0x00,0x00,0x00,0x00,0x00,0x00,0x00,0x00,0x00,0x00,0x00,0x00,0x00,0x00,0x00,0x00,0x00,
	0x00,0x00,0x00,0x00,0x00,0x00,0x00,0x00,0x00,0x00,0x00,0x00,0x00,0x00,0x00,0x00,0x00,0x00,0x00,0x00,
	0x00,0x00,0x00,0x00,0x00,0x00,0x00,0x00,0x00,0x00,0x00,0x00,0x00,0x00,0x00,0x00,0x00,0x00,0x00,0x00,
	0x00,0x00,0x00,0x00,0x00,0x00,0x00,0x00,0x00,0x00,0x00,0x00,0x00,0x00,0x00,0x00,0x00,0x00,0x00,0x00,
	0x00,0x00,0x00,0x00,0x00,0x00,0x00,0x00,0x00,0x00,0x00,0x00,0x00,0x00,0x00,0x00,0x00,0x00,0x00,0x00,
	0x00,0x00,0x00,0x00,0x00,0x00,0x00,0x00,0x00,0x00,0x00,0x00,0x00,0x00,0x00,0x00,0x00,0x00,0x00,0x00,
	0x00,0x00,0x00,0x00,0x00,0x00,0x00,0x00,0x00,0x00,0x00,0x00,0x00,0x00,0x00,0x00,0x00,0x00,0x00,0x00,
	0x00,0x00,0x00,0x00,0x00,0x00,0x00,0x00,0x00,0x00,0x00,0x00,0x00,0x00,0x00,0x00,0x00,0x00,0x00,0x00,
	0x00,0x00,0x00,0x00,0x00,0x00,0x00,0x00,0x00,0x00,0x00,0x00,0x00,0x00,0x00,0x00,0x00,0x00,0x00,0x00,
	0x00,0x00,0x00,0x00,0x00,0x00,0x00,0x00,0x00,0x00,0x00,0x00,0x00,0x00,0x00,0x00,0x00,0x00,0x00,0x00,
	0x00,0x00,0x00,0x00,0x00,0x00,0x00,0x00,0x00,0x00,0x00,0x00,0x00,0x00,0x21,0x08,0xC3,0x18,0x08,0x42,
	0xEC,0x62,0x8A,0x52,0xA6,0x31,0x61,0x08,0x00,0x00,0x00,0x00,0x00,0x00,0x00,0x00,0x00,0x00,0x00,0x00,
	0x00,0x00,0x00,0x00,0x00,0x00,0x00,0x00,0x00,0x00,0x00,0x00,0x00,0x00,0x00,0x00,0x00,0x00,0x00,0x00,
	0x00,0x00,0x00,0x00,0x00,0x00,0x00,0x00,0x00,0x00,0x00,0x00,0x00,0x00,0x00,0x00,0x00,0x00,0x00,0x00,
	0x00,0x00,0x00,0x00,0x00,0x00,0x00,0x00,0x00,0x00,0x00,0x00,0x00,0x00,0x00,0x00,0x00,0x00,0x00,0x00,
	0x00,0x00,0x00,0x00,0x00,0x00,0x00,0x00,0x00,0x00,0x00,0x00,0x00,0x00,0x00,0x00,0x00,0x00,0x00,0x00,
	0x00,0x00,0x00,0x00,0x00,0x00,0x00,0x00,0x00,0x00,0x00,0x00,0x00,0x00,0x00,0x00,0x00,0x00,0x00,0x00,
	0x00,0x00,0x00,0x00,0x00,0x00,0x00,0x00,0x00,0x00,0x00,0x00,0x00,0x00,0x00,0x00,0x00,0x00,0x00,0x00,
	0x00,0x00,0x00,0x00,0x00,0x00,0x00,0x00,0x00,0x00,0x00,0x00,0x00,0x00,0x00,0x00,0x00,0x00,0x00,0x00,
	0x00,0x00,0x00,0x00,0x00,0x00,0x00,0x00,0x00,0x00,0x00,0x00,0x00,0x00,0x00,0x00,0x00,0x00,0x00,0x00,
	0x00,0x00,0x00,0x00,0x00,0x00,0x00,0x00,0x00,0x00,0x00,0x00,0x00,0x00,0x00,0x00,0x00,0x00,0x00,0x00,
	0x00,0x00,0x00,0x00,0x00,0x00,0x00,0x00,0x00,0x00,0x00,0x00,0x00,0x00,0x00,0x00,0x00,0x00,0x00,0x00,
	0x00,0x00,0x00,0x00,0x00,0x00,0x00,0x00,0x00,0x00,0x00,0x00,0x00,0x00,0x00,0x00,0x00,0x00,0x00,0x00,
	0x00,0x00,0x00,0x00,0x00,0x00,0x00,0x00,0x00,0x00,0x61,0x08,0x86,0x31,0x8A,0x52,0xEC,0x62,0xE8,0x41,
	0xC3,0x18,0x21,0x08,0x00,0x00,0x00,0x00,0x00,0x00,0x00,0x00,0x00,0x00,0x00,0x00,0x00,0x00,0x00,0x00,
	0x00,0x00,0x00,0x00,0x00,0x00,0x00,0x00,0x00,0x00,0x00,0x00,0x00,0x00,0x00,0x00,0x00,0x00,0x00,0x00,
	0x00,0x00,0x00,0x00,0x00,0x00,0x00,0x00,0x00,0x00,0x00,0x00,0x00,0x00,0x00,0x00,0x00,0x00,0x00,0x00,
	0x00,0x00,0x00,0x00,0x00,0x00,0x00,0x00,0x00,0x00,0x00,0x00,0x00,0x00,0x00,0x00,0x00,0x00,0x00,0x00,
	0x00,0x00,0x00,0x00,0x00,0x00,0x00,0x00,0x00,0x00,0x00,0x00,0x00,0x00,0x00,0x00,0x00,0x00,0x00,0x00,
	0x00,0x00,0x00,0x00,0x00,0x00,0x00,0x00,0x00,0x00,0x00,0x00,0x00,0x00,0x00,0x00,0x00,0x00,0x00,0x00,
	0x00,0x00,0x00,0x00,0x00,0x00,0x00,0x00,0x00,0x00,0x00,0x00,0x00,0x00,0x00,0x00,0x00,0x00,0x00,0x00,
	0x00,0x00,0x00,0x00,0x00,0x00,0x00,0x00,0x00,0x00,0x00,0x00,0x00,0x00,0x00,0x00,0x00,0x00,0x00,0x00,
	0x00,0x00,0x00,0x00,0x00,0x00,0x00,0x00,0x00,0x00,0x00,0x00,0x00,0x00,0x00,0x00,0x00,0x00,0x00,0x00,
	0x00,0x00,0x00,0x00,0x00,0x00,0x00,0x00,0x00,0x00,0x00,0x00,0x00,0x00,0x00,0x00,0x00,0x00,0x00,0x00,
	0x00,0x00,0x00,0x00,0x00,0x00,0x00,0x00,0x00,0x00,0x00,0x00,0x00,0x00,0x00,0x00,0x00,0x00,0x00,0x00,
	0x00,0x00,0x00,0x00,0x00,0x00,0x00,0x00,0x00,0x00,0x00,0x00,0x00,0x00,0x00,0x00,0x00,0x00,0x00,0x00,
	0x00,0x00,0x00,0x00,0x00,0x00,0x00,0x00,0x00,0x00,0x00,0x00,0x00,0x00,0x00,0x00,0x00,0x00,0x00,0x00,
	0x00,0x00,0x00,0x00,0x00,0x00,0x00,0x00,0x00,0x00,0x00,0x00,0x00,0x00,0x00,0x00,0x00,0x00,0x00,0x00,
	0x61,0x08,0xA6,0x31,0xAA,0x52,0x4D,0x6B,0x4D,0x6B,0x69,0x4A,0x82,0x10,0x00,0x00,0x00,0x00,0x00,0x00,
	0x00,0x00,0x00,0x00,0x00,0x00,0x00,0x00,0x00,0x00,0x00,0x00,0x00,0x00,0x00,0x00,0x00,0x00,0x00,0x00,
	0x00,0x00,0x00,0x00,0x00,0x00,0x00,0x00,0x00,0x00,0x00,0x00,0x00,0x00,0x00,0x00,0x00,0x00,0x00,0x00,
	0x00,0x00,0x00,0x00,0x00,0x00,0x00,0x00,0x00,0x00,0x00,0x00,0x00,0x00,0x00,0x00,0x00,0x00,0x00,0x00,
	0x00,0x00,0x00,0x00,0x00,0x00,0x00,0x00,0x00,0x00,0x00,0x00,0x00,0x00,0x00,0x00,0x00,0x00,0x00,0x00,
	0x00,0x00,0x00,0x00,0x00,0x00,0x00,0x00,0x00,0x00,0x00,0x00,0x00,0x00,0x00,0x00,0x00,0x00,0x00,0x00,
	0x00,0x00,0x00,0x00,0x00,0x00,0x00,0x00,0x00,0x00,0x00,0x00,0x00,0x00,0x00,0x00,0x00,0x00,0x00,0x00,
	0x00,0x00,0x00,0x00,0x00,0x00,0x00,0x00,0x00,0x00,0x00,0x00,0x00,0x00,0x00,0x00,0x00,0x00,0x00,0x00,
	0x00,0x00,0x00,0x00,0x00,0x00,0x00,0x00,0x00,0x00,0x00,0x00,0x00,0x00,0x00,0x00,0x00,0x00,0x00,0x00,
	0x00,0x00,0x00,0x00,0x00,0x00,0x00,0x00,0x00,0x00,0x00,0x00,0x00,0x00,0x00,0x00,0x00,0x00,0x00,0x00,
	0x00,0x00,0x00,0x00,0x00,0x00,0x00,0x00,0x00,0x00,0x00,0x00,0x00,0x00,0x00,0x00,0x00,0x00,0x00,0x00,
	0x00,0x00,0x00,0x00,0x00,0x00,0x00,0x00,0x00,0x00,0x00,0x00,0x00,0x00,0x00,0x00,0x00,0x00,0x00,0x00,
	0x00,0x00,0x00,0x00,0x00,0x00,0x00,0x00,0x00,0x00,0x00,0x00,0x00,0x00,0x00,0x00,0x82,0x10,0x69,0x4A,
	0x2D,0x6B,0x4D,0x6B,0x8A,0x52,0x86,0x31,0x61,0x08,0x00,0x00,0x00,0x00,0x00,0x00,0x00,0x00,0x00,0x00,
	0x00,0x00,0x00,0x00,0x00,0x00,0x00,0x00,0x00,0x00,0x00,0x00,0x00,0x00,0x00,0x00,0x00,0x00,0x00,0x00,
	0x00,0x00,0x00,0x00,0x00,0x00,0x00,0x00,0x00,0x00,0x00,0x00,0x00,0x00,0x00,0x00,0x00,0x00,0x00,0x00,
	0x00,0x00,0x00,0x00,0x00,0x00,0x00,0x00,0x00,0x00,0x00,0x00,0x00,0x00,0x00,0x00,0x00,0x00,0x00,0x00,
	0x00,0x00,0x00,0x00,0x00,0x00,0x00,0x00,0x00,0x00,0x00,0x00,0x00,0x00,0x00,0x00,0x00,0x00,0x00,0x00,
	0x00,0x00,0x00,0x00,0x00,0x00,0x00,0x00,0x00,0x00,0x00,0x00,0x00,0x00,0x00,0x00,0x00,0x00,0x00,0x00,
	0x00,0x00,0x00,0x00,0x00,0x00,0x00,0x00,0x00,0x00,0x00,0x00,0x00,0x00,0x00,0x00,0x00,0x00,0x00,0x00,
	0x00,0x00,0x00,0x00,0x00,0x00,0x00,0x00,0x00,0x00,0x00,0x00,0x00,0x00,0x00,0x00,0x00,0x00,0x00,0x00,
	0x00,0x00,0x00,0x00,0x00,0x00,0x00,0x00,0x00,0x00,0x00,0x00,0x00,0x00,0x00,0x00,0x00,0x00,0x00,0x00,
	0x00,0x00,0x00,0x00,0x00,0x00,0x00,0x00,0x00,0x00,0x00,0x00,0x00,0x00,0x00,0x00,0x00,0x00,0x00,0x00,
	0x00,0x00,0x00,0x00,0x00,0x00,0x00,0x00,0x00,0x00,0x00,0x00,0x00,0x00,0x00,0x00,0x00,0x00,0x00,0x00,
	0x00,0x00,0x00,0x00,0x00,0x00,0x00,0x00,0x00,0x00,0x00,0x00,0x00,0x00,0x00,0x00,0x00,0x00,0x00,0x00,
	0x00,0x00,0x00,0x00,0x00,0x00,0x00,0x00,0x00,0x00,0x00,0x00,0x00,0x00,0x00,0x00,0x00,0x00,0x00,0x00,
	0x00,0x00,0x00,0x00,0x00,0x00,0x00,0x00,0x00,0x00,0x00,0x00,0x00,0x00,0x00,0x00,0x00,0x00,0x00,0x00,
	0x00,0x00,0x00,0x00,0x00,0x00,0x61,0x08,0xE7,0x39,0xAA,0x52,0xEC,0x62,0x2D,0x6B,0x8A,0x52,0xA2,0x10,
	0x00,0x00,0x00,0x00,0x00,0x00,0x00,0x00,0x00,0x00,0x00,0x00,0x00,0x00,0x00,0x00,0x00,0x00,0x00,0x00,
	0x00,0x00,0x00,0x00,0x00,0x00,0x00,0x00,0x00,0x00,0x00,0x00,0x00,0x00,0x00,0x00,0x00,0x00,0x00,0x00,
	0x00,0x00,0x00,0x00,0x00,0x00,0x00,0x00,0x00,0x00,0x00,0x00,0x00,0x00,0x00,0x00,0x00,0x00,0x00,0x00,
	0x00,0x00,0x00,0x00,0x00,0x00,0x00,0x00,0x00,0x00,0x00,0x00,0x00,0x00,0x00,0x00,0x00,0x00,0x00,0x00,
	0x00,0x00,0x00,0x00,0x00,0x00,0x00,0x00,0x00,0x00,0x00,0x00,0x00,0x00,0x00,0x00,0x00,0x00,0x00,0x00,
	0x00,0x00,0x00,0x00,0x00,0x00,0x00,0x00,0x00,0x00,0x00,0x00,0x00,0x00,0x00,0x00,0x00,0x00,0x00,0x00,
	0x00,0x00,0x00,0x00,0x00,0x00,0x00,0x00,0x00,0x00,0x00,0x00,0x00,0x00,0x00,0x00,0x00,0x00,0x00,0x00,
	0x00,0x00,0x00,0x00,0x00,0x00,0x00,0x00,0x00,0x00,0x00,0x00,0x00,0x00,0x00,0x00,0x00,0x00,0x00,0x00,
	0x00,0x00,0x00,0x00,0x00,0x00,0x00,0x00,0x00,0x00,0x00,0x00,0x00,0x00,0x00,0x00,0x00,0x00,0x00,0x00,
	0x00,0x00,0x00,0x00,0x00,0x00,0x00,0x00,0x00,0x00,0x00,0x00,0x00,0x00,0x00,0x00,0x00,0x00,0x00,0x00,
	0x00,0x00,0x00,0x00,0x00,0x00,0x00,0x00,0x00,0x00,0x00,0x00,0x00,0x00,0x00,0x00,0x00,0x00,0x00,0x00,
	0x00,0x00,0x00,0x00,0x00,0x00,0x00,0x00,0x00,0x00,0x00,0x00,0x00,0x00,0x00,0x00,0x00,0x00,0x00,0x00,
	0x00,0x00,0xA2,0x10,0x8A,0x52,0x2D,0x6B,0xEC,0x62,0xAA,0x52,0xE7,0x39,0x61,0x08,0x00,0x00,0x00,0x00,
	0x00,0x00,0x00,0x00,0x00,0x00,0x00,0x00,0x00,0x00,0x00,0x00,0x00,0x00,0x00,0x00,0x00,0x00,0x00,0x00,
	0x00,0x00,0x00,0x00,0x00,0x00,0x00,0x00,0x00,0x00,0x00,0x00,0x00,0x00,0x00,0x00,0x00,0x00,0x00,0x00,
	0x00,0x00,0x00,0x00,0x00,0x00,0x00,0x00,0x00,0x00,0x00,0x00,0x00,0x00,0x00,0x00,0x00,0x00,0x00,0x00,
	0x00,0x00,0x00,0x00,0x00,0x00,0x00,0x00,0x00,0x00,0x00,0x00,0x00,0x00,0x00,0x00,0x00,0x00,0x00,0x00,
	0x00,0x00,0x00,0x00,0x00,0x00,0x00,0x00,0x00,0x00,0x00,0x00,0x00,0x00,0x00,0x00,0x00,0x00,0x00,0x00,
	0x00,0x00,0x00,0x00,0x00,0x00,0x00,0x00,0x00,0x00,0x00,0x00,0x00,0x00,0x00,0x00,0x00,0x00,0x00,0x00,
	0x00,0x00,0x00,0x00,0x00,0x00,0x00,0x00,0x00,0x00,0x00,0x00,0x00,0x00,0x00,0x00,0x00,0x00,0x00,0x00,
	0x00,0x00,0x00,0x00,0x00,0x00,0x00,0x00,0x00,0x00,0x00,0x00,0x00,0x00,0x00,0x00,0x00,0x00,0x00,0x00,
	0x00,0x00,0x00,0x00,0x00,0x00,0x00,0x00,0x00,0x00,0x00,0x00,0x00,0x00,0x00,0x00,0x00,0x00,0x00,0x00,
	0x00,0x00,0x00,0x00,0x00,0x00,0x00,0x00,0x00,0x00,0x00,0x00,0x00,0x00,0x00,0x00,0x00,0x00,0x00,0x00,
	0x00,0x00,0x00,0x00,0x00,0x00,0x00,0x00,0x00,0x00,0x00,0x00,0x00,0x00,0x00,0x00,0x00,0x00,0x00,0x00,
	0x00,0x00,0x00,0x00,0x00,0x00,0x00,0x00,0x00,0x00,0x00,0x00,0x00,0x00,0x00,0x00,0x00,0x00,0x00,0x00,
	0x00,0x00,0x00,0x00,0x00,0x00,0x00,0x00,0x00,0x00,0x00,0x00,0x00,0x00,0x00,0x00,0x00,0x00,0x00,0x00,
	0x00,0x00,0x00,0x00,0x00,0x00,0x00,0x00,0x00,0x00,0x00,0x00,0x20,0x00,0xC2,0x10,0xC6,0x31,0xAA,0x52,
	0x29,0x4A,0x45,0x29,0x41,0x08,0x00,0x00,0x00,0x00,0x00,0x00,0x00,0x00,0x00,0x00,0x00,0x00,0x00,0x00,
	0x00,0x00,0x00,0x00,0x00,0x00,0x00,0x00,0x00,0x00,0x00,0x00,0x00,0x00,0x00,0x00,0x00,0x00,0x00,0x00,
	0x00,0x00,0x00,0x00,0x00,0x00,0x00,0x00,0x00,0x00,0x00,0x00,0x00,0x00,0x00,0x00,0x00,0x00,0x00,0x00,
	0x00,0x00,0x00,0x00,0x00,0x00,0x00,0x00,0x00,0x00,0x00,0x00,0x00,0x00,0x00,0x00,0x00,0x00,0x00,0x00,
	0x00,0x00,0x00,0x00,0x00,0x00,0x00,0x00,0x00,0x00,0x00,0x00,0x00,0x00,0x00,0x00,0x00,0x00,0x00,0x00,
	0x00,0x00,0x00,0x00,0x00,0x00,0x00,0x00,0x00,0x00,0x00,0x00,0x00,0x00,0x00,0x00,0x00,0x00,0x00,0x00,
	0x00,0x00,0x01,0x00,0x22,0x08,0x22,0x08,0x21,0x08,0x00,0x00,0x00,0x00,0x00,0x00,0x00,0x00,0x00,0x00,
	0x00,0x00,0x00,0x00,0x00,0x00,0x00,0x00,0x00,0x00,0x00,0x00,0x00,0x00,0x00,0x00,0x00,0x00,0x00,0x00,
	0x00,0x00,0x00,0x00,0x00,0x00,0x00,0x00,0x00,0x00,0x00,0x00,0x00,0x00,0x00,0x00,0x00,0x00,0x00,0x00,
	0x00,0x00,0x00,0x00,0x00,0x00,0x00,0x00,0x00,0x00,0x00,0x00,0x00,0x00,0x00,0x00,0x00,0x00,0x00,0x00,
	0x00,0x00,0x00,0x00,0x00,0x00,0x00,0x00,0x00,0x00,0x00,0x00,0x00,0x00,0x00,0x00,0x00,0x00,0x00,0x00,
	0x00,0x00,0x00,0x00,0x00,0x00,0x00,0x00,0x00,0x00,0x00,0x00,0x00,0x00,0x00,0x00,0x00,0x00,0x00,0x00,
	0x00,0x00,0x00,0x00,0x00,0x00,0x00,0x00,0x41,0x08,0x65,0x29,0x29,0x4A,0xAA,0x52,0xC6,0x31,0xC2,0x10,
	0x20,0x00,0x00,0x00,0x00,0x00,0x00,0x00,0x00,0x00,0x00,0x00,0x00,0x00,0x00,0x00,0x00,0x00,0x00,0x00,
	0x00,0x00,0x00,0x00,0x00,0x00,0x00,0x00,0x00,0x00,0x00,0x00,0x00,0x00,0x00,0x00,0x00,0x00,0x00,0x00,
	0x00,0x00,0x00,0x00,0x00,0x00,0x00,0x00,0x00,0x00,0x00,0x00,0x00,0x00,0x00,0x00,0x00,0x00,0x00,0x00,
	0x00,0x00,0x00,0x00,0x00,0x00,0x00,0x00,0x00,0x00,0x00,0x00,0x00,0x00,0x00,0x00,0x00,0x00,0x00,0x00,
	0x00,0x00,0x00,0x00,0x00,0x00,0x00,0x00,0x00,0x00,0x00,0x00,0x00,0x00,0x00,0x00,0x00,0x00,0x00,0x00,
	0x00,0x00,0x00,0x00,0x00,0x00,0x00,0x00,0x00,0x00,0x00,0x00,0x00,0x00,0x00,0x00,0x00,0x00,0x00,0x00,
	0x00,0x00,0x00,0x00,0x00,0x00,0x00,0x00,0x00,0x00,0x00,0x00,0x00,0x00,0x00,0x00,0x00,0x00,0x00,0x00,
	0x00,0x00,0x00,0x00,0x00,0x00,0x00,0x00,0x00,0x00,0x00,0x00,0x00,0x00,0x00,0x00,0x00,0x00,0x00,0x00,
	0x00,0x00,0x00,0x00,0x00,0x00,0x00,0x00,0x00,0x00,0x00,0x00,0x00,0x00,0x00,0x00,0x00,0x00,0x00,0x00,
	0x00,0x00,0x00,0x00,0x00,0x00,0x00,0x00,0x00,0x00,0x00,0x00,0x00,0x00,0x00,0x00,0x00,0x00,0x00,0x00,
	0x00,0x00,0x00,0x00,0x00,0x00,0x00,0x00,0x00,0x00,0x00,0x00,0x00,0x00,0x00,0x00,0x00,0x00,0x00,0x00,
	0x00,0x00,0x00,0x00,0x00,0x00,0x00,0x00,0x00,0x00,0x00,0x00,0x00,0x00,0x00,0x00,0x00,0x00,0x00,0x00,
	0x00,0x00,0x00,0x00,0x00,0x00,0x00,0x00,0x00,0x00,0x00,0x00,0x00,0x00,0x00,0x00,0x00,0x00,0x00,0x00,
	0x00,0x00,0x00,0x00,0x00,0x00,0x00,0x00,0x00,0x00,0x00,0x00,0x00,0x00,0x00,0x00,0x00,0x00,0x00,0x00,
	0x20,0x00,0xC3,0x18,0xA6,0x31,0x24,0x21,0x62,0x10,0x20,0x00,0x00,0x00,0x00,0x00,0x00,0x00,0x00,0x00,
	0x00,0x00,0x00,0x00,0x00,0x00,0x00,0x00,0x00,0x00,0x00,0x00,0x00,0x00,0x00,0x00,0x00,0x00,0x00,0x00,
	0x00,0x00,0x00,0x00,0x00,0x00,0x00,0x00,0x00,0x00,0x00,0x00,0x00,0x00,0x00,0x00,0x00,0x00,0x00,0x00,
	0x00,0x00,0x00,0x00,0x00,0x00,0x00,0x00,0x00,0x00,0x00,0x00,0x00,0x00,0x00,0x00,0x00,0x00,0x00,0x00,
	0x00,0x00,0x00,0x00,0x00,0x00,0x00,0x00,0x00,0x00,0x00,0x00,0x00,0x00,0x00,0x00,0x00,0x00,0x00,0x00,
	0x00,0x00,0x00,0x00,0x00,0x00,0x00,0x00,0x00,0x00,0x00,0x00,0x00,0x00,0x00,0x00,0x00,0x00,0x00,0x00,
	0x00,0x00,0x21,0x08,0x44,0x10,0xA7,0x28,0xEA,0x38,0x2C,0x41,0x2C,0x49,0x0B,0x41,0xC7,0x28,0x64,0x18,
	0x01,0x00,0x00,0x00,0x00,0x00,0x00,0x00,0x00,0x00,0x00,0x00,0x00,0x00,0x00,0x00,0x00,0x00,0x00,0x00,
	0x00,0x00,0x00,0x00,0x00,0x00,0x00,0x00,0x00,0x00,0x00,0x00,0x00,0x00,0x00,0x00,0x00,0x00,0x00,0x00,
	0x00,0x00,0x00,0x00,0x00,0x00,0x00,0x00,0x00,0x00,0x00,0x00,0x00,0x00,0x00,0x00,0x00,0x00,0x00,0x00,
	0x00,0x00,0x00,0x00,0x00,0x00,0x00,0x00,0x00,0x00,0x00,0x00,0x00,0x00,0x00,0x00,0x00,0x00,0x00,0x00,
	0x00,0x00,0x00,0x00,0x00,0x00,0x00,0x00,0x00,0x00,0x00,0x00,0x00,0x00,0x00,0x00,0x00,0x00,0x00,0x00,
	0x00,0x00,0x00,0x00,0x00,0x00,0x00,0x00,0x00,0x00,0x00,0x00,0x00,0x00,0x20,0x00,0x62,0x10,0x24,0x21,
	0xA6,0x31,0xC3,0x18,0x20,0x00,0x00,0x00,0x00,0x00,0x00,0x00,0x00,0x00,0x00,0x00,0x00,0x00,0x00,0x00,
	0x00,0x00,0x00,0x00,0x00,0x00,0x00,0x00,0x00,0x00,0x00,0x00,0x00,0x00,0x00,0x00,0x00,0x00,0x00,0x00,
	0x00,0x00,0x00,0x00,0x00,0x00,0x00,0x00,0x00,0x00,0x00,0x00,0x00,0x00,0x00,0x00,0x00,0x00,0x00,0x00,
	0x00,0x00,0x00,0x00,0x00,0x00,0x00,0x00,0x00,0x00,0x00,0x00,0x00,0x00,0x00,0x00,0x00,0x00,0x00,0x00,
	0x00,0x00,0x00,0x00,0x00,0x00,0x00,0x00,0x00,0x00,0x00,0x00,0x00,0x00,0x00,0x00,0x00,0x00,0x00,0x00,
	0x00,0x00,0x00,0x00,0x00,0x00,0x00,0x00,0x00,0x00,0x00,0x00,0x00,0x00,0x00,0x00,0x00,0x00,0x00,0x00,
	0x00,0x00,0x00,0x00,0x00,0x00,0x00,0x00,0x00,0x00,0x00,0x00,0x00,0x00,0x00,0x00,0x00,0x00,0x00,0x00,
	0x00,0x00,0x00,0x00,0x00,0x00,0x00,0x00,0x00,0x00,0x00,0x00,0x00,0x00,0x00,0x00,0x00,0x00,0x00,0x00,
	0x00,0x00,0x00,0x00,0x00,0x00,0x00,0x00,0x00,0x00,0x00,0x00,0x00,0x00,0x00,0x00,0x00,0x00,0x00,0x00,
	0x00,0x00,0x00,0x00,0x00,0x00,0x00,0x00,0x00,0x00,0x00,0x00,0x00,0x00,0x00,0x00,0x00,0x00,0x00,0x00,
	0x00,0x00,0x00,0x00,0x00,0x00,0x00,0x00,0x00,0x00,0x00,0x00,0x00,0x00,0x00,0x00,0x00,0x00,0x00,0x00,
	0x00,0x00,0x00,0x00,0x00,0x00,0x00,0x00,0x00,0x00,0x00,0x00,0x00,0x00,0x00,0x00,0x00,0x00,0x00,0x00,
	0x00,0x00,0x00,0x00,0x00,0x00,0x00,0x00,0x00,0x00,0x00,0x00,0x00,0x00,0x00,0x00,0x00,0x00,0x00,0x00,
	0x00,0x00,0x00,0x00,0x00,0x00,0x00,0x00,0x00,0x00,0x00,0x00,0x00,0x00,0x00,0x00,0x00,0x00,0x00,0x00,
	0x00,0x00,0x00,0x00,0x00,0x00,0x00,0x00,0x00,0x00,0x21,0x08,0x20,0x00,0x00,0x00,0x00,0x00,0x00,0x00,
	0x00,0x00,0x00,0x00,0x00,0x00,0x00,0x00,0x00,0x00,0x00,0x00,0x00,0x00,0x00,0x00,0x00,0x00,0x00,0x00,
	0x00,0x00,0x00,0x00,0x00,0x00,0x00,0x00,0x00,0x00,0x00,0x00,0x00,0x00,0x00,0x00,0x00,0x00,0x00,0x00,
	0x00,0x00,0x00,0x00,0x00,0x00,0x00,0x00,0x00,0x00,0x00,0x00,0x00,0x00,0x00,0x00,0x00,0x00,0x00,0x00,
	0x00,0x00,0x00,0x00,0x00,0x00,0x00,0x00,0x00,0x00,0x00,0x00,0x00,0x00,0x00,0x00,0x00,0x00,0x00,0x00,
	0x00,0x00,0x00,0x00,0x00,0x00,0x00,0x00,0x00,0x00,0x00,0x00,0x00,0x00,0x00,0x00,0x00,0x00,0x00,0x00,
	0x00,0x00,0x00,0x00,0x00,0x00,0x00,0x00,0x65,0x18,0x2D,0x49,0x15,0x7A,0x9A,0x92,0xBB,0x9A,0xBB,0x9A,
	0x9A,0x92,0x37,0x7A,0x6F,0x51,0x43,0x10,0x00,0x00,0x00,0x00,0x00,0x00,0x00,0x00,0x00,0x00,0x00,0x00,
	0x00,0x00,0x00,0x00,0x00,0x00,0x00,0x00,0x00,0x00,0x00,0x00,0x00,0x00,0x00,0x00,0x00,0x00,0x00,0x00,
	0x00,0x00,0x00,0x00,0x00,0x00,0x00,0x00,0x00,0x00,0x00,0x00,0x00,0x00,0x00,0x00,0x00,0x00,0x00,0x00,
	0x00,0x00,0x00,0x00,0x00,0x00,0x00,0x00,0x00,0x00,0x00,0x00,0x00,0x00,0x00,0x00,0x00,0x00,0x00,0x00,
	0x00,0x00,0x00,0x00,0x00,0x00,0x00,0x00,0x00,0x00,0x00,0x00,0x00,0x00,0x00,0x00,0x00,0x00,0x00,0x00,
	0x00,0x00,0x00,0x00,0x00,0x00,0x00,0x00,0x00,0x00,0x00,0x00,0x00,0x00,0x00,0x00,0x00,0x00,0x00,0x00,
	0x00,0x00,0x00,0x00,0x20,0x00,0x21,0x08,0x00,0x00,0x00,0x00,0x00,0x00,0x00,0x00,0x00,0x00,0x00,0x00,
	0x00,0x00,0x00,0x00,0x00,0x00,0x00,0x00,0x00,0x00,0x00,0x00,0x00,0x00,0x00,0x00,0x00,0x00,0x00,0x00,
	0x00,0x00,0x00,0x00,0x00,0x00,0x00,0x00,0x00,0x00,0x00,0x00,0x00,0x00,0x00,0x00,0x00,0x00,0x00,0x00,
	0x00,0x00,0x00,0x00,0x00,0x00,0x00,0x00,0x00,0x00,0x00,0x00,0x00,0x00,0x00,0x00,0x00,0x00,0x00,0x00,
	0x00,0x00,0x00,0x00,0x00,0x00,0x00,0x00,0x00,0x00,0x00,0x00,0x00,0x00,0x00,0x00,0x00,0x00,0x00,0x00,
	0x00,0x00,0x00,0x00,0x00,0x00,0x00,0x00,0x00,0x00,0x00,0x00,0x00,0x00,0x00,0x00,0x00,0x00,0x00,0x00,
	0x00,0x00,0x00,0x00,0x00,0x00,0x00,0x00,0x00,0x00,0x00,0x00,0x00,0x00,0x00,0x00,0x00,0x00,0x00,0x00,
	0x00,0x00,0x00,0x00,0x00,0x00,0x00,0x00,0x00,0x00,0x00,0x00,0x00,0x00,0x00,0x00,0x00,0x00,0x00,0x00,
	0x00,0x00,0x00,0x00,0x00,0x00,0x00,0x00,0x00,0x00,0x00,0x00,0x00,0x00,0x00,0x00,0x00,0x00,0x00,0x00,
	0x00,0x00,0x00,0x00,0x00,0x00,0x00,0x00,0x00,0x00,0x00,0x00,0x00,0x00,0x00,0x00,0x00,0x00,0x00,0x00,
	0x00,0x00,0x00,0x00,0x00,0x00,0x00,0x00,0x00,0x00,0x00,0x00,0x00,0x00,0x00,0x00,0x00,0x00,0x00,0x00,
	0x00,0x00,0x00,0x00,0x00,0x00,0x00,0x00,0x00,0x00,0x00,0x00,0x00,0x00,0x00,0x00,0x00,0x00,0x00,0x00,
	0x00,0x00,0x00,0x00,0x00,0x00,0x00,0x00,0x00,0x00,0x00,0x00,0x00,0x00,0x00,0x00,0x00,0x00,0x00,0x00,
	0x00,0x00,0x00,0x00,0x00,0x00,0x00,0x00,0x00,0x00,0x00,0x00,0x00,0x00,0x00,0x00,0x00,0x00,0x00,0x00,
	0x00,0x00,0x00,0x00,0x00,0x00,0x00,0x00,0x00,0x00,0x00,0x00,0x00,0x00,0x00,0x00,0x00,0x00,0x00,0x00,
	0x00,0x00,0x00,0x00,0x00,0x00,0x00,0x00,0x00,0x00,0x00,0x00,0x00,0x00,0x00,0x00,0x00,0x00,0x00,0x00,
	0x00,0x00,0x00,0x00,0x00,0x00,0x00,0x00,0x00,0x00,0x00,0x00,0x00,0x00,0x00,0x00,0x00,0x00,0x00,0x00,
	0x00,0x00,0x00,0x00,0x00,0x00,0x00,0x00,0x00,0x00,0x00,0x00,0x00,0x00,0x00,0x00,0x00,0x00,0x00,0x00,
	0x00,0x00,0x00,0x00,0x00,0x00,0x00,0x00,0x00,0x00,0x00,0x00,0x00,0x00,0x00,0x00,0x00,0x00,0x00,0x00,
	0x00,0x00,0x00,0x00,0x00,0x00,0x00,0x00,0x00,0x00,0x00,0x00,0x00,0x00,0x00,0x00,0x00,0x00,0x00,0x00,
	0x00,0x00,0x00,0x00,0x00,0x00,0x00,0x00,0x00,0x00,0x00,0x00,0x22,0x08,0x2D,0x49,0x16,0x82,0x9B,0x9A,
	0x7A,0x92,0x17,0x7A,0x38,0x82,0x7A,0x92,0xDD,0xA2,0x78,0x8A,0x4D,0x49,0x85,0x20,0x00,0x00,0x00,0x00,
	0x00,0x00,0x00,0x00,0x00,0x00,0x00,0x00,0x00,0x00,0x00,0x00,0x00,0x00,0x00,0x00,0x00,0x00,0x00,0x00,
	0x00,0x00,0x00,0x00,0x00,0x00,0x00,0x00,0x00,0x00,0x00,0x00,0x00,0x00,0x00,0x00,0x00,0x00,0x00,0x00,
	0x00,0x00,0x00,0x00,0x00,0x00,0x00,0x00,0x00,0x00,0x00,0x00,0x00,0x00,0x00,0x00,0x00,0x00,0x00,0x00,
	0x00,0x00,0x00,0x00,0x00,0x00,0x00,0x00,0x00,0x00,0x00,0x00,0x00,0x00,0x00,0x00,0x00,0x00,0x00,0x00,
	0x00,0x00,0x00,0x00,0x00,0x00,0x00,0x00,0x00,0x00,0x00,0x00,0x00,0x00,0x00,0x00,0x00,0x00,0x00,0x00,
	0x00,0x00,0x00,0x00,0x00,0x00,0x00,0x00,0x00,0x00,0x00,0x00,0x00,0x00,0x00,0x00,0x00,0x00,0x00,0x00,
	0x00,0x00,0x00,0x00,0x00,0x00,0x00,0x00,0x00,0x00,0x00,0x00,0x00,0x00,0x00,0x00,0x00,0x00,0x00,0x00,
	0x00,0x00,0x00,0x00,0x00,0x00,0x00,0x00,0x00,0x00,0x00,0x00,0x00,0x00,0x00,0x00,0x00,0x00,0x00,0x00,
	0x00,0x00,0x00,0x00,0x00,0x00,0x00,0x00,0x00,0x00,0x00,0x00,0x00,0x00,0x00,0x00,0x00,0x00,0x00,0x00,
	0x00,0x00,0x00,0x00,0x00,0x00,0x00,0x00,0x00,0x00,0x00,0x00,0x00,0x00,0x00,0x00,0x00,0x00,0x00,0x00,
	0x00,0x00,0x00,0x00,0x00,0x00,0x00,0x00,0x00,0x00,0x00,0x00,0x00,0x00,0x00,0x00,0x00,0x00,0x00,0x00,
	0x00,0x00,0x00,0x00,0x00,0x00,0x00,0x00,0x00,0x00,0x00,0x00,0x00,0x00,0x00,0x00,0x00,0x00,0x00,0x00,
	0x00,0x00,0x00,0x00,0x00,0x00,0x00,0x00,0x00,0x00,0x00,0x00,0x00,0x00,0x00,0x00,0x00,0x00,0x00,0x00,
	0x00,0x00,0x00,0x00,0x00,0x00,0x00,0x00,0x00,0x00,0x00,0x00,0x00,0x00,0x00,0x00,0x00,0x00,0x00,0x00,
	0x00,0x00,0x00,0x00,0x00,0x00,0x00,0x00,0x00,0x00,0x00,0x00,0x00,0x00,0x00,0x00,0x00,0x00,0x00,0x00,
	0x00,0x00,0x00,0x00,0x00,0x00,0x00,0x00,0x00,0x00,0x00,0x00,0x00,0x00,0x00,0x00,0x00,0x00,0x00,0x00,
	0x00,0x00,0x00,0x00,0x00,0x00,0x00,0x00,0x00,0x00,0x00,0x00,0x00,0x00,0x00,0x00,0x00,0x00,0x00,0x00,
	0x00,0x00,0x00,0x00,0x00,0x00,0x00,0x00,0x00,0x00,0x00,0x00,0x00,0x00,0x00,0x00,0x00,0x00,0x00,0x00,
	0x00,0x00,0x00,0x00,0x00,0x00,0x00,0x00,0x00,0x00,0x00,0x00,0x00,0x00,0x00,0x00,0x00,0x00,0x00,0x00,
	0x00,0x00,0x00,0x00,0x00,0x00,0x00,0x00,0x00,0x00,0x00,0x00,0x00,0x00,0x00,0x00,0x00,0x00,0x00,0x00,
	0x00,0x00,0x00,0x00,0x00,0x00,0x00,0x00,0x00,0x00,0x00,0x00,0x00,0x00,0x00,0x00,0x00,0x00,0x00,0x00,
	0x00,0x00,0x00,0x00,0x00,0x00,0x00,0x00,0x00,0x00,0x00,0x00,0x00,0x00,0x00,0x00,0x00,0x00,0x00,0x00,
	0x00,0x00,0x00,0x00,0x00,0x00,0x00,0x00,0x00,0x00,0x00,0x00,0x00,0x00,0x00,0x00,0x00,0x00,0x00,0x00,
	0x00,0x00,0x00,0x00,0x00,0x00,0x00,0x00,0x00,0x00,0x00,0x00,0x00,0x00,0x00,0x00,0x00,0x00,0x00,0x00,
	0x00,0x00,0x00,0x00,0x00,0x00,0x00,0x00,0x00,0x00,0x00,0x00,0x00,0x00,0x00,0x00,0x00,0x00,0x00,0x00,
	0x00,0x00,0x00,0x00,0x00,0x00,0x00,0x00,0x00,0x00,0x00,0x00,0x00,0x00,0x00,0x00,0x21,0x08,0x86,0x20,
	0xF4,0x71,0xDD,0xAA,0x79,0x92,0xB3,0x61,0xCB,0x38,0x0D,0x41,0xB3,0x69,0xBB,0x9A,0xDC,0xA2,0x15,0x7A,
	0x0A,0x39,0x00,0x00,0x00,0x00,0x00,0x00,0x00,0x00,0x00,0x00,0x00,0x00,0x00,0x00,0x00,0x00,0x00,0x00,
	0x00,0x00,0x00,0x00,0x00,0x00,0x00,0x00,0x00,0x00,0x00,0x00,0x00,0x00,0x00,0x00,0x00,0x00,0x00,0x00,
	0x00,0x00,0x00,0x00,0x00,0x00,0x00,0x00,0x00,0x00,0x00,0x00,0x00,0x00,0x00,0x00,0x00,0x00,0x00,0x00,
	0x00,0x00,0x00,0x00,0x00,0x00,0x00,0x00,0x00,0x00,0x00,0x00,0x00,0x00,0x00,0x00,0x00,0x00,0x00,0x00,
	0x00,0x00,0x00,0x00,0x00,0x00,0x00,0x00,0x00,0x00,0x00,0x00,0x00,0x00,0x00,0x00,0x00,0x00,0x00,0x00,
	0x00,0x00,0x00,0x00,0x00,0x00,0x00,0x00,0x00,0x00,0x00,0x00,0x00,0x00,0x00,0x00,0x00,0x00,0x00,0x00,
	0x00,0x00,0x00,0x00,0x00,0x00,0x00,0x00,0x00,0x00,0x00,0x00,0x00,0x00,0x00,0x00,0x00,0x00,0x00,0x00,
	0x00,0x00,0x00,0x00,0x00,0x00,0x00,0x00,0x00,0x00,0x00,0x00,0x00,0x00,0x00,0x00,0x00,0x00,0x00,0x00,
	0x00,0x00,0x00,0x00,0x00,0x00,0x00,0x00,0x00,0x00,0x00,0x00,0x00,0x00,0x00,0x00,0x00,0x00,0x00,0x00,
	0x00,0x00,0x00,0x00,0x00,0x00,0x00,0x00,0x00,0x00,0x00,0x00,0x00,0x00,0x00,0x00,0x00,0x00,0x00,0x00,
	0x00,0x00,0x00,0x00,0x00,0x00,0x00,0x00,0x00,0x00,0x00,0x00,0x00,0x00,0x00,0x00,0x00,0x00,0x00,0x00,
	0x00,0x00,0x00,0x00,0x00,0x00,0x00,0x00,0x00,0x00,0x00,0x00,0x00,0x00,0x00,0x00,0x00,0x00,0x00,0x00,
	0x00,0x00,0x00,0x00,0x00,0x00,0x00,0x00,0x00,0x00,0x00,0x00,0x00,0x00,0x00,0x00,0x00,0x00,0x00,0x00,
	0x00,0x00,0x00,0x00,0x00,0x00,0x00,0x00,0x00,0x00,0x00,0x00,0x00,0x00,0x00,0x00,0x00,0x00,0x00,0x00,
	0x00,0x00,0x00,0x00,0x00,0x00,0x00,0x00,0x00,0x00,0x00,0x00,0x00,0x00,0x00,0x00,0x00,0x00,0x00,0x00,
	0x00,0x00,0x00,0x00,0x00,0x00,0x00,0x00,0x00,0x00,0x00,0x00,0x00,0x00,0x00,0x00,0x00,0x00,0x00,0x00,
	0x00,0x00,0x00,0x00,0x00,0x00,0x00,0x00,0x00,0x00,0x00,0x00,0x00,0x00,0x00,0x00,0x00,0x00,0x00,0x00,
	0x00,0x00,0x00,0x00,0x00,0x00,0x00,0x00,0x00,0x00,0x00,0x00,0x00,0x00,0x00,0x00,0x00,0x00,0x00,0x00,
	0x00,0x00,0x00,0x00,0x00,0x00,0x00,0x00,0x00,0x00,0x00,0x00,0x00,0x00,0x00,0x00,0x00,0x00,0x00,0x00,
	0x00,0x00,0x00,0x00,0x00,0x00,0x00,0x00,0x00,0x00,0x00,0x00,0x00,0x00,0x00,0x00,0x00,0x00,0x00,0x00,
	0x00,0x00,0x00,0x00,0x00,0x00,0x00,0x00,0x00,0x00,0x00,0x00,0x00,0x00,0x00,0x00,0x00,0x00,0x00,0x00,
	0x00,0x00,0x00,0x00,0x00,0x00,0x00,0x00,0x00,0x00,0x00,0x00,0x00,0x00,0x00,0x00,0x00,0x00,0x00,0x00,
	0x00,0x00,0x00,0x00,0x00,0x00,0x00,0x00,0x00,0x00,0x00,0x00,0x00,0x00,0x00,0x00,0x00,0x00,0x00,0x00,
	0x00,0x00,0x00,0x00,0x00,0x00,0x00,0x00,0x00,0x00,0x00,0x00,0x00,0x00,0x00,0x00,0x00,0x00,0x00,0x00,
	0x00,0x00,0x00,0x00,0x00,0x00,0x00,0x00,0x00,0x00,0x00,0x00,0x00,0x00,0x00,0x00,0x00,0x00,0x00,0x00,
	0x00,0x00,0x00,0x00,0x00,0x00,0x00,0x00,0x00,0x00,0x00,0x00,0x00,0x00,0x00,0x00,0x00,0x00,0x00,0x00,
	0x00,0x00,0x64,0x18,0x4E,0x49,0x79,0x8A,0xBC,0x9A,0x4D,0x49,0x65,0x18,0x02,0x08,0x22,0x08,0x86,0x20,
	0x90,0x59,0xF4,0x71,0xB2,0x61,0xE9,0x30,0x00,0x00,0x00,0x00,0x00,0x00,0x00,0x00,0x00,0x00,0x00,0x00,
	0x00,0x00,0x00,0x00,0x00,0x00,0x00,0x00,0x00,0x00,0x00,0x00,0x00,0x00,0x00,0x00,0x00,0x00,0x00,0x00,
	0x00,0x00,0x00,0x00,0x00,0x00,0x00,0x00,0x00,0x00,0x00,0x00,0x00,0x00,0x00,0x00,0x00,0x00,0x00,0x00,
	0x00,0x00,0x00,0x00,0x00,0x00,0x00,0x00,0x00,0x00,0x00,0x00,0x00,0x00,0x00,0x00,0x00,0x00,0x00,0x00,
	0x00,0x00,0x00,0x00,0x00,0x00,0x00,0x00,0x00,0x00,0x00,0x00,0x00,0x00,0x00,0x00,0x00,0x00,0x00,0x00,
	0x00,0x00,0x00,0x00,0x00,0x00,0x00,0x00,0x00,0x00,0x00,0x00,0x00,0x00,0x00,0x00,0x00,0x00,0x00,0x00,
	0x00,0x00,0x00,0x00,0x00,0x00,0x00,0x00,0x00,0x00,0x00,0x00,0x00,0x00,0x00,0x00,0x00,0x00,0x00,0x00,
	0x00,0x00,0x00,0x00,0x00,0x00,0x00,0x00,0x00,0x00,0x00,0x00,0x00,0x00,0x00,0x00,0x00,0x00,0x00,0x00,
	0x00,0x00,0x00,0x00,0x00,0x00,0x00,0x00,0x00,0x00,0x00,0x00,0x00,0x00,0x00,0x00,0x00,0x00,0x00,0x00,
	0x00,0x00,0x00,0x00,0x00,0x00,0x00,0x00,0x00,0x00,0x00,0x00,0x00,0x00,0x00,0x00,0x00,0x00,0x00,0x00,
	0x00,0x00,0x00,0x00,0x00,0x00,0x00,0x00,0x00,0x00,0x00,0x00,0x00,0x00,0x00,0x00,0x00,0x00,0x00,0x00,
	0x00,0x00,0x00,0x00,0x00,0x00,0x00,0x00,0x00,0x00,0x00,0x00,0x00,0x00,0x00,0x00,0x00,0x00,0x00,0x00,
	0x00,0x00,0x00,0x00,0x00,0x00,0x00,0x00,0x00,0x00,0x00,0x00,0x00,0x00,0x00,0x00,0x00,0x00,0x00,0x00,
	0x00,0x00,0x00,0x00,0x00,0x00,0x00,0x00,0x00,0x00,0x00,0x00,0x00,0x00,0x00,0x00,0x00,0x00,0x00,0x00,
	0x00,0x00,0x00,0x00,0x00,0x00,0x00,0x00,0x00,0x00,0x00,0x00,0x00,0x00,0x00,0x00,0x00,0x00,0x00,0x00,
	0x00,0x00,0x00,0x00,0x00,0x00,0x00,0x00,0x00,0x00,0x00,0x00,0x00,0x00,0x00,0x00,0x00,0x00,0x00,0x00,
	0x00,0x00,0x00,0x00,0x00,0x00,0x00,0x00,0x00,0x00,0x00,0x00,0x00,0x00,0x00,0x00,0x00,0x00,0x00,0x00,
	0x00,0x00,0x00,0x00,0x00,0x00,0x00,0x00,0x00,0x00,0x00,0x00,0x00,0x00,0x00,0x00,0x00,0x00,0x00,0x00,
	0x00,0x00,0x00,0x00,0x00,0x00,0x00,0x00,0x00,0x00,0x00,0x00,0x00,0x00,0x00,0x00,0x00,0x00,0x00,0x00,
	0x00,0x00,0x00,0x00,0x00,0x00,0x00,0x00,0x00,0x00,0x00,0x00,0x00,0x00,0x00,0x00,0x00,0x00,0x00,0x00,
	0x00,0x00,0x00,0x00,0x00,0x00,0x00,0x00,0x00,0x00,0x00,0x00,0x00,0x00,0x00,0x00,0x00,0x00,0x00,0x00,
	0x00,0x00,0x00,0x00,0x00,0x00,0x00,0x00,0x00,0x00,0x00,0x00,0x00,0x00,0x00,0x00,0x00,0x00,0x00,0x00,
	0x00,0x00,0x00,0x00,0x00,0x00,0x00,0x00,0x00,0x00,0x00,0x00,0x00,0x00,0x00,0x00,0x00,0x00,0x00,0x00,
	0x00,0x00,0x00,0x00,0x00,0x00,0x00,0x00,0x00,0x00,0x00,0x00,0x00,0x00,0x00,0x00,0x00,0x00,0x00,0x00,
	0x00,0x00,0x00,0x00,0x00,0x00,0x00,0x00,0x00,0x00,0x00,0x00,0x00,0x00,0x00,0x00,0x00,0x00,0x00,0x00,
	0x00,0x00,0x00,0x00,0x00,0x00,0x00,0x00,0x00,0x00,0x00,0x00,0x00,0x00,0x00,0x00,0x00,0x00,0x00,0x00,
	0x00,0x00,0x00,0x00,0x00,0x00,0x00,0x00,0xA7,0x28,0xF4,0x71,0xBB,0x92,0x78,0x82,0xA7,0x20,0x01,0x00,
	0x43,0x10,0x43,0x10,0x64,0x18,0xC9,0x30,0x0C,0x41,0xEB,0x38,0x86,0x20,0x00,0x00,0x00,0x00,0x00,0x00,
	0x00,0x00,0x00,0x00,0x00,0x00,0x00,0x00,0x00,0x00,0x00,0x00,0x00,0x00,0x00,0x00,0x00,0x00,0x00,0x00,
	0x00,0x00,0x00,0x00,0x00,0x00,0x00,0x00,0x00,0x00,0x00,0x00,0x00,0x00,0x00,0x00,0x00,0x00,0x00,0x00,
	0x00,0x00,0x00,0x00,0x00,0x00,0x00,0x00,0x00,0x00,0x00,0x00,0x00,0x00,0x00,0x00,0x00,0x00,0x00,0x00,
	0x00,0x00,0x00,0x00,0x00,0x00,0x00,0x00,0x00,0x00,0x00,0x00,0x00,0x00,0x00,0x00,0x00,0x00,0x00,0x00,
	0x00,0x00,0x00,0x00,0x00,0x00,0x00,0x00,0x00,0x00,0x00,0x00,0x00,0x00,0x00,0x00,0x00,0x00,0x00,0x00,
	0x00,0x00,0x00,0x00,0x00,0x00,0x00,0x00,0x00,0x00,0x00,0x00,0x00,0x00,0x00,0x00,0x00,0x00,0x00,0x00,
	0x00,0x00,0x00,0x00,0x00,0x00,0x00,0x00,0x00,0x00,0x00,0x00,0x00,0x00,0x00,0x00,0x00,0x00,0x00,0x00,
	0x00,0x00,0x00,0x00,0x00,0x00,0x00,0x00,0x00,0x00,0x00,0x00,0x00,0x00,0x00,0x00,0x00,0x00,0x00,0x00,
	0x00,0x00,0x00,0x00,0x00,0x00,0x00,0x00,0x00,0x00,0x00,0x00,0x00,0x00,0x00,0x00,0x00,0x00,0x00,0x00,
	0x00,0x00,0x00,0x00,0x00,0x00,0x00,0x00,0x00,0x00,0x00,0x00,0x00,0x00,0x00,0x00,0x00,0x00,0x00,0x00,
	0x00,0x00,0x00,0x00,0x00,0x00,0x00,0x00,0x00,0x00,0x00,0x00,0x00,0x00,0x00,0x00,0x00,0x00,0x00,0x00,
	0x00,0x00,0x00,0x00,0x00,0x00,0x00,0x00,0x00,0x00,0x00,0x00,0x00,0x00,0x00,0x00,0x00,0x00,0x00,0x00,
	0x00,0x00,0x00,0x00,0x00,0x00,0x00,0x00,0x00,0x00,0x00,0x00,0x00,0x00,0x00,0x00,0x00,0x00,0x00,0x00,
	0x00,0x00,0x00,0x00,0x00,0x00,0x00,0x00,0x00,0x00,0x00,0x00,0x00,0x00,0x00,0x00,0x00,0x00,0x00,0x00,
	0x00,0x00,0x00,0x00,0x00,0x00,0x00,0x00,0x00,0x00,0x00,0x00,0x00,0x00,0x00,0x00,0x00,0x00,0x00,0x00,
	0x00,0x00,0x00,0x00,0x00,0x00,0x00,0x00,0x00,0x00,0x00,0x00,0x00,0x00,0x00,0x00,0x00,0x00,0x00,0x00,
	0x00,0x00,0x00,0x00,0x00,0x00,0x00,0x00,0x00,0x00,0x00,0x00,0x00,0x00,0x00,0x00,0x00,0x00,0x00,0x00,
	0x00,0x00,0x00,0x00,0x00,0x00,0x00,0x00,0x00,0x00,0x00,0x00,0x00,0x00,0x00,0x00,0x00,0x00,0x00,0x00,
	0x00,0x00,0x00,0x00,0x00,0x00,0x00,0x00,0x00,0x00,0x00,0x00,0x00,0x00,0x00,0x00,0x00,0x00,0x00,0x00,
	0x00,0x00,0x00,0x00,0x00,0x00,0x00,0x00,0x00,0x00,0x00,0x00,0x00,0x00,0x00,0x00,0x00,0x00,0x00,0x00,
	0x00,0x00,0x00,0x00,0x00,0x00,0x00,0x00,0x00,0x00,0x00,0x00,0x00,0x00,0x00,0x00,0x00,0x00,0x00,0x00,
	0x00,0x00,0x00,0x00,0x00,0x00,0x00,0x00,0x00,0x00,0x00,0x00,0x00,0x00,0x00,0x00,0x00,0x00,0x00,0x00,
	0x00,0x00,0x00,0x00,0x00,0x00,0x00,0x00,0x00,0x00,0x00,0x00,0x00,0x00,0x00,0x00,0x00,0x00,0x00,0x00,
	0x00,0x00,0x00,0x00,0x00,0x00,0x00,0x00,0x00,0x00,0x00,0x00,0x00,0x00,0x00,0x00,0x00,0x00,0x00,0x00,
	0x00,0x00,0x00,0x00,0x00,0x00,0x00,0x00,0x00,0x00,0x00,0x00,0x00,0x00,0x00,0x00,0x00,0x00,0x00,0x00,
	0x00,0x00,0x00,0x00,0x00,0x00,0x00,0x00,0x00,0x00,0x00,0x00,0x00,0x00,0xE9,0x30,0x79,0x8A,0x79,0x92,
	0xD4,0x71,0xE9,0x30,0xE9,0x30,0xB2,0x61,0xB2,0x61,0x90,0x59,0xEA,0x38,0x85,0x20,0x21,0x08,0x00,0x00,
	0x00,0x00,0x00,0x00,0x00,0x00,0x00,0x00,0x00,0x00,0x00,0x00,0x00,0x00,0x00,0x00,0x00,0x00,0x00,0x00,
	0x00,0x00,0x00,0x00,0x00,0x00,0x00,0x00,0x00,0x00,0x00,0x00,0x00,0x00,0x00,0x00,0x00,0x00,0x00,0x00,
	0x00,0x00,0x00,0x00,0x00,0x00,0x00,0x00,0x00,0x00,0x00,0x00,0x00,0x00,0x00,0x00,0x00,0x00,0x00,0x00,
	0x00,0x00,0x00,0x00,0x00,0x00,0x00,0x00,0x00,0x00,0x00,0x00,0x00,0x00,0x00,0x00,0x00,0x00,0x00,0x00,
	0x00,0x00,0x00,0x00,0x00,0x00,0x00,0x00,0x00,0x00,0x00,0x00,0x00,0x00,0x00,0x00,0x00,0x00,0x00,0x00,
	0x00,0x00,0x00,0x00,0x00,0x00,0x00,0x00,0x00,0x00,0x00,0x00,0x00,0x00,0x00,0x00,0x00,0x00,0x00,0x00,
	0x00,0x00,0x00,0x00,0x00,0x00,0x00,0x00,0x00,0x00,0x00,0x00,0x00,0x00,0x00,0x00,0x00,0x00,0x00,0x00,
	0x00,0x00,0x00,0x00,0x00,0x00,0x00,0x00,0x00,0x00,0x00,0x00,0x00,0x00,0x00,0x00,0x00,0x00,0x00,0x00,
	0x00,0x00,0x00,0x00,0x00,0x00,0x00,0x00,0x00,0x00,0x00,0x00,0x00,0x00,0x00,0x00,0x00,0x00,0x00,0x00,
	0x00,0x00,0x00,0x00,0x00,0x00,0x00,0x00,0x00,0x00,0x00,0x00,0x00,0x00,0x00,0x00,0x00,0x00,0x00,0x00,
	0x00,0x00,0x00,0x00,0x00,0x00,0x00,0x00,0x00,0x00,0x00,0x00,0x00,0x00,0x00,0x00,0x00,0x00,0x00,0x00,
	0x00,0x00,0x00,0x00,0x00,0x00,0x00,0x00,0x00,0x00,0x00,0x00,0x00,0x00,0x00,0x00,0x00,0x00,0x00,0x00,
	0x00,0x00,0x00,0x00,0x00,0x00,0x00,0x00,0x00,0x00,0x00,0x00,0x00,0x00,0x00,0x00,0x00,0x00,0x00,0x00,
	0x00,0x00,0x00,0x00,0x00,0x00,0x00,0x00,0x00,0x00,0x00,0x00,0x00,0x00,0x00,0x00,0x00,0x00,0x00,0x00,
	0x00,0x00,0x00,0x00,0x00,0x00,0x00,0x00,0x00,0x00,0x00,0x00,0x00,0x00,0x00,0x00,0x00,0x00,0x00,0x00,
	0x00,0x00,0x00,0x00,0x00,0x00,0x00,0x00,0x00,0x00,0x00,0x00,0x00,0x00,0x00,0x00,0x00,0x00,0x00,0x00,
	0x00,0x00,0x00,0x00,0x00,0x00,0x00,0x00,0x00,0x00,0x00,0x00,0x00,0x00,0x00,0x00,0x00,0x00,0x00,0x00,
	0x00,0x00,0x00,0x00,0x00,0x00,0x00,0x00,0x00,0x00,0x00,0x00,0x00,0x00,0x00,0x00,0x00,0x00,0x00,0x00,
	0x00,0x00,0x00,0x00,0x00,0x00,0x00,0x00,0x00,0x00,0x00,0x00,0x00,0x00,0x00,0x00,0x00,0x00,0x00,0x00,
	0x00,0x00,0x00,0x00,0x00,0x00,0x00,0x00,0x00,0x00,0x00,0x00,0x00,0x00,0x00,0x00,0x00,0x00,0x00,0x00,
	0x00,0x00,0x00,0x00,0x00,0x00,0x00,0x00,0x00,0x00,0x00,0x00,0x00,0x00,0x00,0x00,0x00,0x00,0x00,0x00,
	0x00,0x00,0x00,0x00,0x00,0x00,0x00,0x00,0x00,0x00,0x00,0x00,0x00,0x00,0x00,0x00,0x00,0x00,0x00,0x00,
	0x00,0x00,0x00,0x00,0x00,0x00,0x00,0x00,0x00,0x00,0x00,0x00,0x00,0x00,0x00,0x00,0x00,0x00,0x00,0x00,
	0x00,0x00,0x00,0x00,0x00,0x00,0x00,0x00,0x00,0x00,0x00,0x00,0x00,0x00,0x00,0x00,0x00,0x00,0x00,0x00,
	0x00,0x00,0x00,0x00,0x00,0x00,0x00,0x00,0x00,0x00,0x00,0x00,0x00,0x00,0x00,0x00,0x00,0x00,0x00,0x00,
	0x00,0x00,0x00,0x00,0x00,0x00,0x00,0x00,0x00,0x00,0x00,0x00,0x00,0x00,0x00,0x00,0x00,0x00,0x00,0x00,
	0x0B,0x39,0xBC,0x9A,0x9B,0x9A,0x16,0x82,0xD3,0x69,0xF4,0x69,0x38,0x82,0x59,0x8A,0x58,0x82,0xF4,0x71,
	0x4D,0x51,0x85,0x20,0x22,0x08,0x00,0x00,0x00,0x00,0x00,0x00,0x00,0x00,0x00,0x00,0x00,0x00,0x00,0x00,
	0x00,0x00,0x00,0x00,0x00,0x00,0x00,0x00,0x00,0x00,0x00,0x00,0x00,0x00,0x00,0x00,0x00,0x00,0x00,0x00,
	0x00,0x00,0x00,0x00,0x00,0x00,0x00,0x00,0x00,0x00,0x00,0x00,0x00,0x00,0x00,0x00,0x00,0x00,0x00,0x00,
	0x00,0x00,0x00,0x00,0x00,0x00,0x00,0x00,0x00,0x00,0x00,0x00,0x00,0x00,0x00,0x00,0x00,0x00,0x00,0x00,
	0x00,0x00,0x00,0x00,0x00,0x00,0x00,0x00,0x00,0x00,0x00,0x00,0x00,0x00,0x00,0x00,0x00,0x00,0x00,0x00,
	0x00,0x00,0x00,0x00,0x00,0x00,0x00,0x00,0x00,0x00,0x00,0x00,0x00,0x00,0x00,0x00,0x00,0x00,0x00,0x00,
	0x00,0x00,0x00,0x00,0x00,0x00,0x00,0x00,0x00,0x00,0x00,0x00,0x00,0x00,0x00,0x00,0x00,0x00,0x00,0x00,
	0x00,0x00,0x00,0x00,0x00,0x00,0x00,0x00,0x00,0x00,0x00,0x00,0x00,0x00,0x00,0x00,0x00,0x00,0x00,0x00,
	0x00,0x00,0x00,0x00,0x00,0x00,0x00,0x00,0x00,0x00,0x00,0x00,0x00,0x00,0x00,0x00,0x00,0x00,0x00,0x00,
	0x00,0x00,0x00,0x00,0x00,0x00,0x00,0x00,0x00,0x00,0x00,0x00,0x00,0x00,0x00,0x00,0x00,0x00,0x00,0x00,
	0x00,0x00,0x00,0x00,0x00,0x00,0x00,0x00,0x00,0x00,0x00,0x00,0x00,0x00,0x00,0x00,0x00,0x00,0x00,0x00,
	0x00,0x00,0x00,0x00,0x00,0x00,0x00,0x00,0x00,0x00,0x00,0x00,0x00,0x00,0x00,0x00,0x00,0x00,0x00,0x00,
	0x00,0x00,0x00,0x00,0x00,0x00,0x00,0x00,0x00,0x00,0x00,0x00,0x00,0x00,0x00,0x00,0x00,0x00,0x00,0x00,
	0x00,0x00,0x00,0x00,0x00,0x00,0x00,0x00,0x00,0x00,0x00,0x00,0x00,0x00,0x00,0x00,0x00,0x00,0x00,0x00,
	0x00,0x00,0x00,0x00,0x00,0x00,0x00,0x00,0x00,0x00,0x00,0x00,0x00,0x00,0x00,0x00,0x00,0x00,0x00,0x00,
	0x00,0x00,0x00,0x00,0x00,0x00,0x00,0x00,0x00,0x00,0x00,0x00,0x00,0x00,0x00,0x00,0x00,0x00,0x00,0x00,
	0x00,0x00,0x00,0x00,0x00,0x00,0x00,0x00,0x00,0x00,0x00,0x00,0x00,0x00,0x00,0x00,0x00,0x00,0x00,0x00,
	0x00,0x00,0x00,0x00,0x00,0x00,0x00,0x00,0x00,0x00,0x00,0x00,0x00,0x00,0x00,0x00,0x00,0x00,0x00,0x00,
	0x00,0x00,0x00,0x00,0x00,0x00,0x00,0x00,0x00,0x00,0x00,0x00,0x00,0x00,0x00,0x00,0x00,0x00,0x00,0x00,
	0x00,0x00,0x00,0x00,0x00,0x00,0x00,0x00,0x00,0x00,0x00,0x00,0x00,0x00,0x00,0x00,0x00,0x00,0x00,0x00,
	0x00,0x00,0x00,0x00,0x00,0x00,0x00,0x00,0x00,0x00,0x00,0x00,0x00,0x00,0x00,0x00,0x00,0x00,0x00,0x00,
	0x00,0x00,0x00,0x00,0x00,0x00,0x00,0x00,0x00,0x00,0x00,0x00,0x00,0x00,0x00,0x00,0x00,0x00,0x00,0x00,
	0x00,0x00,0x00,0x00,0x00,0x00,0x00,0x00,0x00,0x00,0x00,0x00,0x00,0x00,0x00,0x00,0x00,0x00,0x00,0x00,
	0x00,0x00,0x00,0x00,0x00,0x00,0x00,0x00,0x00,0x00,0x00,0x00,0x00,0x00,0x00,0x00,0x00,0x00,0x00,0x00,
	0x00,0x00,0x00,0x00,0x00,0x00,0x00,0x00,0x00,0x00,0x00,0x00,0x00,0x00,0x00,0x00,0x00,0x00,0x00,0x00,
	0x00,0x00,0x00,0x00,0x00,0x00,0x00,0x00,0x00,0x00,0x00,0x00,0x00,0x00,0x00,0x00,0x00,0x00,0x00,0x00,
	0x00,0x00,0x00,0x00,0x00,0x00,0x2B,0x41,0xFE,0xAA,0xDE,0xAA,0x9B,0x9A,0xBC,0x9A,0x9B,0x92,0x17,0x82,
	0x58,0x8A,0x9A,0x92,0xFE,0xAA,0xBB,0x9A,0x91,0x61,0xA7,0x28,0x00,0x00,0x00,0x00,0x00,0x00,0x00,0x00,
	0x00,0x00,0x00,0x00,0x00,0x00,0x00,0x00,0x00,0x00,0x00,0x00,0x00,0x00,0x00,0x00,0x00,0x00,0x00,0x00,
	0x00,0x00,0x00,0x00,0x00,0x00,0x00,0x00,0x00,0x00,0x00,0x00,0x00,0x00,0x00,0x00,0x00,0x00,0x00,0x00,
	0x00,0x00,0x00,0x00,0x00,0x00,0x00,0x00,0x00,0x00,0x00,0x00,0x00,0x00,0x00,0x00,0x00,0x00,0x00,0x00,
	0x00,0x00,0x00,0x00,0x00,0x00,0x00,0x00,0x00,0x00,0x00,0x00,0x00,0x00,0x00,0x00,0x00,0x00,0x00,0x00,
	0x00,0x00,0x00,0x00,0x00,0x00,0x00,0x00,0x00,0x00,0x00,0x00,0x00,0x00,0x00,0x00,0x00,0x00,0x00,0x00,
	0x00,0x00,0x00,0x00,0x00,0x00,0x00,0x00,0x00,0x00,0x00,0x00,0x00,0x00,0x00,0x00,0x00,0x00,0x00,0x00,
	0x00,0x00,0x00,0x00,0x00,0x00,0x00,0x00,0x00,0x00,0x00,0x00,0x00,0x00,0x00,0x00,0x00,0x00,0x00,0x00,
	0x00,0x00,0x00,0x00,0x00,0x00,0x00,0x00,0x00,0x00,0x00,0x00,0x00,0x00,0x00,0x00,0x00,0x00,0x00,0x00,
	0x00,0x00,0x00,0x00,0x00,0x00,0x00,0x00,0x00,0x00,0x00,0x00,0x00,0x00,0x00,0x00,0x00,0x00,0x00,0x00,
	0x00,0x00,0x00,0x00,0x00,0x00,0x00,0x00,0x00,0x00,0x00,0x00,0x00,0x00,0x00,0x00,0x00,0x00,0x00,0x00,
	0x00,0x00,0x00,0x00,0x00,0x00,0x00,0x00,0x00,0x00,0x00,0x00,0x00,0x00,0x00,0x00,0x00,0x00,0x00,0x00,
	0x00,0x00,0x00,0x00,0x00,0x00,0x00,0x00,0x00,0x00,0x00,0x00,0x00,0x00,0x00,0x00,0x00,0x00,0x00,0x00,
	0x00,0x00,0x00,0x00,0x00,0x00,0x00,0x00,0x00,0x00,0x00,0x00,0x00,0x00,0x00,0x00,0x00,0x00,0x00,0x00,
	0x00,0x00,0x00,0x00,0x00,0x00,0x00,0x00,0x00,0x00,0x00,0x00,0x00,0x00,0x00,0x00,0x00,0x00,0x00,0x00,
	0x00,0x00,0x00,0x00,0x00,0x00,0x00,0x00,0x00,0x00,0x00,0x00,0x00,0x00,0x00,0x00,0x00,0x00,0x00,0x00,
	0x00,0x00,0x00,0x00,0x00,0x00,0x00,0x00,0x00,0x00,0x00,0x00,0x00,0x00,0x00,0x00,0x00,0x00,0x00,0x00,
	0x00,0x00,0x00,0x00,0x00,0x00,0x00,0x00,0x00,0x00,0x00,0x00,0x00,0x00,0x00,0x00,0x00,0x00,0x00,0x00,
	0x00,0x00,0x00,0x00,0x00,0x00,0x00,0x00,0x00,0x00,0x00,0x00,0x00,0x00,0x00,0x00,0x00,0x00,0x00,0x00,
	0x00,0x00,0x00,0x00,0x00,0x00,0x00,0x00,0x00,0x00,0x00,0x00,0x00,0x00,0x00,0x00,0x00,0x00,0x00,0x00,
	0x00,0x00,0x00,0x00,0x00,0x00,0x00,0x00,0x00,0x00,0x00,0x00,0x00,0x00,0x00,0x00,0x00,0x00,0x00,0x00,
	0x00,0x00,0x00,0x00,0x00,0x00,0x00,0x00,0x00,0x00,0x00,0x00,0x00,0x00,0x00,0x00,0x00,0x00,0x00,0x00,
	0x00,0x00,0x00,0x00,0x00,0x00,0x00,0x00,0x00,0x00,0x00,0x00,0x00,0x00,0x00,0x00,0x00,0x00,0x00,0x00,
	0x00,0x00,0x00,0x00,0x00,0x00,0x00,0x00,0x00,0x00,0x00,0x00,0x00,0x00,0x00,0x00,0x00,0x00,0x00,0x00,
	0x00,0x00,0x00,0x00,0x00,0x00,0x00,0x00,0x00,0x00,0x00,0x00,0x00,0x00,0x00,0x00,0x00,0x00,0x00,0x00,
	0x00,0x00,0x00,0x00,0x00,0x00,0x00,0x00,0x00,0x00,0x00,0x00,0x00,0x00,0x00,0x00,0x00,0x00,0x00,0x00,
	0x00,0x00,0x00,0x00,0x00,0x00,0x00,0x00,0x00,0x00,0x00,0x00,0x2B,0x41,0xFE,0xAA,0x1F,0xB3,0xBB,0x9A,
	0xD3,0x69,0x2C,0x49,0xC9,0x38,0xE9,0x38,0x4E,0x49,0x79,0x8A,0xDD,0xA2,0x57,0x8A,0x2C,0x49,0x01,0x00,
	0x00,0x00,0x00,0x00,0x00,0x00,0x00,0x00,0x00,0x00,0x00,0x00,0x00,0x00,0x00,0x00,0x00,0x00,0x00,0x00,
	0x00,0x00,0x00,0x00,0x00,0x00,0x00,0x00,0x00,0x00,0x00,0x00,0x00,0x00,0x00,0x00,0x00,0x00,0x00,0x00,
	0x00,0x00,0x00,0x00,0x00,0x00,0x00,0x00,0x00,0x00,0x00,0x00,0x00,0x00,0x00,0x00,0x00,0x00,0x00,0x00,
	0x00,0x00,0x00,0x00,0x00,0x00,0x00,0x00,0x00,0x00,0x00,0x00,0x00,0x00,0x00,0x00,0x00,0x00,0x00,0x00,
	0x00,0x00,0x00,0x00,0x00,0x00,0x00,0x00,0x00,0x00,0x00,0x00,0x00,0x00,0x00,0x00,0x00,0x00,0x00,0x00,
	0x00,0x00,0x00,0x00,0x00,0x00,0x00,0x00,0x00,0x00,0x00,0x00,0x00,0x00,0x00,0x00,0x00,0x00,0x00,0x00,
	0x00,0x00,0x00,0x00,0x00,0x00,0x00,0x00,0x00,0x00,0x00,0x00,0x00,0x00,0x00,0x00,0x00,0x00,0x00,0x00,
	0x00,0x00,0x00,0x00,0x00,0x00,0x00,0x00,0x00,0x00,0x00,0x00,0x00,0x00,0x00,0x00,0x00,0x00,0x00,0x00,
	0x00,0x00,0x00,0x00,0x00,0x00,0x00,0x00,0x00,0x00,0x00,0x00,0x00,0x00,0x00,0x00,0x00,0x00,0x00,0x00,
	0x00,0x00,0x00,0x00,0x00,0x00,0x00,0x00,0x00,0x00,0x00,0x00,0x00,0x00,0x00,0x00,0x00,0x00,0x00,0x00,
	0x00,0x00,0x00,0x00,0x00,0x00,0x00,0x00,0x00,0x00,0x00,0x00,0x00,0x00,0x00,0x00,0x00,0x00,0x00,0x00,
	0x00,0x00,0x00,0x00,0x00,0x00,0x00,0x00,0x00,0x00,0x00,0x00,0x00,0x00,0x00,0x00,0x00,0x00,0x00,0x00,
	0x00,0x00,0x00,0x00,0x00,0x00,0x00,0x00,0x00,0x00,0x00,0x00,0x00,0x00,0x00,0x00,0x00,0x00,0x00,0x00,
	0x00,0x00,0x00,0x00,0x00,0x00,0x00,0x00,0x00,0x00,0x00,0x00,0x00,0x00,0x00,0x00,0x00,0x00,0x00,0x00,
	0x00,0x00,0x00,0x00,0x00,0x00,0x00,0x00,0x00,0x00,0x00,0x00,0x00,0x00,0x00,0x00,0x00,0x00,0x00,0x00,
	0x00,0x00,0x00,0x00,0x00,0x00,0x00,0x00,0x00,0x00,0x00,0x00,0x00,0x00,0x00,0x00,0x00,0x00,0x00,0x00,
	0x00,0x00,0x00,0x00,0x00,0x00,0x00,0x00,0x00,0x00,0x00,0x00,0x00,0x00,0x00,0x00,0x00,0x00,0x00,0x00,
	0x00,0x00,0x00,0x00,0x00,0x00,0x00,0x00,0x00,0x00,0x00,0x00,0x00,0x00,0x00,0x00,0x00,0x00,0x00,0x00,
	0x00,0x00,0x00,0x00,0x00,0x00,0x00,0x00,0x00,0x00,0x00,0x00,0x00,0x00,0x00,0x00,0x00,0x00,0x00,0x00,
	0x00,0x00,0x00,0x00,0x00,0x00,0x00,0x00,0x00,0x00,0x00,0x00,0x00,0x00,0x00,0x00,0x00,0x00,0x00,0x00,
	0x00,0x00,0x00,0x00,0x00,0x00,0x00,0x00,0x00,0x00,0x00,0x00,0x00,0x00,0x00,0x00,0x00,0x00,0x00,0x00,
	0x00,0x00,0x00,0x00,0x00,0x00,0x00,0x00,0x00,0x00,0x00,0x00,0x00,0x00,0x00,0x00,0x00,0x00,0x00,0x00,
	0x00,0x00,0x00,0x00,0x00,0x00,0x00,0x00,0x00,0x00,0x00,0x00,0x00,0x00,0x00,0x00,0x00,0x00,0x00,0x00,
	0x00,0x00,0x00,0x00,0x00,0x00,0x00,0x00,0x00,0x00,0x00,0x00,0x00,0x00,0x00,0x00,0x00,0x00,0x00,0x00,
	0x00,0x00,0x00,0x00,0x00,0x00,0x00,0x00,0x00,0x00,0x00,0x00,0x00,0x00,0x00,0x00,0x00,0x00,0x00,0x00,
	0x00,0x00,0x00,0x00,0x00,0x00,0x00,0x00,0x00,0x00,0x00,0x00,0x00,0x00,0x00,0x00,0x00,0x00,0x2B,0x41,
	0xFE,0xAA,0x3F,0xB3,0x7A,0x92,0xC9,0x30,0x00,0x00,0x00,0x00,0x00,0x00,0x43,0x10,0xD2,0x69,0xBC,0x9A,
	0xBB,0xA2,0x91,0x61,0x22,0x08,0x00,0x00,0x00,0x00,0x00,0x00,0x00,0x00,0x00,0x00,0x00,0x00,0x00,0x00,
	0x00,0x00,0x00,0x00,0x00,0x00,0x00,0x00,0x00,0x00,0x00,0x00,0x00,0x00,0x00,0x00,0x00,0x00,0x00,0x00,
	0x00,0x00,0x00,0x00,0x00,0x00,0x00,0x00,0x00,0x00,0x00,0x00,0x00,0x00,0x00,0x00,0x00,0x00,0x00,0x00,
	0x00,0x00,0x00,0x00,0x00,0x00,0x00,0x00,0x00,0x00,0x00,0x00,0x00,0x00,0x00,0x00,0x00,0x00,0x00,0x00,
	0x00,0x00,0x00,0x00,0x00,0x00,0x00,0x00,0x00,0x00,0x00,0x00,0x00,0x00,0x00,0x00,0x00,0x00,0x00,0x00,
	0x00,0x00,0x00,0x00,0x00,0x00,0x00,0x00,0x00,0x00,0x00,0x00,0x00,0x00,0x00,0x00,0x00,0x00,0x00,0x00,
	0x00,0x00,0x00,0x00,0x00,0x00,0x00,0x00,0x00,0x00,0x00,0x00,0x00,0x00,0x00,0x00,0x00,0x00,0x00,0x00,
	0x00,0x00,0x00,0x00,0x00,0x00,0x00,0x00,0x00,0x00,0x00,0x00,0x00,0x00,0x00,0x00,0x00,0x00,0x00,0x00,
	0x00,0x00,0x00,0x00,0x00,0x00,0x00,0x00,0x00,0x00,0x00,0x00,0x00,0x00,0x00,0x00,0x00,0x00,0x00,0x00,
	0x00,0x00,0x00,0x00,0x00,0x00,0x00,0x00,0x00,0x00,0x00,0x00,0x00,0x00,0x00,0x00,0x00,0x00,0x00,0x00,
	0x00,0x00,0x00,0x00,0x00,0x00,0x00,0x00,0x00,0x00,0x00,0x00,0x00,0x00,0x00,0x00,0x00,0x00,0x00,0x00,
	0x00,0x00,0x00,0x00,0x00,0x00,0x00,0x00,0x00,0x00,0x00,0x00,0x00,0x00,0x00,0x00,0x00,0x00,0x00,0x00,
	0x00,0x00,0x00,0x00,0x00,0x00,0x00,0x00,0x00,0x00,0x00,0x00,0x00,0x00,0x00,0x00,0x00,0x00,0x00,0x00,
	0x00,0x00,0x00,0x00,0x00,0x00,0x00,0x00,0x00,0x00,0x00,0x00,0x00,0x00,0x00,0x00,0x00,0x00,0x00,0x00,
	0x00,0x00,0x00,0x00,0x00,0x00,0x00,0x00,0x00,0x00,0x00,0x00,0x00,0x00,0x00,0x00,0x00,0x00,0x00,0x00,
	0x00,0x00,0x00,0x00,0x00,0x00,0x00,0x00,0x00,0x00,0x00,0x00,0x00,0x00,0x00,0x00,0x00,0x00,0x00,0x00,
	0x00,0x00,0x00,0x00,0x00,0x00,0x00,0x00,0x00,0x00,0x00,0x00,0x00,0x00,0x00,0x00,0x00,0x00,0x00,0x00,
	0x00,0x00,0x00,0x00,0x00,0x00,0x00,0x00,0x00,0x00,0x00,0x00,0x00,0x00,0x00,0x00,0x00,0x00,0x00,0x00,
	0x00,0x00,0x00,0x00,0x00,0x00,0x00,0x00,0x00,0x00,0x00,0x00,0x00,0x00,0x00,0x00,0x00,0x00,0x00,0x00,
	0x00,0x00,0x00,0x00,0x00,0x00,0x00,0x00,0x00,0x00,0x00,0x00,0x00,0x00,0x00,0x00,0x00,0x00,0x00,0x00,
	0x00,0x00,0x00,0x00,0x00,0x00,0x00,0x00,0x00,0x00,0x00,0x00,0x00,0x00,0x00,0x00,0x00,0x00,0x00,0x00,
	0x00,0x00,0x00,0x00,0x00,0x00,0x00,0x00,0x00,0x00,0x00,0x00,0x00,0x00,0x00,0x00,0x00,0x00,0x00,0x00,
	0x00,0x00,0x00,0x00,0x00,0x00,0x00,0x00,0x00,0x00,0x00,0x00,0x00,0x00,0x00,0x00,0x00,0x00,0x00,0x00,
	0x00,0x00,0x00,0x00,0x00,0x00,0x00,0x00,0x00,0x00,0x00,0x00,0x00,0x00,0x00,0x00,0x00,0x00,0x00,0x00,
	0x00,0x00,0x00,0x00,0x00,0x00,0x00,0x00,0x00,0x00,0x00,0x00,0x00,0x00,0x00,0x00,0x00,0x00,0x00,0x00,
	0x00,0x00,0x00,0x00,0x00,0x00,0x00,0x00,0x00,0x00,0x00,0x00,0x00,0x00,0x00,0x00,0x00,0x00,0x00,0x00,
	0x00,0x00,0x00,0x00,0x2B,0x39,0xDD,0xA2,0xDD,0xA2,0xF5,0x79,0x85,0x20,0x00,0x00,0x00,0x00,0x00,0x00,
	0x21,0x08,0x90,0x59,0x9A,0x92,0xDD,0xA2,0xD2,0x69,0x44,0x18,0x00,0x00,0x00,0x00,0x00,0x00,0x00,0x00,
	0x00,0x00,0x00,0x00,0x00,0x00,0x00,0x00,0x00,0x00,0x00,0x00,0x00,0x00,0x00,0x00,0x00,0x00,0x00,0x00,
	0x00,0x00,0x00,0x00,0x00,0x00,0x00,0x00,0x00,0x00,0x00,0x00,0x00,0x00,0x00,0x00,0x00,0x00,0x00,0x00,
	0x00,0x00,0x00,0x00,0x00,0x00,0x00,0x00,0x00,0x00,0x00,0x00,0x00,0x00,0x00,0x00,0x00,0x00,0x00,0x00,
	0x00,0x00,0x00,0x00,0x00,0x00,0x00,0x00,0x00,0x00,0x00,0x00,0x00,0x00,0x00,0x00,0x00,0x00,0x00,0x00,
	0x00,0x00,0x00,0x00,0x00,0x00,0x00,0x00,0x00,0x00,0x00,0x00,0x00,0x00,0x00,0x00,0x00,0x00,0x00,0x00,
	0x00,0x00,0x00,0x00,0x00,0x00,0x00,0x00,0x00,0x00,0x00,0x00,0x00,0x00,0x00,0x00,0x00,0x00,0x00,0x00,
	0x00,0x00,0x00,0x00,0x00,0x00,0x00,0x00,0x00,0x00,0x00,0x00,0x00,0x00,0x00,0x00,0x00,0x00,0x00,0x00,
	0x00,0x00,0x00,0x00,0x00,0x00,0x00,0x00,0x00,0x00,0x00,0x00,0x00,0x00,0x00,0x00,0x00,0x00,0x00,0x00,
	0x00,0x00,0x00,0x00,0x00,0x00,0x00,0x00,0x00,0x00,0x00,0x00,0x00,0x00,0x00,0x00,0x00,0x00,0x00,0x00,
	0x00,0x00,0x00,0x00,0x00,0x00,0x00,0x00,0x00,0x00,0x00,0x00,0x00,0x00,0x00,0x00,0x00,0x00,0x00,0x00,
	0x00,0x00,0x00,0x00,0x00,0x00,0x00,0x00,0x00,0x00,0x00,0x00,0x00,0x00,0x00,0x00,0x00,0x00,0x00,0x00,
	0x00,0x00,0x00,0x00,0x00,0x00,0x00,0x00,0x00,0x00,0x00,0x00,0x00,0x00,0x00,0x00,0x00,0x00,0x00,0x00,
	0x00,0x00,0x00,0x00,0x00,0x00,0x00,0x00,0x00,0x00,0x00,0x00,0x00,0x00,0x00,0x00,0x00,0x00,0x00,0x00,
	0x00,0x00,0x00,0x00,0x00,0x00,0x00,0x00,0x00,0x00,0x00,0x00,0x00,0x00,0x00,0x00,0x00,0x00,0x00,0x00,
	0x00,0x00,0x00,0x00,0x00,0x00,0x00,0x00,0x00,0x00,0x00,0x00,0x00,0x00,0x00,0x00,0x00,0x00,0x00,0x00,
	0x00,0x00,0x00,0x00,0x00,0x00,0x00,0x00,0x00,0x00,0x00,0x00,0x00,0x00,0x00,0x00,0x00,0x00,0x00,0x00,
	0x00,0x00,0x00,0x00,0x00,0x00,0x00,0x00,0x00,0x00,0x00,0x00,0x00,0x00,0x00,0x00,0x00,0x00,0x00,0x00,
	0x00,0x00,0x00,0x00,0x00,0x00,0x00,0x00,0x00,0x00,0x00,0x00,0x00,0x00,0x00,0x00,0x00,0x00,0x00,0x00,
	0x00,0x00,0x00,0x00,0x00,0x00,0x00,0x00,0x00,0x00,0x00,0x00,0x00,0x00,0x00,0x00,0x00,0x00,0x00,0x00,
	0x00,0x00,0x00,0x00,0x00,0x00,0x00,0x00,0x00,0x00,0x00,0x00,0x00,0x00,0x00,0x00,0x00,0x00,0x00,0x00,
	0x00,0x00,0x00,0x00,0x00,0x00,0x00,0x00,0x00,0x00,0x00,0x00,0x00,0x00,0x00,0x00,0x00,0x00,0x00,0x00,
	0x00,0x00,0x00,0x00,0x00,0x00,0x00,0x00,0x00,0x00,0x00,0x00,0x00,0x00,0x00,0x00,0x00,0x00,0x00,0x00,
	0x00,0x00,0x00,0x00,0x00,0x00,0x00,0x00,0x00,0x00,0x00,0x00,0x00,0x00,0x00,0x00,0x00,0x00,0x00,0x00,
	0x00,0x00,0x00,0x00,0x00,0x00,0x00,0x00,0x00,0x00,0x00,0x00,0x00,0x00,0x00,0x00,0x00,0x00,0x00,0x00,
	0x00,0x00,0x00,0x00,0x00,0x00,0x00,0x00,0x00,0x00,0x00,0x00,0x00,0x00,0x00,0x00,0x00,0x00,0x00,0x00,
	0x00,0x00,0x00,0x00,0x00,0x00,0x00,0x00,0x00,0x00,0xEA,0x38,0x9A,0x92,0xBC,0x9A,0x15,0x7A,0x85,0x18,
	0x00,0x00,0x00,0x00,0x00,0x00,0x01,0x00,0x8F,0x59,0x9A,0x9A,0xDD,0xA2,0xD2,0x69,0x43,0x10,0x00,0x00,
	0x00,0x00,0x00,0x00,0x00,0x00,0x00,0x00,0x00,0x00,0x00,0x00,0x00,0x00,0x00,0x00,0x00,0x00,0x00,0x00,
	0x00,0x00,0x00,0x00,0x00,0x00,0x00,0x00,0x00,0x00,0x00,0x00,0x00,0x00,0x00,0x00,0x00,0x00,0x00,0x00,
	0x00,0x00,0x00,0x00,0x00,0x00,0x00,0x00,0x00,0x00,0x00,0x00,0x00,0x00,0x00,0x00,0x00,0x00,0x00,0x00,
	0x00,0x00,0x00,0x00,0x00,0x00,0x00,0x00,0x00,0x00,0x00,0x00,0x00,0x00,0x00,0x00,0x00,0x00,0x00,0x00,
	0x00,0x00,0x00,0x00,0x00,0x00,0x00,0x00,0x00,0x00,0x00,0x00,0x00,0x00,0x00,0x00,0x00,0x00,0x00,0x00,
	0x00,0x00,0x00,0x00,0x00,0x00,0x00,0x00,0x00,0x00,0x00,0x00,0x00,0x00,0x00,0x00,0x00,0x00,0x00,0x00,
	0x00,0x00,0x00,0x00,0x00,0x00,0x00,0x00,0x00,0x00,0x00,0x00,0x00,0x00,0x00,0x00,0x00,0x00,0x00,0x00,
	0x00,0x00,0x00,0x00,0x00,0x00,0x00,0x00,0x00,0x00,0x00,0x00,0x00,0x00,0x00,0x00,0x00,0x00,0x00,0x00,
	0x00,0x00,0x00,0x00,0x00,0x00,0x00,0x00,0x00,0x00,0x00,0x00,0x00,0x00,0x00,0x00,0x00,0x00,0x00,0x00,
	0x00,0x00,0x00,0x00,0x00,0x00,0x00,0x00,0x00,0x00,0x00,0x00,0x00,0x00,0x00,0x00,0x00,0x00,0x00,0x00,
	0x00,0x00,0x00,0x00,0x00,0x00,0x00,0x00,0x00,0x00,0x00,0x00,0x00,0x00,0x00,0x00,0x00,0x00,0x00,0x00,
	0x00,0x00,0x00,0x00,0x00,0x00,0x00,0x00,0x00,0x00,0x00,0x00,0x00,0x00,0x00,0x00,0x00,0x00,0x00,0x00,
	0x00,0x00,0x00,0x00,0x00,0x00,0x00,0x00,0x00,0x00,0x00,0x00,0x00,0x00,0x00,0x00,0x00,0x00,0x00,0x00,
	0x00,0x00,0x00,0x00,0x00,0x00,0x00,0x00,0x00,0x00,0x00,0x00,0x00,0x00,0x00,0x00,0x00,0x00,0x00,0x00,
	0x00,0x00,0x00,0x00,0x00,0x00,0x00,0x00,0x00,0x00,0x00,0x00,0x00,0x00,0x00,0x00,0x00,0x00,0x00,0x00,
	0x00,0x00,0x00,0x00,0x00,0x00,0x00,0x00,0x00,0x00,0x00,0x00,0x00,0x00,0x00,0x00,0x00,0x00,0x00,0x00,
	0x00,0x00,0x00,0x00,0x00,0x00,0x00,0x00,0x00,0x00,0x00,0x00,0x00,0x00,0x00,0x00,0x00,0x00,0x00,0x00,
	0x00,0x00,0x00,0x00,0x00,0x00,0x00,0x00,0x00,0x00,0x00,0x00,0x00,0x00,0x00,0x00,0x00,0x00,0x00,0x00,
	0x00,0x00,0x00,0x00,0x00,0x00,0x00,0x00,0x00,0x00,0x00,0x00,0x00,0x00,0x00,0x00,0x00,0x00,0x00,0x00,
	0x00,0x00,0x00,0x00,0x00,0x00,0x00,0x00,0x00,0x00,0x00,0x00,0x00,0x00,0x00,0x00,0x00,0x00,0x00,0x00,
	0x00,0x00,0x00,0x00,0x00,0x00,0x00,0x00,0x00,0x00,0x00,0x00,0x00,0x00,0x00,0x00,0x00,0x00,0x00,0x00,
	0x00,0x00,0x00,0x00,0x00,0x00,0x00,0x00,0x00,0x00,0x00,0x00,0x00,0x00,0x00,0x00,0x00,0x00,0x00,0x00,
	0x00,0x00,0x00,0x00,0x00,0x00,0x00,0x00,0x00,0x00,0x00,0x00,0x00,0x00,0x00,0x00,0x00,0x00,0x00,0x00,
	0x00,0x00,0x00,0x00,0x00,0x00,0x00,0x00,0x00,0x00,0x00,0x00,0x00,0x00,0x00,0x00,0x00,0x00,0x00,0x00,
	0x00,0x00,0x00,0x00,0x00,0x00,0x00,0x00,0x00,0x00,0x00,0x00,0x00,0x00,0x00,0x00,0x00,0x00,0x00,0x00,
	0x00,0x00,0x00,0x00,0x00,0x00,0x00,0x00,0x00,0x00,0x00,0x00,0x00,0x00,0x00,0x00,0xA7,0x28,0xD5,0x71,
	0xBC,0x9A,0x99,0x8A,0xC8,0x28,0x00,0x00,0x00,0x00,0x00,0x00,0x23,0x08,0xD2,0x69,0xBB,0xA2,0xBC,0x9A,
	0x91,0x59,0x22,0x08,0x00,0x00,0x00,0x00,0x00,0x00,0x00,0x00,0x00,0x00,0x00,0x00,0x00,0x00,0x00,0x00,
	0x00,0x00,0x00,0x00,0x00,0x00,0x00,0x00,0x00,0x00,0x00,0x00,0x00,0x00,0x00,0x00,0x00,0x00,0x00,0x00,
	0x00,0x00,0x00,0x00,0x00,0x00,0x00,0x00,0x00,0x00,0x00,0x00,0x00,0x00,0x00,0x00,0x00,0x00,0x00,0x00,
	0x00,0x00,0x00,0x00,0x00,0x00,0x00,0x00,0x00,0x00,0x00,0x00,0x00,0x00,0x00,0x00,0x00,0x00,0x00,0x00,
	0x00,0x00,0x00,0x00,0x00,0x00,0x00,0x00,0x00,0x00,0x00,0x00,0x00,0x00,0x00,0x00,0x00,0x00,0x00,0x00,
	0x00,0x00,0x00,0x00,0x00,0x00,0x00,0x00,0x00,0x00,0x00,0x00,0x00,0x00,0x00,0x00,0x00,0x00,0x00,0x00,
	0x00,0x00,0x00,0x00,0x00,0x00,0x00,0x00,0x00,0x00,0x00,0x00,0x00,0x00,0x00,0x00,0x00,0x00,0x00,0x00,
	0x00,0x00,0x00,0x00,0x00,0x00,0x00,0x00,0x00,0x00,0x00,0x00,0x00,0x00,0x00,0x00,0x00,0x00,0x00,0x00,
	0x00,0x00,0x00,0x00,0x00,0x00,0x00,0x00,0x00,0x00,0x00,0x00,0x00,0x00,0x00,0x00,0x00,0x00,0x00,0x00,
	0x00,0x00,0x00,0x00,0x00,0x00,0x00,0x00,0x00,0x00,0x00,0x00,0x00,0x00,0x00,0x00,0x00,0x00,0x00,0x00,
	0x00,0x00,0x00,0x00,0x00,0x00,0x00,0x00,0x00,0x00,0x00,0x00,0x00,0x00,0x00,0x00,0x00,0x00,0x00,0x00,
	0x00,0x00,0x00,0x00,0x00,0x00,0x00,0x00,0x00,0x00,0x00,0x00,0x00,0x00,0x00,0x00,0x00,0x00,0x00,0x00,
	0x00,0x00,0x00,0x00,0x00,0x00,0x00,0x00,0x00,0x00,0x00,0x00,0x00,0x00,0x00,0x00,0x00,0x00,0x00,0x00,
	0x00,0x00,0x00,0x00,0x00,0x00,0x00,0x00,0x00,0x00,0x00,0x00,0x00,0x00,0x00,0x00,0x00,0x00,0x00,0x00,
	0x00,0x00,0x00,0x00,0x00,0x00,0x00,0x00,0x00,0x00,0x00,0x00,0x00,0x00,0x00,0x00,0x00,0x00,0x00,0x00,
	0x00,0x00,0x00,0x00,0x00,0x00,0x00,0x00,0x00,0x00,0x00,0x00,0x00,0x00,0x00,0x00,0x00,0x00,0x00,0x00,
	0x00,0x00,0x00,0x00,0x00,0x00,0x00,0x00,0x00,0x00,0x00,0x00,0x00,0x00,0x00,0x00,0x00,0x00,0x00,0x00,
	0x00,0x00,0x00,0x00,0x00,0x00,0x00,0x00,0x00,0x00,0x00,0x00,0x00,0x00,0x00,0x00,0x00,0x00,0x00,0x00,
	0x00,0x00,0x00,0x00,0x00,0x00,0x00,0x00,0x00,0x00,0x00,0x00,0x00,0x00,0x00,0x00,0x00,0x00,0x00,0x00,
	0x00,0x00,0x00,0x00,0x00,0x00,0x00,0x00,0x00,0x00,0x00,0x00,0x00,0x00,0x00,0x00,0x00,0x00,0x00,0x00,
	0x00,0x00,0x00,0x00,0x00,0x00,0x00,0x00,0x00,0x00,0x00,0x00,0x00,0x00,0x00,0x00,0x00,0x00,0x00,0x00,
	0x00,0x00,0x00,0x00,0x00,0x00,0x00,0x00,0x00,0x00,0x00,0x00,0x00,0x00,0x00,0x00,0x00,0x00,0x00,0x00,
	0x00,0x00,0x00,0x00,0x00,0x00,0x00,0x00,0x00,0x00,0x00,0x00,0x00,0x00,0x00,0x00,0x00,0x00,0x00,0x00,
	0x00,0x00,0x00,0x00,0x00,0x00,0x00,0x00,0x00,0x00,0x00,0x00,0x00,0x00,0x00,0x00,0x00,0x00,0x00,0x00,
	0x00,0x00,0x00,0x00,0x00,0x00,0x00,0x00,0x00,0x00,0x00,0x00,0x00,0x00,0x00,0x00,0x00,0x00,0x00,0x00,
	0x00,0x00,0x00,0x00,0x00,0x00,0x00,0x00,0x00,0x00,0x00,0x00,0x00,0x00,0x00,0x00,0x00,0x00,0x00,0x00,
	0x00,0x00,0x64,0x18,0x2D,0x49,0x79,0x8A,0xFD,0xA2,0xD3,0x69,0x2C,0x41,0x0A,0x31,0x0B,0x39,0x6E,0x51,
	0x79,0x92,0xDD,0xA2,0x37,0x82,0x2C,0x41,0x01,0x00,0x00,0x00,0x00,0x00,0x00,0x00,0x00,0x00,0x00,0x00,
	0x00,0x00,0x00,0x00,0x00,0x00,0x00,0x00,0x00,0x00,0x00,0x00,0x00,0x00,0x00,0x00,0x00,0x00,0x00,0x00,
	0x00,0x00,0x00,0x00,0x00,0x00,0x00,0x00,0x00,0x00,0x00,0x00,0x00,0x00,0x00,0x00,0x00,0x00,0x00,0x00,
	0x00,0x00,0x00,0x00,0x00,0x00,0x00,0x00,0x00,0x00,0x00,0x00,0x00,0x00,0x00,0x00,0x00,0x00,0x00,0x00,
	0x00,0x00,0x00,0x00,0x00,0x00,0x00,0x00,0x00,0x00,0x00,0x00,0x00,0x00,0x00,0x00,0x00,0x00,0x00,0x00,
	0x00,0x00,0x00,0x00,0x00,0x00,0x00,0x00,0x00,0x00,0x00,0x00,0x00,0x00,0x00,0x00,0x00,0x00,0x00,0x00,
	0x00,0x00,0x00,0x00,0x00,0x00,0x00,0x00,0x00,0x00,0x00,0x00,0x00,0x00,0x00,0x00,0x00,0x00,0x00,0x00,
	0x00,0x00,0x00,0x00,0x00,0x00,0x00,0x00,0x00,0x00,0x00,0x00,0x00,0x00,0x00,0x00,0x00,0x00,0x00,0x00,
	0x00,0x00,0x00,0x00,0x00,0x00,0x00,0x00,0x00,0x00,0x00,0x00,0x00,0x00,0x00,0x00,0x00,0x00,0x00,0x00,
	0x00,0x00,0x00,0x00,0x00,0x00,0x00,0x00,0x00,0x00,0x00,0x00,0x00,0x00,0x00,0x00,0x00,0x00,0x00,0x00,
	0x00,0x00,0x00,0x00,0x00,0x00,0x00,0x00,0x00,0x00,0x00,0x00,0x00,0x00,0x00,0x00,0x00,0x00,0x00,0x00,
	0x00,0x00,0x00,0x00,0x00,0x00,0x00,0x00,0x00,0x00,0x00,0x00,0x00,0x00,0x00,0x00,0x00,0x00,0x00,0x00,
	0x00,0x00,0x00,0x00,0x00,0x00,0x00,0x00,0x00,0x00,0x00,0x00,0x00,0x00,0x00,0x00,0x00,0x00,0x00,0x00,
	0x00,0x00,0x00,0x00,0x00,0x00,0x00,0x00,0x00,0x00,0x00,0x00,0x00,0x00,0x00,0x00,0x00,0x00,0x00,0x00,
	0x00,0x00,0x00,0x00,0x00,0x00,0x00,0x00,0x00,0x00,0x00,0x00,0x00,0x00,0x00,0x00,0x00,0x00,0x00,0x00,
	0x00,0x00,0x00,0x00,0x00,0x00,0x00,0x00,0x00,0x00,0x00,0x00,0x00,0x00,0x00,0x00,0x00,0x00,0x00,0x00,
	0x00,0x00,0x00,0x00,0x00,0x00,0x00,0x00,0x00,0x00,0x00,0x00,0x00,0x00,0x00,0x00,0x00,0x00,0x00,0x00,
	0x00,0x00,0x00,0x00,0x00,0x00,0x00,0x00,0x00,0x00,0x00,0x00,0x00,0x00,0x00,0x00,0x00,0x00,0x00,0x00,
	0x00,0x00,0x00,0x00,0x00,0x00,0x00,0x00,0x00,0x00,0x00,0x00,0x00,0x00,0x00,0x00,0x00,0x00,0x00,0x00,
	0x00,0x00,0x00,0x00,0x00,0x00,0x00,0x00,0x00,0x00,0x00,0x00,0x00,0x00,0x00,0x00,0x00,0x00,0x00,0x00,
	0x00,0x00,0x00,0x00,0x00,0x00,0x00,0x00,0x00,0x00,0x00,0x00,0x00,0x00,0x00,0x00,0x00,0x00,0x00,0x00,
	0x00,0x00,0x00,0x00,0x00,0x00,0x00,0x00,0x00,0x00,0x00,0x00,0x00,0x00,0x00,0x00,0x00,0x00,0x00,0x00,
	0x00,0x00,0x00,0x00,0x00,0x00,0x00,0x00,0x00,0x00,0x00,0x00,0x00,0x00,0x00,0x00,0x00,0x00,0x00,0x00,
	0x00,0x00,0x00,0x00,0x00,0x00,0x00,0x00,0x00,0x00,0x00,0x00,0x00,0x00,0x00,0x00,0x00,0x00,0x00,0x00,
	0x00,0x00,0x00,0x00,0x00,0x00,0x00,0x00,0x00,0x00,0x00,0x00,0x00,0x00,0x00,0x00,0x00,0x00,0x00,0x00,
	0x00,0x00,0x00,0x00,0x00,0x00,0x00,0x00,0x00,0x00,0x00,0x00,0x00,0x00,0x00,0x00,0x00,0x00,0x00,0x00,
	0x00,0x00,0x00,0x00,0x00,0x00,0x00,0x00,0x21,0x08,0x86,0x20,0xD3,0x69,0xDD,0xA2,0xBB,0x9A,0x78,0x82,
	0x16,0x72,0x37,0x7A,0x79,0x92,0xDD,0xAA,0x9A,0x92,0x90,0x59,0xA7,0x20,0x00,0x00,0x00,0x00,0x00,0x00,
	0x00,0x00,0x00,0x00,0x00,0x00,0x00,0x00,0x00,0x00,0x00,0x00,0x00,0x00,0x00,0x00,0x00,0x00,0x00,0x00,
	0x00,0x00,0x00,0x00,0x00,0x00,0x00,0x00,0x00,0x00,0x00,0x00,0x00,0x00,0x00,0x00,0x00,0x00,0x00,0x00,
	0x00,0x00,0x00,0x00,0x00,0x00,0x00,0x00,0x00,0x00,0x00,0x00,0x00,0x00,0x00,0x00,0x00,0x00,0x00,0x00,
	0x00,0x00,0x00,0x00,0x00,0x00,0x00,0x00,0x00,0x00,0x00,0x00,0x00,0x00,0x00,0x00,0x00,0x00,0x00,0x00,
	0x00,0x00,0x00,0x00,0x00,0x00,0x00,0x00,0x00,0x00,0x00,0x00,0x00,0x00,0x00,0x00,0x00,0x00,0x00,0x00,
	0x00,0x00,0x00,0x00,0x00,0x00,0x00,0x00,0x00,0x00,0x00,0x00,0x00,0x00,0x00,0x00,0x00,0x00,0x00,0x00,
	0x00,0x00,0x00,0x00,0x00,0x00,0x00,0x00,0x00,0x00,0x00,0x00,0x00,0x00,0x00,0x00,0x00,0x00,0x00,0x00,
	0x00,0x00,0x00,0x00,0x00,0x00,0x00,0x00,0x00,0x00,0x00,0x00,0x00,0x00,0x00,0x00,0x00,0x00,0x00,0x00,
	0x00,0x00,0x00,0x00,0x00,0x00,0x00,0x00,0x00,0x00,0x00,0x00,0x00,0x00,0x00,0x00,0x00,0x00,0x00,0x00,
	0x00,0x00,0x00,0x00,0x00,0x00,0x00,0x00,0x00,0x00,0x00,0x00,0x00,0x00,0x00,0x00,0x00,0x00,0x00,0x00,
	0x00,0x00,0x00,0x00,0x00,0x00,0x00,0x00,0x00,0x00,0x00,0x00,0x00,0x00,0x00,0x00,0x00,0x00,0x00,0x00,
	0x00,0x00,0x00,0x00,0x00,0x00,0x00,0x00,0x00,0x00,0x00,0x00,0x00,0x00,0x00,0x00,0x00,0x00,0x00,0x00,
	0x00,0x00,0x00,0x00,0x00,0x00,0x00,0x00,0x00,0x00,0x00,0x00,0x00,0x00,0x00,0x00,0x00,0x00,0x00,0x00,
	0x00,0x00,0x00,0x00,0x00,0x00,0x00,0x00,0x00,0x00,0x00,0x00,0x00,0x00,0x00,0x00,0x00,0x00,0x00,0x00,
	0x00,0x00,0x00,0x00,0x00,0x00,0x00,0x00,0x00,0x00,0x00,0x00,0x00,0x00,0x00,0x00,0x00,0x00,0x00,0x00,
	0x00,0x00,0x00,0x00,0x00,0x00,0x00,0x00,0x00,0x00,0x00,0x00,0x00,0x00,0x00,0x00,0x00,0x00,0x00,0x00,
	0x00,0x00,0x00,0x00,0x00,0x00,0x00,0x00,0x00,0x00,0x00,0x00,0x00,0x00,0x00,0x00,0x00,0x00,0x00,0x00,
	0x00,0x00,0x00,0x00,0x00,0x00,0x00,0x00,0x00,0x00,0x00,0x00,0x00,0x00,0x00,0x00,0x00,0x00,0x00,0x00,
	0x00,0x00,0x00,0x00,0x00,0x00,0x00,0x00,0x00,0x00,0x00,0x00,0x00,0x00,0x00,0x00,0x00,0x00,0x00,0x00,
	0x00,0x00,0x00,0x00,0x00,0x00,0x00,0x00,0x00,0x00,0x00,0x00,0x00,0x00,0x00,0x00,0x00,0x00,0x00,0x00,
	0x00,0x00,0x00,0x00,0x00,0x00,0x00,0x00,0x00,0x00,0x00,0x00,0x00,0x00,0x00,0x00,0x00,0x00,0x00,0x00,
	0x00,0x00,0x00,0x00,0x00,0x00,0x00,0x00,0x00,0x00,0x00,0x00,0x00,0x00,0x00,0x00,0x00,0x00,0x00,0x00,
	0x00,0x00,0x00,0x00,0x00,0x00,0x00,0x00,0x00,0x00,0x00,0x00,0x00,0x00,0x00,0x00,0x00,0x00,0x00,0x00,
	0x00,0x00,0x00,0x00,0x00,0x00,0x00,0x00,0x00,0x00,0x00,0x00,0x00,0x00,0x00,0x00,0x00,0x00,0x00,0x00,
	0x00,0x00,0x00,0x00,0x00,0x00,0x00,0x00,0x00,0x00,0x00,0x00,0x00,0x00,0x00,0x00,0x00,0x00,0x00,0x00,
	0x00,0x00,0x00,0x00,0x00,0x00,0x00,0x00,0x00,0x00,0x00,0x00,0x00,0x00,0x00,0x00,0x21,0x08,0xC9,0x30,
	0x92,0x61,0x78,0x8A,0xBB,0x9A,0xBB,0x92,0xBC,0x9A,0x9B,0x92,0x16,0x7A,0x6F,0x51,0x85,0x20,0x22,0x08,
	0x00,0x00,0x00,0x00,0x00,0x00,0x00,0x00,0x00,0x00,0x00,0x00,0x00,0x00,0x00,0x00,0x00,0x00,0x00,0x00,
	0x00,0x00,0x00,0x00,0x00,0x00,0x00,0x00,0x00,0x00,0x00,0x00,0x00,0x00,0x00,0x00,0x00,0x00,0x00,0x00,
	0x00,0x00,0x00,0x00,0x00,0x00,0x00,0x00,0x00,0x00,0x00,0x00,0x00,0x00,0x00,0x00,0x00,0x00,0x00,0x00,
	0x00,0x00,0x00,0x00,0x00,0x00,0x00,0x00,0x00,0x00,0x00,0x00,0x00,0x00,0x00,0x00,0x00,0x00,0x00,0x00,
	0x00,0x00,0x00,0x00,0x00,0x00,0x00,0x00,0x00,0x00,0x00,0x00,0x00,0x00,0x00,0x00,0x00,0x00,0x00,0x00,
	0x00,0x00,0x00,0x00,0x00,0x00,0x00,0x00,0x00,0x00,0x00,0x00,0x00,0x00,0x00,0x00,0x00,0x00,0x00,0x00,
	0x00,0x00,0x00,0x00,0x00,0x00,0x00,0x00,0x00,0x00,0x00,0x00,0x00,0x00,0x00,0x00,0x00,0x00,0x00,0x00,
	0x00,0x00,0x00,0x00,0x00,0x00,0x00,0x00,0x00,0x00,0x00,0x00,0x00,0x00,0x00,0x00,0x00,0x00,0x00,0x00,
	0x00,0x00,0x00,0x00,0x00,0x00,0x00,0x00,0x00,0x00,0x00,0x00,0x00,0x00,0x00,0x00,0x00,0x00,0x00,0x00,
	0x00,0x00,0x00,0x00,0x00,0x00,0x00,0x00,0x00,0x00,0x00,0x00,0x00,0x00,0x00,0x00,0x00,0x00,0x00,0x00,
	0x00,0x00,0x00,0x00,0x00,0x00,0x00,0x00,0x00,0x00,0x00,0x00,0x00,0x00,0x00,0x00,0x00,0x00,0x00,0x00,
	0x00,0x00,0x00,0x00,0x00,0x00,0x00,0x00,0x00,0x00,0x00,0x00,0x00,0x00,0x00,0x00,0x00,0x00,0x00,0x00,
	0x00,0x00,0x00,0x00,0x00,0x00,0x00,0x00,0x00,0x00,0x00,0x00,0x00,0x00,0x00,0x00,0x00,0x00,0x00,0x00,
	0x00,0x00,0x00,0x00,0x00,0x00,0x00,0x00,0x00,0x00,0x00,0x00,0x00,0x00,0x00,0x00,0x00,0x00,0x00,0x00,
	0x00,0x00,0x00,0x00,0x00,0x00,0x00,0x00,0x00,0x00,0x00,0x00,0x00,0x00,0x00,0x00,0x00,0x00,0x00,0x00,
	0x00,0x00,0x00,0x00,0x00,0x00,0x00,0x00,0x00,0x00,0x00,0x00,0x00,0x00,0x00,0x00,0x00,0x00,0x00,0x00,
	0x00,0x00,0x00,0x00,0x00,0x00,0x00,0x00,0x00,0x00,0x00,0x00,0x00,0x00,0x00,0x00,0x00,0x00,0x00,0x00,
	0x00,0x00,0x00,0x00,0x00,0x00,0x00,0x00,0x00,0x00,0x00,0x00,0x00,0x00,0x00,0x00,0x00,0x00,0x00,0x00,
	0x00,0x00,0x00,0x00,0x00,0x00,0x00,0x00,0x00,0x00,0x00,0x00,0x00,0x00,0x00,0x00,0x00,0x00,0x00,0x00,
	0x00,0x00,0x00,0x00,0x00,0x00,0x00,0x00,0x00,0x00,0x00,0x00,0x00,0x00,0x00,0x00,0x00,0x00,0x00,0x00,
	0x00,0x00,0x00,0x00,0x00,0x00,0x00,0x00,0x00,0x00,0x00,0x00,0x00,0x00,0x00,0x00,0x00,0x00,0x00,0x00,
	0x00,0x00,0x00,0x00,0x00,0x00,0x00,0x00,0x00,0x00,0x00,0x00,0x00,0x00,0x00,0x00,0x00,0x00,0x00,0x00,
	0x00,0x00,0x00,0x00,0x00,0x00,0x00,0x00,0x00,0x00,0x00,0x00,0x00,0x00,0x00,0x00,0x00,0x00,0x00,0x00,
	0x00,0x00,0x00,0x00,0x00,0x00,0x00,0x00,0x00,0x00,0x00,0x00,0x00,0x00,0x00,0x00,0x00,0x00,0x00,0x00,
	0x00,0x00,0x00,0x00,0x00,0x00,0x00,0x00,0x00,0x00,0x00,0x00,0x00,0x00,0x00,0x00,0x00,0x00,0x00,0x00,
	0x00,0x00,0x00,0x00,0x00,0x00,0x00,0x00,0x00,0x00,0x00,0x00,0x00,0x00,0x00,0x00,0x00,0x00,0x00,0x00,
	0x00,0x00,0x00,0x00,0x23,0x08,0xA8,0x28,0x8F,0x51,0xF3,0x71,0x15,0x7A,0x15,0x7A,0xF3,0x69,0x2D,0x49,
	0x86,0x20,0x00,0x00,0x00,0x00,0x00,0x00,0x00,0x00,0x00,0x00,0x00,0x00,0x00,0x00,0x00,0x00,0x00,0x00,
	0x00,0x00,0x00,0x00,0x00,0x00,0x00,0x00,0x00,0x00,0x00,0x00,0x00,0x00,0x00,0x00,0x00,0x00,0x00,0x00,
	0x00,0x00,0x00,0x00,0x00,0x00,0x00,0x00,0x00,0x00,0x00,0x00,0x00,0x00,0x00,0x00,0x00,0x00,0x00,0x00,
	0x00,0x00,0x00,0x00,0x00,0x00,0x00,0x00,0x00,0x00,0x00,0x00,0x00,0x00,0x00,0x00,0x00,0x00,0x00,0x00,
	0x00,0x00,0x00,0x00,0x00,0x00,0x00,0x00,0x00,0x00,0x00,0x00,0x00,0x00,0x00,0x00,0x00,0x00,0x00,0x00,
	0x00,0x00,0x00,0x00,0x00,0x00,0x00,0x00,0x00,0x00,0x00,0x00,0x00,0x00,0x00,0x00,0x00,0x00,0x00,0x00,
	0x00,0x00,0x00,0x00,0x00,0x00,0x00,0x00,0x00,0x00,0x00,0x00,0x00,0x00,0x00,0x00,0x00,0x00,0x00,0x00,
	0x00,0x00,0x00,0x00,0x00,0x00,0x00,0x00,0x00,0x00,0x00,0x00,0x00,0x00,0x00,0x00,0x00,0x00,0x00,0x00,
	0x00,0x00,0x00,0x00,0x00,0x00,0x00,0x00,0x00,0x00,0x00,0x00,0x00,0x00,0x00,0x00,0x00,0x00,0x00,0x00,
	0x00,0x00,0x00,0x00,0x00,0x00,0x00,0x00,0x00,0x00,0x00,0x00,0x00,0x00,0x00,0x00,0x00,0x00,0x00,0x00,
	0x00,0x00,0x00,0x00,0x00,0x00,0x00,0x00,0x00,0x00,0x00,0x00,0x00,0x00,0x00,0x00,0x00,0x00,0x00,0x00,
	0x00,0x00,0x00,0x00,0x00,0x00,0x00,0x00,0x00,0x00,0x00,0x00,0x00,0x00,0x00,0x00,0x00,0x00,0x00,0x00,
	0x00,0x00,0x00,0x00,0x00,0x00,0x00,0x00,0x00,0x00,0x00,0x00,0x00,0x00,0x00,0x00,0x00,0x00,0x00,0x00,
	0x00,0x00,0x00,0x00,0x00,0x00,0x00,0x00,0x00,0x00,0x00,0x00,0x00,0x00,0x00,0x00,0x00,0x00,0x00,0x00,
	0x00,0x00,0x00,0x00,0x00,0x00,0x00,0x00,0x00,0x00,0x00,0x00,0x00,0x00,0x00,0x00,0x00,0x00,0x00,0x00,
	0x00,0x00,0x00,0x00,0x00,0x00,0x00,0x00,0x00,0x00,0x00,0x00,0x00,0x00,0x00,0x00,0x00,0x00,0x00,0x00,
	0x00,0x00,0x00,0x00,0x00,0x00,0x00,0x00,0x00,0x00,0x00,0x00,0x00,0x00,0x00,0x00,0x00,0x00,0x00,0x00,
	0x00,0x00,0x00,0x00,0x00,0x00,0x00,0x00,0x00,0x00,0x00,0x00,0x00,0x00,0x00,0x00,0x00,0x00,0x00,0x00,
	0x00,0x00,0x00,0x00,0x00,0x00,0x00,0x00,0x00,0x00,0x00,0x00,0x00,0x00,0x00,0x00,0x00,0x00,0x00,0x00,
	0x00,0x00,0x00,0x00,0x00,0x00,0x00,0x00,0x00,0x00,0x00,0x00,0x00,0x00,0x00,0x00,0x00,0x00,0x00,0x00,
	0x00,0x00,0x00,0x00,0x00,0x00,0x00,0x00,0x00,0x00,0x00,0x00,0x00,0x00,0x00,0x00,0x00,0x00,0x00,0x00,
	0x00,0x00,0x00,0x00,0x00,0x00,0x00,0x00,0x00,0x00,0x00,0x00,0x00,0x00,0x00,0x00,0x00,0x00,0x00,0x00,
	0x00,0x00,0x00,0x00,0x00,0x00,0x00,0x00,0x00,0x00,0x00,0x00,0x00,0x00,0x00,0x00,0x00,0x00,0x00,0x00,
	0x00,0x00,0x00,0x00,0x00,0x00,0x00,0x00,0x00,0x00,0x00,0x00,0x00,0x00,0x00,0x00,0x00,0x00,0x00,0x00,
	0x00,0x00,0x00,0x00,0x00,0x00,0x00,0x00,0x00,0x00,0x00,0x00,0x00,0x00,0x00,0x00,0x00,0x00,0x00,0x00,
	0x00,0x00,0x00,0x00,0x00,0x00,0x00,0x00,0x00,0x00,0x00,0x00,0x00,0x00,0x00,0x00,0x00,0x00,0x00,0x00,
	0x00,0x00,0x00,0x00,0x00,0x00,0x00,0x00,0x00,0x00,0x00,0x00,0x01,0x08,0x22,0x08,0x43,0x10,0x85,0x20,
	0x85,0x18,0x63,0x10,0x22,0x08,0x01,0x00,0x00,0x00,0x00,0x00,0x00,0x00,0x00,0x00,0x00,0x00,0x00,0x00,
	0x00,0x00,0x00,0x00,0x00,0x00,0x00,0x00,0x00,0x00,0x00,0x00,0x00,0x00,0x00,0x00,0x00,0x00,0x00,0x00,
	0x00,0x00,0x00,0x00,0x00,0x00,0x00,0x00,0x00,0x00,0x00,0x00,0x00,0x00,0x00,0x00,0x00,0x00,0x00,0x00,
	0x00,0x00,0x00,0x00,0x00,0x00,0x00,0x00,0x00,0x00,0x00,0x00,0x00,0x00,0x00,0x00,0x00,0x00,0x00,0x00,
	0x00,0x00,0x00,0x00,0x00,0x00,0x00,0x00,0x00,0x00,0x00,0x00,0x00,0x00,0x00,0x00,0x00,0x00,0x00,0x00,
	0x00,0x00,0x00,0x00,0x00,0x00,0x00,0x00,0x00,0x00,0x00,0x00,0x00,0x00,0x00,0x00,0x00,0x00,0x00,0x00,
	0x00,0x00,0x00,0x00,0x00,0x00,0x00,0x00,0x00,0x00,0x00,0x00,0x00,0x00,0x00,0x00,0x00,0x00,0x00,0x00,
	0x00,0x00,0x00,0x00,0x00,0x00,0x00,0x00,0x00,0x00,0x00,0x00,0x00,0x00,0x00,0x00,0x00,0x00,0x00,0x00,
	0x00,0x00,0x00,0x00,0x00,0x00,0x00,0x00,0x00,0x00,0x00,0x00,0x00,0x00,0x00,0x00,0x00,0x00,0x00,0x00,
	0x00,0x00,0x00,0x00,0x00,0x00,0x00,0x00,0x00,0x00,0x00,0x00,0x00,0x00,0x00,0x00,0x00,0x00,0x00,0x00,
	0x00,0x00,0x00,0x00,0x00,0x00,0x00,0x00,0x00,0x00,0x00,0x00,0x00,0x00,0x00,0x00,0x00,0x00,0x00,0x00,
	0x00,0x00,0x00,0x00,0x00,0x00,0x00,0x00,0x00,0x00,0x00,0x00,0x00,0x00,0x00,0x00,0x00,0x00,0x00,0x00,
	0x00,0x00,0x00,0x00,0x00,0x00,0x00,0x00,0x00,0x00,0x00,0x00,0x00,0x00,0x00,0x00,0x00,0x00,0x00,0x00,
	0x00,0x00,0x00,0x00,0x00,0x00,0x00,0x00,0x00,0x00,0x00,0x00,0x00,0x00,0x00,0x00,0x00,0x00,0x00,0x00,
	0x00,0x00,0x00,0x00,0x00,0x00,0x00,0x00,0x00,0x00,0x00,0x00,0x00,0x00,0x00,0x00,0x00,0x00,0x00,0x00,
	0x00,0x00,0x00,0x00,0x00,0x00,0x00,0x00,0x00,0x00,0x00,0x00,0x00,0x00,0x00,0x00,0x00,0x00,0x00,0x00,
	0x00,0x00,0x00,0x00,0x00,0x00,0x00,0x00,0x00,0x00,0x00,0x00,0x00,0x00,0x00,0x00,0x00,0x00,0x00,0x00,
	0x00,0x00,0x00,0x00,0x00,0x00,0x00,0x00,0x00,0x00,0x00,0x00,0x00,0x00,0x00,0x00,0x00,0x00,0x00,0x00,
	0x00,0x00,0x00,0x00,0x00,0x00,0x00,0x00,0x00,0x00,0x00,0x00,0x00,0x00,0x00,0x00,0x00,0x00,0x00,0x00,
	0x00,0x00,0x00,0x00,0x00,0x00,0x00,0x00,0x00,0x00,0x00,0x00,0x00,0x00,0x00,0x00,0x00,0x00,0x00,0x00,
	0x00,0x00,0x00,0x00,0x00,0x00,0x00,0x00,0x00,0x00,0x00,0x00,0x00,0x00,0x00,0x00,0x00,0x00,0x00,0x00,
	0x00,0x00,0x00,0x00,0x00,0x00,0x00,0x00,0x00,0x00,0x00,0x00,0x00,0x00,0x00,0x00,0x00,0x00,0x00,0x00,
	0x00,0x00,0x00,0x00,0x00,0x00,0x00,0x00,0x00,0x00,0x00,0x00,0x00,0x00,0x00,0x00,0x00,0x00,0x00,0x00,
	0x00,0x00,0x00,0x00,0x00,0x00,0x00,0x00,0x00,0x00,0x00,0x00,0x00,0x00,0x00,0x00,0x00,0x00,0x00,0x00,
	0x00,0x00,0x00,0x00,0x00,0x00,0x00,0x00,0x00,0x00,0x00,0x00,0x00,0x00,0x00,0x00,0x00,0x00,0x00,0x00,
	0x00,0x00,0x00,0x00,0x00,0x00,0x00,0x00,0x00,0x00,0x00,0x00,0x00,0x00,0x00,0x00,0x00,0x00,0x00,0x00,
	0x00,0x00,0x00,0x00,0x00,0x00,0x00,0x00,0x00,0x00,0x00,0x00,0x00,0x00,0x00,0x00,0x00,0x00,0x00,0x00,
	0x00,0x00,0x00,0x00,0x00,0x00,0x00,0x00,0x00,0x00,0x00,0x00,0x00,0x00,0x00,0x00,0x00,0x00,0x00,0x00,
	0x00,0x00,0x00,0x00,0x00,0x00,0x00,0x00,0x00,0x00,0x00,0x00,0x00,0x00,0x00,0x00,0x00,0x00,0x00,0x00,
	0x00,0x00,0x00,0x00,0x00,0x00,0x00,0x00,0x00,0x00,0x00,0x00,0x00,0x00,0x00,0x00,0x00,0x00,0x00,0x00,
	0x00,0x00,0x00,0x00,0x00,0x00,0x00,0x00,0x00,0x00,0x00,0x00,0x00,0x00,0x00,0x00,0x00,0x00,0x00,0x00,
	0x00,0x00,0x00,0x00,0x00,0x00,0x00,0x00,0x00,0x00,0x00,0x00,0x00,0x00,0x00,0x00,0x00,0x00,0x00,0x00,
	0x00,0x00,0x00,0x00,0x00,0x00,0x00,0x00,0x00,0x00,0x00,0x00,0x00,0x00,0x00,0x00,0x00,0x00,0x00,0x00,
	0x00,0x00,0x00,0x00,0x00,0x00,0x00,0x00,0x00,0x00,0x00,0x00,0x00,0x00,0x00,0x00,0x00,0x00,0x00,0x00,
	0x00,0x00,0x00,0x00,0x00,0x00,0x00,0x00,0x00,0x00,0x00,0x00,0x00,0x00,0x00,0x00,0x00,0x00,0x00,0x00,
	0x00,0x00,0x00,0x00,0x00,0x00,0x00,0x00,0x00,0x00,0x00,0x00,0x00,0x00,0x00,0x00,0x00,0x00,0x00,0x00,
	0x00,0x00,0x00,0x00,0x00,0x00,0x00,0x00,0x00,0x00,0x00,0x00,0x00,0x00,0x00,0x00,0x00,0x00,0x00,0x00,
	0x00,0x00,0x00,0x00,0x00,0x00,0x00,0x00,0x00,0x00,0x00,0x00,0x00,0x00,0x00,0x00,0x00,0x00,0x00,0x00,
	0x00,0x00,0x00,0x00,0x00,0x00,0x00,0x00,0x00,0x00,0x00,0x00,0x00,0x00,0x00,0x00,0x00,0x00,0x00,0x00,
	0x00,0x00,0x00,0x00,0x00,0x00,0x00,0x00,0x00,0x00,0x00,0x00,0x00,0x00,0x00,0x00,0x00,0x00,0x00,0x00,
	0x00,0x00,0x00,0x00,0x00,0x00,0x00,0x00,0x00,0x00,0x00,0x00,0x00,0x00,0x00,0x00,0x00,0x00,0x00,0x00,
	0x00,0x00,0x00,0x00,0x00,0x00,0x00,0x00,0x00,0x00,0x00,0x00,0x00,0x00,0x00,0x00,0x00,0x00,0x00,0x00,
	0x00,0x00,0x00,0x00,0x00,0x00,0x00,0x00,0x00,0x00,0x00,0x00,0x00,0x00,0x00,0x00,0x00,0x00,0x00,0x00,
	0x00,0x00,0x00,0x00,0x00,0x00,0x00,0x00,0x00,0x00,0x00,0x00,0x00,0x00,0x00,0x00,0x00,0x00,0x00,0x00,
	0x00,0x00,0x00,0x00,0x00,0x00,0x00,0x00,0x00,0x00,0x00,0x00,0x00,0x00,0x00,0x00,0x00,0x00,0x00,0x00,
	0x00,0x00,0x00,0x00,0x00,0x00,0x00,0x00,0x00,0x00,0x00,0x00,0x00,0x00,0x00,0x00,0x00,0x00,0x00,0x00,
	0x00,0x00,0x00,0x00,0x00,0x00,0x00,0x00,0x00,0x00,0x00,0x00,0x00,0x00,0x00,0x00,0x00,0x00,0x00,0x00,
	0x00,0x00,0x00,0x00,0x00,0x00,0x00,0x00,0x00,0x00,0x00,0x00,0x00,0x00,0x00,0x00,0x00,0x00,0x00,0x00,
	0x00,0x00,0x00,0x00,0x00,0x00,0x00,0x00,0x00,0x00,0x00,0x00,0x00,0x00,0x00,0x00,0x00,0x00,0x00,0x00,
	0x00,0x00,0x00,0x00,0x00,0x00,0x00,0x00,0x00,0x00,0x00,0x00,0x00,0x00,0x00,0x00,0x00,0x00,0x00,0x00,
	0x00,0x00,0x00,0x00,0x00,0x00,0x00,0x00,0x00,0x00,0x00,0x00,0x00,0x00,0x00,0x00,0x00,0x00,0x00,0x00,
	0x00,0x00,0x00,0x00,0x00,0x00,0x00,0x00,0x00,0x00,0x00,0x00,0x00,0x00,0x00,0x00,0x00,0x00,0x00,0x00,
	0x00,0x00,0x00,0x00,0x00,0x00,0x00,0x00,0x00,0x00,0x00,0x00,0x00,0x00,0x00,0x00,0x00,0x00,0x00,0x00,
	0x00,0x00,0x00,0x00,0x00,0x00,0x00,0x00,0x00,0x00,0x00,0x00,0x00,0x00,0x00,0x00,0x00,0x00,0x00,0x00,
	0x00,0x00,0x00,0x00,0x00,0x00,0x00,0x00,0x00,0x00,0x00,0x00,0x00,0x00,0x00,0x00,0x00,0x00,0x00,0x00,
	0x00,0x00,0x00,0x00,0x00,0x00,0x00,0x00,0x00,0x00,0x00,0x00,0x00,0x00,0x00,0x00,0x00,0x00,0x00,0x00,
	0x00,0x00,0x00,0x00,0x00,0x00,0x00,0x00,0x00,0x00,0x00,0x00,0x00,0x00,0x00,0x00,0x00,0x00,0x00,0x00,
	0x00,0x00,0x00,0x00,0x00,0x00,0x00,0x00,0x00,0x00,0x00,0x00,0x00,0x00,0x00,0x00,0x00,0x00,0x00,0x00,
	0x00,0x00,0x00,0x00,0x00,0x00,0x00,0x00,0x00,0x00,0x00,0x00,0x00,0x00,0x00,0x00,0x00,0x00,0x00,0x00,
	0x00,0x00,0x00,0x00,0x00,0x00,0x00,0x00,0x00,0x00,0x00,0x00,0x00,0x00,0x00,0x00,0x00,0x00,0x00,0x00,
	0x00,0x00,0x00,0x00,0x00,0x00,0x00,0x00,0x00,0x00,0x00,0x00,0x00,0x00,0x00,0x00,0x00,0x00,0x00,0x00,
	0x00,0x00,0x00,0x00,0x00,0x00,0x00,0x00,0x00,0x00,0x00,0x00,0x00,0x00,0x00,0x00,0x00,0x00,0x00,0x00,
	0x00,0x00,0x00,0x00,0x00,0x00,0x00,0x00,0x00,0x00,0x00,0x00,0x00,0x00,0x00,0x00,0x00,0x00,0x00,0x00,
	0x00,0x00,0x00,0x00,0x00,0x00,0x00,0x00,0x00,0x00,0x00,0x00,0x00,0x00,0x00,0x00,0x00,0x00,0x00,0x00,
	0x00,0x00,0x00,0x00,0x00,0x00,0x00,0x00,0x00,0x00,0x00,0x00,0x00,0x00,0x00,0x00,0x00,0x00,0x00,0x00,
	0x00,0x00,0x00,0x00,0x00,0x00,0x00,0x00,0x00,0x00,0x00,0x00,0x00,0x00,0x00,0x00,0x00,0x00,0x00,0x00,
	0x00,0x00,0x00,0x00,0x00,0x00,0x00,0x00,0x00,0x00,0x00,0x00,0x00,0x00,0x00,0x00,0x00,0x00,0x00,0x00,
	0x00,0x00,0x00,0x00,0x00,0x00,0x00,0x00,0x00,0x00,0x00,0x00,0x00,0x00,0x00,0x00,0x00,0x00,0x00,0x00,
	0x00,0x00,0x00,0x00,0x00,0x00,0x00,0x00,0x00,0x00,0x00,0x00,0x00,0x00,0x00,0x00,0x00,0x00,0x00,0x00,
	0x00,0x00,0x00,0x00,0x00,0x00,0x00,0x00,0x00,0x00,0x00,0x00,0x00,0x00,0x00,0x00,0x00,0x00,0x00,0x00,
	0x00,0x00,0x00,0x00,0x00,0x00,0x00,0x00,0x00,0x00,0x00,0x00,0x00,0x00,0x00,0x00,0x00,0x00,0x00,0x00,
	0x00,0x00,0x00,0x00,0x00,0x00,0x00,0x00,0x00,0x00,0x00,0x00,0x00,0x00,0x00,0x00,0x00,0x00,0x00,0x00,
	0x00,0x00,0x00,0x00,0x00,0x00,0x00,0x00,0x00,0x00,0x00,0x00,0x00,0x00,0x00,0x00,0x00,0x00,0x00,0x00,
	0x00,0x00,0x00,0x00,0x00,0x00,0x00,0x00,0x00,0x00,0x00,0x00,0x00,0x00,0x00,0x00,0x00,0x00,0x00,0x00,
	0x00,0x00,0x00,0x00,0x00,0x00,0x00,0x00,0x00,0x00,0x00,0x00,0x00,0x00,0x00,0x00,0x00,0x00,0x00,0x00,
	0x00,0x00,0x00,0x00,0x00,0x00,0x00,0x00,0x00,0x00,0x00,0x00,0x00,0x00,0x00,0x00,0x00,0x00,0x00,0x00,
	0x00,0x00,0x00,0x00,0x00,0x00,0x00,0x00,0x00,0x00,0x00,0x00,0x00,0x00,0x00,0x00,0x00,0x00,0x00,0x00,
	0x00,0x00,0x00,0x00,0x00,0x00,0x00,0x00,0x00,0x00,0x00,0x00,0x00,0x00,0x00,0x00,0x00,0x00,0x00,0x00,
	0x00,0x00,0x00,0x00,0x00,0x00,0x00,0x00,0x00,0x00,0x00,0x00,0x00,0x00,0x00,0x00,0x00,0x00,0x00,0x00,
	0x00,0x00,0x00,0x00,0x00,0x00,0x00,0x00,0x00,0x00,0x00,0x00,0x00,0x00,0x00,0x00,0x00,0x00,0x00,0x00,
	0x00,0x00,0x00,0x00,0x00,0x00,0x00,0x00,0x00,0x00,0x00,0x00,0x00,0x00,0x00,0x00,0x00,0x00,0x00,0x00,
	0x00,0x00,0x00,0x00,0x00,0x00,0x00,0x00,0x00,0x00,0x00,0x00,0x00,0x00,0x00,0x00,0x00,0x00,0x00,0x00,
	0x00,0x00,0x00,0x00,0x00,0x00,0x00,0x00,0x00,0x00,0x00,0x00,0x00,0x00,0x00,0x00,0x00,0x00,0x00,0x00,
	0x00,0x00,0x00,0x00,0x00,0x00,0x00,0x00,0x00,0x00,0x00,0x00,0x00,0x00,0x00,0x00,0x00,0x00,0x00,0x00,
	0x00,0x00,0x00,0x00,0x00,0x00,0x00,0x00,0x00,0x00,0x00,0x00,0x00,0x00,0x00,0x00,0x00,0x00,0x00,0x00,
	0x00,0x00,0x00,0x00,0x00,0x00,0x00,0x00,0x00,0x00,0x00,0x00,0x00,0x00,0x00,0x00,0x00,0x00,0x00,0x00,
	0x00,0x00,0x00,0x00,0x00,0x00,0x00,0x00,0x00,0x00,0x00,0x00,0x00,0x00,0x00,0x00,0x00,0x00,0x00,0x00,
	0x00,0x00,0x00,0x00,0x00,0x00,0x00,0x00,0x00,0x00,0x00,0x00,0x00,0x00,0x00,0x00,0x00,0x00,0x00,0x00,
	0x00,0x00,0x00,0x00,0x00,0x00,0x00,0x00,0x00,0x00,0x00,0x00,0x00,0x00,0x00,0x00,0x00,0x00,0x00,0x00,
	0x00,0x00,0x00,0x00,0x00,0x00,0x00,0x00,0x00,0x00,0x00,0x00,0x00,0x00,0x00,0x00,0x00,0x00,0x00,0x00,
	0x00,0x00,0x00,0x00,0x00,0x00,0x00,0x00,0x00,0x00,0x00,0x00,0x00,0x00,0x00,0x00,0x00,0x00,0x00,0x00,
	0x00,0x00,0x00,0x00,0x00,0x00,0x00,0x00,0x00,0x00,0x00,0x00,0x00,0x00,0x00,0x00,0x00,0x00,0x00,0x00,
	0x00,0x00,0x00,0x00,0x00,0x00,0x00,0x00,0x00,0x00,0x00,0x00,0x00,0x00,0x00,0x00,0x00,0x00,0x00,0x00,
	0x00,0x00,0x00,0x00,0x00,0x00,0x00,0x00,0x00,0x00,0x00,0x00,0x00,0x00,0x00,0x00,0x00,0x00,0x00,0x00,
	0x00,0x00,0x00,0x00,0x00,0x00,0x00,0x00,0x00,0x00,0x00,0x00,0x00,0x00,0x00,0x00,0x00,0x00,0x00,0x00,
	0x00,0x00,0x00,0x00,0x00,0x00,0x00,0x00,0x00,0x00,0x00,0x00,0x00,0x00,0x00,0x00,0x00,0x00,0x00,0x00,
	0x00,0x00,0x00,0x00,0x00,0x00,0x00,0x00,0x00,0x00,0x00,0x00,0x00,0x00,0x00,0x00,0x00,0x00,0x00,0x00,
	0x00,0x00,0x00,0x00,0x00,0x00,0x00,0x00,0x00,0x00,0x00,0x00,0x00,0x00,0x00,0x00,0x00,0x00,0x00,0x00,
	0x00,0x00,0x00,0x00,0x00,0x00,0x00,0x00,0x00,0x00,0x00,0x00,0x00,0x00,0x00,0x00,0x00,0x00,0x00,0x00,
	0x00,0x00,0x00,0x00,0x00,0x00,0x00,0x00,0x00,0x00,0x00,0x00,0x00,0x00,0x00,0x00,0x00,0x00,0x00,0x00,
	0x00,0x00,0x00,0x00,0x00,0x00,0x00,0x00,0x00,0x00,0x00,0x00,0x00,0x00,0x00,0x00,0x00,0x00,0x00,0x00,
	0x00,0x00,0x00,0x00,0x00,0x00,0x00,0x00,0x00,0x00,0x00,0x00,0x00,0x00,0x00,0x00,0x00,0x00,0x00,0x00,
	0x00,0x00,0x00,0x00,0x00,0x00,0x00,0x00,0x00,0x00,0x00,0x00,0x00,0x00,0x00,0x00,0x00,0x00,0x00,0x00,
	0x00,0x00,0x00,0x00,0x00,0x00,0x00,0x00,0x00,0x00,0x00,0x00,0x00,0x00,0x00,0x00,0x00,0x00,0x00,0x00,
	0x00,0x00,0x00,0x00,0x00,0x00,0x00,0x00,0x00,0x00,0x00,0x00,0x00,0x00,0x00,0x00,0x00,0x00,0x00,0x00,
	0x00,0x00,0x00,0x00,0x00,0x00,0x00,0x00,0x00,0x00,0x00,0x00,0x00,0x00,0x00,0x00,0x00,0x00,0x00,0x00,
	0x00,0x00,0x00,0x00,0x00,0x00,0x00,0x00,0x00,0x00,0x00,0x00,0x00,0x00,0x00,0x00,0x00,0x00,0x00,0x00,
	0x00,0x00,0x00,0x00,0x00,0x00,0x00,0x00,0x00,0x00,0x00,0x00,0x00,0x00,0x00,0x00,0x00,0x00,0x00,0x00,
	0x00,0x00,0x00,0x00,0x00,0x00,0x00,0x00,0x00,0x00,0x00,0x00,0x00,0x00,0x00,0x00,0x00,0x00,0x00,0x00,
	0x00,0x00,0x00,0x00,0x00,0x00,0x00,0x00,0x00,0x00,0x00,0x00,0x00,0x00,0x00,0x00,0x00,0x00,0x00,0x00,
	0x00,0x00,0x00,0x00,0x00,0x00,0x00,0x00,0x00,0x00,0x00,0x00,0x00,0x00,0x00,0x00,0x00,0x00,0x00,0x00,
	0x00,0x00,0x00,0x00,0x00,0x00,0x00,0x00,0x00,0x00,0x00,0x00,0x00,0x00,0x00,0x00,0x00,0x00,0x00,0x00,
	0x00,0x00,0x00,0x00,0x00,0x00,0x00,0x00,0x00,0x00,0x00,0x00,0x00,0x00,0x00,0x00,0x00,0x00,0x00,0x00,
	0x00,0x00,0x00,0x00,0x00,0x00,0x00,0x00,0x00,0x00,0x00,0x00,0x00,0x00,0x00,0x00,0x00,0x00,0x00,0x00,
	0x00,0x00,0x00,0x00,0x00,0x00,0x00,0x00,0x00,0x00,0x00,0x00,0x00,0x00,0x00,0x00,0x00,0x00,0x00,0x00,
	0x00,0x00,0x00,0x00,0x00,0x00,0x00,0x00,0x00,0x00,0x00,0x00,0x00,0x00,0x00,0x00,0x00,0x00,0x00,0x00,
	0x00,0x00,0x00,0x00,0x00,0x00,0x00,0x00,0x00,0x00,0x00,0x00,0x00,0x00,0x00,0x00,0x00,0x00,0x00,0x00,
	0x00,0x00,0x00,0x00,0x00,0x00,0x00,0x00,0x00,0x00,0x00,0x00,0x00,0x00,0x00,0x00,0x00,0x00,0x00,0x00,
	0x00,0x00,0x00,0x00,0x00,0x00,0x00,0x00,0x00,0x00,0x00,0x00,0x00,0x00,0x00,0x00,0x00,0x00,0x00,0x00,
	0x00,0x00,0x00,0x00,0x00,0x00,0x00,0x00,0x00,0x00,0x00,0x00,0x00,0x00,0x00,0x00,0x00,0x00,0x00,0x00,
	0x00,0x00,0x00,0x00,0x00,0x00,0x00,0x00,0x00,0x00,0x00,0x00,0x00,0x00,0x00,0x00,0x00,0x00,0x00,0x00,
	0x00,0x00,0x00,0x00,0x00,0x00,0x00,0x00,0x00,0x00,0x00,0x00,0x00,0x00,0x00,0x00,0x00,0x00,0x00,0x00,
	0x00,0x00,0x00,0x00,0x00,0x00,0x00,0x00,0x00,0x00,0x00,0x00,0x00,0x00,0x00,0x00,0x00,0x00,
};

const lv_img_dsc_t face_75_2_410_dial_img_preview_0 = {
    .header.magic = LV_IMAGE_HEADER_MAGIC,
    .header.w = 273,
    .header.h = 273,
    .data_size = sizeof(face_75_2_410_dial_img_preview_data_0),
    .header.cf = LV_COLOR_FORMAT_NATIVE,
    .data = face_75_2_410_dial_img_preview_data_0};
