#include "../batman_410.h"

#ifndef LV_ATTRIBUTE_MEM_ALIGN
#define LV_ATTRIBUTE_MEM_ALIGN
#endif

const LV_ATTRIBUTE_MEM_ALIGN uint8_t face_batman_410_dial_img_preview_data[] = {
	//RGB565 data
	0x21,0x08,0x41,0x08,0x62,0x10,0xA3,0x18,0xA3,0x10,0x20,0x00,0x00,0x00,0x00,0x00,0x00,0x00,0x00,0x00,
	0xC3,0x18,0x49,0x4A,0x08,0x42,0xE8,0x39,0xC7,0x39,0xA7,0x31,0x86,0x31,0x45,0x29,0xC3,0x18,0x41,0x08,
	0x00,0x00,0x20,0x08,0x62,0x10,0xC3,0x18,0xE4,0x20,0x04,0x21,0xC7,0x39,0x29,0x42,0xC7,0x39,0x45,0x29,
	0x65,0x29,0x66,0x29,0x66,0x29,0x66,0x31,0x66,0x31,0x66,0x31,0x86,0x31,0x86,0x31,0xA6,0x31,0x49,0x4A,
	0xA7,0x31,0x86,0x31,0x86,0x31,0x86,0x31,0x86,0x31,0x87,0x31,0xA7,0x31,0xA7,0x31,0xA7,0x31,0xA6,0x31,
	0xA7,0x31,0xA7,0x31,0xA7,0x31,0xA7,0x31,0xA7,0x31,0xA7,0x31,0xA7,0x31,0xA7,0x31,0xA7,0x31,0xA7,0x31,
	0xA7,0x31,0xA7,0x31,0xA7,0x31,0xA6,0x31,0xA7,0x31,0xA7,0x31,0xA7,0x31,0xA7,0x31,0xA6,0x31,0xA7,0x31,
	0xA7,0x31,0xA7,0x39,0xC7,0x39,0xA7,0x39,0xA7,0x31,0xA7,0x39,0xA7,0x31,0xA7,0x31,0xA7,0x31,0x24,0x21,
	0xE2,0x20,0x03,0x21,0xA6,0x31,0xC7,0x39,0xC7,0x39,0xC7,0x39,0xC7,0x39,0xC7,0x39,0xA7,0x31,0xA7,0x31,
	0xA7,0x39,0xC7,0x39,0xA7,0x39,0xA7,0x39,0xA7,0x39,0xA7,0x31,0xA7,0x31,0xA7,0x31,0xA7,0x31,0xA7,0x39,
	0xA7,0x39,0xA7,0x31,0xA7,0x39,0xA7,0x39,0xA7,0x31,0xA7,0x31,0xA7,0x31,0xA7,0x31,0xA7,0x31,0xA7,0x31,
	0xA7,0x31,0xA7,0x31,0xA7,0x31,0xA7,0x31,0x87,0x31,0xA7,0x31,0xA6,0x31,0x86,0x31,0x87,0x31,0x87,0x31,
	0x86,0x31,0x49,0x4A,0xE8,0x39,0x86,0x31,0xA6,0x31,0x86,0x31,0x86,0x31,0x86,0x31,0x86,0x31,0x86,0x31,
	0x66,0x31,0x65,0x29,0x86,0x31,0x49,0x4A,0x49,0x4A,0x86,0x31,0xE4,0x20,0xE4,0x18,0xA3,0x10,0x41,0x08,
	0x00,0x00,0x20,0x00,0x82,0x10,0xE4,0x20,0x45,0x29,0x86,0x31,0xA7,0x31,0xC7,0x39,0xE8,0x39,0x29,0x42,
	0x66,0x31,0x00,0x00,0x00,0x00,0x00,0x00,0x00,0x00,0x00,0x00,0x61,0x08,0x82,0x10,0x62,0x08,0x41,0x08,
	0x21,0x08,0x41,0x08,0x82,0x10,0x82,0x10,0x20,0x00,0x00,0x00,0x00,0x00,0x00,0x00,0x00,0x00,0x00,0x00,
	0x00,0x00,0x24,0x21,0x86,0x31,0x66,0x29,0x25,0x21,0xC3,0x18,0x62,0x10,0x20,0x00,0x00,0x00,0x00,0x00,
	0x62,0x10,0xC3,0x18,0xE4,0x20,0x04,0x21,0x25,0x21,0x25,0x29,0xC7,0x39,0x49,0x4A,0x49,0x4A,0x86,0x31,
	0x66,0x29,0x86,0x31,0x66,0x31,0x86,0x31,0x86,0x31,0x86,0x31,0x86,0x31,0x86,0x31,0x86,0x31,0xA7,0x39,
	0xA6,0x31,0x86,0x31,0x86,0x31,0x86,0x31,0x86,0x31,0x87,0x31,0xA6,0x31,0xA6,0x31,0xA6,0x31,0xA7,0x31,
	0xA7,0x31,0xA7,0x31,0xA7,0x31,0xA7,0x31,0xA7,0x31,0xA7,0x31,0xA7,0x31,0xA7,0x31,0xA7,0x31,0xA7,0x31,
	0xA7,0x31,0xA7,0x31,0xA7,0x31,0xA7,0x31,0xA7,0x31,0xA7,0x31,0xA7,0x31,0xA7,0x31,0xA7,0x39,0xC7,0x39,
	0xA7,0x39,0x87,0x31,0xA7,0x31,0xA7,0x39,0xA7,0x39,0xA7,0x31,0xA7,0x31,0xC7,0x39,0xC7,0x39,0xA7,0x39,
	0x66,0x29,0x66,0x29,0x66,0x29,0x66,0x29,0x66,0x29,0x66,0x29,0x66,0x29,0x66,0x29,0x86,0x31,0xA7,0x31,
	0xC7,0x39,0xC7,0x39,0xA7,0x39,0xA7,0x39,0xA7,0x31,0xA7,0x31,0xA7,0x39,0xA7,0x31,0xA7,0x39,0xA7,0x31,
	0xA7,0x31,0xA7,0x31,0xA7,0x31,0xA7,0x31,0xA7,0x31,0xA7,0x31,0xA6,0x31,0xA7,0x31,0xA7,0x31,0xA7,0x31,
	0xA7,0x31,0xA7,0x31,0xA7,0x31,0xA7,0x31,0xA7,0x31,0xA7,0x31,0xA7,0x31,0xA6,0x31,0x86,0x31,0x87,0x31,
	0xA7,0x31,0xC7,0x39,0xA6,0x31,0x86,0x31,0x86,0x31,0x86,0x31,0x86,0x31,0x86,0x31,0x86,0x31,0x86,0x31,
	0x86,0x31,0x66,0x31,0x29,0x42,0x8A,0x52,0x69,0x4A,0x66,0x31,0x45,0x29,0x25,0x21,0x04,0x21,0xE3,0x18,
	0x82,0x10,0x21,0x08,0x00,0x00,0x00,0x00,0x21,0x08,0x82,0x10,0xE4,0x20,0x25,0x21,0x45,0x29,0x25,0x21,
	0x41,0x08,0x00,0x00,0x00,0x00,0x00,0x00,0x00,0x00,0x00,0x00,0x00,0x00,0x41,0x08,0x62,0x08,0x41,0x08,
	0x21,0x08,0x41,0x08,0x62,0x08,0x20,0x00,0x00,0x00,0x00,0x00,0x00,0x00,0x00,0x00,0x00,0x00,0x00,0x00,
	0x00,0x00,0x00,0x00,0x41,0x08,0x41,0x08,0x00,0x00,0x00,0x00,0x00,0x00,0x00,0x00,0x62,0x08,0xC3,0x18,
	0xE4,0x20,0x04,0x21,0x25,0x21,0x25,0x29,0x45,0x29,0x46,0x29,0x66,0x29,0x29,0x4A,0x69,0x4A,0x28,0x42,
	0x66,0x31,0x66,0x31,0x66,0x31,0x86,0x31,0x86,0x31,0x86,0x31,0x86,0x31,0x86,0x31,0x86,0x31,0x86,0x31,
	0x86,0x31,0x86,0x31,0x86,0x31,0x86,0x31,0x86,0x31,0x86,0x31,0x86,0x31,0xA6,0x31,0x86,0x31,0xA6,0x31,
	0xA6,0x31,0xA7,0x31,0xA6,0x31,0xA7,0x31,0xA7,0x31,0xA7,0x31,0xA7,0x31,0xA7,0x31,0xA6,0x31,0xA7,0x31,
	0xA7,0x31,0xA7,0x31,0xA7,0x31,0xA7,0x31,0xA7,0x31,0xA7,0x31,0xA7,0x31,0x87,0x31,0x66,0x29,0x46,0x29,
	0xA6,0x31,0x48,0x4A,0x07,0x42,0xA7,0x31,0xA7,0x39,0xA7,0x39,0xA7,0x31,0x67,0x31,0x66,0x29,0x66,0x31,
	0x48,0x4A,0xA8,0x5A,0x09,0x63,0x69,0x73,0x8A,0x73,0x8A,0x73,0x49,0x6B,0xE9,0x62,0x67,0x4A,0xC6,0x39,
	0x45,0x29,0x86,0x31,0xC7,0x39,0xA7,0x31,0xA7,0x31,0xA7,0x31,0xA7,0x31,0xA7,0x31,0xA7,0x31,0xA7,0x31,
	0xA7,0x31,0xA7,0x31,0xA6,0x31,0xA7,0x31,0xA6,0x31,0xA7,0x31,0xA6,0x31,0xA7,0x31,0xA7,0x31,0xA6,0x31,
	0xA7,0x31,0xA6,0x31,0xA7,0x31,0xA7,0x31,0xA6,0x31,0xA7,0x31,0xA6,0x31,0xA7,0x31,0x86,0x31,0x87,0x31,
	0x86,0x31,0x86,0x31,0x86,0x31,0x86,0x31,0x86,0x31,0x86,0x31,0x86,0x31,0x86,0x31,0x86,0x31,0x86,0x31,
	0x86,0x31,0xE8,0x39,0x8A,0x52,0xAA,0x52,0xE8,0x39,0x45,0x29,0x66,0x29,0x46,0x29,0x25,0x21,0x04,0x21,
	0x04,0x21,0xC3,0x18,0x82,0x10,0x20,0x00,0x00,0x00,0x00,0x00,0x00,0x00,0x00,0x00,0x20,0x00,0x00,0x00,
	0x00,0x00,0x00,0x00,0x00,0x00,0x00,0x00,0x00,0x00,0x00,0x00,0x00,0x00,0x00,0x00,0x21,0x08,0x41,0x08,
	0x41,0x08,0x41,0x08,0x20,0x00,0x00,0x00,0x00,0x00,0x00,0x00,0x00,0x00,0x00,0x00,0x00,0x00,0x00,0x00,
	0x00,0x00,0x00,0x00,0x00,0x00,0x00,0x00,0x00,0x00,0x00,0x00,0x21,0x08,0x82,0x10,0xC4,0x18,0x04,0x21,
	0x04,0x21,0x25,0x21,0x45,0x29,0x45,0x29,0x46,0x29,0x66,0x29,0x66,0x29,0xC7,0x39,0x69,0x4A,0x6A,0x4A,
	0xC7,0x39,0x66,0x29,0x86,0x31,0x86,0x31,0x86,0x31,0x86,0x31,0x86,0x31,0x86,0x31,0x86,0x31,0x86,0x31,
	0x86,0x31,0x86,0x31,0x86,0x31,0x86,0x31,0x86,0x31,0x86,0x31,0x86,0x31,0x86,0x31,0xA6,0x31,0xA6,0x31,
	0xA6,0x31,0xA7,0x31,0xA6,0x31,0xA6,0x31,0xA7,0x31,0xA7,0x31,0x86,0x31,0x86,0x31,0xA7,0x31,0xA6,0x31,
	0xA6,0x31,0xA7,0x31,0xA7,0x31,0xA7,0x31,0xA7,0x31,0xA6,0x31,0x86,0x31,0xE7,0x41,0x29,0x6B,0x8B,0x9C,
	0x0D,0xCE,0x0F,0xEF,0x4D,0xD6,0xE5,0x41,0xA7,0x31,0xA7,0x31,0xC7,0x39,0x08,0x63,0x6A,0x94,0x2E,0xCE,
	0xAB,0x9C,0x4C,0xB5,0xB0,0xFF,0x4F,0xFF,0x8F,0xFF,0x8F,0xFF,0x6F,0xFF,0x4F,0xF7,0xEF,0xEE,0x4E,0xD6,
	0xCB,0xA4,0x67,0x4A,0x66,0x29,0xC7,0x39,0xA7,0x39,0xA7,0x31,0xA7,0x31,0xA7,0x31,0xA7,0x31,0xA6,0x31,
	0xA7,0x31,0xA7,0x31,0xA6,0x31,0xA6,0x31,0xA7,0x31,0xA6,0x31,0xA7,0x31,0xA6,0x31,0xA6,0x31,0x86,0x31,
	0xA6,0x31,0xA6,0x31,0xA7,0x31,0xA6,0x31,0x86,0x31,0xA6,0x31,0xA7,0x31,0xA6,0x31,0xA6,0x31,0x86,0x31,
	0x86,0x31,0xA6,0x31,0x86,0x31,0x86,0x31,0x86,0x31,0x86,0x31,0x86,0x31,0x86,0x31,0x86,0x31,0x86,0x31,
	0xA7,0x31,0x6A,0x4A,0xAA,0x52,0x49,0x4A,0x86,0x31,0x66,0x31,0x66,0x29,0x66,0x29,0x45,0x29,0x45,0x29,
	0x25,0x29,0x04,0x21,0xE4,0x18,0xA3,0x18,0x41,0x08,0x00,0x00,0x00,0x00,0x00,0x00,0x00,0x00,0x00,0x00,
	0x00,0x00,0x00,0x00,0x00,0x00,0x00,0x00,0x00,0x00,0x00,0x00,0x00,0x00,0x00,0x00,0x00,0x00,0x20,0x08,
	0x21,0x08,0x20,0x00,0x00,0x00,0x00,0x00,0x00,0x00,0x00,0x00,0x00,0x00,0x00,0x00,0x00,0x00,0x00,0x00,
	0x00,0x00,0x00,0x00,0x00,0x00,0x00,0x00,0x00,0x00,0x62,0x08,0xC3,0x18,0xE4,0x18,0x04,0x21,0x25,0x21,
	0x25,0x29,0x45,0x29,0x65,0x29,0x46,0x29,0x66,0x29,0x66,0x29,0x66,0x31,0x66,0x31,0x08,0x42,0x29,0x42,
	0xA7,0x39,0x66,0x31,0x86,0x31,0x86,0x31,0x86,0x31,0x86,0x31,0x86,0x31,0x86,0x31,0x86,0x31,0x86,0x31,
	0x86,0x31,0x86,0x31,0x86,0x31,0x86,0x31,0x86,0x31,0x86,0x31,0x86,0x31,0x86,0x31,0x86,0x31,0xA6,0x31,
	0xA6,0x31,0x86,0x31,0x86,0x31,0x86,0x31,0xA6,0x31,0x86,0x31,0xA6,0x31,0xA7,0x31,0x86,0x31,0x86,0x31,
	0xA7,0x31,0xA7,0x31,0xA6,0x31,0xA7,0x31,0xA6,0x31,0xA7,0x31,0x65,0x31,0xAC,0xC5,0xAF,0xFF,0x6E,0xFF,
	0x2D,0xFF,0x2D,0xF7,0xED,0xEE,0x26,0x4A,0x86,0x31,0xA7,0x31,0x26,0x4A,0xEE,0xEE,0xF0,0xFF,0xAC,0xBD,
	0xC2,0x20,0x8B,0xC5,0x8D,0xFF,0xEC,0xF6,0xEC,0xF6,0x0C,0xF7,0x2C,0xF7,0x4C,0xFF,0x8D,0xFF,0x6D,0xFF,
	0x6E,0xFF,0x0E,0xEF,0xC9,0x83,0x66,0x31,0xC7,0x39,0xA6,0x31,0xA6,0x31,0xA6,0x31,0x86,0x31,0xA6,0x31,
	0x86,0x31,0x86,0x31,0x86,0x31,0x86,0x31,0x86,0x31,0xA6,0x31,0xA6,0x31,0xA6,0x31,0xA7,0x31,0x87,0x31,
	0xA6,0x31,0xA6,0x31,0xA6,0x31,0xA7,0x31,0xA6,0x31,0xA6,0x31,0x86,0x31,0x86,0x31,0x86,0x31,0xA6,0x31,
	0xA6,0x31,0xA6,0x31,0xA6,0x31,0xA6,0x31,0x86,0x31,0x86,0x31,0x86,0x31,0x86,0x31,0x86,0x31,0x86,0x31,
	0xA7,0x31,0x28,0x42,0x6A,0x4A,0xA7,0x39,0x66,0x31,0x66,0x31,0x66,0x29,0x66,0x29,0x66,0x29,0x65,0x29,
	0x45,0x29,0x25,0x29,0x25,0x21,0xE4,0x20,0x04,0x21,0x82,0x10,0x00,0x00,0x00,0x00,0x00,0x00,0x00,0x00,
	0x00,0x00,0x00,0x00,0x00,0x00,0x00,0x00,0x00,0x00,0x00,0x00,0x00,0x00,0x00,0x00,0x00,0x00,0x00,0x00,
	0x00,0x00,0x21,0x08,0x00,0x00,0x00,0x00,0x00,0x00,0x00,0x00,0x00,0x00,0x00,0x00,0x00,0x00,0x00,0x00,
	0x00,0x00,0x00,0x00,0x00,0x00,0x20,0x00,0x82,0x10,0xC3,0x18,0x86,0x31,0x86,0x31,0x05,0x21,0x45,0x29,
	0x45,0x29,0x66,0x29,0x66,0x29,0x66,0x29,0x66,0x29,0x66,0x29,0x66,0x31,0x66,0x31,0x66,0x31,0x66,0x29,
	0x66,0x29,0x86,0x31,0x86,0x31,0x86,0x31,0x86,0x31,0x86,0x31,0x86,0x31,0x86,0x31,0x86,0x31,0x86,0x31,
	0x66,0x31,0x86,0x31,0x86,0x31,0x86,0x31,0x86,0x31,0x86,0x31,0x86,0x31,0x86,0x31,0x86,0x31,0x86,0x31,
	0x86,0x31,0x86,0x31,0x86,0x31,0x87,0x31,0x86,0x31,0x86,0x31,0x86,0x31,0x86,0x31,0x87,0x31,0x87,0x31,
	0x86,0x31,0xA6,0x31,0x86,0x31,0xA6,0x31,0xA6,0x31,0xA7,0x31,0x65,0x29,0x2A,0xB5,0x0B,0xD6,0x2B,0xDE,
	0xEC,0xF6,0xEC,0xF6,0xAC,0xEE,0x26,0x4A,0x86,0x31,0xC7,0x39,0x25,0x29,0x89,0x9C,0x0C,0xAD,0x61,0x10,
	0xC3,0x18,0xC6,0x62,0x24,0x4A,0xC4,0x41,0xC4,0x39,0xC4,0x41,0x04,0x4A,0xA5,0x5A,0x07,0x8C,0x4B,0xDE,
	0x0B,0xF7,0x0C,0xF7,0x6E,0xFF,0x07,0x63,0x66,0x29,0xA7,0x39,0xA6,0x31,0xA7,0x31,0xA6,0x31,0xA6,0x31,
	0x86,0x31,0x86,0x31,0x86,0x31,0x86,0x31,0x86,0x31,0x86,0x31,0xA6,0x31,0xA6,0x31,0xA7,0x31,0x87,0x31,
	0xA6,0x31,0xA6,0x31,0x86,0x31,0xA7,0x31,0xA6,0x31,0xA6,0x31,0x86,0x31,0x86,0x31,0x86,0x31,0x86,0x31,
	0x86,0x31,0x86,0x31,0x86,0x31,0x86,0x31,0x86,0x31,0x86,0x31,0x86,0x31,0x86,0x31,0x86,0x31,0x86,0x31,
	0x86,0x31,0x86,0x31,0x86,0x31,0x86,0x31,0x86,0x31,0x66,0x31,0x86,0x31,0x66,0x31,0x66,0x31,0x66,0x29,
	0x46,0x29,0x45,0x29,0x25,0x29,0x66,0x31,0xE8,0x39,0x04,0x21,0xA2,0x10,0x21,0x08,0x00,0x00,0x00,0x00,
	0x00,0x00,0x00,0x00,0x00,0x00,0x00,0x00,0x00,0x00,0x00,0x00,0x00,0x00,0x00,0x00,0x00,0x00,0x41,0x08,
	0x41,0x08,0x21,0x08,0x00,0x00,0x00,0x00,0x00,0x00,0x00,0x00,0x00,0x00,0x00,0x00,0x00,0x00,0x00,0x00,
	0x00,0x00,0x00,0x00,0x20,0x00,0xA2,0x10,0xE4,0x18,0xE4,0x20,0x25,0x21,0x08,0x42,0x87,0x31,0x25,0x29,
	0x46,0x29,0x66,0x29,0x66,0x29,0x66,0x31,0x66,0x31,0x66,0x29,0x66,0x31,0x66,0x31,0x66,0x31,0x66,0x29,
	0x86,0x31,0x86,0x31,0x86,0x31,0x86,0x31,0x86,0x31,0x86,0x31,0x86,0x31,0x86,0x31,0x86,0x31,0x86,0x31,
	0x66,0x31,0x86,0x31,0x86,0x31,0x86,0x31,0x86,0x31,0x86,0x31,0x86,0x31,0x86,0x31,0x86,0x31,0x86,0x31,
	0x86,0x31,0x86,0x31,0x86,0x31,0x86,0x31,0x86,0x31,0x86,0x31,0x86,0x31,0xA7,0x31,0x86,0x31,0x86,0x31,
	0x86,0x31,0x86,0x31,0x86,0x31,0x86,0x31,0x86,0x31,0x86,0x31,0x66,0x29,0x23,0x29,0x82,0x10,0x26,0x73,
	0x4D,0xFF,0xEC,0xF6,0xAC,0xEE,0x26,0x4A,0x87,0x31,0x86,0x31,0x07,0x42,0x26,0x42,0x41,0x08,0x00,0x00,
	0x03,0x21,0x85,0x31,0xC4,0x18,0x05,0x21,0x25,0x21,0x25,0x21,0x05,0x21,0xE4,0x18,0x83,0x10,0x84,0x39,
	0x6B,0xDE,0x0C,0xF7,0x4D,0xFF,0xEA,0xAC,0x66,0x29,0xC7,0x39,0x86,0x31,0xA7,0x39,0xA6,0x31,0x86,0x31,
	0x86,0x31,0x86,0x31,0x86,0x31,0x86,0x31,0x86,0x31,0xA6,0x31,0xA6,0x31,0xA6,0x31,0xA6,0x31,0xA7,0x31,
	0xA6,0x31,0xA7,0x31,0xA7,0x31,0x86,0x31,0xA6,0x31,0x86,0x31,0x86,0x31,0x86,0x31,0x86,0x31,0x86,0x31,
	0x86,0x31,0x86,0x31,0x86,0x31,0x86,0x31,0x86,0x31,0x87,0x31,0x86,0x31,0x86,0x31,0x86,0x31,0x86,0x31,
	0x86,0x31,0x86,0x31,0x86,0x31,0x86,0x31,0x86,0x31,0x86,0x31,0x86,0x31,0x66,0x31,0x66,0x31,0x66,0x29,
	0x66,0x29,0x45,0x29,0x66,0x31,0x29,0x42,0x45,0x29,0x04,0x21,0xE4,0x20,0xA3,0x18,0x41,0x08,0x00,0x00,
	0x00,0x00,0x00,0x00,0x00,0x00,0x00,0x00,0x00,0x00,0x00,0x00,0x00,0x00,0x00,0x00,0x00,0x00,0x00,0x00,
	0x62,0x10,0x00,0x00,0x00,0x00,0x00,0x00,0x00,0x00,0x00,0x00,0x00,0x00,0x00,0x00,0x00,0x00,0x00,0x00,
	0x00,0x00,0x21,0x08,0xA2,0x10,0xE3,0x18,0x04,0x21,0x25,0x21,0x25,0x21,0x45,0x29,0x29,0x42,0xA7,0x31,
	0x46,0x29,0x66,0x29,0x66,0x29,0x66,0x29,0x66,0x29,0x66,0x29,0x66,0x31,0x66,0x31,0x66,0x31,0x66,0x29,
	0x66,0x31,0x66,0x31,0x66,0x31,0x86,0x31,0x86,0x31,0x86,0x31,0x86,0x31,0x66,0x31,0x66,0x31,0x66,0x31,
	0x66,0x31,0x86,0x31,0x86,0x31,0x86,0x31,0x86,0x31,0x86,0x31,0x86,0x31,0x86,0x31,0x86,0x31,0x86,0x31,
	0x86,0x31,0x86,0x31,0x86,0x31,0x86,0x31,0x86,0x31,0x86,0x31,0x86,0x31,0x86,0x31,0x86,0x31,0x86,0x31,
	0x86,0x31,0x86,0x31,0x86,0x31,0x86,0x31,0x86,0x31,0x87,0x31,0x86,0x31,0x66,0x29,0x05,0x21,0x67,0x73,
	0x4C,0xFF,0xEB,0xF6,0xAC,0xEE,0x46,0x4A,0x46,0x29,0x48,0x4A,0x46,0x4A,0x21,0x08,0x20,0x00,0x00,0x00,
	0x03,0x29,0x07,0x42,0xA6,0x31,0xA6,0x39,0xA7,0x39,0xC7,0x39,0xA7,0x39,0xA7,0x31,0x66,0x29,0x44,0x29,
	0x0B,0xD6,0x0C,0xF7,0x4D,0xFF,0xC9,0xA4,0x45,0x29,0x86,0x31,0x27,0x4A,0x87,0x52,0x86,0x31,0x86,0x31,
	0x86,0x31,0x86,0x31,0x86,0x31,0x86,0x31,0xA6,0x31,0xA6,0x31,0xA6,0x31,0x86,0x31,0xA6,0x31,0xA6,0x31,
	0xA6,0x31,0xA6,0x31,0xA6,0x31,0x86,0x31,0x86,0x31,0x86,0x31,0x86,0x31,0x86,0x31,0x86,0x31,0x86,0x31,
	0x86,0x31,0x86,0x31,0x86,0x31,0x86,0x31,0x86,0x31,0x86,0x31,0x86,0x31,0x86,0x31,0x86,0x31,0x86,0x31,
	0x86,0x31,0x86,0x31,0x86,0x31,0x66,0x31,0x66,0x31,0x66,0x31,0x66,0x31,0x66,0x31,0x66,0x31,0x66,0x31,
	0x66,0x29,0x66,0x31,0x49,0x4A,0xA6,0x31,0x45,0x29,0x25,0x29,0x04,0x21,0xE4,0x20,0xA3,0x18,0x41,0x08,
	0x00,0x00,0x00,0x00,0x00,0x00,0x00,0x00,0x00,0x00,0x00,0x00,0x00,0x00,0x00,0x00,0x00,0x00,0x00,0x00,
	0x00,0x00,0x00,0x00,0x00,0x00,0x00,0x00,0x00,0x00,0x00,0x00,0x00,0x00,0x00,0x00,0x00,0x00,0x00,0x00,
	0x21,0x08,0xA2,0x10,0xC3,0x18,0xE4,0x20,0x25,0x21,0x25,0x29,0x25,0x29,0x25,0x29,0x86,0x31,0xC7,0x39,
	0x46,0x29,0x66,0x29,0x46,0x29,0x66,0x29,0x66,0x29,0x66,0x29,0x66,0x31,0x66,0x29,0x66,0x31,0x66,0x31,
	0x66,0x31,0x66,0x31,0x86,0x31,0x66,0x31,0x86,0x31,0x86,0x31,0x86,0x31,0x86,0x31,0x66,0x31,0x86,0x31,
	0x86,0x31,0x66,0x31,0x86,0x31,0x86,0x31,0x86,0x31,0x86,0x31,0x86,0x31,0x86,0x31,0x86,0x31,0x86,0x31,
	0x86,0x31,0x86,0x31,0x86,0x31,0x86,0x31,0x86,0x31,0x86,0x31,0x86,0x31,0x86,0x31,0x86,0x31,0x86,0x31,
	0x86,0x31,0x86,0x31,0x86,0x31,0x86,0x31,0x86,0x31,0x86,0x31,0x86,0x31,0xA7,0x31,0x25,0x21,0x67,0x7B,
	0x4C,0xFF,0xEB,0xF6,0xCC,0xEE,0xE5,0x41,0x48,0x4A,0x87,0x52,0x00,0x00,0x00,0x00,0x20,0x08,0x00,0x00,
	0x64,0x31,0x07,0x42,0xA7,0x39,0xA7,0x31,0x66,0x31,0x46,0x29,0x46,0x29,0xA6,0x39,0xE7,0x62,0xAB,0xC5,
	0x0C,0xF7,0xCB,0xF6,0x4D,0xFF,0xA5,0x62,0x05,0x21,0x67,0x4A,0xE6,0x41,0x03,0x21,0xC6,0x39,0x86,0x31,
	0x86,0x31,0x86,0x31,0xA6,0x31,0x86,0x31,0x86,0x31,0xA6,0x31,0x86,0x31,0x86,0x31,0xA6,0x31,0x86,0x31,
	0x86,0x31,0x86,0x31,0x86,0x31,0x86,0x31,0x86,0x31,0x86,0x31,0x86,0x31,0x86,0x31,0x86,0x31,0x86,0x31,
	0x86,0x31,0x86,0x31,0x86,0x31,0x86,0x31,0x86,0x31,0x86,0x31,0x86,0x31,0x86,0x31,0x86,0x31,0x86,0x31,
	0x86,0x31,0x86,0x31,0x86,0x31,0x66,0x31,0x66,0x31,0x66,0x31,0x66,0x31,0x66,0x31,0x66,0x31,0x66,0x31,
	0x66,0x29,0xA7,0x31,0xA7,0x39,0x45,0x29,0x45,0x29,0x45,0x29,0x25,0x21,0x04,0x21,0xE4,0x18,0xA3,0x18,
	0x41,0x08,0x00,0x00,0x00,0x00,0x00,0x00,0x00,0x00,0x00,0x00,0x00,0x00,0x00,0x00,0x00,0x00,0x00,0x00,
	0x00,0x00,0x00,0x00,0x00,0x00,0x00,0x00,0x00,0x00,0x00,0x00,0x00,0x00,0x00,0x00,0x00,0x00,0x20,0x00,
	0xA2,0x10,0xC3,0x18,0xE4,0x20,0x04,0x21,0x25,0x21,0x45,0x29,0x45,0x29,0x45,0x29,0x45,0x29,0x45,0x29,
	0x46,0x29,0x66,0x29,0x66,0x29,0x66,0x29,0x66,0x29,0x66,0x29,0x66,0x29,0x66,0x29,0x66,0x31,0x66,0x31,
	0x66,0x31,0x86,0x31,0x86,0x31,0x66,0x31,0x66,0x31,0x66,0x31,0x86,0x31,0x86,0x31,0x66,0x31,0x66,0x31,
	0x66,0x29,0x66,0x31,0x66,0x31,0x66,0x31,0x66,0x31,0x86,0x31,0x86,0x31,0x86,0x31,0x86,0x31,0x86,0x31,
	0x86,0x31,0x86,0x31,0x86,0x31,0x86,0x31,0x66,0x31,0x86,0x31,0x86,0x31,0x86,0x31,0x86,0x31,0x86,0x31,
	0x86,0x31,0x86,0x31,0x86,0x31,0x86,0x31,0x86,0x31,0x86,0x31,0x86,0x31,0xA7,0x31,0x26,0x21,0x67,0x73,
	0x4C,0xFF,0xEB,0xF6,0x8B,0xE6,0xE7,0x6A,0x47,0x4A,0x20,0x00,0x00,0x00,0x00,0x00,0x20,0x00,0x00,0x00,
	0xA5,0x39,0x86,0x31,0x46,0x29,0xC6,0x39,0x87,0x52,0xA9,0x7B,0x0B,0xAD,0x2C,0xD6,0x2D,0xF7,0x4D,0xFF,
	0x4C,0xFF,0x2C,0xFF,0xA7,0x83,0xC3,0x18,0x88,0x52,0xE5,0x41,0x00,0x00,0xE2,0x20,0xC6,0x39,0x86,0x31,
	0x86,0x31,0x86,0x31,0x86,0x31,0x86,0x31,0x86,0x31,0x86,0x31,0x86,0x31,0x86,0x31,0x86,0x31,0x86,0x31,
	0x86,0x31,0x86,0x31,0x86,0x31,0x86,0x31,0x86,0x31,0x86,0x31,0x86,0x31,0x86,0x31,0x86,0x31,0x86,0x31,
	0x86,0x31,0x86,0x31,0x86,0x31,0x86,0x31,0x86,0x31,0x86,0x31,0x86,0x31,0x66,0x31,0x66,0x31,0x86,0x31,
	0x86,0x31,0x86,0x31,0x86,0x31,0x86,0x31,0x66,0x31,0x66,0x31,0x66,0x31,0x86,0x31,0x66,0x31,0x66,0x31,
	0x66,0x31,0x66,0x29,0x66,0x29,0x45,0x29,0x45,0x29,0x45,0x29,0x25,0x29,0x25,0x21,0x04,0x21,0xE4,0x18,
	0xA3,0x10,0x21,0x08,0x00,0x00,0x00,0x00,0x00,0x00,0x00,0x00,0x00,0x00,0x00,0x00,0x00,0x00,0x00,0x00,
	0x00,0x00,0x00,0x00,0x00,0x00,0x00,0x00,0x00,0x00,0x00,0x00,0x00,0x00,0x00,0x00,0x00,0x00,0x82,0x10,
	0xC3,0x18,0xE4,0x20,0x04,0x21,0x25,0x21,0x45,0x29,0x45,0x29,0x45,0x29,0x45,0x29,0x65,0x29,0x65,0x29,
	0x66,0x29,0x66,0x29,0x66,0x29,0x66,0x29,0x66,0x29,0x66,0x29,0x66,0x29,0x66,0x31,0x66,0x31,0x66,0x31,
	0x66,0x31,0x66,0x29,0x66,0x31,0x66,0x31,0x66,0x31,0x66,0x31,0x86,0x31,0x66,0x29,0x66,0x31,0x66,0x29,
	0x66,0x29,0x66,0x31,0x66,0x31,0x86,0x31,0x66,0x31,0x86,0x31,0x86,0x31,0x86,0x31,0x86,0x31,0x86,0x31,
	0x86,0x31,0x86,0x31,0x86,0x31,0x86,0x31,0x66,0x31,0x86,0x31,0x86,0x31,0x66,0x31,0x86,0x31,0x86,0x31,
	0x66,0x31,0x86,0x31,0x86,0x31,0x86,0x31,0x86,0x31,0x86,0x31,0x86,0x31,0x86,0x31,0x26,0x21,0x67,0x73,
	0x4C,0xFF,0xCB,0xEE,0x2D,0xF7,0xC6,0x62,0x00,0x00,0x00,0x00,0x00,0x00,0x00,0x00,0x00,0x00,0x20,0x00,
	0xC5,0x41,0xC7,0x62,0xAA,0xA4,0x2C,0xD6,0xED,0xEE,0x6D,0xFF,0x8D,0xFF,0x8D,0xFF,0x4C,0xFF,0xAB,0xEE,
	0x29,0xB5,0x24,0x4A,0x83,0x10,0xA8,0x5A,0x05,0x42,0x00,0x00,0x00,0x00,0xE3,0x20,0xC6,0x39,0x86,0x31,
	0x86,0x31,0x86,0x31,0x86,0x31,0x86,0x31,0x86,0x31,0x86,0x31,0x86,0x31,0x86,0x31,0x86,0x31,0x86,0x31,
	0x86,0x31,0x86,0x31,0x86,0x31,0x86,0x31,0x86,0x31,0x86,0x31,0x86,0x31,0x86,0x31,0x86,0x31,0x86,0x31,
	0x86,0x31,0x86,0x31,0x86,0x31,0x66,0x31,0x86,0x31,0x66,0x31,0x66,0x31,0x66,0x31,0x86,0x31,0x86,0x31,
	0x86,0x31,0x86,0x31,0x86,0x31,0x86,0x31,0x66,0x31,0x86,0x31,0x66,0x31,0x86,0x31,0x66,0x31,0x66,0x31,
	0x66,0x31,0x66,0x31,0x66,0x29,0x66,0x29,0x46,0x29,0x45,0x29,0x45,0x29,0x25,0x29,0x25,0x21,0x04,0x21,
	0xC3,0x18,0x83,0x10,0x20,0x00,0x00,0x00,0x00,0x00,0x00,0x00,0x00,0x00,0x00,0x00,0x00,0x00,0x00,0x00,
	0x00,0x00,0x00,0x00,0x00,0x00,0x00,0x00,0x00,0x00,0x00,0x00,0x00,0x00,0x00,0x00,0x82,0x10,0xA3,0x18,
	0xE4,0x18,0x04,0x21,0x25,0x21,0x25,0x29,0x45,0x29,0x45,0x29,0x45,0x29,0x45,0x29,0x65,0x29,0x65,0x29,
	0x66,0x29,0x66,0x29,0x66,0x29,0x66,0x29,0x66,0x29,0x66,0x29,0x66,0x29,0x66,0x29,0x66,0x29,0x66,0x31,
	0x66,0x29,0x66,0x29,0x66,0x31,0x66,0x29,0x66,0x29,0x66,0x29,0x66,0x29,0x66,0x29,0x66,0x31,0x66,0x31,
	0x66,0x29,0x66,0x31,0x86,0x31,0x86,0x31,0x86,0x31,0x86,0x31,0x86,0x31,0x66,0x31,0x66,0x31,0x86,0x31,
	0x86,0x31,0x66,0x31,0x86,0x31,0x66,0x31,0x86,0x31,0x86,0x31,0x66,0x31,0x86,0x31,0x86,0x31,0x86,0x31,
	0x86,0x31,0x86,0x31,0x66,0x31,0x86,0x31,0x86,0x31,0x86,0x31,0x86,0x31,0x86,0x31,0x26,0x21,0x67,0x7B,
	0x2C,0xFF,0x4C,0xFF,0xE7,0x8B,0x00,0x00,0x00,0x00,0x00,0x00,0x00,0x00,0x00,0x00,0x20,0x00,0x00,0x00,
	0x89,0xA4,0x4D,0xFF,0x4C,0xFF,0x6C,0xFF,0x6C,0xFF,0xCB,0xEE,0xC9,0xCD,0x88,0x9C,0xE5,0x6A,0x83,0x31,
	0xA3,0x10,0xC4,0x18,0xA7,0x52,0x25,0x42,0x00,0x00,0x20,0x00,0x00,0x00,0xE3,0x20,0xC7,0x39,0x66,0x29,
	0x86,0x31,0x86,0x31,0x86,0x31,0x86,0x31,0x86,0x31,0x86,0x31,0x86,0x31,0x86,0x31,0x86,0x31,0x86,0x31,
	0x86,0x31,0x86,0x31,0x86,0x31,0x86,0x31,0x86,0x31,0x86,0x31,0x86,0x31,0x86,0x31,0x86,0x31,0x66,0x31,
	0x66,0x31,0x66,0x31,0x86,0x31,0x86,0x31,0x66,0x31,0x66,0x31,0x66,0x31,0x66,0x31,0x66,0x31,0x66,0x31,
	0x66,0x31,0x66,0x31,0x66,0x31,0x66,0x31,0x66,0x31,0x66,0x31,0x86,0x31,0x66,0x31,0x66,0x31,0x66,0x31,
	0x66,0x31,0x66,0x31,0x66,0x29,0x66,0x29,0x46,0x29,0x46,0x29,0x46,0x29,0x45,0x29,0x25,0x21,0x04,0x21,
	0xE4,0x20,0xC3,0x18,0xC3,0x18,0x20,0x00,0x00,0x00,0x00,0x00,0x00,0x00,0x00,0x00,0x00,0x00,0x00,0x00,
	0x00,0x00,0x00,0x00,0x00,0x00,0x00,0x00,0x00,0x00,0x00,0x00,0x00,0x00,0x20,0x08,0x24,0x21,0x86,0x31,
	0x04,0x21,0x04,0x21,0x25,0x29,0x45,0x29,0x45,0x29,0x45,0x29,0x45,0x29,0x45,0x29,0x45,0x29,0x65,0x29,
	0x65,0x29,0x66,0x29,0x66,0x29,0x66,0x29,0x66,0x29,0x66,0x29,0x66,0x29,0x66,0x29,0x66,0x29,0x66,0x29,
	0x66,0x29,0x66,0x29,0x66,0x29,0x66,0x29,0x66,0x29,0x66,0x29,0x66,0x29,0x66,0x29,0x66,0x31,0x66,0x31,
	0x66,0x29,0x86,0x31,0x66,0x29,0x66,0x31,0x66,0x31,0x66,0x31,0x66,0x31,0x66,0x29,0x66,0x31,0x66,0x31,
	0x66,0x31,0x66,0x31,0x86,0x31,0x86,0x31,0x66,0x31,0x66,0x31,0x66,0x31,0x66,0x31,0x86,0x31,0x86,0x31,
	0x86,0x31,0x66,0x31,0x86,0x31,0x86,0x31,0x86,0x31,0x86,0x31,0x66,0x31,0x86,0x31,0x25,0x21,0x67,0x73,
	0xCD,0xFF,0x28,0x94,0x00,0x00,0x00,0x00,0x00,0x00,0x00,0x00,0x00,0x00,0x00,0x00,0x00,0x00,0x20,0x08,
	0xAA,0xCD,0x2C,0xFF,0x2C,0xFF,0xAA,0xC5,0x26,0x73,0xA3,0x39,0xC2,0x18,0x83,0x10,0xC4,0x18,0x25,0x29,
	0x65,0x29,0x87,0x52,0xC5,0x39,0x00,0x00,0x00,0x00,0x00,0x00,0x00,0x00,0x03,0x21,0xA6,0x39,0x86,0x31,
	0x86,0x31,0x86,0x31,0x86,0x31,0x86,0x31,0x86,0x31,0x86,0x31,0x86,0x31,0x86,0x31,0x86,0x31,0x86,0x31,
	0x86,0x31,0x86,0x31,0x86,0x31,0x86,0x31,0x86,0x31,0x86,0x31,0x86,0x31,0x86,0x31,0x86,0x31,0x66,0x31,
	0x66,0x31,0x66,0x31,0x66,0x31,0x86,0x31,0x66,0x31,0x66,0x31,0x66,0x31,0x66,0x31,0x66,0x31,0x66,0x31,
	0x66,0x31,0x66,0x31,0x66,0x31,0x86,0x31,0x86,0x31,0x66,0x31,0x66,0x29,0x66,0x31,0x66,0x31,0x86,0x31,
	0x66,0x31,0x66,0x29,0x65,0x29,0x66,0x29,0x66,0x29,0x66,0x29,0x46,0x29,0x45,0x29,0x25,0x29,0x25,0x21,
	0x04,0x21,0x86,0x31,0x86,0x31,0x61,0x08,0x00,0x00,0x00,0x00,0x00,0x00,0x00,0x00,0x00,0x00,0x00,0x00,
	0x00,0x00,0x00,0x00,0x00,0x00,0x00,0x00,0x00,0x00,0x00,0x00,0x00,0x00,0x82,0x10,0xC3,0x18,0x45,0x29,
	0xE8,0x39,0x45,0x29,0x25,0x21,0x45,0x29,0x45,0x29,0x45,0x29,0x45,0x29,0x46,0x29,0x46,0x29,0x45,0x29,
	0x66,0x29,0x66,0x29,0x66,0x29,0x66,0x29,0x66,0x29,0x66,0x29,0x66,0x29,0x66,0x29,0x66,0x29,0x66,0x31,
	0x66,0x31,0x66,0x29,0x66,0x29,0x66,0x31,0x66,0x29,0x66,0x29,0x66,0x31,0x66,0x29,0x65,0x29,0x66,0x29,
	0x66,0x29,0x66,0x29,0x66,0x31,0x66,0x31,0x66,0x31,0x66,0x31,0x66,0x31,0x66,0x31,0x66,0x31,0x66,0x31,
	0x66,0x31,0x66,0x31,0x66,0x31,0x66,0x31,0x66,0x29,0x66,0x31,0x66,0x31,0x86,0x31,0x66,0x31,0x86,0x31,
	0x66,0x31,0x86,0x31,0x86,0x31,0x86,0x31,0x86,0x31,0x86,0x31,0x66,0x31,0x86,0x31,0x05,0x21,0xA8,0x83,
	0x4B,0xB5,0x00,0x00,0x00,0x00,0x00,0x00,0x00,0x00,0x00,0x00,0x00,0x00,0x00,0x00,0x00,0x00,0x81,0x10,
	0x0A,0xDE,0xEB,0xF6,0x26,0x73,0x62,0x10,0x63,0x10,0xE4,0x18,0x66,0x29,0xA6,0x31,0xA6,0x39,0x66,0x31,
	0xA8,0x52,0xE5,0x41,0x00,0x00,0x20,0x00,0x00,0x00,0x00,0x00,0x00,0x00,0x23,0x29,0xA6,0x39,0x86,0x31,
	0x86,0x31,0x86,0x31,0x86,0x31,0x86,0x31,0x86,0x31,0x86,0x31,0x86,0x31,0x86,0x31,0x86,0x31,0x86,0x31,
	0x86,0x31,0x86,0x31,0x86,0x31,0x86,0x31,0x86,0x31,0x86,0x31,0x86,0x31,0x66,0x31,0x66,0x31,0x86,0x31,
	0x66,0x31,0x86,0x31,0x66,0x31,0x86,0x31,0x86,0x31,0x66,0x31,0x66,0x31,0x66,0x31,0x86,0x31,0x66,0x31,
	0x66,0x31,0x66,0x31,0x86,0x31,0x86,0x31,0x86,0x31,0x86,0x31,0x66,0x31,0x66,0x29,0x66,0x29,0x66,0x29,
	0x66,0x29,0x66,0x29,0x65,0x29,0x65,0x29,0x66,0x29,0x66,0x29,0x45,0x29,0x45,0x29,0x45,0x29,0x45,0x29,
	0xE8,0x39,0xA7,0x39,0xC3,0x18,0x82,0x10,0x21,0x08,0x00,0x00,0x00,0x00,0x00,0x00,0x00,0x00,0x00,0x00,
	0x00,0x00,0x00,0x00,0x00,0x00,0x00,0x00,0x00,0x00,0x00,0x00,0x41,0x08,0xA3,0x18,0xE4,0x18,0xE4,0x20,
	0x65,0x29,0x08,0x42,0x66,0x29,0x45,0x29,0x45,0x29,0x45,0x29,0x45,0x29,0x46,0x29,0x46,0x29,0x46,0x29,
	0x65,0x29,0x65,0x29,0x65,0x29,0x65,0x29,0x66,0x29,0x66,0x29,0x66,0x29,0x66,0x29,0x66,0x31,0x66,0x29,
	0x66,0x31,0x66,0x29,0x66,0x31,0x66,0x29,0x66,0x29,0x66,0x29,0x66,0x29,0x66,0x29,0x66,0x29,0x66,0x29,
	0x66,0x29,0x66,0x31,0x66,0x29,0x66,0x31,0x66,0x31,0x86,0x31,0x66,0x31,0x66,0x31,0x66,0x31,0x66,0x29,
	0x66,0x31,0x66,0x29,0x66,0x29,0x66,0x29,0x66,0x29,0x66,0x29,0x66,0x31,0x66,0x31,0x66,0x31,0x86,0x31,
	0x66,0x31,0x66,0x31,0x86,0x31,0x86,0x31,0x66,0x31,0x66,0x31,0x66,0x31,0x86,0x31,0x45,0x29,0xE7,0x62,
	0xA2,0x18,0x00,0x00,0x00,0x00,0x00,0x00,0x00,0x00,0x00,0x00,0x00,0x00,0x00,0x00,0x00,0x00,0xE1,0x20,
	0x8B,0xEE,0xAA,0xC5,0xE5,0x41,0x87,0x52,0x67,0x4A,0x06,0x42,0xC6,0x39,0x85,0x31,0x25,0x29,0x67,0x52,
	0x84,0x31,0x00,0x00,0x21,0x08,0x21,0x08,0x20,0x08,0x20,0x00,0x00,0x00,0x24,0x29,0xA6,0x31,0x86,0x31,
	0x86,0x31,0x86,0x31,0x86,0x31,0x86,0x31,0x86,0x31,0x66,0x31,0x86,0x31,0x86,0x31,0x86,0x31,0x86,0x31,
	0x86,0x31,0x86,0x31,0x86,0x31,0x86,0x31,0x86,0x31,0x86,0x31,0x86,0x31,0x86,0x31,0x86,0x31,0x86,0x31,
	0x86,0x31,0x86,0x31,0x66,0x31,0x86,0x31,0x66,0x31,0x66,0x31,0x86,0x31,0x66,0x31,0x66,0x31,0x66,0x29,
	0x66,0x29,0x66,0x31,0x66,0x31,0x66,0x31,0x66,0x31,0x66,0x29,0x66,0x31,0x66,0x29,0x66,0x29,0x66,0x29,
	0x66,0x29,0x66,0x29,0x66,0x29,0x66,0x29,0x66,0x29,0x65,0x29,0x45,0x29,0x65,0x29,0x65,0x29,0x28,0x42,
	0xC7,0x39,0x04,0x21,0xE4,0x20,0xC3,0x18,0x62,0x10,0x00,0x00,0x00,0x00,0x00,0x00,0x00,0x00,0x00,0x00,
	0x00,0x00,0x00,0x00,0x00,0x00,0x00,0x00,0x00,0x00,0x00,0x00,0x82,0x10,0xC3,0x18,0xE4,0x20,0x05,0x21,
	0x05,0x21,0x45,0x29,0x45,0x29,0x45,0x29,0x45,0x29,0x45,0x29,0x46,0x29,0x46,0x29,0x46,0x29,0x46,0x29,
	0x65,0x29,0x65,0x29,0x45,0x29,0x65,0x29,0x65,0x29,0x66,0x29,0x66,0x29,0x66,0x29,0x66,0x29,0x66,0x29,
	0x66,0x29,0x66,0x29,0x66,0x29,0x66,0x29,0x66,0x29,0x66,0x29,0x66,0x29,0x66,0x29,0x66,0x29,0x66,0x29,
	0x66,0x29,0x66,0x29,0x66,0x29,0x66,0x29,0x66,0x31,0x86,0x31,0x66,0x31,0x66,0x31,0x66,0x31,0x66,0x29,
	0x66,0x29,0x66,0x29,0x66,0x29,0x66,0x29,0x66,0x29,0x66,0x29,0x66,0x29,0x66,0x29,0x66,0x31,0x66,0x31,
	0x66,0x31,0x66,0x31,0x66,0x31,0x66,0x31,0x66,0x31,0x66,0x31,0x86,0x31,0x46,0x29,0xA8,0x5A,0x43,0x29,
	0x00,0x00,0x00,0x00,0x00,0x00,0x00,0x00,0x00,0x00,0x00,0x00,0x00,0x00,0x00,0x00,0x00,0x00,0x83,0x39,
	0x30,0xF7,0x72,0xF7,0x92,0xF7,0x71,0xF7,0x71,0xF7,0x30,0xEF,0xCF,0xDE,0x4E,0xCE,0xEC,0xC5,0x4B,0xB5,
	0x65,0x52,0x63,0x31,0x61,0x10,0x00,0x00,0x00,0x00,0x00,0x00,0x20,0x00,0x64,0x31,0x86,0x31,0x66,0x31,
	0x86,0x31,0x86,0x31,0x86,0x31,0x86,0x31,0x66,0x31,0x66,0x31,0x66,0x31,0x86,0x31,0x86,0x31,0x86,0x31,
	0x86,0x31,0x86,0x31,0x66,0x31,0x86,0x31,0x66,0x31,0x86,0x31,0x86,0x31,0x86,0x31,0x86,0x31,0x66,0x31,
	0x86,0x31,0x86,0x31,0x66,0x31,0x66,0x31,0x66,0x31,0x66,0x31,0x66,0x31,0x66,0x31,0x66,0x29,0x66,0x29,
	0x66,0x29,0x66,0x31,0x66,0x31,0x66,0x29,0x66,0x29,0x66,0x29,0x66,0x29,0x66,0x29,0x66,0x29,0x66,0x29,
	0x66,0x29,0x66,0x29,0x66,0x29,0x66,0x29,0x65,0x29,0x65,0x29,0x45,0x29,0x45,0x29,0x66,0x29,0x66,0x29,
	0x25,0x21,0x25,0x21,0x04,0x21,0xE4,0x18,0xA3,0x10,0x21,0x08,0x00,0x00,0x00,0x00,0x00,0x00,0x00,0x00,
	0x00,0x00,0x00,0x00,0x00,0x00,0x00,0x00,0x00,0x00,0x21,0x08,0xA3,0x10,0xE4,0x18,0x04,0x21,0x04,0x21,
	0x25,0x29,0x25,0x29,0x45,0x29,0x45,0x29,0x45,0x29,0x45,0x29,0x45,0x29,0x45,0x29,0x45,0x29,0x45,0x29,
	0x45,0x29,0x45,0x29,0x45,0x29,0x65,0x29,0x45,0x29,0x45,0x29,0x65,0x29,0x66,0x29,0x65,0x29,0x65,0x29,
	0x65,0x29,0x66,0x29,0x66,0x29,0x66,0x31,0x66,0x29,0x66,0x29,0x66,0x29,0x66,0x29,0x66,0x29,0x66,0x29,
	0x66,0x29,0x66,0x29,0x86,0x31,0x86,0x31,0x86,0x31,0x66,0x31,0x86,0x31,0x66,0x31,0x66,0x31,0x66,0x29,
	0x66,0x29,0x66,0x29,0x66,0x29,0x66,0x29,0x66,0x31,0x66,0x29,0x66,0x29,0x66,0x29,0x66,0x29,0x66,0x29,
	0x66,0x29,0x66,0x29,0x66,0x29,0x66,0x31,0x66,0x31,0x86,0x31,0x46,0x29,0x67,0x52,0x25,0x4A,0x00,0x00,
	0x00,0x00,0x00,0x00,0x00,0x00,0x00,0x00,0x00,0x00,0x00,0x00,0x00,0x00,0x00,0x00,0x00,0x00,0x66,0x52,
	0xF6,0xFF,0xF7,0xFF,0xF7,0xFF,0xF6,0xFF,0xB6,0xFF,0xB5,0xFF,0xD5,0xFF,0xF4,0xFF,0xF3,0xFF,0xD2,0xFF,
	0xF1,0xFF,0x4F,0xF7,0x4C,0xCE,0xA9,0x9C,0xC5,0x5A,0xE2,0x20,0x00,0x00,0x44,0x31,0x86,0x31,0x86,0x31,
	0x86,0x31,0x86,0x31,0x66,0x31,0x66,0x31,0x66,0x31,0x66,0x31,0x66,0x29,0x66,0x29,0x66,0x31,0x66,0x31,
	0x86,0x31,0x86,0x31,0x86,0x31,0x86,0x31,0x86,0x31,0x66,0x31,0x66,0x31,0x66,0x31,0x86,0x31,0x66,0x31,
	0x66,0x31,0x86,0x31,0x86,0x31,0x86,0x31,0x66,0x29,0x66,0x31,0x66,0x29,0x66,0x29,0x66,0x31,0x66,0x29,
	0x66,0x29,0x66,0x29,0x66,0x29,0x66,0x29,0x66,0x29,0x66,0x29,0x66,0x29,0x66,0x29,0x66,0x29,0x66,0x29,
	0x66,0x29,0x66,0x29,0x65,0x29,0x66,0x29,0x45,0x29,0x45,0x29,0x45,0x29,0x45,0x29,0x45,0x29,0x45,0x29,
	0x45,0x29,0x25,0x21,0x04,0x21,0xE4,0x20,0xA3,0x18,0x61,0x08,0x00,0x00,0x00,0x00,0x00,0x00,0x00,0x00,
	0x00,0x00,0x00,0x00,0x00,0x00,0x00,0x00,0x00,0x00,0x61,0x10,0xC3,0x18,0xE4,0x18,0x04,0x21,0x25,0x21,
	0x25,0x21,0x25,0x29,0x45,0x29,0x45,0x29,0x45,0x29,0x45,0x29,0x45,0x29,0x45,0x29,0x45,0x29,0x45,0x29,
	0x45,0x29,0x45,0x29,0x65,0x29,0x45,0x29,0x45,0x29,0x45,0x29,0x45,0x29,0x45,0x29,0x65,0x29,0x66,0x29,
	0x66,0x29,0x66,0x29,0x46,0x29,0x05,0x21,0x05,0x21,0x25,0x21,0x25,0x21,0x66,0x31,0x66,0x29,0x66,0x29,
	0x66,0x29,0x66,0x29,0x25,0x21,0x05,0x21,0x25,0x21,0x65,0x29,0x45,0x29,0x66,0x31,0x66,0x31,0x66,0x29,
	0x66,0x29,0x66,0x29,0x66,0x29,0x66,0x29,0x66,0x31,0x66,0x29,0x66,0x29,0x66,0x29,0x66,0x29,0x66,0x29,
	0x66,0x29,0x66,0x29,0x66,0x29,0x66,0x29,0x66,0x31,0x46,0x29,0x06,0x42,0x27,0x6B,0x20,0x00,0x00,0x00,
	0x00,0x00,0x00,0x00,0x00,0x00,0x00,0x00,0x00,0x00,0x00,0x00,0x00,0x00,0x00,0x00,0x00,0x00,0x28,0x6B,
	0xCB,0x83,0x0C,0x84,0x4F,0xAD,0xD4,0xDE,0xF7,0xFF,0xF8,0xFF,0xD6,0xFF,0x96,0xF7,0xB6,0xF7,0xB6,0xFF,
	0xB5,0xF7,0xD5,0xFF,0xF4,0xFF,0xF4,0xFF,0xF3,0xFF,0x10,0xE7,0xEB,0xA4,0x47,0x6B,0x85,0x31,0x25,0x21,
	0x66,0x31,0x86,0x31,0x86,0x31,0x86,0x31,0x66,0x31,0x66,0x29,0x66,0x29,0x66,0x29,0x66,0x29,0x66,0x31,
	0x66,0x31,0x66,0x29,0x66,0x31,0x86,0x31,0x66,0x31,0x66,0x31,0x66,0x31,0x66,0x29,0x66,0x29,0x66,0x31,
	0x66,0x29,0x25,0x29,0x05,0x21,0x45,0x29,0x65,0x31,0x45,0x29,0x66,0x29,0x66,0x29,0x66,0x29,0x66,0x29,
	0x66,0x29,0x66,0x29,0x66,0x29,0x66,0x29,0x66,0x29,0x66,0x29,0x66,0x29,0x66,0x29,0x66,0x29,0x66,0x29,
	0x66,0x29,0x65,0x29,0x66,0x29,0x45,0x29,0x65,0x29,0x45,0x29,0x45,0x29,0x45,0x29,0x45,0x29,0x45,0x29,
	0x25,0x29,0x25,0x29,0x05,0x21,0xE4,0x20,0xC3,0x18,0x82,0x10,0x20,0x00,0x00,0x00,0x00,0x00,0x00,0x00,
	0x00,0x00,0x00,0x00,0x00,0x00,0x00,0x00,0x20,0x00,0x82,0x10,0xC3,0x18,0xE4,0x18,0x04,0x21,0x05,0x21,
	0x25,0x21,0x25,0x29,0x25,0x29,0x45,0x29,0x45,0x29,0x45,0x29,0x45,0x29,0x45,0x29,0x45,0x29,0x45,0x29,
	0x45,0x29,0x45,0x29,0x45,0x29,0x45,0x29,0x45,0x29,0x45,0x29,0x45,0x29,0x45,0x29,0x45,0x29,0x46,0x29,
	0x25,0x29,0x45,0x29,0x26,0x42,0xA9,0x7B,0x2B,0xAD,0x2D,0xCE,0x68,0x73,0x25,0x21,0x66,0x31,0x66,0x29,
	0x45,0x29,0x65,0x31,0x67,0x52,0xE9,0x83,0x4C,0xB5,0x4E,0xD6,0x27,0x6B,0x25,0x21,0x86,0x31,0x66,0x29,
	0x66,0x29,0x66,0x29,0x66,0x29,0x66,0x29,0x66,0x31,0x66,0x29,0x66,0x29,0x66,0x29,0x66,0x29,0x66,0x29,
	0x66,0x29,0x66,0x29,0x46,0x29,0x66,0x29,0x46,0x29,0x85,0x31,0x29,0x8C,0xA1,0x18,0x00,0x00,0x00,0x00,
	0x00,0x00,0x00,0x00,0x00,0x00,0x00,0x00,0x00,0x00,0x00,0x00,0x00,0x00,0x00,0x00,0x81,0x10,0xEA,0x62,
	0x49,0x4A,0xA7,0x31,0x04,0x21,0x03,0x21,0x67,0x52,0xEE,0xA4,0x56,0xEF,0xF8,0xFF,0xF7,0xFF,0xB6,0xF7,
	0xB7,0xFF,0xD7,0xFF,0xB7,0xF7,0xB7,0xF7,0xB6,0xF7,0xF6,0xFF,0xF6,0xFF,0xF4,0xFF,0xB0,0xD6,0x4A,0x8C,
	0xC5,0x39,0x05,0x21,0x86,0x31,0x86,0x31,0x66,0x31,0x66,0x29,0x66,0x29,0x66,0x29,0x66,0x31,0x66,0x29,
	0x66,0x29,0x66,0x29,0x66,0x31,0x66,0x29,0x66,0x29,0x66,0x29,0x66,0x29,0x66,0x29,0x66,0x31,0x45,0x29,
	0xC6,0x39,0xC8,0x5A,0x2A,0x8C,0xAC,0xBD,0x8E,0xD6,0x68,0x73,0x25,0x21,0x66,0x31,0x66,0x29,0x66,0x29,
	0x65,0x29,0x66,0x29,0x66,0x29,0x65,0x29,0x66,0x29,0x66,0x29,0x66,0x29,0x66,0x29,0x65,0x29,0x66,0x29,
	0x65,0x29,0x45,0x29,0x65,0x29,0x66,0x29,0x45,0x29,0x45,0x29,0x45,0x29,0x45,0x29,0x45,0x29,0x45,0x29,
	0x45,0x29,0x25,0x29,0x25,0x21,0x04,0x21,0xE3,0x18,0xA3,0x18,0x41,0x08,0x00,0x00,0x00,0x00,0x00,0x00,
	0x00,0x00,0x00,0x00,0x00,0x00,0x00,0x00,0x41,0x08,0xA3,0x18,0xC3,0x18,0xE4,0x20,0x04,0x21,0x05,0x21,
	0x25,0x21,0x25,0x21,0x25,0x29,0x45,0x29,0x45,0x29,0x45,0x29,0x45,0x29,0x45,0x29,0x45,0x29,0x45,0x29,
	0x45,0x29,0x45,0x29,0x45,0x29,0x45,0x29,0x45,0x29,0x45,0x29,0x45,0x29,0x45,0x29,0x66,0x29,0x25,0x21,
	0x86,0x52,0xEB,0xCD,0xCC,0xEE,0x4D,0xFF,0x2C,0xFF,0x8D,0xFF,0x4A,0xB5,0x04,0x21,0x86,0x31,0x25,0x21,
	0x27,0x6B,0x4C,0xD6,0xED,0xF6,0x4D,0xFF,0x2D,0xFF,0x8D,0xFF,0xA9,0x9C,0x05,0x21,0x86,0x31,0x66,0x29,
	0x66,0x29,0x66,0x29,0x65,0x29,0x66,0x29,0x66,0x29,0x66,0x29,0x46,0x29,0x66,0x29,0x66,0x29,0x66,0x29,
	0x66,0x29,0x66,0x29,0x66,0x29,0x66,0x29,0x04,0x21,0xA9,0x9C,0x24,0x4A,0x00,0x00,0x20,0x00,0x00,0x00,
	0x00,0x00,0x00,0x00,0x00,0x00,0x00,0x00,0x00,0x00,0x00,0x00,0x00,0x00,0x00,0x00,0xE3,0x20,0x28,0x4A,
	0x89,0x52,0xAA,0x52,0x8A,0x52,0x08,0x42,0xC4,0x18,0x21,0x00,0x23,0x21,0xEB,0x7B,0x15,0xE7,0xF8,0xFF,
	0xD7,0xFF,0xB7,0xF7,0xD7,0xFF,0xD7,0xFF,0xD7,0xFF,0xD7,0xFF,0xB7,0xF7,0xD7,0xFF,0xF7,0xFF,0xF6,0xFF,
	0xF2,0xDE,0xCA,0x7B,0x45,0x29,0x46,0x29,0x86,0x31,0x66,0x29,0x66,0x29,0x66,0x31,0x66,0x31,0x66,0x31,
	0x66,0x29,0x66,0x29,0x66,0x29,0x66,0x31,0x66,0x29,0x66,0x29,0x66,0x29,0x66,0x29,0x05,0x21,0x27,0x6B,
	0xAD,0xE6,0x2E,0xF7,0x6E,0xFF,0x2C,0xFF,0x8D,0xFF,0xC9,0xA4,0x05,0x21,0x66,0x31,0x66,0x29,0x66,0x29,
	0x65,0x29,0x66,0x29,0x66,0x29,0x66,0x29,0x45,0x29,0x65,0x29,0x66,0x29,0x66,0x29,0x66,0x29,0x45,0x29,
	0x65,0x29,0x45,0x29,0x65,0x29,0x66,0x29,0x45,0x29,0x45,0x29,0x45,0x29,0x45,0x29,0x45,0x29,0x45,0x29,
	0x45,0x29,0x25,0x29,0x25,0x21,0x04,0x21,0xE4,0x18,0xC3,0x18,0x62,0x10,0x00,0x00,0x00,0x00,0x00,0x00,
	0x00,0x00,0x00,0x00,0x00,0x00,0x00,0x00,0x61,0x08,0xA3,0x18,0xE4,0x18,0x04,0x21,0x04,0x21,0x25,0x21,
	0x25,0x21,0x25,0x29,0x25,0x29,0x25,0x29,0x45,0x29,0x45,0x29,0x45,0x29,0x45,0x29,0x45,0x29,0x45,0x29,
	0x45,0x29,0x45,0x29,0x45,0x29,0x45,0x29,0x45,0x29,0x45,0x29,0x45,0x29,0x45,0x29,0x65,0x31,0x05,0x21,
	0x27,0x6B,0xAD,0xFF,0xEB,0xF6,0xEB,0xF6,0xCA,0xEE,0x4C,0xFF,0x09,0xAD,0x04,0x21,0x86,0x31,0xE5,0x18,
	0x48,0x94,0xCD,0xFF,0xCB,0xF6,0xCB,0xF6,0xCB,0xEE,0x4C,0xFF,0x68,0x9C,0x04,0x21,0x66,0x31,0x65,0x29,
	0x66,0x29,0x66,0x29,0x45,0x29,0x66,0x29,0x46,0x29,0x66,0x29,0x66,0x29,0x66,0x29,0x65,0x29,0x66,0x29,
	0x66,0x29,0x66,0x29,0x86,0x31,0x05,0x21,0x08,0x8C,0x08,0x8C,0x00,0x00,0x20,0x00,0x00,0x00,0x00,0x00,
	0x00,0x00,0x00,0x00,0x00,0x00,0x00,0x00,0x00,0x00,0x00,0x00,0x00,0x00,0x00,0x00,0xA3,0x18,0x45,0x29,
	0xE7,0x39,0x69,0x4A,0xAA,0x5A,0x0C,0x63,0xAA,0x52,0xE8,0x39,0x04,0x21,0x00,0x00,0xC2,0x18,0x4D,0x8C,
	0xD7,0xF7,0xF7,0xFF,0xB7,0xF7,0xD7,0xFF,0xD7,0xFF,0xD7,0xFF,0xD7,0xFF,0xD7,0xFF,0xB7,0xFF,0xB7,0xF7,
	0xF7,0xFF,0xF6,0xFF,0xEF,0xBD,0x06,0x42,0x25,0x21,0x86,0x31,0x66,0x31,0x66,0x31,0x66,0x29,0x66,0x31,
	0x66,0x29,0x66,0x31,0x66,0x29,0x66,0x29,0x66,0x29,0x66,0x29,0x66,0x29,0x86,0x31,0x05,0x21,0x67,0x73,
	0xAD,0xFF,0xCB,0xEE,0xEB,0xF6,0xCA,0xEE,0x4C,0xFF,0x68,0x9C,0x04,0x21,0x86,0x31,0x65,0x29,0x66,0x29,
	0x65,0x29,0x66,0x29,0x46,0x29,0x46,0x29,0x46,0x29,0x66,0x29,0x66,0x29,0x66,0x29,0x46,0x29,0x45,0x29,
	0x65,0x29,0x65,0x29,0x45,0x29,0x45,0x29,0x45,0x29,0x45,0x29,0x45,0x29,0x45,0x29,0x45,0x29,0x45,0x29,
	0x25,0x29,0x25,0x21,0x25,0x21,0x04,0x21,0x04,0x21,0xC3,0x18,0x82,0x10,0x20,0x00,0x00,0x00,0x00,0x00,
	0x00,0x00,0x00,0x00,0x00,0x00,0x41,0x08,0x24,0x21,0xE4,0x18,0xE4,0x18,0x04,0x21,0x25,0x21,0x25,0x21,
	0x25,0x21,0x25,0x21,0x25,0x29,0x45,0x29,0x45,0x29,0x45,0x29,0x45,0x29,0x45,0x29,0x45,0x29,0x45,0x29,
	0x45,0x29,0x45,0x29,0x45,0x29,0x45,0x29,0x45,0x29,0x45,0x29,0x45,0x29,0x45,0x29,0x65,0x29,0x45,0x29,
	0x44,0x29,0x44,0x52,0xA3,0x41,0x89,0xC5,0x2B,0xFF,0x4C,0xFF,0x09,0xAD,0x04,0x21,0x66,0x29,0x45,0x29,
	0x84,0x39,0x44,0x52,0xA3,0x39,0x0A,0xD6,0x0B,0xF7,0x4C,0xFF,0x68,0x9C,0xE4,0x20,0x65,0x29,0x45,0x29,
	0x45,0x29,0x66,0x29,0x45,0x29,0x65,0x29,0x46,0x29,0x45,0x29,0x65,0x29,0x65,0x29,0x65,0x29,0x66,0x29,
	0x65,0x29,0x86,0x31,0x25,0x21,0xC6,0x62,0x6A,0xBD,0x60,0x10,0x00,0x00,0x00,0x00,0x00,0x00,0x00,0x00,
	0x00,0x00,0x00,0x00,0x00,0x00,0x00,0x00,0x00,0x00,0x00,0x00,0x00,0x00,0x20,0x00,0x62,0x10,0xA3,0x18,
	0x04,0x21,0x66,0x31,0xE8,0x41,0x8A,0x52,0xAA,0x52,0x8A,0x52,0x69,0x4A,0xA7,0x31,0x62,0x10,0x00,0x00,
	0x67,0x4A,0x76,0xEF,0xD7,0xFF,0xB6,0xF7,0xB5,0xFF,0xB5,0xF7,0xB5,0xF7,0xB5,0xFF,0xB6,0xFF,0xD6,0xFF,
	0xB7,0xFF,0xB6,0xF7,0xF6,0xFF,0x12,0xE7,0xA7,0x5A,0x25,0x21,0x86,0x31,0x66,0x31,0x66,0x29,0x66,0x29,
	0x66,0x29,0x66,0x29,0x66,0x29,0x66,0x29,0x66,0x29,0x66,0x29,0x66,0x29,0x66,0x29,0x66,0x29,0x44,0x29,
	0x04,0x4A,0x83,0x39,0xEA,0xCD,0x0B,0xFF,0x4C,0xFF,0x88,0x9C,0x04,0x21,0x66,0x31,0x66,0x29,0x65,0x29,
	0x65,0x29,0x65,0x29,0x65,0x29,0x65,0x29,0x45,0x29,0x66,0x29,0x65,0x29,0x65,0x29,0x45,0x29,0x45,0x29,
	0x45,0x29,0x45,0x29,0x45,0x29,0x45,0x29,0x45,0x29,0x45,0x29,0x45,0x29,0x45,0x29,0x45,0x29,0x45,0x29,
	0x25,0x29,0x25,0x29,0x25,0x29,0x25,0x21,0xE4,0x20,0xE4,0x20,0x65,0x29,0x82,0x10,0x00,0x00,0x00,0x00,
	0x00,0x00,0x00,0x00,0x00,0x00,0x21,0x08,0xE3,0x18,0x66,0x31,0x66,0x29,0x04,0x21,0x25,0x21,0x25,0x21,
	0x25,0x21,0x25,0x29,0x25,0x29,0x45,0x29,0x45,0x29,0x45,0x29,0x45,0x29,0x45,0x29,0x45,0x29,0x45,0x29,
	0x45,0x29,0x45,0x29,0x45,0x29,0x45,0x29,0x45,0x29,0x45,0x29,0x45,0x29,0x45,0x29,0x45,0x29,0x45,0x29,
	0x05,0x21,0xA4,0x10,0x82,0x10,0x28,0xB5,0x2B,0xFF,0x2C,0xFF,0x09,0xAD,0x04,0x21,0x66,0x29,0x66,0x29,
	0x04,0x21,0xC4,0x18,0xC3,0x20,0xAA,0xCD,0x0B,0xFF,0x4C,0xFF,0x68,0x9C,0xE4,0x20,0x65,0x29,0x45,0x29,
	0x45,0x29,0x45,0x29,0x45,0x29,0x65,0x29,0x46,0x29,0x45,0x29,0x45,0x29,0x45,0x29,0x66,0x29,0x65,0x29,
	0x66,0x29,0x46,0x29,0x85,0x31,0xAB,0xC5,0xC3,0x41,0x00,0x00,0x00,0x00,0x00,0x00,0x00,0x00,0x00,0x00,
	0x00,0x00,0x00,0x00,0x00,0x00,0x00,0x00,0x00,0x00,0x00,0x00,0x00,0x00,0x00,0x00,0x21,0x00,0x41,0x08,
	0x62,0x08,0xA3,0x10,0xE4,0x20,0x66,0x31,0xC7,0x39,0x08,0x42,0x49,0x4A,0x09,0x42,0x66,0x31,0x82,0x10,
	0x00,0x00,0x06,0x42,0x95,0xF7,0xB2,0xF7,0x4F,0xF7,0x4F,0xF7,0x4F,0xF7,0x70,0xF7,0x91,0xF7,0x93,0xF7,
	0xB4,0xF7,0xD5,0xFF,0xB6,0xF7,0xF5,0xFF,0x71,0xEF,0xC7,0x62,0x25,0x29,0x86,0x31,0x65,0x29,0x66,0x29,
	0x66,0x29,0x65,0x29,0x66,0x29,0x66,0x29,0x65,0x29,0x66,0x29,0x66,0x29,0x66,0x29,0x66,0x31,0x25,0x29,
	0xE4,0x18,0xC3,0x18,0x89,0xC5,0x2B,0xFF,0x4B,0xFF,0x88,0x9C,0x04,0x21,0x66,0x31,0x65,0x29,0x66,0x29,
	0x66,0x29,0x65,0x29,0x45,0x29,0x65,0x29,0x46,0x29,0x45,0x29,0x65,0x29,0x45,0x29,0x45,0x29,0x45,0x29,
	0x45,0x29,0x45,0x29,0x45,0x29,0x45,0x29,0x45,0x29,0x45,0x29,0x45,0x29,0x45,0x29,0x45,0x29,0x45,0x29,
	0x45,0x29,0x25,0x29,0x25,0x29,0x25,0x21,0x66,0x29,0xC7,0x39,0x25,0x21,0x41,0x08,0x00,0x00,0x00,0x00,
	0x00,0x00,0x00,0x00,0x00,0x00,0x41,0x08,0x82,0x10,0xC4,0x18,0x86,0x31,0xA7,0x31,0x24,0x21,0x25,0x21,
	0x25,0x29,0x25,0x29,0x25,0x29,0x25,0x29,0x25,0x29,0x45,0x29,0x45,0x29,0x45,0x29,0x45,0x29,0x45,0x29,
	0x45,0x29,0x45,0x29,0x45,0x29,0x45,0x29,0x45,0x29,0x45,0x29,0x45,0x29,0x45,0x29,0x45,0x29,0x45,0x29,
	0x45,0x29,0x66,0x31,0x04,0x21,0x49,0xBD,0x2B,0xFF,0x4C,0xFF,0x09,0xB5,0x04,0x21,0x66,0x31,0x45,0x29,
	0x66,0x29,0x66,0x31,0x44,0x29,0xEA,0xCD,0x0B,0xFF,0x4B,0xFF,0x48,0x9C,0xE4,0x18,0x66,0x31,0x45,0x29,
	0x46,0x29,0x46,0x29,0x45,0x29,0x45,0x29,0x45,0x29,0x45,0x29,0x45,0x29,0x45,0x29,0x45,0x29,0x65,0x29,
	0x66,0x29,0xE4,0x20,0x08,0x94,0xA6,0x83,0x00,0x00,0x00,0x00,0x00,0x00,0x00,0x00,0x00,0x00,0x00,0x00,
	0x00,0x00,0x00,0x00,0x00,0x00,0x00,0x00,0x00,0x00,0x00,0x00,0x00,0x00,0x00,0x00,0x00,0x00,0x00,0x00,
	0x20,0x00,0x41,0x08,0x62,0x08,0x82,0x10,0xC3,0x18,0x05,0x21,0x66,0x29,0xA7,0x31,0xA7,0x31,0xC4,0x18,
	0x41,0x08,0x00,0x00,0xA9,0x73,0x71,0xFF,0x2C,0xD6,0x0B,0xD6,0x2B,0xD6,0x4C,0xDE,0x8C,0xE6,0xCC,0xE6,
	0x0D,0xEF,0x4F,0xF7,0x92,0xF7,0xB4,0xF7,0xD3,0xFF,0x0E,0xEF,0x25,0x4A,0x46,0x29,0x66,0x31,0x66,0x29,
	0x65,0x29,0x65,0x29,0x66,0x29,0x66,0x29,0x66,0x29,0x65,0x29,0x65,0x29,0x66,0x29,0x46,0x29,0x66,0x29,
	0x86,0x31,0x25,0x29,0x89,0xC5,0x2A,0xFF,0x4B,0xFF,0x68,0x9C,0x04,0x21,0x66,0x31,0x65,0x29,0x65,0x29,
	0x65,0x29,0x65,0x29,0x65,0x29,0x65,0x29,0x45,0x29,0x45,0x29,0x45,0x29,0x45,0x29,0x45,0x29,0x45,0x29,
	0x45,0x29,0x45,0x29,0x45,0x29,0x45,0x29,0x45,0x29,0x45,0x29,0x45,0x29,0x45,0x29,0x45,0x29,0x45,0x29,
	0x45,0x29,0x25,0x29,0x25,0x21,0x86,0x31,0xC7,0x39,0x04,0x21,0xA2,0x10,0x61,0x08,0x00,0x00,0x00,0x00,
	0x00,0x00,0x00,0x00,0x00,0x00,0x41,0x08,0xA3,0x18,0xC4,0x18,0xE4,0x18,0x25,0x21,0x24,0x21,0x25,0x21,
	0x25,0x29,0x45,0x29,0x45,0x29,0x45,0x29,0x25,0x29,0x45,0x29,0x45,0x29,0x45,0x29,0x45,0x29,0x45,0x29,
	0x45,0x29,0x45,0x29,0x45,0x29,0x45,0x29,0x45,0x29,0x45,0x29,0x45,0x29,0x45,0x29,0x45,0x29,0x45,0x29,
	0x45,0x29,0x45,0x29,0x04,0x21,0x49,0xBD,0x2B,0xFF,0x4C,0xFF,0x09,0xB5,0x04,0x21,0x66,0x31,0x65,0x29,
	0x45,0x29,0x46,0x29,0x44,0x29,0xEA,0xCD,0x0B,0xFF,0x4B,0xFF,0x48,0x9C,0xE4,0x18,0x66,0x29,0x45,0x29,
	0x46,0x29,0x46,0x29,0x45,0x29,0x45,0x29,0x45,0x29,0x45,0x29,0x45,0x29,0x45,0x29,0x45,0x29,0x45,0x29,
	0x25,0x21,0x25,0x4A,0xA8,0xA4,0x41,0x08,0x00,0x00,0x00,0x00,0x00,0x00,0x00,0x00,0x00,0x00,0x00,0x00,
	0x00,0x00,0x00,0x00,0x00,0x00,0x00,0x00,0x00,0x00,0x00,0x00,0x00,0x00,0x00,0x00,0x00,0x00,0x00,0x00,
	0x00,0x00,0x20,0x00,0x21,0x00,0x21,0x08,0x41,0x08,0x62,0x08,0x82,0x10,0xC4,0x18,0x04,0x21,0xC3,0x18,
	0x21,0x08,0x00,0x00,0x61,0x10,0x2C,0xB5,0xED,0xAC,0x0B,0x8C,0x0B,0x94,0x2B,0x94,0x6A,0x9C,0xC9,0xAC,
	0x29,0xBD,0x89,0xCD,0x8B,0xE6,0x4E,0xF7,0x70,0xF7,0xAF,0xFF,0xCA,0xC5,0x65,0x29,0x66,0x31,0x65,0x29,
	0x65,0x29,0x66,0x29,0x66,0x29,0x66,0x29,0x65,0x29,0x65,0x29,0x65,0x29,0x65,0x29,0x46,0x29,0x66,0x29,
	0x66,0x29,0x24,0x21,0x89,0xC5,0x2B,0xFF,0x4C,0xFF,0x88,0x9C,0x04,0x21,0x66,0x29,0x65,0x29,0x45,0x29,
	0x45,0x29,0x65,0x29,0x65,0x29,0x45,0x29,0x45,0x29,0x45,0x29,0x45,0x29,0x45,0x29,0x45,0x29,0x45,0x29,
	0x45,0x29,0x45,0x29,0x45,0x29,0x45,0x29,0x45,0x29,0x45,0x29,0x45,0x29,0x45,0x29,0x45,0x29,0x45,0x29,
	0x25,0x29,0x45,0x29,0x25,0x21,0x25,0x21,0x04,0x21,0xE4,0x18,0xA3,0x18,0x62,0x10,0x00,0x00,0x00,0x00,
	0x00,0x00,0x00,0x00,0x00,0x00,0x62,0x08,0xA3,0x18,0xE4,0x18,0xE4,0x20,0x04,0x21,0x04,0x21,0x25,0x29,
	0x25,0x21,0x25,0x21,0x45,0x29,0x45,0x29,0x45,0x29,0x45,0x29,0x25,0x29,0x45,0x29,0x45,0x29,0x45,0x29,
	0x45,0x29,0x45,0x29,0x45,0x29,0x45,0x29,0x45,0x29,0x25,0x29,0x45,0x29,0x45,0x29,0x45,0x29,0x45,0x29,
	0x45,0x29,0x45,0x29,0xE4,0x20,0x49,0xBD,0x2B,0xFF,0x4B,0xFF,0x09,0xB5,0x04,0x21,0x66,0x29,0x45,0x29,
	0x45,0x29,0x46,0x29,0x44,0x29,0xEA,0xCD,0x0B,0xFF,0x4B,0xFF,0x68,0x9C,0xE4,0x20,0x66,0x29,0x45,0x29,
	0x46,0x29,0x45,0x29,0x45,0x29,0x45,0x29,0x45,0x29,0x45,0x29,0x46,0x29,0x45,0x29,0x45,0x29,0x45,0x29,
	0x25,0x21,0x28,0x94,0xE3,0x49,0x00,0x00,0x00,0x00,0x00,0x00,0x00,0x00,0x00,0x00,0x00,0x00,0x00,0x00,
	0x00,0x00,0x00,0x00,0x00,0x00,0x00,0x00,0x00,0x00,0x00,0x00,0x00,0x00,0x00,0x00,0x00,0x00,0x00,0x00,
	0x00,0x00,0x00,0x00,0x00,0x00,0x00,0x00,0x00,0x00,0x20,0x00,0x21,0x08,0x41,0x08,0x61,0x08,0x62,0x10,
	0x21,0x08,0x00,0x00,0x00,0x00,0xA8,0x5A,0x6B,0x73,0x8A,0x52,0x08,0x42,0x08,0x42,0x27,0x4A,0x67,0x52,
	0xA7,0x62,0x28,0x73,0x48,0x9C,0xE9,0xD5,0xEA,0xEE,0x0B,0xF7,0x2A,0xFF,0x66,0x7B,0x05,0x21,0x66,0x31,
	0x66,0x29,0x45,0x29,0x45,0x29,0x65,0x29,0x45,0x29,0x45,0x29,0x65,0x29,0x45,0x29,0x45,0x29,0x66,0x29,
	0x66,0x29,0x24,0x21,0xA9,0xC5,0x2B,0xFF,0x4C,0xFF,0x88,0x9C,0x04,0x21,0x66,0x31,0x45,0x29,0x45,0x29,
	0x45,0x29,0x45,0x29,0x45,0x29,0x45,0x29,0x45,0x29,0x45,0x29,0x45,0x29,0x45,0x29,0x45,0x29,0x45,0x29,
	0x45,0x29,0x45,0x29,0x45,0x29,0x45,0x29,0x45,0x29,0x45,0x29,0x45,0x29,0x45,0x29,0x25,0x29,0x45,0x29,
	0x25,0x29,0x25,0x29,0x25,0x21,0x24,0x21,0x04,0x21,0xE4,0x20,0xC3,0x18,0x82,0x10,0x00,0x00,0x00,0x00,
	0x00,0x00,0x00,0x00,0x00,0x00,0x62,0x10,0xA3,0x18,0xE4,0x18,0xE4,0x20,0x04,0x21,0x04,0x21,0x24,0x21,
	0x25,0x21,0x25,0x21,0x25,0x29,0x45,0x29,0x25,0x29,0x45,0x29,0x45,0x29,0x45,0x29,0x45,0x29,0x45,0x29,
	0x45,0x29,0x45,0x29,0x45,0x29,0x45,0x29,0x25,0x29,0x45,0x29,0x25,0x29,0x45,0x29,0x45,0x29,0x45,0x29,
	0x45,0x29,0x45,0x29,0xE4,0x20,0x49,0xBD,0x2B,0xFF,0x4B,0xFF,0x09,0xAD,0xE4,0x20,0x66,0x29,0x45,0x29,
	0x45,0x29,0x46,0x29,0x44,0x29,0xEA,0xCD,0x0B,0xFF,0x4B,0xFF,0x68,0x9C,0xE4,0x20,0x66,0x31,0x46,0x29,
	0x45,0x29,0x45,0x29,0x45,0x29,0x45,0x29,0x45,0x29,0x45,0x29,0x45,0x29,0x45,0x29,0x45,0x29,0x05,0x21,
	0x25,0x4A,0xA6,0x8B,0x00,0x00,0x00,0x00,0x00,0x00,0x00,0x00,0x00,0x00,0x00,0x00,0x00,0x00,0x00,0x00,
	0x00,0x00,0x00,0x00,0x00,0x00,0x00,0x00,0x00,0x00,0x00,0x00,0x00,0x00,0x00,0x00,0x00,0x00,0x00,0x00,
	0x00,0x00,0x00,0x00,0x00,0x00,0x00,0x00,0x00,0x00,0x00,0x00,0x00,0x00,0x00,0x00,0x20,0x00,0x20,0x00,
	0x00,0x00,0x00,0x00,0x00,0x00,0x24,0x29,0x49,0x4A,0x25,0x21,0xC3,0x18,0xC3,0x18,0xC3,0x18,0xC4,0x18,
	0xE4,0x20,0x24,0x29,0xE5,0x41,0x67,0x83,0x48,0xC5,0x48,0xE6,0x66,0xEE,0x46,0xBD,0x65,0x31,0x66,0x29,
	0x66,0x29,0x45,0x29,0x45,0x29,0x45,0x29,0x45,0x29,0x45,0x29,0x45,0x29,0x45,0x29,0x45,0x29,0x46,0x29,
	0x66,0x29,0x24,0x21,0xAA,0xC5,0x2B,0xFF,0x4B,0xFF,0x68,0x9C,0xE4,0x18,0x66,0x29,0x45,0x29,0x45,0x29,
	0x45,0x29,0x45,0x29,0x45,0x29,0x45,0x29,0x45,0x29,0x45,0x29,0x45,0x29,0x45,0x29,0x45,0x29,0x45,0x29,
	0x45,0x29,0x45,0x29,0x45,0x29,0x45,0x29,0x45,0x29,0x45,0x29,0x45,0x29,0x45,0x29,0x45,0x29,0x45,0x29,
	0x25,0x29,0x25,0x29,0x24,0x21,0x24,0x21,0x04,0x21,0xE4,0x20,0xC3,0x18,0x82,0x10,0x20,0x00,0x00,0x00,
	0x00,0x00,0x00,0x00,0x20,0x00,0x82,0x10,0xA3,0x18,0xC3,0x18,0xE4,0x20,0x04,0x21,0x04,0x21,0x24,0x21,
	0x25,0x21,0x25,0x21,0x25,0x29,0x25,0x29,0x25,0x29,0x25,0x29,0x45,0x29,0x25,0x29,0x25,0x29,0x25,0x29,
	0x25,0x29,0x45,0x29,0x45,0x29,0x25,0x29,0x25,0x29,0x25,0x29,0x25,0x29,0x45,0x29,0x45,0x29,0x45,0x29,
	0x45,0x29,0x45,0x29,0xE4,0x20,0x49,0xBD,0x0B,0xFF,0x2B,0xFF,0x09,0xAD,0xE4,0x18,0x65,0x29,0x45,0x29,
	0x45,0x29,0x45,0x29,0x44,0x29,0xCA,0xCD,0x0B,0xFF,0x4B,0xFF,0x68,0x9C,0x04,0x21,0x66,0x29,0x45,0x29,
	0x45,0x29,0x45,0x29,0x45,0x29,0x45,0x29,0x45,0x29,0x45,0x29,0x45,0x29,0x45,0x29,0x45,0x29,0x05,0x21,
	0xE6,0x72,0x42,0x31,0x00,0x00,0x00,0x00,0x00,0x00,0x00,0x00,0x00,0x00,0x00,0x00,0x00,0x00,0x00,0x00,
	0x00,0x00,0x00,0x00,0x00,0x00,0x00,0x00,0x00,0x00,0x00,0x00,0x00,0x00,0x00,0x00,0x00,0x00,0x00,0x00,
	0x00,0x00,0x00,0x00,0x00,0x00,0x00,0x00,0x00,0x00,0x00,0x00,0x00,0x00,0x00,0x00,0x00,0x00,0x00,0x00,
	0x00,0x00,0x00,0x00,0x00,0x00,0x62,0x10,0x45,0x29,0x82,0x10,0x21,0x08,0x21,0x08,0x41,0x08,0x41,0x08,
	0x62,0x08,0x62,0x08,0x82,0x10,0x44,0x31,0x46,0x83,0x07,0xC5,0x06,0xCD,0x05,0xC5,0x25,0x4A,0x45,0x29,
	0x65,0x29,0x65,0x29,0x45,0x29,0x45,0x29,0x45,0x29,0x45,0x29,0x45,0x29,0x45,0x29,0x45,0x29,0x46,0x29,
	0x66,0x29,0x24,0x21,0xAA,0xC5,0x2B,0xFF,0x4B,0xFF,0x88,0x9C,0xE4,0x18,0x65,0x29,0x45,0x29,0x45,0x29,
	0x45,0x29,0x45,0x29,0x45,0x29,0x45,0x29,0x45,0x29,0x45,0x29,0x45,0x29,0x45,0x29,0x45,0x29,0x45,0x29,
	0x45,0x29,0x45,0x29,0x45,0x29,0x45,0x29,0x45,0x29,0x45,0x29,0x45,0x29,0x25,0x29,0x45,0x29,0x25,0x29,
	0x25,0x29,0x25,0x21,0x25,0x21,0x24,0x21,0x04,0x21,0xE4,0x20,0xC3,0x18,0x82,0x10,0x20,0x00,0x00,0x00,
	0x00,0x00,0x00,0x00,0x20,0x00,0x82,0x10,0xC3,0x18,0xE4,0x18,0xE4,0x20,0x04,0x21,0x24,0x21,0x25,0x21,
	0x25,0x21,0x25,0x21,0x25,0x21,0x25,0x21,0x25,0x29,0x25,0x21,0x25,0x29,0x25,0x29,0x25,0x29,0x25,0x21,
	0x25,0x29,0x25,0x29,0x45,0x29,0x25,0x29,0x25,0x29,0x25,0x29,0x25,0x29,0x25,0x29,0x45,0x29,0x45,0x29,
	0x45,0x29,0x45,0x29,0xE4,0x20,0x49,0xBD,0x0B,0xFF,0x2B,0xFF,0x09,0xAD,0xE4,0x20,0x45,0x29,0x45,0x29,
	0x45,0x29,0x45,0x29,0x44,0x29,0xEA,0xCD,0x0B,0xF7,0x4B,0xFF,0x68,0x9C,0xE4,0x20,0x66,0x29,0x45,0x29,
	0x45,0x29,0x45,0x29,0x45,0x29,0x45,0x29,0x45,0x29,0x45,0x29,0x45,0x29,0x45,0x29,0x45,0x29,0x85,0x31,
	0x44,0x52,0x00,0x00,0x00,0x00,0x00,0x00,0x00,0x00,0x00,0x00,0x00,0x00,0x00,0x00,0x00,0x00,0x00,0x00,
	0x00,0x00,0x00,0x00,0x00,0x00,0x00,0x00,0x00,0x00,0x00,0x00,0x00,0x00,0x00,0x00,0x00,0x00,0x00,0x00,
	0x00,0x00,0x00,0x00,0x00,0x00,0x00,0x00,0x00,0x00,0x00,0x00,0x00,0x00,0x00,0x00,0x00,0x00,0x00,0x00,
	0x00,0x00,0x00,0x00,0x00,0x00,0x41,0x08,0xC3,0x18,0x21,0x00,0x20,0x00,0x00,0x00,0x00,0x00,0x00,0x00,
	0x20,0x00,0x20,0x00,0x20,0x00,0x61,0x08,0x84,0x39,0x87,0x8B,0xC6,0x9B,0xE5,0x9B,0x45,0x52,0x25,0x21,
	0x65,0x29,0x65,0x29,0x45,0x29,0x45,0x29,0x45,0x29,0x45,0x29,0x45,0x29,0x45,0x29,0x45,0x29,0x45,0x29,
	0x46,0x29,0x24,0x21,0xAA,0xCD,0x2B,0xFF,0x4C,0xFF,0x88,0xA4,0xE4,0x20,0x65,0x29,0x45,0x29,0x45,0x29,
	0x45,0x29,0x45,0x29,0x45,0x29,0x45,0x29,0x45,0x29,0x45,0x29,0x45,0x29,0x45,0x29,0x45,0x29,0x45,0x29,
	0x45,0x29,0x45,0x29,0x25,0x29,0x45,0x29,0x45,0x29,0x45,0x29,0x45,0x29,0x25,0x29,0x25,0x29,0x25,0x21,
	0x25,0x21,0x24,0x21,0x24,0x21,0x04,0x21,0x04,0x21,0xE4,0x20,0xC3,0x18,0xA3,0x10,0x41,0x08,0x00,0x00,
	0x00,0x00,0x00,0x00,0x20,0x08,0xA2,0x10,0xC3,0x18,0xE4,0x18,0x04,0x21,0x04,0x21,0x04,0x21,0x25,0x21,
	0x25,0x21,0x25,0x21,0x25,0x21,0x25,0x21,0x25,0x21,0x25,0x21,0x25,0x29,0x25,0x29,0x25,0x29,0x25,0x29,
	0x25,0x29,0x25,0x29,0x25,0x29,0x45,0x29,0x45,0x29,0x45,0x29,0x25,0x29,0x25,0x29,0x45,0x29,0x45,0x29,
	0x45,0x29,0x45,0x29,0xE4,0x20,0x29,0xBD,0x0B,0xFF,0x2B,0xFF,0xE9,0xAC,0xE4,0x18,0x65,0x29,0x45,0x29,
	0x45,0x29,0x46,0x29,0x24,0x29,0xEA,0xCD,0x0A,0xFF,0x4B,0xFF,0x68,0x9C,0xE4,0x20,0x65,0x29,0x45,0x29,
	0x45,0x29,0x45,0x29,0x45,0x29,0x45,0x29,0x45,0x29,0x45,0x29,0x45,0x29,0x45,0x29,0x25,0x21,0xC5,0x41,
	0xE2,0x20,0x00,0x00,0x00,0x00,0x00,0x00,0x00,0x00,0x00,0x00,0x00,0x00,0x00,0x00,0x00,0x00,0x00,0x00,
	0x00,0x00,0x00,0x00,0x00,0x00,0x00,0x00,0x00,0x00,0x00,0x00,0x00,0x00,0x00,0x00,0x00,0x00,0x00,0x00,
	0x00,0x00,0x00,0x00,0x00,0x00,0x00,0x00,0x00,0x00,0x00,0x00,0x00,0x00,0x00,0x00,0x00,0x00,0x00,0x00,
	0x00,0x00,0x00,0x00,0x00,0x00,0x20,0x00,0x66,0x52,0x44,0x31,0x41,0x08,0x21,0x08,0x61,0x08,0x41,0x08,
	0x00,0x00,0x00,0x00,0x20,0x00,0x21,0x08,0xA2,0x18,0x45,0x5A,0xE6,0x72,0xE5,0x72,0x25,0x52,0x45,0x29,
	0x65,0x29,0x45,0x29,0x45,0x29,0x45,0x29,0x45,0x29,0x45,0x29,0x45,0x29,0x45,0x29,0x45,0x29,0x45,0x29,
	0x45,0x29,0x24,0x21,0xAA,0xC5,0x2B,0xFF,0x4B,0xFF,0x88,0x9C,0xE4,0x18,0x66,0x29,0x45,0x29,0x45,0x29,
	0x45,0x29,0x45,0x29,0x45,0x29,0x45,0x29,0x45,0x29,0x45,0x29,0x45,0x29,0x45,0x29,0x45,0x29,0x45,0x29,
	0x45,0x29,0x45,0x29,0x45,0x29,0x25,0x29,0x45,0x29,0x25,0x29,0x45,0x29,0x25,0x29,0x25,0x29,0x25,0x21,
	0x25,0x21,0x25,0x21,0x24,0x21,0x04,0x21,0x04,0x21,0xE4,0x20,0xC3,0x18,0xA3,0x18,0x41,0x08,0x00,0x00,
	0x00,0x00,0x00,0x00,0x41,0x08,0x82,0x10,0xC3,0x18,0xE4,0x18,0x04,0x21,0x04,0x21,0x04,0x21,0x24,0x21,
	0x24,0x21,0x25,0x21,0x25,0x21,0x25,0x21,0x25,0x21,0x25,0x21,0x25,0x29,0x25,0x29,0x25,0x21,0x25,0x21,
	0x25,0x29,0x25,0x29,0x25,0x29,0x25,0x29,0x25,0x29,0x45,0x29,0x25,0x29,0x45,0x29,0x45,0x29,0x45,0x29,
	0x45,0x29,0x45,0x29,0xE4,0x20,0x28,0xB5,0xEB,0xFE,0x0B,0xFF,0xE9,0xAC,0xE4,0x18,0x65,0x29,0x45,0x29,
	0x45,0x29,0x45,0x29,0x24,0x29,0xC9,0xCD,0xEA,0xF6,0x2B,0xFF,0x68,0x9C,0xE4,0x18,0x45,0x29,0x45,0x29,
	0x45,0x29,0x45,0x29,0x45,0x29,0x45,0x29,0x45,0x29,0x45,0x29,0x45,0x29,0x45,0x29,0x45,0x29,0x84,0x39,
	0x20,0x08,0x00,0x00,0x00,0x00,0x00,0x00,0x00,0x00,0x00,0x00,0x00,0x00,0x00,0x00,0x00,0x00,0x00,0x00,
	0x00,0x00,0x00,0x00,0x00,0x00,0x00,0x00,0x00,0x00,0x00,0x00,0x00,0x00,0x00,0x00,0x00,0x00,0x00,0x00,
	0x00,0x00,0x00,0x00,0x00,0x00,0x00,0x00,0x00,0x00,0x00,0x00,0x00,0x00,0x00,0x00,0x00,0x00,0x00,0x00,
	0x00,0x00,0x00,0x00,0x42,0x08,0x64,0x31,0x90,0xDE,0x90,0xDE,0x0A,0x8C,0x65,0x31,0x05,0x21,0xA9,0x5A,
	0x48,0x73,0x22,0x21,0x00,0x00,0x01,0x00,0xE3,0x18,0x45,0x5A,0x85,0x6A,0x45,0x5A,0xE5,0x49,0x45,0x29,
	0x66,0x29,0x45,0x29,0x45,0x29,0x45,0x29,0x45,0x29,0x45,0x29,0x45,0x29,0x45,0x29,0x45,0x29,0x45,0x29,
	0x45,0x29,0x04,0x21,0x8A,0xC5,0x0B,0xFF,0x4B,0xFF,0xA8,0xA4,0xE4,0x18,0x65,0x29,0x45,0x29,0x45,0x29,
	0x45,0x29,0x45,0x29,0x45,0x29,0x45,0x29,0x45,0x29,0x45,0x29,0x45,0x29,0x45,0x29,0x45,0x29,0x45,0x29,
	0x25,0x29,0x25,0x29,0x45,0x29,0x25,0x29,0x25,0x29,0x25,0x29,0x25,0x29,0x25,0x29,0x25,0x29,0x25,0x29,
	0x25,0x21,0x25,0x21,0x24,0x21,0x04,0x21,0x04,0x21,0xE4,0x20,0xC3,0x18,0xA3,0x10,0x61,0x08,0x00,0x00,
	0x00,0x00,0x00,0x00,0xA2,0x10,0x24,0x21,0xE4,0x20,0xC3,0x18,0xE4,0x20,0x04,0x21,0x04,0x21,0x24,0x21,
	0x24,0x21,0x24,0x21,0x25,0x21,0x25,0x21,0x25,0x29,0x25,0x21,0x25,0x21,0x25,0x29,0x25,0x29,0x45,0x29,
	0x25,0x29,0x25,0x29,0x25,0x29,0x25,0x29,0x25,0x29,0x45,0x29,0x25,0x29,0x25,0x29,0x45,0x29,0x45,0x29,
	0x25,0x29,0x45,0x29,0xE4,0x20,0xA9,0xC5,0x6B,0xFF,0x8C,0xFF,0x29,0xB5,0xE4,0x18,0x65,0x29,0x45,0x29,
	0x45,0x29,0x45,0x29,0x23,0x29,0x2A,0xDE,0x4B,0xFF,0xAC,0xFF,0xA8,0xA4,0xC4,0x18,0x45,0x29,0x45,0x29,
	0x45,0x29,0x45,0x29,0x45,0x29,0x45,0x29,0x45,0x29,0x45,0x29,0x45,0x29,0x45,0x29,0x65,0x29,0x03,0x29,
	0x00,0x00,0x00,0x00,0x00,0x00,0x00,0x00,0x00,0x00,0x00,0x00,0x00,0x00,0x00,0x00,0x00,0x00,0x00,0x00,
	0x00,0x00,0x00,0x00,0x00,0x00,0x00,0x00,0x00,0x00,0x00,0x00,0x00,0x00,0x00,0x00,0x00,0x00,0x00,0x00,
	0x00,0x00,0x00,0x00,0x00,0x00,0x00,0x00,0x00,0x00,0x00,0x00,0x00,0x00,0x00,0x00,0x00,0x00,0x41,0x08,
	0x86,0x31,0x6B,0x73,0xCE,0x9C,0x51,0xCE,0x73,0xEF,0xF5,0xFF,0xF5,0xFF,0xCE,0xC5,0xE7,0x41,0xA6,0x39,
	0x6E,0xB5,0x53,0xF7,0x6B,0x94,0xC2,0x18,0x44,0x31,0x26,0x83,0x25,0x83,0x24,0x5A,0xE5,0x49,0x45,0x29,
	0x66,0x29,0x45,0x29,0x45,0x29,0x45,0x29,0x45,0x29,0x45,0x29,0x45,0x29,0x45,0x29,0x45,0x29,0x45,0x29,
	0x45,0x29,0x24,0x21,0x0A,0xD6,0x6B,0xFF,0xAC,0xFF,0xE8,0xAC,0xE4,0x18,0x65,0x29,0x45,0x29,0x45,0x29,
	0x45,0x29,0x45,0x29,0x45,0x29,0x45,0x29,0x25,0x29,0x45,0x29,0x45,0x29,0x45,0x29,0x25,0x21,0x45,0x29,
	0x25,0x29,0x45,0x29,0x45,0x29,0x45,0x29,0x25,0x21,0x25,0x29,0x25,0x29,0x25,0x29,0x25,0x21,0x25,0x21,
	0x25,0x21,0x25,0x21,0x25,0x21,0x24,0x21,0x04,0x21,0xE4,0x18,0xE4,0x20,0x45,0x29,0xE4,0x20,0x00,0x00,
	0x00,0x00,0x00,0x00,0x41,0x08,0xE3,0x18,0x66,0x29,0x86,0x31,0x04,0x21,0x04,0x21,0x04,0x21,0x04,0x21,
	0x24,0x21,0x24,0x21,0x24,0x21,0x25,0x21,0x25,0x21,0x25,0x21,0x25,0x21,0x25,0x29,0x25,0x29,0x25,0x29,
	0x45,0x29,0x25,0x29,0x25,0x29,0x25,0x29,0x25,0x21,0x25,0x29,0x25,0x29,0x25,0x29,0x25,0x29,0x25,0x29,
	0x25,0x29,0x45,0x29,0xE4,0x20,0x86,0x83,0x49,0xBD,0x49,0xBD,0x66,0x7B,0xE4,0x20,0x45,0x29,0x45,0x29,
	0x45,0x29,0x45,0x29,0x04,0x21,0x07,0x8C,0x48,0xBD,0x48,0xBD,0xE5,0x62,0xE4,0x18,0x45,0x29,0x45,0x29,
	0x45,0x29,0x45,0x29,0x45,0x29,0x45,0x29,0x45,0x29,0x45,0x29,0x45,0x29,0x45,0x29,0x45,0x29,0x82,0x18,
	0x00,0x00,0x00,0x00,0x00,0x00,0x00,0x00,0x00,0x00,0x00,0x00,0x00,0x00,0x00,0x00,0x00,0x00,0x00,0x00,
	0x00,0x00,0x00,0x00,0x00,0x00,0x00,0x00,0x00,0x00,0x00,0x00,0x00,0x00,0x00,0x00,0x00,0x00,0x00,0x00,
	0x00,0x00,0x00,0x00,0x00,0x00,0x00,0x00,0x00,0x00,0x00,0x00,0x00,0x00,0x00,0x00,0x82,0x10,0x08,0x42,
	0x8C,0x7B,0xAB,0x83,0xE8,0x62,0x26,0x4A,0x43,0x29,0xA4,0x31,0x4C,0x8C,0xF4,0xFF,0x0F,0xCE,0x24,0x29,
	0x82,0x10,0x6C,0x94,0xF6,0xFF,0x51,0xCE,0x84,0x62,0x28,0xC5,0x86,0xB4,0x47,0xA4,0x06,0x73,0x05,0x21,
	0x65,0x29,0x45,0x29,0x45,0x29,0x45,0x29,0x45,0x29,0x45,0x29,0x45,0x29,0x45,0x29,0x45,0x29,0x45,0x29,
	0x65,0x29,0x04,0x21,0xE7,0x8B,0x48,0xBD,0x28,0xB5,0x06,0x6B,0x04,0x21,0x45,0x29,0x45,0x29,0x25,0x29,
	0x25,0x21,0x45,0x29,0x45,0x29,0x45,0x29,0x45,0x29,0x45,0x29,0x45,0x29,0x45,0x29,0x25,0x29,0x45,0x29,
	0x45,0x29,0x25,0x29,0x25,0x29,0x25,0x29,0x25,0x29,0x25,0x21,0x25,0x21,0x25,0x21,0x25,0x21,0x25,0x21,
	0x25,0x21,0x25,0x21,0x25,0x21,0x04,0x21,0x04,0x21,0x86,0x31,0x86,0x31,0x04,0x21,0x61,0x08,0x00,0x00,
	0x00,0x00,0x00,0x00,0x41,0x08,0x82,0x10,0xA3,0x18,0x25,0x21,0x25,0x21,0xE4,0x20,0x04,0x21,0x04,0x21,
	0x24,0x21,0x24,0x21,0x25,0x21,0x25,0x21,0x25,0x21,0x25,0x21,0x25,0x21,0x25,0x21,0x25,0x21,0x25,0x29,
	0x25,0x29,0x25,0x21,0x25,0x29,0x25,0x29,0x25,0x21,0x25,0x21,0x25,0x21,0x25,0x29,0x25,0x29,0x25,0x29,
	0x25,0x21,0x25,0x29,0x25,0x21,0x62,0x10,0x41,0x08,0x41,0x08,0xA3,0x10,0x45,0x29,0x25,0x29,0x25,0x29,
	0x25,0x29,0x45,0x29,0x24,0x21,0x62,0x08,0x41,0x08,0x21,0x08,0xA3,0x10,0x25,0x29,0x25,0x21,0x25,0x21,
	0x45,0x29,0x45,0x29,0x45,0x29,0x45,0x29,0x45,0x29,0x45,0x29,0x25,0x29,0x45,0x29,0x45,0x29,0x41,0x08,
	0x00,0x00,0x00,0x00,0x00,0x00,0x00,0x00,0x00,0x00,0x00,0x00,0x00,0x00,0x00,0x00,0x00,0x00,0x00,0x00,
	0x00,0x00,0x00,0x00,0x00,0x00,0x00,0x00,0x00,0x00,0x00,0x00,0x00,0x00,0x00,0x00,0x00,0x00,0x00,0x00,
	0x00,0x00,0x00,0x00,0x00,0x00,0x00,0x00,0x00,0x00,0x00,0x00,0x00,0x00,0x00,0x00,0x41,0x08,0x62,0x10,
	0x20,0x08,0x00,0x00,0x00,0x00,0x00,0x00,0x00,0x00,0x00,0x00,0x00,0x00,0x46,0x4A,0x72,0xEF,0xEE,0xCD,
	0x41,0x10,0x00,0x00,0xE5,0x39,0x34,0xE7,0x0E,0xCE,0x6A,0xDE,0x69,0xE6,0x4D,0xFF,0xA9,0x9C,0xE4,0x20,
	0x65,0x29,0x45,0x29,0x45,0x29,0x45,0x29,0x45,0x29,0x45,0x29,0x45,0x29,0x45,0x29,0x45,0x29,0x45,0x29,
	0x45,0x29,0x25,0x29,0x62,0x10,0x41,0x08,0x41,0x08,0xA3,0x10,0x45,0x29,0x45,0x29,0x45,0x29,0x45,0x29,
	0x25,0x29,0x45,0x29,0x25,0x29,0x45,0x29,0x45,0x29,0x45,0x29,0x45,0x29,0x25,0x29,0x45,0x29,0x25,0x29,
	0x45,0x29,0x25,0x29,0x25,0x29,0x25,0x29,0x25,0x29,0x25,0x21,0x25,0x21,0x25,0x21,0x25,0x21,0x25,0x21,
	0x25,0x21,0x25,0x21,0x04,0x21,0x04,0x21,0x24,0x21,0x45,0x29,0xC3,0x18,0x82,0x10,0x41,0x08,0x00,0x00,
	0x00,0x00,0x00,0x00,0x41,0x08,0xA3,0x10,0xC3,0x18,0xC3,0x18,0xE4,0x20,0x04,0x21,0x04,0x21,0x24,0x21,
	0x04,0x21,0x24,0x21,0x25,0x21,0x25,0x21,0x25,0x21,0x25,0x21,0x25,0x21,0x25,0x21,0x25,0x21,0x25,0x21,
	0x25,0x21,0x25,0x21,0x25,0x29,0x25,0x21,0x25,0x21,0x25,0x21,0x25,0x21,0x25,0x21,0x25,0x21,0x25,0x21,
	0x25,0x29,0x25,0x21,0x25,0x21,0x25,0x29,0x25,0x21,0x45,0x29,0x25,0x29,0x25,0x29,0x25,0x29,0x45,0x29,
	0x25,0x29,0x45,0x29,0x45,0x29,0x45,0x29,0x25,0x21,0x25,0x21,0x25,0x29,0x25,0x29,0x45,0x29,0x45,0x29,
	0x45,0x29,0x45,0x29,0x45,0x29,0x45,0x29,0x45,0x29,0x25,0x29,0x45,0x29,0x45,0x29,0x25,0x29,0x41,0x08,
	0x00,0x00,0x00,0x00,0x00,0x00,0x00,0x00,0x00,0x00,0x00,0x00,0x00,0x00,0x00,0x00,0x00,0x00,0x00,0x00,
	0x00,0x00,0x00,0x00,0x00,0x00,0x00,0x00,0x00,0x00,0x00,0x00,0x00,0x00,0x00,0x00,0x00,0x00,0x61,0x08,
	0xA3,0x18,0x41,0x08,0x00,0x00,0x00,0x00,0x00,0x00,0x00,0x00,0x00,0x00,0x00,0x00,0x00,0x00,0x00,0x00,
	0x00,0x00,0x00,0x00,0x20,0x00,0x20,0x00,0x00,0x00,0x00,0x00,0x20,0x00,0x00,0x00,0x44,0x29,0xD1,0xDE,
	0x2D,0xB5,0x00,0x00,0x00,0x00,0x84,0x31,0xB3,0xD6,0x4A,0xAD,0xAB,0xE6,0xD1,0xFF,0x0A,0xAD,0xE3,0x20,
	0x65,0x29,0x45,0x29,0x45,0x29,0x25,0x29,0x45,0x29,0x25,0x29,0x25,0x29,0x45,0x29,0x45,0x29,0x45,0x29,
	0x45,0x29,0x45,0x29,0x45,0x29,0x25,0x29,0x45,0x29,0x45,0x29,0x25,0x29,0x45,0x29,0x45,0x29,0x45,0x29,
	0x45,0x29,0x25,0x29,0x45,0x29,0x45,0x29,0x45,0x29,0x25,0x29,0x45,0x29,0x25,0x29,0x25,0x29,0x25,0x29,
	0x25,0x29,0x25,0x29,0x25,0x21,0x25,0x21,0x25,0x21,0x25,0x21,0x25,0x21,0x25,0x21,0x25,0x21,0x25,0x21,
	0x25,0x21,0x24,0x21,0x04,0x21,0x04,0x21,0x04,0x21,0xE4,0x18,0xC3,0x18,0xA3,0x18,0x61,0x08,0x00,0x00,
	0x00,0x00,0x00,0x00,0x41,0x08,0xA3,0x10,0xC3,0x18,0xE4,0x18,0xE4,0x20,0x04,0x21,0x04,0x21,0x04,0x21,
	0x04,0x21,0x24,0x21,0x04,0x21,0x24,0x21,0x24,0x21,0x25,0x21,0x25,0x21,0x25,0x21,0x25,0x21,0x25,0x21,
	0x25,0x21,0x25,0x21,0x25,0x21,0x25,0x21,0x25,0x21,0x25,0x21,0x25,0x21,0x25,0x21,0x25,0x21,0x25,0x21,
	0x25,0x29,0x25,0x21,0x25,0x21,0x25,0x21,0x25,0x21,0x25,0x21,0x25,0x21,0x25,0x29,0x25,0x21,0x25,0x29,
	0x25,0x29,0x25,0x21,0x45,0x29,0x25,0x21,0x25,0x29,0x25,0x21,0x25,0x21,0x25,0x29,0x45,0x29,0x45,0x29,
	0x25,0x29,0x25,0x29,0x25,0x21,0x25,0x29,0x25,0x29,0x25,0x29,0x45,0x29,0x45,0x29,0x24,0x21,0x20,0x08,
	0x00,0x00,0x00,0x00,0x00,0x00,0x00,0x00,0x00,0x00,0x00,0x00,0x00,0x00,0x00,0x00,0x00,0x00,0x00,0x00,
	0x00,0x00,0x00,0x00,0x00,0x00,0x00,0x00,0x00,0x00,0x00,0x00,0x00,0x00,0x00,0x00,0x00,0x00,0x00,0x00,
	0xA3,0x10,0x86,0x31,0x86,0x31,0xC3,0x18,0x62,0x08,0x20,0x00,0x00,0x00,0x00,0x00,0x00,0x00,0x00,0x00,
	0x00,0x00,0x00,0x00,0x00,0x00,0x00,0x00,0x00,0x00,0x00,0x00,0x00,0x00,0x20,0x00,0x00,0x00,0xA2,0x18,
	0xEF,0xBD,0xAF,0xBD,0x84,0x31,0x00,0x00,0xAA,0x7B,0xA9,0x7B,0x69,0x9C,0x2F,0xEF,0xAA,0xC5,0x45,0x4A,
	0x25,0x21,0x45,0x29,0x45,0x29,0x25,0x29,0x25,0x29,0x25,0x29,0x45,0x29,0x45,0x29,0x45,0x29,0x45,0x29,
	0x45,0x29,0x25,0x29,0x25,0x29,0x25,0x29,0x25,0x29,0x25,0x29,0x25,0x29,0x25,0x29,0x25,0x29,0x25,0x29,
	0x25,0x29,0x45,0x29,0x45,0x29,0x45,0x29,0x45,0x29,0x45,0x29,0x25,0x29,0x25,0x29,0x25,0x29,0x25,0x21,
	0x25,0x29,0x25,0x21,0x25,0x21,0x25,0x21,0x25,0x21,0x25,0x21,0x25,0x21,0x24,0x21,0x24,0x21,0x24,0x21,
	0x24,0x21,0x24,0x21,0x04,0x21,0x04,0x21,0x04,0x21,0xE4,0x20,0xC3,0x18,0xA3,0x10,0x61,0x08,0x00,0x00,
	0x00,0x00,0x00,0x00,0x41,0x08,0xA3,0x10,0xC3,0x18,0xE4,0x20,0xE4,0x20,0x04,0x21,0x04,0x21,0x04,0x21,
	0x04,0x21,0x04,0x21,0x24,0x21,0x04,0x21,0x24,0x21,0x24,0x21,0x25,0x21,0x25,0x21,0x25,0x21,0x25,0x29,
	0x25,0x21,0x25,0x21,0x25,0x21,0x25,0x21,0x25,0x21,0x25,0x21,0x25,0x21,0x25,0x21,0x25,0x29,0x25,0x29,
	0x25,0x29,0x25,0x21,0x25,0x29,0x25,0x21,0x25,0x21,0x25,0x29,0x25,0x29,0x25,0x29,0x25,0x21,0x25,0x29,
	0x25,0x29,0x25,0x21,0x25,0x21,0x25,0x21,0x45,0x29,0x25,0x29,0x25,0x21,0x25,0x29,0x45,0x29,0x25,0x29,
	0x25,0x29,0x25,0x21,0x25,0x21,0x25,0x29,0x25,0x29,0x25,0x21,0x25,0x29,0x45,0x29,0x04,0x21,0x20,0x00,
	0x00,0x00,0x00,0x00,0x00,0x00,0x00,0x00,0x00,0x00,0x00,0x00,0x00,0x00,0x00,0x00,0x00,0x00,0x00,0x00,
	0x00,0x00,0x00,0x00,0x00,0x00,0x00,0x00,0x00,0x00,0x00,0x00,0x00,0x00,0x00,0x00,0x00,0x00,0x00,0x00,
	0x00,0x00,0x61,0x08,0xC7,0x39,0x6A,0x4A,0x08,0x42,0x87,0x31,0x04,0x21,0xA6,0x31,0x61,0x08,0x00,0x00,
	0x00,0x00,0x00,0x00,0x00,0x00,0x00,0x00,0x00,0x00,0x00,0x00,0x00,0x00,0x00,0x00,0x20,0x00,0x00,0x00,
	0x00,0x00,0xEA,0x83,0x93,0xD6,0xA8,0x5A,0x81,0x10,0x43,0x29,0xC5,0x41,0xE6,0x6A,0x4A,0xB5,0x8C,0xBD,
	0xE4,0x20,0x45,0x29,0x45,0x29,0x25,0x29,0x45,0x29,0x45,0x29,0x45,0x29,0x45,0x29,0x45,0x29,0x45,0x29,
	0x45,0x29,0x25,0x29,0x25,0x29,0x25,0x29,0x45,0x29,0x25,0x29,0x25,0x29,0x25,0x29,0x25,0x29,0x25,0x21,
	0x25,0x29,0x45,0x29,0x45,0x29,0x45,0x29,0x25,0x29,0x25,0x21,0x25,0x29,0x25,0x21,0x25,0x21,0x25,0x21,
	0x25,0x21,0x25,0x21,0x25,0x21,0x25,0x21,0x25,0x21,0x24,0x21,0x25,0x21,0x25,0x21,0x25,0x21,0x25,0x21,
	0x24,0x21,0x24,0x21,0x04,0x21,0x04,0x21,0x04,0x21,0xE4,0x18,0xC3,0x18,0x82,0x10,0x41,0x08,0x00,0x00,
	0x00,0x00,0x00,0x00,0x41,0x08,0xA3,0x10,0xC3,0x18,0xE4,0x18,0xE4,0x20,0x04,0x21,0x04,0x21,0x04,0x21,
	0x04,0x21,0x04,0x21,0x04,0x21,0x04,0x21,0x24,0x21,0x04,0x21,0x25,0x21,0x25,0x21,0x25,0x21,0x25,0x21,
	0x25,0x21,0x25,0x21,0x25,0x21,0x25,0x21,0x25,0x29,0x25,0x21,0x25,0x21,0x25,0x21,0x25,0x21,0x25,0x21,
	0x25,0x29,0x25,0x29,0x25,0x21,0x25,0x21,0x25,0x21,0x25,0x21,0x25,0x29,0x25,0x21,0x25,0x29,0x25,0x21,
	0x25,0x21,0x25,0x21,0x25,0x21,0x25,0x21,0x25,0x21,0x45,0x29,0x45,0x29,0x25,0x29,0x25,0x29,0x25,0x21,
	0x25,0x21,0x25,0x29,0x25,0x21,0x25,0x21,0x25,0x21,0x25,0x21,0x25,0x29,0x45,0x29,0x04,0x21,0x00,0x00,
	0x00,0x00,0x00,0x00,0x00,0x00,0x00,0x00,0x00,0x00,0x00,0x00,0x00,0x00,0x00,0x00,0x00,0x00,0x00,0x00,
	0x00,0x00,0x00,0x00,0x00,0x00,0x00,0x00,0x00,0x00,0x00,0x00,0x00,0x00,0x00,0x00,0x00,0x00,0x00,0x00,
	0x00,0x00,0x00,0x00,0x00,0x00,0x24,0x21,0xC7,0x39,0xA7,0x31,0x46,0x29,0x28,0x4A,0x0B,0x6B,0x21,0x08,
	0x00,0x00,0x00,0x00,0x00,0x00,0x00,0x00,0x00,0x00,0x00,0x00,0x00,0x00,0x00,0x00,0x00,0x00,0x00,0x00,
	0x00,0x00,0x00,0x00,0xA2,0x18,0xC2,0x18,0x00,0x00,0x20,0x00,0x41,0x08,0x21,0x08,0x4C,0xB5,0x2E,0xD6,
	0xE4,0x20,0x45,0x29,0x45,0x29,0x45,0x29,0x45,0x29,0x45,0x29,0x45,0x29,0x45,0x29,0x45,0x29,0x45,0x29,
	0x25,0x29,0x25,0x29,0x25,0x29,0x45,0x29,0x25,0x29,0x25,0x29,0x25,0x29,0x25,0x29,0x25,0x29,0x25,0x29,
	0x25,0x29,0x25,0x29,0x25,0x21,0x25,0x29,0x25,0x21,0x25,0x21,0x25,0x21,0x25,0x21,0x25,0x21,0x25,0x21,
	0x25,0x21,0x25,0x21,0x25,0x21,0x25,0x21,0x25,0x21,0x25,0x21,0x25,0x21,0x25,0x21,0x25,0x21,0x25,0x21,
	0x24,0x21,0x24,0x21,0x04,0x21,0x04,0x21,0xE4,0x20,0xE4,0x18,0xC3,0x18,0xA3,0x10,0x61,0x08,0x00,0x00,
	0x00,0x00,0x00,0x00,0x61,0x08,0xA2,0x10,0xC3,0x18,0xE4,0x18,0xE4,0x20,0x04,0x21,0x04,0x21,0x04,0x21,
	0x04,0x21,0x04,0x21,0x04,0x21,0x04,0x21,0x04,0x21,0x04,0x21,0x24,0x21,0x24,0x21,0x24,0x21,0x25,0x21,
	0x25,0x21,0x25,0x21,0x25,0x21,0x25,0x21,0x25,0x21,0x25,0x21,0x25,0x21,0x25,0x21,0x25,0x21,0x25,0x21,
	0x25,0x21,0x25,0x21,0x25,0x21,0x25,0x21,0x25,0x21,0x25,0x21,0x25,0x29,0x25,0x21,0x25,0x29,0x25,0x29,
	0x25,0x21,0x25,0x21,0x25,0x21,0x25,0x21,0x25,0x21,0x25,0x21,0x25,0x21,0x25,0x21,0x25,0x29,0x25,0x21,
	0x25,0x21,0x25,0x21,0x25,0x21,0x25,0x29,0x25,0x29,0x25,0x21,0x25,0x21,0x45,0x29,0xE4,0x20,0x00,0x00,
	0x00,0x00,0x00,0x00,0x00,0x00,0x00,0x00,0x00,0x00,0x00,0x00,0x00,0x00,0x00,0x00,0x00,0x00,0x00,0x00,
	0x00,0x00,0x00,0x00,0x00,0x00,0x00,0x00,0x00,0x00,0x00,0x00,0x00,0x00,0x00,0x00,0x00,0x00,0x00,0x00,
	0x00,0x00,0x00,0x00,0x00,0x00,0x00,0x00,0x00,0x00,0x41,0x08,0x21,0x00,0x00,0x00,0xE3,0x20,0x04,0x21,
	0x41,0x08,0x00,0x00,0x00,0x00,0x00,0x00,0x00,0x00,0x00,0x00,0x00,0x00,0x00,0x00,0x00,0x00,0x00,0x00,
	0x00,0x00,0x20,0x00,0x00,0x00,0x00,0x00,0x00,0x00,0x00,0x00,0x00,0x00,0x00,0x00,0x45,0x4A,0xC7,0x5A,
	0x04,0x21,0x45,0x29,0x25,0x29,0x25,0x29,0x25,0x29,0x45,0x29,0x25,0x29,0x25,0x29,0x25,0x29,0x45,0x29,
	0x25,0x29,0x25,0x29,0x25,0x21,0x25,0x29,0x25,0x29,0x25,0x21,0x25,0x21,0x25,0x21,0x25,0x29,0x25,0x29,
	0x25,0x29,0x25,0x21,0x25,0x21,0x25,0x21,0x25,0x21,0x25,0x21,0x25,0x21,0x25,0x21,0x25,0x21,0x25,0x21,
	0x25,0x21,0x25,0x21,0x25,0x21,0x25,0x21,0x25,0x21,0x25,0x21,0x25,0x21,0x25,0x21,0x25,0x21,0x25,0x21,
	0x24,0x21,0x04,0x21,0x04,0x21,0x04,0x21,0xE4,0x20,0xE4,0x18,0xC3,0x18,0xA3,0x10,0x61,0x08,0x00,0x00,
	0x00,0x00,0x00,0x00,0x41,0x08,0xA2,0x10,0xC3,0x18,0xE4,0x18,0xE4,0x20,0x04,0x21,0x04,0x21,0x04,0x21,
	0x04,0x21,0x04,0x21,0x04,0x21,0x24,0x21,0x24,0x21,0x04,0x21,0x24,0x21,0x24,0x21,0x24,0x21,0x24,0x21,
	0x24,0x21,0x24,0x21,0x25,0x21,0x25,0x21,0x25,0x21,0x25,0x21,0x25,0x21,0x24,0x21,0x25,0x21,0x25,0x21,
	0x25,0x21,0x25,0x21,0x25,0x21,0x25,0x21,0x25,0x21,0x25,0x21,0x25,0x21,0x25,0x21,0x25,0x21,0x25,0x21,
	0x25,0x21,0x25,0x21,0x25,0x21,0x25,0x21,0x25,0x21,0x25,0x21,0x25,0x21,0x25,0x21,0x25,0x21,0x25,0x21,
	0x25,0x29,0x25,0x21,0x25,0x21,0x25,0x21,0x25,0x21,0x25,0x21,0x25,0x21,0x45,0x29,0xC3,0x20,0x00,0x00,
	0x00,0x00,0x00,0x00,0x00,0x00,0x00,0x00,0x00,0x00,0x00,0x00,0x00,0x00,0x00,0x00,0x00,0x00,0x00,0x00,
	0x00,0x00,0x00,0x00,0x00,0x00,0x00,0x00,0x00,0x00,0x00,0x00,0x00,0x00,0x00,0x00,0x00,0x00,0x00,0x00,
	0x00,0x00,0x00,0x00,0x00,0x00,0x00,0x00,0x00,0x00,0x00,0x00,0x00,0x00,0x00,0x00,0x00,0x00,0x00,0x00,
	0x41,0x08,0x20,0x00,0x00,0x00,0x00,0x00,0x00,0x00,0x00,0x00,0x00,0x00,0x00,0x00,0x00,0x00,0x00,0x00,
	0x00,0x00,0x00,0x00,0x00,0x00,0x00,0x00,0x24,0x21,0x0A,0x63,0x41,0x08,0x62,0x08,0xC3,0x18,0x05,0x21,
	0x45,0x29,0x25,0x29,0x25,0x29,0x25,0x21,0x25,0x29,0x45,0x29,0x25,0x29,0x25,0x29,0x25,0x29,0x25,0x29,
	0x45,0x29,0x25,0x29,0x25,0x21,0x25,0x21,0x25,0x29,0x25,0x21,0x25,0x21,0x25,0x21,0x25,0x29,0x25,0x29,
	0x25,0x29,0x25,0x21,0x25,0x21,0x25,0x21,0x25,0x21,0x25,0x21,0x25,0x21,0x25,0x21,0x25,0x21,0x25,0x21,
	0x25,0x21,0x25,0x21,0x25,0x21,0x25,0x21,0x25,0x21,0x25,0x21,0x25,0x21,0x25,0x21,0x25,0x21,0x24,0x21,
	0x24,0x21,0x04,0x21,0x04,0x21,0x04,0x21,0xE4,0x20,0xE4,0x18,0xC3,0x18,0xA3,0x10,0x41,0x08,0x00,0x00,
	0x00,0x00,0x00,0x00,0xA2,0x10,0xA3,0x18,0xA3,0x18,0xC4,0x18,0xE4,0x20,0x04,0x21,0x04,0x21,0x04,0x21,
	0x04,0x21,0x04,0x21,0x04,0x21,0x04,0x21,0x04,0x21,0x04,0x21,0x04,0x21,0x04,0x21,0x04,0x21,0x24,0x21,
	0x24,0x21,0x24,0x21,0x24,0x21,0x25,0x21,0x25,0x21,0x25,0x21,0x25,0x21,0x24,0x21,0x25,0x21,0x25,0x21,
	0x25,0x21,0x25,0x21,0x25,0x21,0x25,0x21,0x25,0x21,0x25,0x21,0x25,0x21,0x25,0x21,0x25,0x21,0x25,0x21,
	0x25,0x21,0x24,0x21,0x25,0x21,0x25,0x21,0x25,0x21,0x25,0x21,0x25,0x21,0x25,0x21,0x25,0x21,0x25,0x21,
	0x25,0x21,0x25,0x21,0x25,0x21,0x25,0x21,0x25,0x21,0x25,0x21,0x25,0x21,0x45,0x31,0xC2,0x20,0x00,0x00,
	0x00,0x00,0x00,0x00,0x00,0x00,0x00,0x00,0x00,0x00,0x00,0x00,0x00,0x00,0x00,0x00,0x00,0x00,0x00,0x00,
	0x00,0x00,0x00,0x00,0x00,0x00,0x00,0x00,0x00,0x00,0x00,0x00,0x00,0x00,0x00,0x00,0x00,0x00,0x00,0x00,
	0x00,0x00,0x00,0x00,0x00,0x00,0x00,0x00,0x00,0x00,0x00,0x00,0x00,0x00,0x00,0x00,0x00,0x00,0x00,0x00,
	0x00,0x00,0x00,0x00,0x00,0x00,0x00,0x00,0x00,0x00,0x00,0x00,0x00,0x00,0x00,0x00,0x00,0x00,0x00,0x00,
	0x00,0x00,0x00,0x00,0x20,0x00,0xC4,0x18,0x04,0x21,0xC8,0x5A,0xA7,0x5A,0xE4,0x18,0x66,0x31,0x45,0x29,
	0x25,0x29,0x25,0x29,0x25,0x29,0x25,0x21,0x25,0x21,0x25,0x29,0x25,0x29,0x25,0x21,0x25,0x21,0x25,0x29,
	0x45,0x29,0x25,0x21,0x25,0x21,0x25,0x21,0x25,0x21,0x25,0x21,0x25,0x21,0x25,0x21,0x25,0x21,0x25,0x29,
	0x25,0x21,0x25,0x21,0x25,0x21,0x25,0x21,0x24,0x21,0x25,0x21,0x25,0x21,0x25,0x21,0x25,0x21,0x25,0x21,
	0x25,0x21,0x24,0x21,0x25,0x21,0x24,0x21,0x24,0x21,0x25,0x21,0x24,0x21,0x25,0x21,0x24,0x21,0x24,0x21,
	0x04,0x21,0x04,0x21,0x04,0x21,0x04,0x21,0x04,0x21,0xE4,0x18,0xA3,0x10,0xA3,0x10,0xC3,0x18,0x20,0x00,
	0x00,0x00,0x00,0x00,0xC3,0x18,0x45,0x29,0x65,0x29,0x25,0x29,0xE4,0x20,0xE4,0x20,0x04,0x21,0x04,0x21,
	0x04,0x21,0x04,0x21,0x04,0x21,0x04,0x21,0x04,0x21,0x04,0x21,0x04,0x21,0x04,0x21,0x05,0x21,0x24,0x21,
	0x24,0x21,0x24,0x21,0x24,0x21,0x25,0x21,0x25,0x21,0x25,0x21,0x04,0x21,0x04,0x21,0x25,0x21,0x25,0x21,
	0x24,0x21,0x25,0x21,0x25,0x21,0x25,0x21,0x25,0x21,0x24,0x21,0x25,0x21,0x24,0x21,0x24,0x21,0x24,0x21,
	0x25,0x21,0x25,0x21,0x24,0x21,0x25,0x21,0x25,0x21,0x25,0x21,0x25,0x21,0x25,0x21,0x25,0x21,0x25,0x21,
	0x25,0x21,0x25,0x21,0x25,0x29,0x25,0x29,0x25,0x21,0x25,0x29,0x25,0x21,0x85,0x39,0x81,0x18,0x00,0x00,
	0x00,0x00,0x00,0x00,0x00,0x00,0x00,0x00,0x00,0x00,0x00,0x00,0x00,0x00,0x00,0x00,0x00,0x00,0x00,0x00,
	0x00,0x00,0x00,0x00,0x00,0x00,0x00,0x00,0x00,0x00,0x00,0x00,0x00,0x00,0x00,0x00,0x00,0x00,0x00,0x00,
	0x00,0x00,0x00,0x00,0x00,0x00,0x00,0x00,0x00,0x00,0x00,0x00,0x00,0x00,0x00,0x00,0x00,0x00,0x00,0x00,
	0x00,0x00,0x00,0x00,0x00,0x00,0x00,0x00,0x00,0x00,0x00,0x00,0x00,0x00,0x00,0x00,0x00,0x00,0x00,0x00,
	0x00,0x00,0x00,0x00,0x62,0x08,0x62,0x10,0x21,0x08,0x40,0x08,0xA6,0x5A,0x04,0x21,0x25,0x29,0x25,0x29,
	0x25,0x29,0x25,0x29,0x25,0x21,0x25,0x21,0x25,0x21,0x25,0x21,0x25,0x21,0x25,0x21,0x25,0x21,0x25,0x21,
	0x25,0x21,0x25,0x21,0x25,0x21,0x25,0x21,0x25,0x21,0x25,0x21,0x25,0x21,0x25,0x21,0x25,0x21,0x25,0x21,
	0x25,0x21,0x25,0x21,0x25,0x21,0x25,0x21,0x25,0x21,0x25,0x21,0x05,0x21,0x25,0x21,0x25,0x21,0x25,0x21,
	0x25,0x21,0x24,0x21,0x24,0x21,0x24,0x21,0x24,0x21,0x24,0x21,0x24,0x21,0x05,0x21,0x24,0x21,0x04,0x21,
	0x05,0x21,0x04,0x21,0x04,0x21,0x04,0x21,0x04,0x21,0x04,0x21,0x66,0x29,0x86,0x31,0x04,0x21,0x20,0x00,
	0x00,0x00,0x00,0x00,0x61,0x08,0xA3,0x18,0x24,0x21,0xA6,0x31,0x24,0x21,0x04,0x21,0x24,0x21,0x04,0x21,
	0x04,0x21,0x04,0x21,0x04,0x21,0x04,0x21,0x04,0x21,0x04,0x21,0x04,0x21,0x04,0x21,0x04,0x21,0x25,0x29,
	0x25,0x21,0x24,0x21,0x24,0x21,0x25,0x21,0x25,0x21,0x25,0x29,0x25,0x29,0x25,0x21,0x25,0x21,0x24,0x21,
	0x25,0x21,0x24,0x21,0x24,0x21,0x24,0x21,0x24,0x21,0x24,0x21,0x05,0x21,0x24,0x21,0x24,0x21,0x25,0x21,
	0x25,0x21,0x24,0x21,0x24,0x21,0x25,0x21,0x25,0x21,0x25,0x21,0x25,0x21,0x25,0x21,0x25,0x21,0x25,0x21,
	0x25,0x21,0x25,0x21,0x25,0x21,0x25,0x29,0x25,0x21,0x25,0x21,0x45,0x29,0xC4,0x41,0x20,0x08,0x00,0x00,
	0x00,0x00,0x00,0x00,0x00,0x00,0x00,0x00,0x00,0x00,0x00,0x00,0x00,0x00,0x00,0x00,0x00,0x00,0x00,0x00,
	0x00,0x00,0x00,0x00,0x00,0x00,0x00,0x00,0x00,0x00,0x00,0x00,0x00,0x00,0x00,0x00,0x00,0x00,0x00,0x00,
	0x00,0x00,0x00,0x00,0x00,0x00,0x00,0x00,0x00,0x00,0x00,0x00,0x00,0x00,0x00,0x00,0x00,0x00,0x00,0x00,
	0x00,0x00,0x00,0x00,0x00,0x00,0x00,0x00,0x00,0x00,0x00,0x00,0x00,0x00,0x00,0x00,0x00,0x00,0x00,0x00,
	0x00,0x00,0x00,0x00,0x20,0x00,0x20,0x00,0x00,0x00,0x00,0x00,0x45,0x52,0x44,0x29,0x25,0x21,0x25,0x21,
	0x25,0x21,0x25,0x21,0x25,0x21,0x25,0x21,0x25,0x21,0x25,0x21,0x25,0x21,0x25,0x29,0x25,0x29,0x25,0x21,
	0x25,0x21,0x25,0x21,0x25,0x21,0x25,0x21,0x25,0x21,0x25,0x21,0x25,0x21,0x25,0x21,0x25,0x21,0x25,0x21,
	0x25,0x21,0x25,0x21,0x25,0x21,0x25,0x21,0x25,0x21,0x25,0x21,0x25,0x21,0x25,0x21,0x25,0x21,0x25,0x21,
	0x25,0x29,0x25,0x29,0x25,0x29,0x25,0x21,0x25,0x21,0x25,0x21,0x25,0x21,0x25,0x21,0x25,0x29,0x25,0x21,
	0x25,0x21,0x04,0x21,0x04,0x21,0x04,0x21,0x04,0x21,0x86,0x31,0x45,0x29,0xC3,0x18,0x61,0x08,0x00,0x00,
	0x00,0x00,0x00,0x00,0x61,0x08,0xA3,0x18,0xC3,0x18,0xE4,0x18,0xC4,0x18,0xA3,0x10,0xA3,0x10,0xA3,0x10,
	0x04,0x21,0x04,0x21,0x04,0x21,0x04,0x21,0x04,0x21,0x04,0x21,0x24,0x21,0x25,0x21,0xE4,0x20,0xA4,0x18,
	0xC3,0x18,0xE4,0x18,0x04,0x21,0x04,0x21,0xE4,0x20,0xC3,0x18,0xC4,0x18,0xE4,0x20,0x25,0x29,0x25,0x21,
	0x25,0x21,0x05,0x21,0x05,0x21,0x25,0x21,0x25,0x21,0x04,0x21,0x24,0x21,0x24,0x21,0x24,0x21,0x24,0x21,
	0x24,0x21,0x25,0x21,0x25,0x21,0x25,0x21,0x25,0x21,0x25,0x21,0x24,0x21,0x25,0x21,0x25,0x21,0x25,0x21,
	0x25,0x21,0x25,0x21,0x25,0x21,0x25,0x21,0x25,0x21,0x05,0x21,0xA5,0x39,0x63,0x39,0x00,0x00,0x00,0x00,
	0x00,0x00,0x00,0x00,0x00,0x00,0x00,0x00,0x00,0x00,0x00,0x00,0x00,0x00,0x00,0x00,0x00,0x00,0x00,0x00,
	0x00,0x00,0x00,0x00,0x00,0x00,0x00,0x00,0x00,0x00,0x00,0x00,0x00,0x00,0x00,0x00,0x00,0x00,0x00,0x00,
	0x00,0x00,0x00,0x00,0x00,0x00,0x00,0x00,0x00,0x00,0x00,0x00,0x00,0x00,0x00,0x00,0x00,0x00,0x00,0x00,
	0x00,0x00,0x00,0x00,0x00,0x00,0x00,0x00,0x00,0x00,0x00,0x00,0x00,0x00,0x00,0x00,0x00,0x00,0x00,0x00,
	0x00,0x00,0x00,0x00,0x00,0x00,0x00,0x00,0x00,0x00,0x00,0x00,0xE4,0x41,0x65,0x31,0x05,0x21,0x25,0x21,
	0x25,0x21,0x25,0x21,0x25,0x21,0x25,0x21,0x25,0x21,0x25,0x29,0x25,0x21,0x25,0x21,0x25,0x29,0x25,0x21,
	0x25,0x21,0x25,0x21,0x25,0x21,0x25,0x21,0x25,0x21,0x25,0x21,0x25,0x21,0x25,0x21,0x25,0x21,0x25,0x21,
	0x25,0x21,0x25,0x21,0x25,0x21,0x25,0x21,0x25,0x21,0x25,0x29,0x24,0x21,0x25,0x21,0x25,0x21,0x04,0x21,
	0xC4,0x18,0xA4,0x10,0xC4,0x18,0xC4,0x18,0xC4,0x18,0xE4,0x18,0xC4,0x18,0xC4,0x18,0xA3,0x10,0xA3,0x10,
	0xC4,0x18,0x04,0x21,0x24,0x21,0x04,0x21,0xE4,0x20,0xE3,0x18,0xA3,0x18,0xA3,0x18,0x61,0x08,0x00,0x00,
	0x00,0x00,0x00,0x00,0x61,0x08,0xA3,0x10,0x63,0x08,0xA3,0x18,0xA4,0x39,0x27,0x6B,0xAA,0xA4,0xA8,0x83,
	0xE4,0x20,0x04,0x21,0x04,0x21,0x05,0x21,0x05,0x21,0x25,0x21,0xE4,0x20,0xC4,0x18,0xE5,0x39,0x88,0x73,
	0xEA,0xA4,0xAC,0xBD,0xEC,0xCD,0xEC,0xCD,0xAC,0xBD,0xEB,0xA4,0x88,0x73,0xC5,0x39,0xA3,0x18,0x04,0x21,
	0x25,0x21,0x05,0x21,0x05,0x21,0x05,0x21,0x24,0x21,0x24,0x21,0x24,0x21,0x24,0x21,0x24,0x21,0x25,0x21,
	0x25,0x21,0x24,0x21,0x25,0x21,0x25,0x21,0x25,0x21,0x25,0x21,0x25,0x21,0x24,0x21,0x25,0x21,0x25,0x21,
	0x25,0x21,0x25,0x21,0x25,0x21,0x05,0x21,0x25,0x21,0x24,0x21,0xC5,0x49,0x81,0x10,0x00,0x00,0x00,0x00,
	0x00,0x00,0x00,0x00,0x00,0x00,0x00,0x00,0x00,0x00,0x00,0x00,0x00,0x00,0x00,0x00,0x00,0x00,0x00,0x00,
	0x00,0x00,0x00,0x00,0x00,0x00,0x00,0x00,0x00,0x00,0x00,0x00,0x00,0x00,0x00,0x00,0x00,0x00,0x00,0x00,
	0x00,0x00,0x00,0x00,0x00,0x00,0x00,0x00,0x00,0x00,0x00,0x00,0x00,0x00,0x00,0x00,0x00,0x00,0x00,0x00,
	0x00,0x00,0x00,0x00,0x00,0x00,0x00,0x00,0x00,0x00,0x00,0x00,0x00,0x00,0x00,0x00,0x00,0x00,0x20,0x00,
	0x00,0x00,0x00,0x00,0x00,0x00,0x00,0x00,0x00,0x00,0x00,0x00,0xA4,0x39,0xA5,0x39,0x05,0x21,0x25,0x21,
	0x24,0x21,0x25,0x21,0x25,0x21,0x25,0x21,0x25,0x29,0x25,0x21,0x25,0x21,0x25,0x21,0x25,0x21,0x25,0x21,
	0x25,0x21,0x25,0x21,0x25,0x21,0x25,0x21,0x25,0x21,0x24,0x21,0x25,0x21,0x25,0x21,0x24,0x21,0x25,0x21,
	0x24,0x21,0x25,0x21,0x25,0x29,0x25,0x21,0x25,0x21,0x24,0x21,0x25,0x21,0xC4,0x18,0x04,0x21,0xC5,0x39,
	0xC7,0x5A,0xA9,0x7B,0x8A,0x94,0x0B,0xAD,0x6C,0xB5,0x8C,0xB5,0x6C,0xB5,0x0B,0xAD,0x8A,0x9C,0x88,0x73,
	0x26,0x4A,0xE3,0x18,0xA3,0x10,0x04,0x21,0xE4,0x20,0xE4,0x18,0xC3,0x18,0xA3,0x10,0x62,0x10,0x00,0x00,
	0x00,0x00,0x00,0x00,0x62,0x08,0xC2,0x18,0x66,0x7B,0x29,0xBD,0x6A,0xE6,0xEB,0xFE,0x4B,0xFF,0x6B,0xE6,
	0x43,0x29,0xE4,0x20,0x04,0x21,0x04,0x21,0x25,0x21,0xC4,0x18,0xA4,0x31,0xC9,0xA4,0xCD,0xEE,0x4D,0xFF,
	0x8C,0xFF,0xAC,0xFF,0x8C,0xFF,0x8C,0xFF,0xAC,0xFF,0xAC,0xFF,0x6D,0xFF,0xEE,0xE6,0xEB,0xA4,0xA5,0x39,
	0xC4,0x18,0x25,0x29,0x05,0x21,0x04,0x21,0x24,0x21,0x24,0x21,0x04,0x21,0x24,0x21,0x25,0x21,0x24,0x21,
	0x24,0x21,0x24,0x21,0x25,0x21,0x24,0x21,0x24,0x21,0x25,0x21,0x25,0x21,0x24,0x21,0x24,0x21,0x24,0x21,
	0x25,0x21,0x25,0x21,0x25,0x21,0x25,0x21,0x04,0x21,0x64,0x31,0x43,0x31,0x00,0x00,0x00,0x00,0x00,0x00,
	0x00,0x00,0x00,0x00,0x00,0x00,0x00,0x00,0x00,0x00,0x00,0x00,0x00,0x00,0x00,0x00,0x00,0x00,0x00,0x00,
	0x00,0x00,0x00,0x00,0x00,0x00,0x00,0x00,0x00,0x00,0x00,0x00,0x00,0x00,0x00,0x00,0x00,0x00,0x00,0x00,
	0x00,0x00,0x00,0x00,0x00,0x00,0x00,0x00,0x00,0x00,0x00,0x00,0x00,0x00,0x00,0x00,0x00,0x00,0x00,0x00,
	0x00,0x00,0x00,0x00,0x00,0x00,0x00,0x00,0x21,0x00,0x00,0x00,0x00,0x00,0x00,0x00,0x00,0x00,0x62,0x08,
	0x82,0x10,0x61,0x08,0x21,0x08,0x00,0x00,0x00,0x00,0x00,0x00,0x63,0x31,0xC5,0x41,0x04,0x21,0x25,0x21,
	0x25,0x21,0x25,0x21,0x05,0x21,0x25,0x21,0x25,0x21,0x25,0x21,0x25,0x21,0x24,0x21,0x25,0x21,0x05,0x21,
	0x25,0x21,0x25,0x21,0x25,0x21,0x25,0x21,0x25,0x21,0x25,0x21,0x25,0x21,0x24,0x21,0x24,0x21,0x24,0x21,
	0x25,0x21,0x25,0x21,0x25,0x21,0x25,0x21,0x25,0x21,0x25,0x21,0x04,0x21,0x29,0x8C,0x0C,0xCE,0xCD,0xE6,
	0x6D,0xFF,0xAD,0xFF,0xCD,0xFF,0xCC,0xFF,0xCD,0xFF,0xCC,0xFF,0xCC,0xFF,0xCD,0xFF,0xAD,0xFF,0x6D,0xFF,
	0x0D,0xF7,0xEB,0xC5,0xE7,0x62,0xC3,0x18,0x04,0x21,0xE4,0x18,0xC3,0x18,0xA3,0x10,0x62,0x08,0x00,0x00,
	0x00,0x00,0x00,0x00,0x41,0x08,0x63,0x31,0xE9,0xFE,0x29,0xFF,0xA8,0xF6,0x68,0xEE,0xA9,0xF6,0xE9,0xD5,
	0x43,0x29,0xE4,0x20,0x04,0x21,0x24,0x21,0xA3,0x18,0xA6,0x5A,0x8C,0xE6,0x2B,0xFF,0x0A,0xFF,0x0A,0xFF,
	0xC8,0xCD,0x46,0x9C,0x85,0x83,0xA5,0x83,0x87,0xA4,0x09,0xD6,0x2A,0xFF,0x2A,0xFF,0x6C,0xFF,0xCE,0xE6,
	0x86,0x52,0xC3,0x18,0x24,0x21,0x04,0x21,0x24,0x21,0x24,0x21,0x24,0x21,0x04,0x21,0x04,0x21,0x25,0x21,
	0x24,0x21,0x24,0x21,0x25,0x21,0x24,0x21,0x25,0x21,0x25,0x21,0x24,0x21,0x24,0x21,0x25,0x21,0x25,0x21,
	0x24,0x21,0x25,0x21,0x24,0x21,0x25,0x21,0x24,0x21,0x64,0x39,0x61,0x10,0x00,0x00,0x00,0x00,0x00,0x00,
	0x00,0x00,0x00,0x00,0x00,0x00,0x00,0x00,0x00,0x00,0x00,0x00,0x00,0x00,0x00,0x00,0x00,0x00,0x00,0x00,
	0x00,0x00,0x00,0x00,0x00,0x00,0x00,0x00,0x00,0x00,0x00,0x00,0x00,0x00,0x00,0x00,0x00,0x00,0x00,0x00,
	0x00,0x00,0x00,0x00,0x00,0x00,0x00,0x00,0x00,0x00,0x00,0x00,0x00,0x00,0x00,0x00,0x00,0x00,0x00,0x00,
	0x00,0x00,0x41,0x00,0x83,0x10,0x05,0x19,0xC4,0x10,0x00,0x00,0x00,0x00,0x00,0x00,0x00,0x00,0x00,0x00,
	0x21,0x08,0x41,0x08,0x41,0x08,0x21,0x08,0x00,0x00,0x00,0x00,0x03,0x21,0x26,0x4A,0xE4,0x20,0x25,0x21,
	0x25,0x21,0x04,0x21,0x25,0x21,0x25,0x21,0x25,0x21,0x24,0x21,0x24,0x21,0x25,0x21,0x24,0x21,0x05,0x21,
	0x24,0x21,0x24,0x21,0x25,0x21,0x25,0x21,0x25,0x21,0x24,0x21,0x25,0x21,0x24,0x21,0x24,0x21,0x24,0x21,
	0x24,0x21,0x24,0x21,0x24,0x21,0x24,0x21,0x25,0x21,0x25,0x29,0xA3,0x18,0x28,0x94,0xED,0xFF,0x6B,0xFF,
	0xEA,0xF6,0x29,0xDE,0x48,0xBD,0xA7,0xA4,0x46,0x9C,0x46,0x9C,0x87,0xA4,0xE7,0xB4,0xC9,0xD5,0xEA,0xF6,
	0x2A,0xFF,0x2B,0xFF,0x6D,0xFF,0xE8,0x83,0xC3,0x18,0xE3,0x18,0xA3,0x18,0xA3,0x10,0x61,0x08,0x00,0x00,
	0x00,0x00,0x00,0x00,0x62,0x08,0xC2,0x18,0x24,0x73,0x84,0x5A,0x86,0xA4,0xC9,0xF6,0xC9,0xF6,0x09,0xDE,
	0x23,0x29,0xE4,0x18,0x04,0x21,0xC3,0x18,0xA5,0x5A,0x0B,0xF7,0xEA,0xF6,0xEA,0xF6,0x2A,0xDE,0x84,0x5A,
	0x82,0x10,0x22,0x08,0x22,0x08,0x22,0x00,0x22,0x08,0xA2,0x18,0xA5,0x62,0x4A,0xDE,0x0A,0xF7,0x0B,0xF7,
	0x2E,0xF7,0x86,0x52,0xC4,0x18,0x25,0x21,0x24,0x21,0x04,0x21,0x04,0x21,0x04,0x21,0x04,0x21,0x25,0x21,
	0x04,0x21,0x04,0x21,0x24,0x21,0x24,0x21,0x25,0x21,0x05,0x21,0x25,0x21,0x25,0x21,0x24,0x21,0x25,0x21,
	0x24,0x21,0x04,0x21,0x04,0x21,0x04,0x21,0x45,0x29,0x03,0x29,0x00,0x00,0x00,0x00,0x00,0x00,0x00,0x00,
	0x00,0x00,0x00,0x00,0x00,0x00,0x00,0x00,0x00,0x00,0x00,0x00,0x00,0x00,0x00,0x00,0x00,0x00,0x00,0x00,
	0x00,0x00,0x00,0x00,0x00,0x00,0x00,0x00,0x00,0x00,0x00,0x00,0x00,0x00,0x00,0x00,0x00,0x00,0x00,0x00,
	0x00,0x00,0x00,0x00,0x00,0x00,0x00,0x00,0x00,0x00,0x00,0x00,0x00,0x00,0x00,0x00,0x00,0x00,0x21,0x00,
	0x83,0x08,0x05,0x19,0x47,0x19,0xC4,0x10,0x00,0x00,0x42,0x08,0x62,0x08,0x00,0x00,0x00,0x00,0x00,0x00,
	0x00,0x00,0x00,0x00,0x00,0x00,0x21,0x00,0x21,0x00,0x00,0x00,0x61,0x10,0xE6,0x41,0x04,0x21,0x25,0x21,
	0x05,0x21,0x05,0x21,0x25,0x21,0x04,0x21,0x24,0x21,0x24,0x21,0x04,0x21,0x24,0x21,0x24,0x21,0x24,0x21,
	0x04,0x21,0x24,0x21,0x04,0x21,0x04,0x21,0x24,0x21,0x25,0x21,0x25,0x21,0x25,0x21,0x24,0x21,0x25,0x21,
	0x05,0x21,0x24,0x21,0x04,0x21,0x04,0x21,0x05,0x21,0x25,0x21,0xE4,0x20,0xA2,0x18,0xA6,0x83,0x25,0x6B,
	0x63,0x31,0xA2,0x18,0x41,0x08,0x21,0x00,0x21,0x00,0x21,0x00,0x01,0x00,0x21,0x08,0x81,0x10,0xA3,0x39,
	0x69,0xBD,0xEA,0xF6,0xCA,0xF6,0x0C,0xF7,0x04,0x4A,0xA3,0x10,0xC3,0x18,0xA2,0x10,0x62,0x10,0x00,0x00,
	0x00,0x00,0x00,0x00,0x62,0x10,0x82,0x10,0x21,0x00,0x01,0x00,0x25,0x73,0x09,0xFF,0xA9,0xF6,0x09,0xDE,
	0x43,0x29,0xE4,0x20,0xE4,0x20,0x64,0x31,0x6A,0xE6,0xC9,0xF6,0xEA,0xF6,0xE9,0xD5,0xE2,0x20,0x22,0x00,
	0xE4,0x18,0x04,0x21,0x24,0x21,0x04,0x21,0x04,0x21,0xE4,0x18,0x22,0x00,0x22,0x29,0x2A,0xDE,0xEA,0xF6,
	0x2A,0xF7,0x6C,0xDE,0x44,0x29,0x04,0x21,0x04,0x21,0x25,0x21,0x04,0x21,0x24,0x21,0x04,0x21,0x25,0x21,
	0x04,0x21,0x04,0x21,0x04,0x21,0x04,0x21,0x05,0x21,0x05,0x21,0x24,0x21,0x05,0x21,0x04,0x21,0x24,0x21,
	0x24,0x21,0x04,0x21,0x04,0x21,0x04,0x21,0x44,0x31,0x61,0x10,0x00,0x00,0x00,0x00,0x00,0x00,0x00,0x00,
	0x00,0x00,0x00,0x00,0x00,0x00,0x00,0x00,0x00,0x00,0x00,0x00,0x00,0x00,0x00,0x00,0x00,0x00,0x00,0x00,
	0x00,0x00,0x00,0x00,0x00,0x00,0x00,0x00,0x00,0x00,0x00,0x00,0x00,0x00,0x00,0x00,0x00,0x00,0x00,0x00,
	0x00,0x00,0x00,0x00,0x00,0x00,0x00,0x00,0x00,0x00,0x00,0x00,0x00,0x00,0x00,0x00,0x42,0x08,0xA4,0x10,
	0x06,0x19,0x26,0x19,0x63,0x08,0x21,0x08,0x46,0x52,0xCA,0x8B,0xA9,0x5A,0x42,0x08,0x00,0x00,0x00,0x00,
	0x00,0x00,0x00,0x00,0x41,0x08,0x04,0x21,0xE4,0x20,0xE4,0x18,0xA3,0x18,0x04,0x21,0x25,0x21,0x24,0x21,
	0x04,0x21,0x05,0x21,0x25,0x21,0x25,0x21,0x05,0x21,0x04,0x21,0x24,0x21,0x25,0x21,0x25,0x21,0x24,0x21,
	0x24,0x21,0x24,0x21,0x24,0x21,0x24,0x21,0x24,0x21,0x25,0x21,0x04,0x21,0x05,0x21,0x04,0x21,0x05,0x21,
	0x05,0x21,0x04,0x21,0x04,0x21,0x04,0x21,0x24,0x21,0x04,0x21,0x05,0x21,0xE4,0x18,0x01,0x00,0x21,0x00,
	0x82,0x10,0xC3,0x18,0xE4,0x20,0x04,0x21,0x04,0x21,0x04,0x21,0x04,0x21,0x04,0x21,0xE4,0x20,0x42,0x00,
	0x02,0x29,0xCB,0xEE,0xA9,0xF6,0x2A,0xFF,0x66,0x73,0x62,0x08,0xC3,0x18,0xA3,0x10,0x61,0x08,0x00,0x00,
	0x00,0x00,0x00,0x00,0x61,0x08,0xA3,0x18,0xE3,0x20,0x63,0x10,0x85,0x83,0xE9,0xFE,0xA9,0xF6,0x09,0xDE,
	0x23,0x29,0x04,0x21,0x83,0x10,0xC6,0x8B,0x2A,0xFF,0x89,0xEE,0xEA,0xF6,0xE3,0x41,0x63,0x08,0x25,0x21,
	0x04,0x21,0x04,0x21,0x04,0x21,0x04,0x21,0x04,0x21,0x04,0x21,0x24,0x29,0x62,0x08,0x24,0x4A,0x0A,0xF7,
	0xA9,0xEE,0x6C,0xFF,0xA7,0x83,0xA4,0x18,0x24,0x21,0x04,0x21,0x25,0x21,0x25,0x21,0x24,0x21,0x05,0x21,
	0x04,0x21,0x04,0x21,0x04,0x21,0x04,0x21,0x05,0x21,0x04,0x21,0x05,0x21,0x05,0x21,0x04,0x21,0x04,0x21,
	0x04,0x21,0x05,0x21,0x05,0x21,0x24,0x29,0x03,0x29,0x00,0x00,0x00,0x00,0x00,0x00,0x00,0x00,0x00,0x00,
	0x00,0x00,0x00,0x00,0x00,0x00,0x00,0x00,0x00,0x00,0x00,0x00,0x00,0x00,0x00,0x00,0x00,0x00,0x00,0x00,
	0x00,0x00,0x00,0x00,0x00,0x00,0x00,0x00,0x00,0x00,0x00,0x00,0x00,0x00,0x00,0x00,0x00,0x00,0x00,0x00,
	0x00,0x00,0x00,0x00,0x00,0x00,0x00,0x00,0x00,0x00,0x21,0x00,0x21,0x00,0x42,0x08,0xA4,0x10,0x06,0x19,
	0x26,0x19,0xA4,0x10,0x44,0x29,0x8B,0x7B,0x4C,0x94,0x0A,0x6B,0x89,0x52,0xE8,0x41,0x62,0x08,0x00,0x00,
	0x00,0x00,0x21,0x08,0xC5,0x39,0x04,0x21,0x25,0x21,0x25,0x21,0x25,0x21,0x05,0x21,0x04,0x21,0x24,0x21,
	0x04,0x21,0x04,0x21,0x24,0x21,0x24,0x21,0x25,0x21,0x24,0x21,0x24,0x21,0x24,0x21,0x25,0x21,0x05,0x21,
	0x24,0x21,0x24,0x21,0x24,0x21,0x04,0x21,0x24,0x21,0x04,0x21,0x04,0x21,0x04,0x21,0x05,0x21,0x05,0x21,
	0x05,0x21,0x05,0x21,0x04,0x21,0x04,0x21,0x24,0x21,0x04,0x21,0x04,0x21,0x04,0x21,0x24,0x21,0x24,0x21,
	0x04,0x21,0x04,0x21,0x04,0x21,0x04,0x21,0x04,0x21,0x04,0x21,0xE4,0x20,0xC4,0x18,0xA3,0x10,0xA3,0x10,
	0x67,0x73,0x0B,0xF7,0x89,0xEE,0x2B,0xFF,0xA5,0x5A,0x62,0x10,0xC3,0x18,0xA2,0x10,0x61,0x08,0x00,0x00,
	0x00,0x00,0x00,0x00,0x62,0x08,0xA3,0x10,0xC3,0x18,0x62,0x08,0x85,0x83,0xE9,0xFE,0xA9,0xF6,0x09,0xDE,
	0x23,0x29,0xE4,0x18,0xC3,0x18,0x68,0xC5,0xE9,0xF6,0xEA,0xFE,0x48,0xBD,0x82,0x10,0x04,0x21,0xE4,0x20,
	0xE4,0x20,0x04,0x21,0x04,0x21,0x04,0x21,0x04,0x21,0x04,0x21,0x04,0x21,0x04,0x21,0x82,0x10,0x68,0xC5,
	0x0A,0xFF,0x2A,0xFF,0x69,0xBD,0xE3,0x18,0x24,0x21,0x04,0x21,0x05,0x21,0x04,0x21,0x04,0x21,0x04,0x21,
	0x04,0x21,0x04,0x21,0x04,0x21,0x04,0x21,0x04,0x21,0x04,0x21,0x04,0x21,0x04,0x21,0x04,0x21,0x04,0x21,
	0x04,0x21,0x04,0x21,0x04,0x21,0x64,0x31,0xA1,0x18,0x00,0x00,0x00,0x00,0x00,0x00,0x00,0x00,0x00,0x00,
	0x00,0x00,0x00,0x00,0x00,0x00,0x00,0x00,0x00,0x00,0x00,0x00,0x00,0x00,0x00,0x00,0x00,0x00,0x00,0x00,
	0x00,0x00,0x00,0x00,0x00,0x00,0x00,0x00,0x00,0x00,0x00,0x00,0x00,0x00,0x00,0x00,0x00,0x00,0x00,0x00,
	0x00,0x00,0x00,0x00,0x00,0x00,0x00,0x00,0x21,0x00,0x42,0x08,0x42,0x08,0x63,0x08,0xE5,0x10,0x26,0x21,
	0x46,0x21,0xC8,0x39,0xEB,0x5A,0x28,0x4A,0xA3,0x18,0x83,0x08,0xE8,0x39,0x2B,0x63,0x86,0x31,0x00,0x00,
	0x82,0x10,0xE7,0x6A,0xE7,0x62,0xC4,0x18,0x25,0x29,0x24,0x21,0x25,0x21,0x05,0x21,0x05,0x21,0x04,0x21,
	0x24,0x21,0x04,0x21,0x25,0x21,0x05,0x21,0x05,0x21,0x24,0x21,0x04,0x21,0x05,0x21,0x05,0x21,0x05,0x21,
	0x04,0x21,0x04,0x21,0x04,0x21,0x24,0x21,0x24,0x21,0x04,0x21,0x04,0x21,0x04,0x21,0x04,0x21,0x04,0x21,
	0x04,0x21,0x04,0x21,0x05,0x21,0x05,0x21,0x05,0x21,0x05,0x21,0x04,0x21,0x04,0x21,0x04,0x21,0x04,0x21,
	0x04,0x21,0x24,0x21,0x04,0x21,0xC4,0x18,0xA3,0x10,0xA3,0x18,0x24,0x21,0x26,0x42,0x68,0x73,0x6A,0xBD,
	0x0C,0xF7,0xCA,0xF6,0x4B,0xFF,0x49,0xBD,0x82,0x10,0xC3,0x18,0xC3,0x18,0x82,0x10,0x61,0x08,0x00,0x00,
	0x00,0x00,0x00,0x00,0x61,0x08,0xA3,0x10,0xC3,0x18,0x62,0x08,0x85,0x83,0xE8,0xFE,0xA8,0xF6,0x09,0xDE,
	0x23,0x21,0xE4,0x18,0x23,0x21,0xE8,0xD5,0xC9,0xF6,0x2B,0xFF,0x47,0x94,0x83,0x10,0x04,0x21,0x04,0x21,
	0xE4,0x20,0xE4,0x20,0x04,0x21,0x04,0x21,0x04,0x21,0x04,0x21,0x04,0x21,0x24,0x21,0x83,0x10,0x87,0xA4,
	0x2A,0xFF,0xEA,0xF6,0x0A,0xD6,0x03,0x21,0x04,0x21,0x04,0x21,0x04,0x21,0x04,0x21,0x04,0x21,0x04,0x21,
	0x04,0x21,0x04,0x21,0x04,0x21,0x04,0x21,0x04,0x21,0x04,0x21,0x04,0x21,0x04,0x21,0x04,0x21,0x04,0x21,
	0x04,0x21,0x25,0x21,0x04,0x21,0x04,0x52,0xC2,0x20,0x00,0x00,0x00,0x00,0x00,0x00,0x00,0x00,0x00,0x00,
	0x00,0x00,0x00,0x00,0x00,0x00,0x00,0x00,0x00,0x00,0x00,0x00,0x00,0x00,0x00,0x00,0x00,0x00,0x00,0x00,
	0x00,0x00,0x00,0x00,0x00,0x00,0x00,0x00,0x00,0x00,0x00,0x00,0x00,0x00,0x00,0x00,0x00,0x00,0x00,0x00,
	0x00,0x00,0x00,0x00,0x00,0x00,0x21,0x08,0x42,0x08,0x42,0x08,0x42,0x08,0x63,0x08,0xA4,0x10,0x05,0x19,
	0x67,0x21,0x67,0x29,0x42,0x08,0x00,0x00,0x00,0x00,0x00,0x00,0x61,0x08,0x00,0x00,0x00,0x00,0x00,0x00,
	0x00,0x00,0xA4,0x39,0xA4,0x39,0x04,0x21,0x24,0x21,0x04,0x21,0x24,0x21,0x04,0x21,0x04,0x21,0x25,0x21,
	0x05,0x21,0x25,0x21,0x05,0x21,0x05,0x21,0x04,0x21,0x04,0x21,0x04,0x21,0x04,0x21,0x04,0x21,0x04,0x21,
	0x04,0x21,0x04,0x21,0x04,0x21,0x04,0x21,0x04,0x21,0x04,0x21,0x04,0x21,0x04,0x21,0x04,0x21,0x04,0x21,
	0x04,0x21,0x04,0x21,0x05,0x21,0x05,0x21,0x05,0x21,0x04,0x21,0x04,0x21,0x04,0x21,0x04,0x21,0x24,0x21,
	0xC4,0x18,0xA3,0x10,0x24,0x21,0x66,0x4A,0xA8,0x7B,0x0B,0xAD,0x2C,0xD6,0xED,0xEE,0x6C,0xFF,0x6B,0xFF,
	0x2A,0xFF,0xEA,0xF6,0x87,0xA4,0xC2,0x18,0x83,0x10,0xE3,0x18,0xA3,0x18,0xA2,0x10,0x61,0x08,0x00,0x00,
	0x00,0x00,0x00,0x00,0x61,0x08,0xA3,0x10,0xC3,0x18,0x62,0x08,0x85,0x83,0xE8,0xFE,0xA8,0xF6,0x09,0xDE,
	0x23,0x29,0xE4,0x18,0xE3,0x20,0xC8,0xCD,0xC9,0xF6,0x2A,0xFF,0x88,0xA4,0x83,0x10,0x04,0x21,0x04,0x21,
	0xE4,0x20,0x04,0x21,0xE4,0x20,0x04,0x21,0x04,0x21,0x04,0x21,0x04,0x21,0x24,0x21,0xA3,0x10,0xE8,0xB4,
	0x2A,0xFF,0x0A,0xFF,0xC9,0xCD,0xE3,0x20,0x04,0x21,0x04,0x21,0x04,0x21,0x04,0x21,0x04,0x21,0x04,0x21,
	0x04,0x21,0x04,0x21,0x04,0x21,0x04,0x21,0x04,0x21,0x04,0x21,0x04,0x21,0x04,0x21,0x04,0x21,0x04,0x21,
	0x04,0x21,0x04,0x21,0x64,0x39,0x43,0x31,0x41,0x08,0x00,0x00,0x00,0x00,0x00,0x00,0x00,0x00,0x00,0x00,
	0x00,0x00,0x00,0x00,0x00,0x00,0x00,0x00,0x00,0x00,0x00,0x00,0x00,0x00,0x00,0x00,0x00,0x00,0x00,0x00,
	0x00,0x00,0x00,0x00,0x00,0x00,0x00,0x00,0x00,0x00,0x00,0x00,0x00,0x00,0x00,0x00,0x00,0x00,0x00,0x00,
	0x00,0x00,0x00,0x00,0x00,0x00,0x41,0x08,0x42,0x08,0x42,0x08,0x21,0x08,0x41,0x08,0x42,0x08,0x63,0x08,
	0x63,0x08,0x01,0x00,0x61,0x08,0xE5,0x41,0x29,0x6B,0x8A,0x73,0xEB,0x83,0x0B,0x84,0xE3,0x20,0x81,0x10,
	0x8A,0x73,0x64,0x29,0xC4,0x18,0x24,0x21,0x04,0x21,0x04,0x21,0x04,0x21,0x05,0x21,0x04,0x21,0x04,0x21,
	0x05,0x21,0x25,0x21,0x05,0x21,0x05,0x21,0x04,0x21,0x04,0x21,0x04,0x21,0x04,0x21,0x04,0x21,0x04,0x21,
	0x04,0x21,0x04,0x21,0x04,0x21,0x04,0x21,0x04,0x21,0x04,0x21,0x04,0x21,0x04,0x21,0x04,0x21,0x04,0x21,
	0x04,0x21,0x04,0x21,0x04,0x21,0x04,0x21,0x04,0x21,0x04,0x21,0x04,0x21,0x04,0x21,0x04,0x21,0xC3,0x10,
	0x25,0x42,0x69,0x94,0x2C,0xD6,0x0D,0xF7,0x6C,0xFF,0x8B,0xFF,0x8B,0xFF,0x4A,0xFF,0xAA,0xEE,0xA9,0xCD,
	0x06,0x94,0xA3,0x39,0x21,0x00,0xA3,0x10,0xE3,0x18,0xC3,0x18,0xA3,0x18,0xA2,0x10,0x61,0x08,0x00,0x00,
	0x00,0x00,0x00,0x00,0x61,0x08,0x82,0x10,0xC3,0x18,0x42,0x08,0x85,0x83,0xE8,0xFE,0xA8,0xF6,0x09,0xDE,
	0x23,0x29,0xE4,0x20,0x82,0x10,0xA7,0xAC,0x09,0xFF,0xE9,0xF6,0x0A,0xD6,0x03,0x21,0x04,0x21,0x04,0x21,
	0xE4,0x20,0xE4,0x20,0xE4,0x20,0xE4,0x20,0x04,0x21,0x04,0x21,0x04,0x21,0xE4,0x18,0x64,0x31,0x6A,0xE6,
	0xC9,0xF6,0x2A,0xFF,0xA7,0xA4,0x83,0x10,0x24,0x21,0x04,0x21,0x04,0x21,0x04,0x21,0x04,0x21,0x04,0x21,
	0x04,0x21,0x04,0x21,0x04,0x21,0x04,0x21,0x04,0x21,0x04,0x21,0x04,0x21,0x04,0x21,0x04,0x21,0x24,0x21,
	0x05,0x21,0x24,0x29,0x63,0x39,0x00,0x00,0x00,0x00,0x00,0x00,0x00,0x00,0x00,0x00,0x00,0x00,0x00,0x00,
	0x00,0x00,0x00,0x00,0x00,0x00,0x00,0x00,0x00,0x00,0x00,0x00,0x00,0x00,0x00,0x00,0x00,0x00,0x00,0x00,
	0x00,0x00,0x00,0x00,0x00,0x00,0x00,0x00,0x00,0x00,0x00,0x00,0x00,0x00,0x00,0x00,0x00,0x00,0x00,0x00,
	0x00,0x00,0x00,0x00,0x00,0x00,0x20,0x00,0x41,0x08,0x21,0x08,0x21,0x00,0x20,0x00,0x00,0x00,0x00,0x00,
	0x00,0x00,0x21,0x00,0x25,0x21,0x28,0x42,0xA6,0x39,0xC4,0x18,0x82,0x10,0xC2,0x18,0x41,0x08,0x41,0x08,
	0x8A,0x73,0xA8,0x5A,0xE4,0x18,0x24,0x21,0x24,0x21,0x25,0x21,0x05,0x21,0x05,0x21,0x05,0x21,0x05,0x21,
	0x05,0x21,0x05,0x21,0x05,0x21,0x04,0x21,0x04,0x21,0x04,0x21,0x04,0x21,0x04,0x21,0x04,0x21,0x04,0x21,
	0x04,0x21,0x04,0x21,0x05,0x21,0x04,0x21,0x04,0x21,0x04,0x21,0x04,0x21,0x05,0x21,0x04,0x21,0x04,0x21,
	0x04,0x21,0x04,0x21,0x04,0x21,0x04,0x21,0x04,0x21,0x04,0x21,0x04,0x21,0xE4,0x18,0x24,0x29,0xA9,0x9C,
	0x0D,0xF7,0x4B,0xFF,0x4A,0xFF,0x2A,0xFF,0x89,0xEE,0x88,0xC5,0x46,0x94,0xC4,0x62,0x63,0x31,0x61,0x08,
	0x01,0x00,0x42,0x08,0xE3,0x18,0xE4,0x20,0xC3,0x18,0xC3,0x18,0xA3,0x18,0x82,0x10,0x61,0x08,0x00,0x00,
	0x00,0x00,0x00,0x00,0x61,0x08,0xA3,0x10,0xC3,0x18,0x42,0x08,0x85,0x83,0xE8,0xFE,0xA8,0xF6,0x09,0xDE,
	0x23,0x21,0xE4,0x18,0x83,0x10,0x64,0x52,0x0A,0xFF,0x89,0xEE,0x2C,0xFF,0xE8,0x8B,0x62,0x08,0x04,0x21,
	0x24,0x21,0x04,0x21,0x04,0x21,0x04,0x21,0x04,0x21,0x24,0x21,0xE4,0x20,0x83,0x10,0xC9,0xA4,0x4A,0xFF,
	0xA9,0xEE,0xEB,0xF6,0x24,0x4A,0xC4,0x18,0x24,0x21,0x04,0x21,0x04,0x21,0x04,0x21,0x04,0x21,0x04,0x21,
	0x04,0x21,0x04,0x21,0x04,0x21,0x04,0x21,0x04,0x21,0x04,0x21,0x04,0x21,0x04,0x21,0x25,0x29,0x05,0x21,
	0xE4,0x20,0x65,0x8B,0xA4,0x6A,0x00,0x00,0x00,0x00,0x00,0x00,0x00,0x00,0x00,0x00,0x00,0x00,0x41,0x08,
	0x21,0x08,0x00,0x00,0x00,0x00,0x00,0x00,0x00,0x00,0x00,0x00,0x00,0x00,0x00,0x00,0x00,0x00,0x00,0x00,
	0x00,0x00,0x00,0x00,0x00,0x00,0x00,0x00,0x00,0x00,0x00,0x00,0x00,0x00,0x00,0x00,0x00,0x00,0x00,0x00,
	0x00,0x00,0x00,0x00,0x00,0x00,0x00,0x00,0x00,0x00,0x00,0x00,0x00,0x00,0x00,0x00,0x00,0x00,0x00,0x00,
	0x00,0x00,0x00,0x00,0x00,0x00,0x00,0x00,0x00,0x00,0x00,0x00,0x00,0x00,0x00,0x00,0x00,0x00,0x00,0x00,
	0x00,0x00,0xC3,0x18,0x25,0x21,0x04,0x21,0x04,0x21,0x05,0x21,0x05,0x21,0x05,0x21,0x05,0x21,0x05,0x21,
	0x04,0x21,0x04,0x21,0x04,0x21,0x04,0x21,0x04,0x21,0x04,0x21,0x04,0x21,0x04,0x21,0x04,0x21,0x04,0x21,
	0x04,0x21,0x04,0x21,0x04,0x21,0x04,0x21,0x04,0x21,0x04,0x21,0x05,0x21,0x04,0x21,0x04,0x21,0x04,0x21,
	0x04,0x21,0x04,0x21,0x04,0x21,0x04,0x21,0x04,0x21,0x04,0x21,0xE4,0x18,0x44,0x29,0xCB,0xCD,0x6C,0xFF,
	0xE9,0xF6,0x2A,0xFF,0xA9,0xCD,0x25,0x73,0x42,0x31,0x61,0x10,0x21,0x00,0x22,0x00,0x82,0x10,0xC3,0x18,
	0x04,0x21,0x04,0x21,0xE4,0x20,0xE4,0x20,0xC3,0x18,0xC3,0x18,0xA3,0x18,0x82,0x10,0x41,0x08,0x00,0x00,
	0x00,0x00,0x00,0x00,0x41,0x08,0xA2,0x10,0xC3,0x18,0x42,0x08,0x65,0x83,0xE8,0xFE,0xA8,0xF6,0x09,0xDE,
	0x23,0x21,0xC4,0x18,0xE4,0x20,0x62,0x08,0xA7,0xAC,0x4A,0xFF,0x89,0xEE,0x2D,0xF7,0xE9,0x8B,0xE3,0x20,
	0x83,0x10,0xA4,0x18,0xC4,0x18,0xC4,0x18,0xC3,0x18,0x83,0x10,0x24,0x29,0xA9,0xA4,0x2B,0xFF,0xA9,0xEE,
	0x6B,0xFF,0x06,0x94,0x62,0x08,0x04,0x21,0x04,0x21,0x04,0x21,0x04,0x21,0x04,0x21,0x04,0x21,0x04,0x21,
	0x04,0x21,0x04,0x21,0x04,0x21,0x04,0x21,0x04,0x21,0x04,0x21,0x24,0x21,0x25,0x21,0xE4,0x18,0x03,0x21,
	0x47,0x9C,0x8B,0xEE,0x0B,0xDE,0x28,0x94,0x43,0x31,0x00,0x00,0x00,0x00,0x00,0x00,0x00,0x00,0x00,0x00,
	0x21,0x08,0x20,0x00,0x00,0x00,0x00,0x00,0x00,0x00,0x00,0x00,0x00,0x00,0x00,0x00,0x00,0x00,0x00,0x00,
	0x00,0x00,0x00,0x00,0x00,0x00,0x00,0x00,0x00,0x00,0x00,0x00,0x00,0x00,0x00,0x00,0x00,0x00,0x00,0x00,
	0x00,0x00,0x00,0x00,0x00,0x00,0x00,0x00,0x00,0x00,0x00,0x00,0x00,0x00,0x00,0x00,0x00,0x00,0x21,0x00,
	0x21,0x00,0x00,0x00,0x00,0x00,0x00,0x00,0x00,0x00,0x00,0x00,0x00,0x00,0x00,0x00,0x00,0x00,0x00,0x00,
	0xA3,0x18,0x25,0x21,0x04,0x21,0x04,0x21,0x04,0x21,0x04,0x21,0x04,0x21,0x04,0x21,0x04,0x21,0x04,0x21,
	0x04,0x21,0x04,0x21,0x04,0x21,0x04,0x21,0x04,0x21,0x04,0x21,0x04,0x21,0x04,0x21,0x04,0x21,0x04,0x21,
	0x04,0x21,0x04,0x21,0x04,0x21,0x04,0x21,0x04,0x21,0x04,0x21,0x04,0x21,0x04,0x21,0x04,0x21,0x04,0x21,
	0x04,0x21,0x04,0x21,0x04,0x21,0x04,0x21,0x04,0x21,0x24,0x21,0xA3,0x18,0xC9,0xA4,0x6C,0xFF,0xA9,0xEE,
	0x0B,0xF7,0x66,0x7B,0x00,0x00,0x01,0x00,0x22,0x00,0x83,0x10,0xA3,0x18,0xA3,0x18,0xA3,0x18,0xA3,0x18,
	0xA3,0x10,0xA3,0x10,0x83,0x10,0x83,0x10,0xC3,0x18,0xC3,0x18,0xA3,0x18,0x82,0x10,0x61,0x08,0x00,0x00,
	0x00,0x00,0x00,0x00,0x61,0x08,0x82,0x10,0xC3,0x18,0x42,0x08,0x65,0x7B,0xE8,0xFE,0xA8,0xF6,0xE9,0xD5,
	0x03,0x21,0xC4,0x18,0xE4,0x18,0xA3,0x18,0xA2,0x18,0x48,0xBD,0x4A,0xFF,0xA9,0xF6,0x2C,0xFF,0x0C,0xCE,
	0xC8,0x83,0x66,0x52,0xE5,0x41,0xE5,0x41,0xA6,0x5A,0x28,0x8C,0x4B,0xDE,0x2B,0xFF,0xC9,0xF6,0x6A,0xFF,
	0x67,0x9C,0x62,0x10,0xE4,0x20,0xE4,0x20,0xE4,0x20,0x04,0x21,0x04,0x21,0x04,0x21,0x04,0x21,0x04,0x21,
	0x04,0x21,0x04,0x21,0x04,0x21,0x04,0x21,0x05,0x21,0xE4,0x18,0xC4,0x10,0xC4,0x18,0x65,0x52,0x89,0xC5,
	0x2D,0xFF,0x0F,0xF7,0x71,0xFF,0x8F,0xFF,0xCA,0xD5,0xC6,0x6A,0x44,0x29,0x82,0x10,0x00,0x00,0x00,0x00,
	0x00,0x00,0x00,0x00,0x00,0x00,0x00,0x00,0x00,0x00,0x00,0x00,0x00,0x00,0x00,0x00,0x00,0x00,0x00,0x00,
	0x00,0x00,0x00,0x00,0x00,0x00,0x00,0x00,0x00,0x00,0x00,0x00,0x00,0x00,0x00,0x00,0x00,0x00,0x00,0x00,
	0x00,0x00,0x00,0x00,0x00,0x00,0x00,0x00,0x00,0x00,0x00,0x00,0x00,0x00,0x00,0x00,0x00,0x00,0x41,0x08,
	0x05,0x19,0xE8,0x39,0x27,0x4A,0x67,0x52,0xC7,0x62,0x67,0x73,0x86,0x5A,0x85,0x5A,0x50,0xCE,0xCC,0x9C,
	0xE3,0x20,0x24,0x21,0x04,0x21,0x04,0x21,0x04,0x21,0x04,0x21,0x04,0x21,0x04,0x21,0x04,0x21,0x04,0x21,
	0x04,0x21,0x04,0x21,0x04,0x21,0x04,0x21,0x04,0x21,0x04,0x21,0x04,0x21,0x04,0x21,0xE4,0x20,0x04,0x21,
	0xE4,0x20,0x04,0x21,0x04,0x21,0x04,0x21,0x04,0x21,0x04,0x21,0x04,0x21,0xE4,0x20,0x04,0x21,0x04,0x21,
	0x04,0x21,0x04,0x21,0x04,0x21,0x04,0x21,0x04,0x21,0xE4,0x18,0xA4,0x39,0xCB,0xEE,0xCA,0xF6,0xEA,0xF6,
	0x6B,0xE6,0x04,0x42,0x05,0x42,0x66,0x52,0x46,0x4A,0x46,0x4A,0x46,0x4A,0x46,0x4A,0x46,0x4A,0x46,0x4A,
	0x46,0x4A,0x45,0x4A,0x46,0x4A,0x05,0x42,0xE3,0x18,0xC3,0x18,0xA3,0x18,0x82,0x10,0x41,0x08,0x00,0x00,
	0x00,0x00,0x00,0x00,0x41,0x08,0x82,0x10,0xC3,0x18,0x42,0x08,0x65,0x83,0xC8,0xFE,0xA8,0xF6,0x08,0xD6,
	0x23,0x21,0xC3,0x18,0xE4,0x18,0xE4,0x20,0x83,0x10,0x61,0x10,0x06,0x94,0xC9,0xF6,0x29,0xFF,0x4A,0xFF,
	0x6B,0xFF,0x2C,0xF7,0xCC,0xEE,0xEC,0xEE,0x2C,0xFF,0x6B,0xFF,0x4A,0xFF,0x2A,0xFF,0x8A,0xE6,0x25,0x73,
	0x41,0x08,0xE4,0x18,0x04,0x21,0xE4,0x20,0x04,0x21,0x04,0x21,0x04,0x21,0x04,0x21,0xE4,0x20,0xC4,0x18,
	0xC4,0x18,0xE4,0x18,0xE4,0x20,0x24,0x29,0x64,0x29,0xE4,0x41,0x05,0x6B,0x08,0xAD,0xEC,0xEE,0x4F,0xFF,
	0x30,0xF7,0x2F,0xF7,0x8B,0xE6,0x4A,0xBD,0xC8,0x8B,0x29,0x73,0xCA,0x5A,0x6A,0x52,0xA7,0x31,0xA3,0x10,
	0x00,0x00,0x00,0x00,0x00,0x00,0x00,0x00,0x00,0x00,0x00,0x00,0x00,0x00,0x00,0x00,0x00,0x00,0x00,0x00,
	0x00,0x00,0x00,0x00,0x00,0x00,0x00,0x00,0x00,0x00,0x00,0x00,0x00,0x00,0x00,0x00,0x00,0x00,0x00,0x00,
	0x00,0x00,0x00,0x00,0x00,0x00,0x00,0x00,0x00,0x00,0x00,0x00,0x00,0x00,0x00,0x00,0x00,0x00,0x00,0x00,
	0xA3,0x10,0x08,0x3A,0xCC,0x83,0x4D,0xC5,0xEC,0xDD,0x2D,0xDE,0xCB,0xAC,0xA9,0xAC,0xAC,0xEE,0x0E,0xF7,
	0x05,0x4A,0xE4,0x18,0x04,0x21,0x04,0x21,0x04,0x21,0x04,0x21,0x04,0x21,0x04,0x21,0x04,0x21,0x04,0x21,
	0x04,0x21,0x04,0x21,0x04,0x21,0x04,0x21,0x04,0x21,0x04,0x21,0x04,0x21,0x04,0x21,0x04,0x21,0x04,0x21,
	0x04,0x21,0x04,0x21,0x04,0x21,0x04,0x21,0x04,0x21,0x04,0x21,0x04,0x21,0x04,0x21,0x04,0x21,0x04,0x21,
	0x04,0x21,0x04,0x21,0x04,0x21,0x04,0x21,0x04,0x21,0xA4,0x18,0x85,0x52,0x0A,0xFF,0xC9,0xF6,0xC9,0xF6,
	0xEA,0xF6,0x2C,0xFF,0x2C,0xFF,0x0C,0xF7,0x0C,0xF7,0x2C,0xF7,0x2C,0xF7,0x2C,0xF7,0x2C,0xF7,0x2C,0xF7,
	0x0C,0xF7,0x0C,0xF7,0x2C,0xF7,0x0C,0xF7,0xC4,0x41,0x82,0x10,0xC3,0x18,0xA2,0x10,0x61,0x08,0x00,0x00,
	0x00,0x00,0x00,0x00,0x41,0x08,0x82,0x10,0xA3,0x18,0x42,0x08,0x45,0x7B,0xE9,0xFE,0xA8,0xF6,0xE8,0xD5,
	0x02,0x21,0xC4,0x18,0xE4,0x18,0xE4,0x18,0xE4,0x20,0xA3,0x18,0x01,0x00,0x63,0x31,0xE6,0x93,0xA8,0xCD,
	0x88,0xEE,0xE9,0xFE,0x29,0xFF,0x09,0xFF,0xE9,0xF6,0x69,0xE6,0x68,0xC5,0x65,0x7B,0xE2,0x20,0x21,0x00,
	0xE4,0x20,0x04,0x21,0x04,0x21,0x04,0x21,0x04,0x21,0x04,0x21,0x04,0x21,0x04,0x21,0x44,0x29,0xE5,0x41,
	0x86,0x52,0x07,0x6B,0x88,0x7B,0x29,0x94,0x0A,0xAD,0x0C,0xD6,0xED,0xEE,0x4F,0xFF,0x71,0xFF,0x91,0xFF,
	0xEE,0xF6,0x6A,0xC5,0xE9,0x93,0xEA,0x6A,0xAB,0x52,0xAB,0x52,0xAB,0x52,0xAB,0x52,0x8A,0x52,0x29,0x42,
	0xE4,0x20,0x00,0x00,0x00,0x00,0x00,0x00,0x00,0x00,0x00,0x00,0x00,0x00,0x00,0x00,0x00,0x00,0x00,0x00,
	0x00,0x00,0x00,0x00,0x00,0x00,0x00,0x00,0x00,0x00,0x00,0x00,0x00,0x00,0x00,0x00,0x00,0x00,0x00,0x00,
	0x00,0x00,0x00,0x00,0x00,0x00,0x00,0x00,0x00,0x00,0x00,0x00,0x00,0x00,0x00,0x00,0x00,0x00,0x00,0x00,
	0x00,0x00,0x21,0x00,0xC4,0x18,0xC7,0x39,0x28,0x42,0xC7,0x39,0x25,0x21,0xC3,0x18,0x02,0x29,0x04,0x73,
	0x06,0x6B,0xC4,0x18,0x24,0x21,0x04,0x21,0x04,0x21,0x04,0x21,0x04,0x21,0x04,0x21,0x04,0x21,0x04,0x21,
	0x04,0x21,0x04,0x21,0x04,0x21,0x04,0x21,0x04,0x21,0x04,0x21,0x04,0x21,0x04,0x21,0x04,0x21,0x04,0x21,
	0x04,0x21,0x04,0x21,0x04,0x21,0x04,0x21,0x04,0x21,0x04,0x21,0x04,0x21,0x04,0x21,0x04,0x21,0x04,0x21,
	0xE4,0x20,0xE4,0x20,0x04,0x21,0xE4,0x20,0x04,0x21,0xA4,0x18,0x85,0x5A,0x2A,0xFF,0xE9,0xFE,0xE9,0xFE,
	0xE9,0xF6,0xE9,0xF6,0xE9,0xF6,0xE9,0xFE,0xE9,0xFE,0xE9,0xFE,0xE9,0xFE,0xE9,0xFE,0xE9,0xFE,0xE9,0xFE,
	0xE9,0xFE,0xE9,0xF6,0xE9,0xF6,0xEA,0xF6,0xC4,0x41,0x62,0x10,0xC3,0x18,0x82,0x10,0x61,0x08,0x00,0x00,
	0x00,0x00,0x00,0x00,0x41,0x08,0x82,0x10,0xA3,0x18,0xA3,0x10,0xC2,0x18,0x82,0x39,0x82,0x39,0x42,0x31,
	0xA3,0x18,0xE4,0x18,0xC3,0x18,0xE4,0x18,0xE4,0x18,0xE4,0x18,0xE3,0x18,0x62,0x08,0x01,0x00,0x61,0x10,
	0x42,0x29,0xE3,0x41,0x23,0x52,0x23,0x4A,0xA3,0x41,0x02,0x29,0x41,0x08,0x01,0x00,0x82,0x10,0x04,0x21,
	0xE4,0x20,0xE4,0x20,0x04,0x21,0x04,0x21,0x04,0x21,0x44,0x29,0x84,0x31,0x05,0x42,0x85,0x5A,0xA5,0x62,
	0x85,0x62,0x65,0x5A,0x25,0x4A,0xE4,0x49,0xA3,0x39,0xC4,0x41,0x05,0x4A,0x65,0x52,0xC6,0x62,0x87,0x7B,
	0xE8,0x8B,0x0A,0x8C,0x8A,0x7B,0x4C,0x6B,0x2C,0x6B,0xCB,0x5A,0x6A,0x4A,0xE8,0x39,0x25,0x29,0x04,0x21,
	0x46,0x29,0xE4,0x20,0x20,0x00,0x00,0x00,0x00,0x00,0x00,0x00,0x00,0x00,0x00,0x00,0x00,0x00,0x00,0x00,
	0x00,0x00,0x00,0x00,0x00,0x00,0x00,0x00,0x00,0x00,0x00,0x00,0x00,0x00,0x00,0x00,0x00,0x00,0x00,0x00,
	0x00,0x00,0x00,0x00,0x00,0x00,0x00,0x00,0x00,0x00,0x00,0x00,0x00,0x00,0x00,0x00,0x00,0x00,0x00,0x00,
	0x00,0x00,0x00,0x00,0x00,0x00,0x00,0x00,0x01,0x00,0x00,0x00,0x00,0x00,0x00,0x00,0x00,0x00,0x41,0x08,
	0xE4,0x41,0xE4,0x20,0x04,0x21,0x04,0x21,0x04,0x21,0x04,0x21,0x04,0x21,0x04,0x21,0x04,0x21,0x04,0x21,
	0x04,0x21,0x04,0x21,0x04,0x21,0x04,0x21,0x04,0x21,0x04,0x21,0x04,0x21,0x04,0x21,0x04,0x21,0x04,0x21,
	0x04,0x21,0x04,0x21,0x04,0x21,0x04,0x21,0x04,0x21,0x04,0x21,0x04,0x21,0x04,0x21,0x04,0x21,0xE4,0x20,
	0x04,0x21,0xE4,0x20,0xE4,0x20,0x04,0x21,0x04,0x21,0x04,0x21,0xC2,0x18,0x83,0x39,0x83,0x39,0x82,0x39,
	0x82,0x39,0x82,0x39,0xA2,0x39,0xA3,0x39,0xA3,0x39,0xA3,0x39,0xA3,0x41,0xA3,0x39,0xA3,0x39,0xA3,0x39,
	0xA3,0x39,0xA3,0x41,0xA3,0x41,0x83,0x39,0xA2,0x10,0xA3,0x18,0xA2,0x10,0x82,0x10,0x61,0x08,0x00,0x00,
	0x00,0x00,0x00,0x00,0x41,0x08,0x82,0x10,0xA3,0x10,0xA3,0x18,0x82,0x10,0x42,0x08,0x42,0x08,0x62,0x08,
	0xC3,0x18,0xC3,0x18,0xE4,0x18,0xE4,0x18,0xE4,0x18,0xE4,0x18,0xE4,0x18,0xE4,0x18,0xE3,0x20,0xA3,0x18,
	0x62,0x10,0x42,0x08,0x22,0x00,0x22,0x08,0x62,0x08,0x83,0x10,0xC3,0x18,0x04,0x21,0xE4,0x20,0xE4,0x20,
	0xE4,0x20,0x04,0x21,0x04,0x21,0x44,0x29,0x64,0x31,0xC5,0x41,0x25,0x52,0xA6,0x62,0x06,0x73,0x67,0x7B,
	0x28,0x94,0xA9,0xA4,0x4A,0xBD,0xCB,0xCD,0xEB,0xCD,0xAB,0xC5,0xEA,0xAC,0x49,0x9C,0x88,0x7B,0xE7,0x62,
	0x86,0x52,0x46,0x52,0x05,0x4A,0x47,0x4A,0x07,0x42,0xC7,0x39,0x86,0x31,0x25,0x21,0x82,0x10,0x41,0x08,
	0x21,0x00,0xA2,0x10,0xA3,0x18,0x21,0x08,0x00,0x00,0x00,0x00,0x00,0x00,0x00,0x00,0x00,0x00,0x00,0x00,
	0x00,0x00,0x00,0x00,0x00,0x00,0x00,0x00,0x00,0x00,0x00,0x00,0x00,0x00,0x00,0x00,0x00,0x00,0x00,0x00,
	0x00,0x00,0x00,0x00,0x00,0x00,0x00,0x00,0x00,0x00,0x00,0x00,0x00,0x00,0x00,0x00,0x00,0x00,0x00,0x00,
	0x00,0x00,0x00,0x00,0x00,0x00,0x00,0x00,0x00,0x00,0x00,0x00,0x00,0x00,0x00,0x00,0x00,0x00,0x00,0x00,
	0xE3,0x20,0x04,0x21,0x04,0x21,0x04,0x21,0x04,0x21,0x04,0x21,0x04,0x21,0x04,0x21,0x04,0x21,0xE4,0x20,
	0xE4,0x20,0xE4,0x20,0x04,0x21,0x04,0x21,0x04,0x21,0x04,0x21,0x04,0x21,0x04,0x21,0x04,0x21,0xE4,0x20,
	0x04,0x21,0x04,0x21,0x04,0x21,0x04,0x21,0xE4,0x20,0xE4,0x20,0xE4,0x20,0xE4,0x20,0xE4,0x20,0xE4,0x20,
	0xE4,0x20,0xE4,0x20,0xE4,0x20,0x04,0x21,0x04,0x21,0x04,0x21,0xC4,0x18,0x42,0x08,0x42,0x08,0x42,0x08,
	0x42,0x08,0x42,0x08,0x42,0x08,0x42,0x08,0x42,0x08,0x42,0x08,0x42,0x08,0x42,0x08,0x42,0x08,0x42,0x08,
	0x42,0x08,0x42,0x08,0x42,0x08,0x42,0x08,0xA3,0x10,0xA3,0x18,0xA3,0x10,0x82,0x10,0x41,0x08,0x00,0x00,
	0x00,0x00,0x00,0x00,0x41,0x08,0x82,0x10,0xA3,0x10,0xA3,0x18,0xC3,0x18,0xC3,0x18,0xC3,0x18,0xC4,0x18,
	0xC3,0x18,0xE4,0x18,0xC4,0x18,0xE4,0x18,0xE4,0x18,0xC4,0x18,0xE4,0x18,0xE4,0x18,0xC3,0x18,0xE4,0x18,
	0xE4,0x20,0xE4,0x20,0xE4,0x20,0xE4,0x20,0xE4,0x20,0xE4,0x20,0xE4,0x20,0xE4,0x20,0x04,0x21,0x04,0x21,
	0x24,0x21,0x44,0x29,0x85,0x31,0xA5,0x39,0x06,0x42,0x46,0x4A,0xA7,0x5A,0x07,0x6B,0x68,0x7B,0xC8,0x83,
	0x28,0x94,0xC9,0xA4,0x4A,0xB5,0xAB,0xC5,0xCB,0xCD,0xEC,0xD5,0xAB,0xC5,0xCC,0xCD,0xCC,0xCD,0x8B,0xC5,
	0x2B,0xB5,0x2A,0x94,0x89,0x7B,0xE8,0x62,0xA8,0x5A,0x47,0x4A,0xA6,0x39,0xE4,0x20,0x62,0x10,0x21,0x08,
	0x00,0x00,0x00,0x00,0x21,0x08,0x62,0x10,0x21,0x08,0x00,0x00,0x00,0x00,0x00,0x00,0x00,0x00,0x00,0x00,
	0x00,0x00,0x00,0x00,0x00,0x00,0x00,0x00,0x00,0x00,0x00,0x00,0x00,0x00,0x00,0x00,0x00,0x00,0x00,0x00,
	0x00,0x00,0x00,0x00,0x00,0x00,0x00,0x00,0x00,0x00,0x00,0x00,0x00,0x00,0x00,0x00,0x41,0x08,0xE4,0x18,
	0xC3,0x18,0x82,0x10,0x62,0x08,0x41,0x08,0x21,0x00,0x20,0x00,0x00,0x00,0x00,0x00,0x00,0x00,0xA2,0x10,
	0x04,0x21,0x04,0x21,0x04,0x21,0x04,0x21,0x04,0x21,0x04,0x21,0x04,0x21,0x04,0x21,0x04,0x21,0xE4,0x20,
	0x04,0x21,0xE4,0x20,0x04,0x21,0x04,0x21,0x04,0x21,0x04,0x21,0x04,0x21,0x04,0x21,0x04,0x21,0x04,0x21,
	0x04,0x21,0x04,0x21,0x04,0x21,0xE4,0x20,0x04,0x21,0xE4,0x20,0xE4,0x20,0xE4,0x20,0xE4,0x20,0xE4,0x20,
	0xE4,0x20,0xE4,0x20,0xE4,0x20,0x04,0x21,0xE4,0x20,0xE4,0x20,0xE4,0x20,0x04,0x21,0x04,0x21,0xE4,0x20,
	0xE4,0x20,0xE4,0x20,0xE4,0x20,0x04,0x21,0xE4,0x20,0xE4,0x20,0xE4,0x20,0xE4,0x20,0xE4,0x20,0xE4,0x20,
	0xE4,0x20,0xE4,0x20,0xE3,0x18,0xE3,0x18,0xC3,0x18,0xA3,0x18,0xA3,0x10,0x82,0x10,0x41,0x08,0x00,0x00,
	0x00,0x00,0x00,0x00,0x41,0x08,0x82,0x10,0xA3,0x10,0xA3,0x18,0xA3,0x18,0xC3,0x18,0xC3,0x18,0xC3,0x18,
	0xC3,0x18,0xC3,0x18,0xE4,0x18,0xE4,0x18,0xE4,0x18,0xE4,0x18,0xE4,0x18,0xE4,0x18,0xE4,0x18,0xE4,0x18,
	0xE4,0x18,0xE4,0x18,0xE4,0x18,0xE4,0x18,0xE4,0x20,0xE4,0x18,0xE4,0x20,0x04,0x21,0x04,0x21,0x24,0x21,
	0x24,0x21,0x24,0x29,0x25,0x29,0x25,0x21,0x04,0x21,0x04,0x21,0xE4,0x20,0xE4,0x18,0xC3,0x18,0x82,0x10,
	0x21,0x08,0x21,0x00,0x01,0x00,0x21,0x08,0x61,0x10,0xC2,0x18,0x23,0x29,0xE4,0x41,0xA6,0x5A,0x88,0x7B,
	0x29,0x94,0x8B,0x9C,0x4C,0x94,0xAB,0x7B,0x4A,0x6B,0xA9,0x5A,0x48,0x4A,0x08,0x42,0xC7,0x39,0x65,0x29,
	0xC3,0x18,0x41,0x08,0x00,0x00,0x00,0x00,0x21,0x08,0x21,0x08,0x00,0x00,0x00,0x00,0x00,0x00,0x00,0x00,
	0x00,0x00,0x00,0x00,0x00,0x00,0x00,0x00,0x00,0x00,0x00,0x00,0x00,0x00,0x00,0x00,0x00,0x00,0x00,0x00,
	0x00,0x00,0x00,0x00,0x00,0x00,0x00,0x00,0x00,0x00,0x00,0x00,0x00,0x00,0x00,0x00,0xC3,0x18,0x04,0x21,
	0xE4,0x20,0x04,0x21,0x04,0x21,0xE4,0x20,0xC4,0x18,0xA3,0x18,0xA2,0x10,0xA3,0x10,0xE3,0x18,0x04,0x21,
	0x04,0x21,0x04,0x21,0x04,0x21,0x04,0x21,0x04,0x21,0x04,0x21,0x04,0x21,0x04,0x21,0x04,0x21,0x04,0x21,
	0x04,0x21,0x04,0x21,0x04,0x21,0x04,0x21,0x04,0x21,0x04,0x21,0x04,0x21,0xE4,0x20,0x04,0x21,0x04,0x21,
	0x04,0x21,0xE4,0x20,0x04,0x21,0xE4,0x20,0x04,0x21,0xE4,0x20,0xE4,0x20,0xE4,0x20,0xE4,0x20,0xE4,0x20,
	0xE4,0x20,0xE4,0x20,0xE4,0x20,0xE4,0x20,0xE4,0x20,0xE4,0x20,0xE4,0x20,0xE4,0x18,0xE4,0x18,0xE4,0x20,
	0xE4,0x20,0xE4,0x20,0xE4,0x20,0xE4,0x20,0xE4,0x18,0xE4,0x18,0xE4,0x18,0xE4,0x18,0xE4,0x18,0xE4,0x18,
	0xC3,0x18,0xC3,0x18,0xC3,0x18,0xC3,0x18,0xC3,0x18,0xA3,0x18,0xA3,0x10,0x82,0x10,0x41,0x08,0x00,0x00,
	0x00,0x00,0x00,0x00,0x41,0x08,0x62,0x10,0xA3,0x10,0xA3,0x18,0xA3,0x18,0xA3,0x18,0xC3,0x18,0xC3,0x18,
	0xC3,0x18,0xC3,0x18,0xC3,0x18,0xC3,0x18,0xE4,0x18,0xE4,0x18,0xE4,0x18,0xE4,0x18,0xE4,0x18,0xE4,0x18,
	0xE4,0x18,0xE4,0x20,0xE4,0x20,0xE4,0x20,0xE4,0x20,0xE4,0x20,0xE4,0x20,0x04,0x21,0x04,0x21,0x04,0x21,
	0xE4,0x20,0x04,0x21,0xE4,0x20,0x04,0x21,0x04,0x21,0x04,0x21,0x24,0x21,0x24,0x21,0x24,0x29,0x24,0x29,
	0x23,0x29,0xE3,0x20,0xA2,0x18,0x82,0x10,0x21,0x00,0x00,0x00,0x00,0x00,0x00,0x00,0x00,0x00,0x00,0x00,
	0x00,0x00,0x00,0x00,0x81,0x18,0x64,0x31,0x27,0x4A,0x27,0x4A,0x07,0x42,0xC7,0x39,0x66,0x31,0x45,0x29,
	0x45,0x29,0x45,0x29,0x04,0x21,0xA3,0x10,0x20,0x00,0x00,0x00,0x00,0x00,0x00,0x00,0x00,0x00,0x00,0x00,
	0x00,0x00,0x00,0x00,0x00,0x00,0x00,0x00,0x00,0x00,0x00,0x00,0x00,0x00,0x00,0x00,0x00,0x00,0x00,0x00,
	0x00,0x00,0x00,0x00,0x00,0x00,0x00,0x00,0x00,0x00,0x00,0x00,0x00,0x00,0x41,0x08,0xE4,0x20,0xE4,0x20,
	0xE4,0x20,0xE4,0x20,0xE4,0x20,0xE4,0x20,0x04,0x21,0x04,0x21,0x04,0x21,0x04,0x21,0x04,0x21,0x04,0x21,
	0x04,0x21,0x04,0x21,0x04,0x21,0xE4,0x20,0x04,0x21,0x04,0x21,0x04,0x21,0xE4,0x20,0x04,0x21,0xE4,0x20,
	0x04,0x21,0x04,0x21,0x04,0x21,0xE4,0x20,0x04,0x21,0x04,0x21,0xE4,0x20,0xE4,0x20,0xE4,0x20,0xE4,0x20,
	0xE4,0x20,0xE4,0x20,0xE4,0x20,0xE4,0x20,0xE4,0x20,0xE4,0x20,0xE4,0x20,0xE4,0x20,0xE4,0x20,0xE4,0x20,
	0xE4,0x20,0xE4,0x18,0xE4,0x20,0xE4,0x20,0xE4,0x20,0xE4,0x20,0xE4,0x18,0xE4,0x18,0xE4,0x18,0xE4,0x18,
	0xE4,0x18,0xE4,0x20,0xE4,0x18,0xE4,0x18,0xE4,0x18,0xC3,0x18,0xE4,0x18,0xE4,0x18,0xE4,0x18,0xC3,0x18,
	0xC3,0x18,0xC3,0x18,0xC3,0x18,0xC3,0x18,0xC3,0x18,0xA3,0x18,0xA3,0x10,0x82,0x10,0x41,0x08,0x00,0x00,
	0x00,0x00,0x00,0x00,0x82,0x10,0xC3,0x18,0xC3,0x18,0xA3,0x18,0xA3,0x18,0xC3,0x18,0xC3,0x18,0xC3,0x18,
	0xC3,0x18,0xC3,0x18,0xC3,0x18,0xC3,0x18,0xE4,0x18,0xC3,0x18,0xC3,0x18,0xE4,0x18,0xE4,0x18,0xE4,0x18,
	0xE4,0x18,0xE4,0x20,0xE4,0x18,0xE4,0x20,0xE4,0x20,0xE4,0x20,0xE4,0x20,0xE4,0x20,0xE4,0x20,0x04,0x21,
	0x04,0x21,0x24,0x21,0x24,0x29,0x65,0x29,0xA5,0x39,0x06,0x42,0x66,0x52,0xE7,0x62,0x68,0x7B,0x09,0x94,
	0xAA,0xAC,0x0B,0xB5,0x0B,0xB5,0x2B,0xB5,0x0B,0xAD,0xCB,0xA4,0x8A,0x9C,0x29,0x94,0xA8,0x83,0x27,0x6B,
	0xA6,0x5A,0x04,0x42,0x63,0x31,0xC2,0x18,0x40,0x08,0x20,0x08,0x62,0x10,0xE4,0x18,0x45,0x29,0x65,0x29,
	0x25,0x21,0xC3,0x18,0xC4,0x18,0xE4,0x20,0xC4,0x18,0x82,0x10,0x21,0x08,0x00,0x00,0x00,0x00,0x00,0x00,
	0x00,0x00,0x00,0x00,0x00,0x00,0x00,0x00,0x00,0x00,0x00,0x00,0x00,0x00,0x00,0x00,0x00,0x00,0x00,0x00,
	0x00,0x00,0x00,0x00,0x00,0x00,0x00,0x00,0x00,0x00,0x00,0x00,0x20,0x00,0x82,0x18,0xE4,0x20,0xE4,0x20,
	0xE4,0x20,0xE4,0x20,0xE4,0x20,0xE4,0x20,0x04,0x21,0xE4,0x20,0xE4,0x20,0xE4,0x20,0x04,0x21,0x04,0x21,
	0x04,0x21,0x04,0x21,0xE4,0x20,0xE4,0x20,0x04,0x21,0x04,0x21,0x04,0x21,0xE4,0x20,0xE4,0x20,0x04,0x21,
	0x04,0x21,0xE4,0x20,0xE4,0x20,0xE4,0x20,0xE4,0x20,0xE4,0x20,0xE4,0x20,0xE4,0x20,0x04,0x21,0xE4,0x20,
	0x04,0x21,0x04,0x21,0x04,0x21,0x04,0x21,0x04,0x21,0xE4,0x20,0xE4,0x20,0xE4,0x20,0xE4,0x20,0xE4,0x18,
	0xE4,0x18,0xE4,0x20,0xE4,0x20,0xE4,0x20,0xE4,0x20,0xE4,0x18,0xE4,0x20,0xE4,0x20,0xE4,0x18,0xE4,0x18,
	0xE4,0x18,0xE4,0x18,0xE4,0x18,0xE4,0x18,0xE4,0x18,0xE4,0x18,0xE4,0x18,0xE4,0x18,0xE4,0x18,0xC3,0x18,
	0xC3,0x18,0xC3,0x18,0xC3,0x18,0xC3,0x18,0xA3,0x18,0xA3,0x18,0xA3,0x18,0xC3,0x18,0xA3,0x18,0x20,0x00,
	0x00,0x00,0x00,0x00,0xA3,0x10,0x24,0x21,0x45,0x29,0x66,0x29,0x25,0x21,0xA3,0x18,0xC3,0x18,0xC3,0x18,
	0xC3,0x18,0xC3,0x18,0xC3,0x18,0xC3,0x18,0xC3,0x18,0xC3,0x18,0xC3,0x18,0xE4,0x18,0xE4,0x18,0xE4,0x18,
	0xE4,0x18,0xE4,0x18,0xE4,0x20,0xE4,0x20,0xE4,0x18,0xE4,0x20,0xE4,0x20,0x04,0x21,0x04,0x21,0x04,0x21,
	0x24,0x21,0x25,0x29,0x45,0x29,0x45,0x29,0x44,0x29,0x44,0x29,0x24,0x29,0x23,0x29,0x03,0x21,0x03,0x21,
	0x23,0x29,0x43,0x29,0x63,0x31,0x43,0x31,0x83,0x31,0xA4,0x39,0x04,0x42,0x65,0x52,0x85,0x52,0xA6,0x62,
	0x07,0x6B,0x48,0x73,0x89,0x7B,0xA9,0x83,0x89,0x7B,0x69,0x73,0xE7,0x62,0x86,0x52,0x05,0x42,0xE5,0x41,
	0xC5,0x39,0x65,0x31,0x04,0x21,0xC3,0x18,0x82,0x10,0x82,0x10,0x62,0x10,0x62,0x08,0x21,0x08,0x00,0x00,
	0x00,0x00,0x00,0x00,0x00,0x00,0x00,0x00,0x00,0x00,0x00,0x00,0x00,0x00,0x00,0x00,0x00,0x00,0x00,0x00,
	0x00,0x00,0x00,0x00,0x00,0x00,0x00,0x00,0x00,0x00,0x00,0x00,0x00,0x00,0xA2,0x18,0x04,0x21,0xE4,0x20,
	0xE4,0x20,0x04,0x21,0xE4,0x20,0xE4,0x20,0xE4,0x20,0xE4,0x20,0x04,0x21,0x04,0x21,0x04,0x21,0x04,0x21,
	0x04,0x21,0x04,0x21,0x04,0x21,0xE4,0x20,0xE4,0x20,0xE4,0x20,0xE4,0x20,0x04,0x21,0xE4,0x20,0xE4,0x20,
	0x04,0x21,0x04,0x21,0x04,0x21,0x04,0x21,0xE4,0x20,0xE4,0x20,0xE4,0x18,0xC3,0x18,0xA3,0x18,0xA3,0x10,
	0xA2,0x10,0x82,0x10,0x82,0x10,0x82,0x10,0xA3,0x10,0xC3,0x18,0xE4,0x18,0xE4,0x20,0xE4,0x20,0xE4,0x20,
	0xE4,0x18,0xE4,0x18,0xE4,0x20,0xE4,0x20,0xE4,0x20,0xE4,0x20,0xE4,0x18,0xE4,0x20,0xE4,0x18,0xE4,0x20,
	0xE4,0x18,0xE4,0x18,0xE4,0x18,0xC4,0x18,0xE4,0x18,0xE4,0x18,0xE4,0x18,0xE4,0x18,0xE4,0x18,0xE4,0x18,
	0xC3,0x18,0xC3,0x18,0xC3,0x18,0xA3,0x18,0x24,0x21,0xA6,0x31,0x66,0x31,0x45,0x29,0xE4,0x20,0x20,0x00,
	0x00,0x00,0x00,0x00,0x21,0x08,0x62,0x08,0x82,0x10,0xC3,0x18,0xC3,0x18,0xC3,0x18,0xC3,0x18,0xC3,0x18,
	0xC3,0x18,0xC3,0x18,0xC3,0x18,0xC3,0x18,0xC3,0x18,0xE4,0x18,0xE4,0x18,0xE4,0x18,0xE4,0x18,0xE3,0x18,
	0xC4,0x18,0xC4,0x18,0xE4,0x18,0xE4,0x18,0xE4,0x18,0xE4,0x18,0xE4,0x20,0x04,0x21,0x04,0x21,0x04,0x21,
	0xE4,0x18,0xA3,0x18,0x62,0x10,0x41,0x08,0x00,0x00,0x00,0x00,0x00,0x00,0x00,0x00,0x00,0x00,0x00,0x00,
	0x00,0x00,0x00,0x00,0x00,0x00,0x00,0x00,0x00,0x00,0x00,0x00,0x00,0x00,0x00,0x00,0x00,0x00,0x00,0x00,
	0x00,0x00,0x00,0x00,0x00,0x00,0x00,0x00,0x00,0x00,0x00,0x00,0x61,0x08,0xE2,0x18,0x63,0x31,0xC4,0x39,
	0x25,0x4A,0x45,0x52,0x05,0x42,0xC5,0x39,0x64,0x29,0xC3,0x18,0x62,0x10,0x41,0x08,0x41,0x08,0x21,0x08,
	0x00,0x00,0x00,0x00,0x00,0x00,0x00,0x00,0x00,0x00,0x00,0x00,0x00,0x00,0x00,0x00,0x00,0x00,0x00,0x00,
	0x00,0x00,0x00,0x00,0x00,0x00,0x00,0x00,0x00,0x00,0x00,0x00,0x00,0x00,0x82,0x10,0xE4,0x20,0x04,0x21,
	0xE4,0x20,0xE4,0x20,0xE4,0x20,0xE4,0x20,0xE4,0x20,0xE4,0x20,0x04,0x21,0x04,0x21,0x04,0x21,0x04,0x21,
	0x04,0x21,0x04,0x21,0xE4,0x20,0xE4,0x20,0x04,0x21,0xE4,0x20,0xE4,0x20,0xE4,0x20,0xE4,0x20,0xE4,0x20,
	0x04,0x21,0x04,0x21,0xE4,0x18,0x82,0x10,0x61,0x08,0x41,0x08,0x20,0x00,0x00,0x00,0x00,0x00,0x00,0x00,
	0x00,0x00,0x00,0x00,0x00,0x00,0x00,0x00,0x00,0x00,0x00,0x00,0x20,0x00,0x41,0x08,0x41,0x08,0x82,0x10,
	0xC3,0x18,0xE4,0x18,0xE4,0x20,0xE4,0x20,0xE4,0x20,0xE4,0x18,0xE4,0x18,0xE4,0x20,0xE4,0x18,0xE3,0x18,
	0xE4,0x18,0xE4,0x20,0xE4,0x18,0xC4,0x18,0xC4,0x18,0xC4,0x18,0xC4,0x18,0xC4,0x18,0xC4,0x18,0xC4,0x18,
	0xE4,0x18,0xC3,0x18,0xC3,0x18,0xC3,0x18,0xE4,0x18,0xC3,0x18,0xA3,0x10,0x62,0x10,0x21,0x08,0x00,0x00,
	0x00,0x00,0x00,0x00,0x41,0x08,0x82,0x10,0x82,0x10,0xA3,0x10,0xA3,0x18,0xC3,0x18,0xC3,0x18,0xC3,0x18,
	0xC3,0x18,0xC3,0x18,0xC3,0x18,0xC3,0x18,0xC3,0x18,0xC3,0x18,0xC3,0x18,0xE4,0x18,0xC3,0x18,0xE4,0x18,
	0xC3,0x18,0xE4,0x18,0xE4,0x18,0xE4,0x18,0xE4,0x18,0xE4,0x18,0xE4,0x20,0xE4,0x20,0xA3,0x18,0x41,0x08,
	0x00,0x00,0x00,0x00,0x00,0x00,0x00,0x00,0x00,0x00,0x20,0x00,0x41,0x08,0x00,0x00,0x69,0x4A,0x38,0xC6,
	0x04,0x21,0x20,0x00,0x41,0x08,0x20,0x08,0x20,0x00,0x00,0x00,0x00,0x00,0x00,0x00,0x20,0x00,0x20,0x00,
	0x40,0x08,0x43,0x29,0x04,0x42,0x83,0x39,0x42,0x29,0x02,0x21,0xA1,0x18,0x61,0x08,0x00,0x00,0x00,0x00,
	0x00,0x00,0x00,0x00,0x00,0x00,0x20,0x00,0x41,0x08,0xA2,0x18,0xC2,0x18,0x82,0x10,0x62,0x08,0x41,0x08,
	0x21,0x00,0x00,0x00,0x00,0x00,0x00,0x00,0x00,0x00,0x00,0x00,0x00,0x00,0x00,0x00,0x00,0x00,0x00,0x00,
	0x00,0x00,0x00,0x00,0x00,0x00,0x00,0x00,0x00,0x00,0x00,0x00,0x20,0x00,0xA4,0x39,0x04,0x21,0xC4,0x18,
	0xE4,0x20,0x04,0x21,0xE4,0x18,0xE4,0x20,0x04,0x21,0xE4,0x20,0xE4,0x20,0xE4,0x20,0x04,0x21,0x04,0x21,
	0x04,0x21,0xE4,0x20,0xE4,0x20,0xE4,0x20,0xE4,0x20,0x04,0x21,0xE4,0x20,0x04,0x21,0x04,0x21,0xE4,0x18,
	0x82,0x10,0x41,0x08,0x00,0x00,0x00,0x00,0x00,0x00,0x00,0x00,0x00,0x00,0x00,0x00,0x21,0x08,0x00,0x00,
	0x86,0x31,0xD6,0xB5,0x45,0x29,0x00,0x00,0x21,0x08,0x00,0x00,0x00,0x00,0x00,0x00,0x00,0x00,0x00,0x00,
	0x00,0x00,0x21,0x08,0x82,0x10,0xE3,0x18,0xE4,0x20,0xE4,0x18,0xE4,0x18,0xE4,0x18,0xE4,0x18,0xE4,0x18,
	0xE4,0x18,0xE4,0x18,0xE4,0x18,0xC4,0x18,0xE3,0x18,0xC3,0x18,0xC3,0x18,0xC3,0x18,0xC3,0x18,0xE4,0x18,
	0xC4,0x18,0xC3,0x18,0xC3,0x18,0xC3,0x18,0xC3,0x18,0xA3,0x10,0x82,0x10,0x82,0x10,0x41,0x08,0x00,0x00,
	0x00,0x00,0x00,0x00,0x41,0x08,0x62,0x10,0xA3,0x10,0xA3,0x18,0xA3,0x18,0xC3,0x18,0xC3,0x18,0xC3,0x18,
	0xC3,0x18,0xC3,0x18,0xC3,0x18,0xC3,0x18,0xC3,0x18,0xC3,0x18,0xE4,0x18,0xE4,0x18,0xC3,0x18,0xE4,0x18,
	0xE4,0x18,0xC4,0x18,0xC4,0x18,0xE4,0x18,0xE4,0x20,0xC3,0x18,0x62,0x10,0x00,0x00,0x00,0x00,0x00,0x00,
	0x20,0x00,0x21,0x08,0x61,0x08,0x62,0x10,0x82,0x10,0x82,0x10,0xC3,0x18,0x21,0x00,0xEF,0x7B,0xFF,0xFF,
	0x28,0x42,0x82,0x10,0xC3,0x18,0xA2,0x10,0x82,0x10,0x62,0x08,0x41,0x08,0x20,0x00,0x00,0x00,0x00,0x00,
	0x00,0x00,0xA2,0x18,0xC6,0x62,0xAA,0x9C,0xEA,0xAC,0xCA,0xAC,0xCA,0xAC,0xCA,0xA4,0xAA,0xA4,0x69,0x94,
	0x09,0x8C,0x68,0x73,0xC6,0x62,0x25,0x4A,0x84,0x39,0xC2,0x20,0x41,0x08,0x20,0x00,0x20,0x00,0x41,0x08,
	0x41,0x08,0x21,0x08,0x00,0x00,0x00,0x00,0x00,0x00,0x00,0x00,0x00,0x00,0x00,0x00,0x00,0x00,0x00,0x00,
	0x00,0x00,0x00,0x00,0x00,0x00,0x00,0x00,0x00,0x00,0x20,0x00,0x00,0x00,0xA7,0x83,0xE8,0xB4,0xE4,0x49,
	0x24,0x21,0xA3,0x10,0x04,0x21,0x04,0x21,0xE4,0x20,0xE4,0x20,0xE4,0x20,0xE4,0x20,0xE4,0x20,0x04,0x21,
	0xE4,0x20,0xE4,0x20,0xE4,0x20,0xE4,0x20,0xE4,0x20,0xE4,0x20,0x04,0x21,0xE4,0x18,0x62,0x08,0x00,0x00,
	0x00,0x00,0x00,0x00,0x00,0x00,0x00,0x00,0xC3,0x18,0x4D,0x6B,0x41,0x08,0x82,0x10,0xC3,0x18,0x41,0x08,
	0xEB,0x5A,0xFF,0xFF,0x8A,0x4A,0x41,0x08,0xA3,0x18,0x62,0x10,0xC3,0x18,0x0C,0x63,0x41,0x08,0x20,0x00,
	0x00,0x00,0x00,0x00,0x00,0x00,0x00,0x00,0x62,0x08,0xC3,0x18,0xE4,0x20,0xE4,0x18,0xE4,0x18,0xE4,0x18,
	0xE4,0x18,0xC4,0x18,0xC4,0x18,0xE4,0x18,0xE3,0x18,0xC3,0x18,0xC3,0x18,0xC3,0x18,0xC3,0x18,0xE4,0x18,
	0xC4,0x18,0xC3,0x18,0xC3,0x18,0xC3,0x18,0xA3,0x18,0xA3,0x18,0x82,0x10,0x62,0x10,0x41,0x08,0x00,0x00,
	0x00,0x00,0x00,0x00,0x41,0x08,0x82,0x10,0x82,0x10,0xA3,0x18,0xA3,0x18,0xA3,0x18,0xC3,0x18,0xC3,0x18,
	0xC3,0x18,0xC3,0x18,0xC3,0x18,0xC3,0x18,0xC3,0x18,0xC3,0x18,0xE4,0x18,0xC3,0x18,0xC3,0x18,0xE4,0x18,
	0xC3,0x18,0xC3,0x18,0xE4,0x18,0xE4,0x18,0x62,0x10,0x20,0x00,0x00,0x00,0x62,0x10,0x20,0x00,0x61,0x08,
	0x82,0x10,0xA2,0x10,0xC3,0x18,0xE3,0x18,0xE3,0x18,0xE4,0x18,0x04,0x21,0x62,0x08,0xF0,0x7B,0xFF,0xFF,
	0x69,0x4A,0xC3,0x18,0x25,0x21,0x04,0x21,0xE4,0x18,0xE4,0x18,0xC3,0x18,0xA2,0x10,0x62,0x10,0x20,0x00,
	0x82,0x10,0x82,0x10,0x00,0x00,0x00,0x00,0x61,0x08,0x82,0x10,0x82,0x10,0x81,0x10,0x81,0x10,0xC2,0x18,
	0x02,0x21,0x22,0x29,0xA3,0x39,0xE4,0x41,0x45,0x4A,0x05,0x4A,0x84,0x39,0x24,0x21,0xA2,0x10,0x41,0x08,
	0x20,0x00,0x20,0x00,0x20,0x00,0x00,0x00,0x00,0x00,0x00,0x00,0x00,0x00,0x00,0x00,0x00,0x00,0x00,0x00,
	0x00,0x00,0x00,0x00,0x00,0x00,0x00,0x00,0x00,0x00,0x00,0x00,0x41,0x08,0x24,0x52,0xC8,0xAC,0xE7,0x93,
	0x25,0x7B,0xC6,0x6A,0xE3,0x20,0xC4,0x18,0x04,0x21,0xE4,0x20,0xE4,0x20,0x04,0x21,0xE4,0x20,0xE4,0x20,
	0xE4,0x20,0xE4,0x20,0xE4,0x20,0xE4,0x20,0xE4,0x20,0xE4,0x20,0x82,0x10,0x00,0x00,0x00,0x00,0x61,0x08,
	0x00,0x00,0x61,0x08,0x82,0x10,0xA3,0x10,0xA3,0x18,0xF7,0xBD,0xC7,0x39,0xA3,0x10,0x04,0x21,0x82,0x10,
	0x0C,0x63,0xFF,0xFF,0xCB,0x5A,0x82,0x10,0x24,0x21,0x82,0x10,0x0C,0x63,0x14,0xA5,0x41,0x08,0xA3,0x18,
	0x62,0x10,0x41,0x08,0x00,0x00,0x21,0x08,0x00,0x00,0x00,0x00,0x62,0x10,0xE4,0x18,0xE4,0x20,0xE4,0x18,
	0xE4,0x18,0xE4,0x18,0xC3,0x18,0xC4,0x18,0xC4,0x18,0xC3,0x18,0xC3,0x18,0xC3,0x18,0xC4,0x18,0xC3,0x18,
	0xC3,0x18,0xC3,0x18,0xC3,0x18,0xC3,0x18,0xA3,0x18,0xA3,0x10,0x82,0x10,0x82,0x10,0x41,0x08,0x00,0x00,
	0x00,0x00,0x00,0x00,0x21,0x08,0x62,0x10,0x82,0x10,0x82,0x10,0xA3,0x10,0xA3,0x18,0xC3,0x18,0xC3,0x18,
	0xC3,0x18,0xC3,0x18,0xC3,0x18,0xC3,0x18,0xC3,0x18,0xC3,0x18,0xC3,0x18,0xC3,0x18,0xC3,0x18,0xC3,0x18,
	0xC4,0x18,0xE4,0x18,0xC3,0x18,0x41,0x08,0x00,0x00,0x00,0x00,0xE4,0x20,0x3C,0xE7,0x10,0x84,0x41,0x08,
	0xE3,0x18,0xE3,0x18,0xE4,0x20,0x04,0x21,0x04,0x21,0x25,0x21,0x45,0x29,0xA2,0x10,0xEF,0x7B,0xFF,0xFF,
	0x28,0x42,0xE4,0x20,0x45,0x29,0x25,0x21,0x24,0x21,0x04,0x21,0x04,0x21,0x04,0x21,0xC3,0x18,0xA3,0x10,
	0x79,0xCE,0x75,0xAD,0x00,0x00,0x00,0x00,0x00,0x00,0x21,0x00,0x62,0x08,0x62,0x08,0x21,0x00,0x00,0x00,
	0x00,0x00,0x00,0x00,0x00,0x00,0x00,0x00,0x00,0x00,0x00,0x00,0x00,0x00,0x20,0x00,0x41,0x08,0x41,0x08,
	0x41,0x08,0x20,0x00,0x00,0x00,0x00,0x00,0x00,0x00,0x00,0x00,0x00,0x00,0x00,0x00,0x00,0x00,0x00,0x00,
	0x00,0x00,0x00,0x00,0x00,0x00,0x00,0x00,0x00,0x00,0x00,0x00,0x20,0x00,0x45,0x52,0xE4,0x49,0x2A,0xB5,
	0xA3,0x41,0x85,0x8B,0x47,0xA4,0x43,0x31,0xC4,0x18,0xE4,0x20,0xE4,0x20,0xE4,0x20,0xE4,0x20,0xE4,0x18,
	0xE4,0x20,0xE4,0x18,0xE4,0x20,0xE4,0x20,0xC3,0x18,0x41,0x08,0x00,0x00,0x00,0x00,0xCB,0x5A,0x1C,0xDF,
	0xC7,0x39,0x62,0x08,0x04,0x21,0x04,0x21,0x41,0x08,0x30,0x8C,0xEF,0x7B,0xA3,0x10,0x45,0x29,0xC3,0x18,
	0xEC,0x5A,0xFF,0xFF,0xAA,0x52,0xC3,0x18,0x45,0x29,0x83,0x10,0xF3,0x9C,0xCB,0x5A,0x62,0x10,0xE4,0x20,
	0xE4,0x20,0x21,0x08,0x30,0x84,0x9A,0xD6,0xA2,0x10,0x00,0x00,0x00,0x00,0x21,0x08,0xA3,0x18,0xE4,0x18,
	0xE4,0x18,0xE4,0x18,0xC3,0x18,0xC4,0x18,0xC4,0x18,0xC3,0x18,0xC4,0x18,0xC3,0x18,0xC3,0x18,0xC3,0x18,
	0xC3,0x18,0xC3,0x18,0xC3,0x18,0xC3,0x18,0xA3,0x18,0x82,0x10,0x62,0x10,0x41,0x08,0x21,0x08,0x00,0x00,
	0x00,0x00,0x00,0x00,0xA2,0x10,0xE4,0x20,0x04,0x21,0x04,0x21,0xE4,0x18,0xA3,0x18,0xC3,0x18,0xC3,0x18,
	0xC3,0x18,0xC3,0x18,0xC3,0x18,0xC3,0x18,0xC3,0x18,0xC3,0x18,0xC3,0x18,0xC3,0x18,0xC3,0x18,0xC3,0x18,
	0xC4,0x18,0x82,0x10,0x00,0x00,0x00,0x00,0x21,0x08,0x62,0x10,0x41,0x08,0xF3,0x9C,0xFF,0xFF,0xAB,0x52,
	0x62,0x10,0x04,0x21,0x04,0x21,0x04,0x21,0x25,0x21,0x25,0x21,0x45,0x29,0x25,0x21,0x86,0x31,0x49,0x4A,
	0x25,0x29,0x25,0x29,0x25,0x21,0x25,0x29,0x25,0x21,0x25,0x21,0x25,0x21,0x24,0x21,0x82,0x10,0x14,0xA5,
	0xFF,0xFF,0x69,0x4A,0x41,0x08,0x61,0x08,0x00,0x00,0x00,0x00,0x00,0x00,0x82,0x10,0xA3,0x18,0x82,0x10,
	0x82,0x10,0x61,0x08,0x41,0x08,0x21,0x08,0x20,0x00,0x20,0x08,0x20,0x00,0x00,0x00,0x00,0x00,0x00,0x00,
	0x00,0x00,0x00,0x00,0x00,0x00,0x00,0x00,0x00,0x00,0x00,0x00,0x00,0x00,0x00,0x00,0x00,0x00,0x00,0x00,
	0x00,0x00,0x00,0x00,0x41,0x10,0x82,0x18,0x00,0x00,0x00,0x00,0x00,0x00,0x66,0x52,0x64,0x31,0x06,0x6B,
	0x69,0x9C,0x00,0x00,0xA7,0xB4,0x67,0xA4,0xA2,0x18,0x04,0x21,0xC4,0x18,0xC4,0x18,0xE4,0x18,0xE4,0x20,
	0xE4,0x18,0xE4,0x18,0xE4,0x20,0x82,0x10,0x20,0x00,0x00,0x00,0x21,0x08,0x41,0x08,0x24,0x21,0x3C,0xE7,
	0xFB,0xDE,0x24,0x21,0xC3,0x18,0x25,0x21,0xE4,0x20,0x86,0x31,0xE8,0x39,0x25,0x21,0x45,0x29,0x25,0x21,
	0x66,0x29,0x69,0x4A,0x45,0x29,0x25,0x21,0x25,0x21,0x25,0x29,0xA7,0x31,0x04,0x21,0xE4,0x20,0x04,0x21,
	0x62,0x10,0xCB,0x5A,0xFF,0xFF,0x13,0x9D,0x41,0x08,0x41,0x08,0x20,0x00,0x00,0x00,0x00,0x00,0x82,0x10,
	0xE4,0x18,0xC4,0x18,0xC3,0x18,0xE4,0x18,0xC3,0x18,0xE4,0x18,0xC3,0x18,0xC3,0x18,0xC3,0x18,0xC3,0x18,
	0xC3,0x18,0xC3,0x18,0xC3,0x18,0xC3,0x18,0xC3,0x18,0xE4,0x20,0xE4,0x20,0x04,0x21,0xE3,0x18,0x20,0x00,
	0x00,0x00,0x00,0x00,0x82,0x10,0xC3,0x18,0x04,0x21,0x45,0x29,0x24,0x21,0xA3,0x18,0xC3,0x18,0xC3,0x18,
	0xC3,0x18,0xC3,0x18,0xC3,0x18,0xC3,0x18,0xC3,0x18,0xC3,0x18,0xC3,0x18,0xC3,0x18,0xC4,0x18,0xE4,0x18,
	0x62,0x10,0x00,0x00,0x20,0x00,0x41,0x08,0x82,0x10,0xA3,0x18,0xA2,0x10,0x82,0x10,0x59,0xCE,0xBE,0xF7,
	0xE8,0x39,0xC3,0x18,0x25,0x21,0x04,0x21,0x25,0x21,0x25,0x21,0x45,0x29,0x25,0x29,0x04,0x21,0xE4,0x20,
	0x45,0x29,0x45,0x29,0x25,0x21,0x45,0x29,0x45,0x29,0x25,0x21,0x25,0x29,0xC3,0x18,0x10,0x84,0xFF,0xFF,
	0xF0,0x7B,0x61,0x08,0x04,0x21,0xA3,0x10,0x61,0x08,0x20,0x00,0x00,0x00,0x00,0x00,0x41,0x08,0x62,0x08,
	0x41,0x08,0x21,0x08,0x20,0x00,0x20,0x00,0x00,0x00,0x00,0x00,0x00,0x00,0x00,0x00,0x61,0x10,0x81,0x10,
	0x41,0x08,0x00,0x00,0x00,0x00,0x00,0x00,0x00,0x00,0x00,0x00,0x00,0x00,0x00,0x00,0x00,0x00,0x00,0x00,
	0x82,0x10,0xE3,0x20,0x61,0x10,0xC5,0x41,0x05,0x4A,0x41,0x08,0x00,0x00,0x05,0x42,0x84,0x39,0x22,0x29,
	0xEB,0xAC,0x00,0x00,0xC8,0xB4,0xE8,0xBC,0x22,0x5A,0x28,0xC5,0x66,0x8B,0x84,0x39,0xE4,0x20,0xE4,0x18,
	0xE4,0x20,0xE4,0x20,0x62,0x10,0x00,0x00,0x00,0x00,0x20,0x00,0xA2,0x10,0xC3,0x18,0x61,0x08,0x08,0x42,
	0xFF,0xFF,0xD7,0xBD,0xE4,0x18,0x25,0x21,0x25,0x21,0x25,0x21,0x25,0x21,0x45,0x29,0x45,0x29,0x45,0x29,
	0x45,0x29,0xE4,0x20,0x45,0x29,0x45,0x29,0x25,0x21,0x25,0x29,0x04,0x21,0x04,0x21,0x24,0x21,0xA3,0x18,
	0x29,0x42,0xDF,0xFF,0x79,0xCE,0xA2,0x10,0xA3,0x18,0xA3,0x18,0x82,0x10,0x00,0x00,0x00,0x00,0x00,0x00,
	0x62,0x08,0xE4,0x18,0xC4,0x18,0xC3,0x18,0xE4,0x18,0xC3,0x18,0xC3,0x18,0xC3,0x18,0xC3,0x18,0xC3,0x18,
	0xC3,0x18,0xC3,0x18,0xC3,0x18,0xA3,0x18,0x04,0x21,0x45,0x29,0x25,0x21,0x04,0x21,0xA3,0x18,0x20,0x00,
	0x00,0x00,0x00,0x00,0x21,0x08,0x41,0x08,0x62,0x10,0x82,0x10,0xA3,0x10,0xA3,0x18,0xC3,0x18,0xC3,0x18,
	0xC3,0x18,0xC3,0x18,0xC3,0x18,0xC3,0x18,0xC3,0x18,0xC3,0x18,0xC3,0x18,0xC3,0x18,0xE4,0x18,0x62,0x10,
	0x00,0x00,0x21,0x08,0x41,0x08,0x82,0x10,0xA3,0x18,0xA3,0x18,0xC3,0x18,0x82,0x10,0xA7,0x31,0x59,0xCE,
	0xCB,0x5A,0xA3,0x18,0x25,0x21,0x04,0x21,0x24,0x21,0x24,0x21,0x25,0x21,0x24,0x21,0x25,0x29,0x45,0x29,
	0x45,0x29,0x45,0x29,0x45,0x29,0x45,0x29,0x45,0x29,0x25,0x29,0x25,0x29,0xE4,0x20,0x14,0xA5,0x55,0xA5,
	0xA3,0x18,0x04,0x21,0xE4,0x20,0xC3,0x18,0xA3,0x18,0x62,0x10,0x21,0x08,0x00,0x00,0x00,0x00,0x00,0x00,
	0x00,0x00,0x00,0x00,0x00,0x00,0x00,0x00,0x61,0x08,0xC4,0x41,0x67,0x7B,0x68,0x7B,0x46,0x52,0xC2,0x20,
	0x61,0x10,0x81,0x10,0x81,0x10,0x61,0x10,0x21,0x08,0x00,0x00,0x00,0x00,0x00,0x00,0x00,0x00,0x00,0x00,
	0x20,0x00,0x03,0x21,0xC5,0x41,0x44,0x29,0x25,0x4A,0xE8,0x6A,0xC2,0x18,0x64,0x31,0x84,0x31,0xC2,0x20,
	0x09,0x8C,0xC1,0x20,0x6C,0xE6,0xE2,0x49,0xE6,0x9B,0xE8,0xE5,0x84,0x93,0x04,0x52,0x44,0x31,0xC3,0x18,
	0xE4,0x20,0x61,0x08,0x00,0x00,0x00,0x00,0xE7,0x39,0x65,0x29,0x41,0x08,0xE4,0x20,0x04,0x21,0x82,0x10,
	0xAE,0x73,0xDB,0xDE,0xC7,0x39,0x04,0x21,0x45,0x29,0x45,0x29,0x46,0x29,0x45,0x29,0x45,0x29,0x45,0x29,
	0x45,0x29,0x45,0x29,0x45,0x29,0x45,0x29,0x25,0x29,0x25,0x21,0x25,0x21,0x24,0x21,0x24,0x21,0xC3,0x18,
	0xCB,0x5A,0x18,0xBE,0xC7,0x39,0x82,0x10,0xE3,0x18,0xC3,0x18,0x21,0x08,0x08,0x42,0xC3,0x18,0x00,0x00,
	0x00,0x00,0x62,0x10,0xE4,0x18,0xC3,0x18,0xC3,0x18,0xC3,0x18,0xC3,0x18,0xC3,0x18,0xC3,0x18,0xC3,0x18,
	0xC3,0x18,0xC3,0x18,0xC3,0x18,0xC3,0x18,0xA3,0x18,0x82,0x10,0x62,0x10,0x61,0x08,0x21,0x08,0x00,0x00,
	0x00,0x00,0x00,0x00,0x41,0x08,0x62,0x10,0x82,0x10,0xA3,0x10,0xA3,0x18,0xA3,0x18,0xA3,0x18,0xA3,0x18,
	0xC3,0x18,0xC3,0x18,0xC3,0x18,0xC3,0x18,0xC3,0x18,0xC3,0x18,0xC3,0x18,0xC3,0x18,0x62,0x10,0x00,0x00,
	0x21,0x08,0x61,0x08,0x82,0x10,0xA3,0x10,0xA3,0x10,0xA3,0x18,0xC3,0x18,0xE4,0x18,0xA3,0x10,0xA3,0x10,
	0xC3,0x18,0x04,0x21,0x04,0x21,0x04,0x21,0x24,0x21,0x25,0x21,0x25,0x21,0x25,0x21,0x25,0x29,0x25,0x21,
	0x45,0x29,0x45,0x29,0x45,0x29,0x45,0x29,0x25,0x29,0x25,0x21,0x24,0x21,0x25,0x21,0xE4,0x20,0xC4,0x18,
	0x04,0x21,0x04,0x21,0xE4,0x18,0xE4,0x18,0xC3,0x18,0xA3,0x18,0x62,0x10,0x21,0x08,0x00,0x00,0x00,0x00,
	0x20,0x08,0xE2,0x20,0x65,0x52,0x48,0x9C,0x2C,0xD6,0x0D,0xD6,0x06,0x6B,0xA1,0x18,0x42,0x31,0x46,0x7B,
	0xA8,0xAC,0x87,0xAC,0x06,0x9C,0x46,0x83,0x85,0x62,0x43,0x31,0xA2,0x18,0xA2,0x18,0x61,0x10,0x20,0x08,
	0x00,0x00,0x00,0x00,0x00,0x00,0x24,0x29,0x84,0x31,0xC5,0x41,0xA7,0x5A,0xC5,0x41,0xA2,0x18,0xE2,0x20,
	0x27,0x73,0x08,0x94,0x08,0x8C,0xE3,0x49,0xCA,0xD5,0x23,0x52,0x00,0x00,0x81,0x18,0x02,0x29,0x03,0x29,
	0x61,0x10,0x00,0x00,0x21,0x08,0x41,0x08,0x69,0x4A,0xD7,0xBD,0xAB,0x52,0x62,0x10,0x04,0x21,0x04,0x21,
	0xC3,0x18,0xE4,0x18,0x04,0x21,0x25,0x21,0x25,0x21,0x45,0x29,0x25,0x21,0x25,0x21,0x45,0x29,0x45,0x29,
	0x45,0x29,0x45,0x29,0x45,0x29,0x25,0x21,0x25,0x21,0x25,0x21,0x25,0x29,0x25,0x21,0x04,0x21,0x05,0x21,
	0xC4,0x18,0x83,0x10,0xA3,0x10,0xE3,0x18,0xC3,0x18,0xA2,0x10,0x10,0x84,0x55,0xAD,0xC3,0x18,0x41,0x08,
	0x20,0x00,0x00,0x00,0x62,0x10,0xC3,0x18,0xC3,0x18,0xC3,0x18,0xC3,0x18,0xC3,0x18,0xC3,0x18,0xC3,0x18,
	0xC3,0x18,0xC3,0x18,0xC3,0x18,0xA3,0x18,0xA3,0x18,0xA3,0x10,0x82,0x10,0x82,0x10,0x41,0x08,0x00,0x00,
	0x00,0x00,0x00,0x00,0x41,0x08,0x62,0x10,0x82,0x10,0x82,0x10,0xA3,0x10,0xA3,0x18,0xA3,0x18,0xC3,0x18,
	0xC3,0x18,0xC3,0x18,0xC3,0x18,0xC3,0x18,0xC3,0x18,0xC3,0x18,0xC3,0x18,0x82,0x10,0x00,0x00,0x20,0x00,
	0x62,0x10,0x82,0x10,0x82,0x10,0x83,0x10,0xA3,0x10,0xA3,0x18,0xC3,0x18,0xC3,0x18,0xE4,0x18,0xE4,0x20,
	0x04,0x21,0xE4,0x18,0xE4,0x20,0x04,0x21,0x04,0x21,0x25,0x21,0x25,0x21,0x25,0x21,0x05,0x21,0x05,0x21,
	0x25,0x21,0x25,0x29,0x45,0x29,0x45,0x29,0x45,0x29,0x25,0x29,0x25,0x21,0x24,0x21,0x04,0x21,0x24,0x21,
	0x04,0x21,0x04,0x21,0xE4,0x20,0xE4,0x20,0xE4,0x18,0xC3,0x18,0xA2,0x10,0x82,0x10,0x41,0x08,0x20,0x00,
	0x00,0x00,0x6A,0x9C,0x4C,0xFF,0xEC,0xEE,0xE8,0x83,0x61,0x10,0xE2,0x28,0x28,0x9C,0x6B,0xE6,0xEB,0xF6,
	0x8B,0xEE,0x09,0xDE,0x88,0xCD,0xE8,0xB4,0x66,0x83,0x25,0x83,0xE5,0x7A,0xA5,0x6A,0x64,0x62,0x84,0x62,
	0x24,0x7B,0x85,0x83,0x85,0x5A,0xC1,0x18,0x41,0x08,0xE3,0x20,0x02,0x21,0xE5,0x41,0x03,0x21,0xA1,0x18,
	0x68,0x7B,0x8A,0xA4,0x05,0x4A,0x47,0x7B,0xE2,0x20,0x01,0x29,0xA4,0x93,0x06,0xC5,0xC6,0xB4,0xA3,0x41,
	0x00,0x00,0x41,0x08,0x61,0x10,0xA3,0x10,0x41,0x08,0x25,0x21,0x55,0xAD,0x8E,0x73,0xA3,0x10,0x04,0x21,
	0x04,0x21,0xE4,0x18,0x04,0x21,0x04,0x21,0x05,0x21,0x25,0x21,0x05,0x21,0x25,0x21,0x45,0x29,0x65,0x29,
	0x45,0x29,0x45,0x29,0x45,0x29,0x25,0x21,0x25,0x21,0x25,0x21,0x25,0x21,0x24,0x21,0x04,0x21,0x04,0x21,
	0x04,0x21,0x04,0x21,0x04,0x21,0xE4,0x20,0x82,0x10,0xCF,0x7B,0x92,0x94,0x41,0x08,0x62,0x10,0x82,0x10,
	0x41,0x08,0x20,0x00,0x00,0x00,0xA2,0x10,0xC4,0x18,0xC3,0x18,0xC3,0x18,0xC3,0x18,0xC3,0x18,0xC3,0x18,
	0xC3,0x18,0xC3,0x18,0xC3,0x18,0xC3,0x18,0xA3,0x18,0xA2,0x10,0x82,0x10,0x62,0x10,0x41,0x08,0x00,0x00,
	0x00,0x00,0x00,0x00,0x41,0x08,0x62,0x10,0x82,0x10,0x82,0x10,0xA3,0x10,0xA3,0x18,0xA3,0x18,0xA3,0x18,
	0xC3,0x18,0xC3,0x18,0xC3,0x18,0xC3,0x18,0xC3,0x18,0xC3,0x18,0xA3,0x18,0x20,0x00,0x21,0x08,0x62,0x10,
	0x00,0x00,0x41,0x08,0xA3,0x18,0xA3,0x10,0xA3,0x10,0xA3,0x10,0xA3,0x18,0xC3,0x18,0xC3,0x18,0xE4,0x18,
	0xE4,0x18,0xE4,0x18,0xE4,0x20,0x04,0x21,0x04,0x21,0x24,0x21,0x24,0x21,0x24,0x21,0x24,0x21,0x25,0x21,
	0x25,0x21,0x25,0x21,0x25,0x21,0x25,0x21,0x25,0x21,0x25,0x29,0x25,0x21,0x04,0x21,0x04,0x21,0x04,0x21,
	0x04,0x21,0xE4,0x20,0xE4,0x20,0xE4,0x20,0xE4,0x18,0xE4,0x18,0xE3,0x18,0x41,0x08,0x00,0x00,0x41,0x08,
	0x00,0x00,0x02,0x29,0x4B,0xBD,0xE5,0x41,0x00,0x00,0x87,0x62,0x4A,0xC5,0x6B,0xE6,0x6B,0xE6,0x8B,0xE6,
	0x8A,0xE6,0x4A,0xDE,0x0A,0xD6,0xA8,0xAC,0xC8,0xB4,0x28,0xBD,0xA7,0xB4,0x86,0xAC,0xA7,0xB4,0xC6,0xBC,
	0xA8,0xD5,0xEB,0xEE,0x8E,0xFF,0x0E,0xEF,0x2B,0xAD,0x65,0x52,0xC2,0x18,0x00,0x00,0x41,0x08,0x41,0x08,
	0x25,0x4A,0x23,0x29,0x82,0x18,0x00,0x00,0x20,0x08,0x24,0x52,0x26,0x9C,0xE9,0xDD,0x67,0xA4,0x20,0x08,
	0x00,0x00,0x00,0x00,0x00,0x00,0x82,0x10,0xE4,0x18,0x82,0x10,0xC3,0x18,0xA7,0x31,0xC3,0x18,0xC4,0x18,
	0xE4,0x18,0xE4,0x18,0xE4,0x20,0x04,0x21,0x04,0x21,0x04,0x21,0x04,0x21,0x25,0x21,0x25,0x21,0x45,0x29,
	0x45,0x29,0x45,0x29,0x25,0x29,0x25,0x29,0x25,0x21,0x25,0x21,0x04,0x21,0x04,0x21,0x04,0x21,0x04,0x21,
	0x04,0x21,0xE4,0x20,0xE4,0x18,0xE4,0x20,0xE4,0x18,0x04,0x21,0x62,0x08,0xA3,0x18,0xC3,0x18,0x61,0x08,
	0x00,0x00,0x21,0x08,0x00,0x00,0x20,0x00,0xC3,0x18,0xC3,0x18,0xC3,0x18,0xC3,0x18,0xC3,0x18,0xC3,0x18,
	0xC3,0x18,0xC3,0x18,0xC3,0x18,0xC3,0x18,0xA3,0x18,0xA3,0x10,0x82,0x10,0x62,0x10,0x41,0x08,0x00,0x00,
	0x00,0x00,0x00,0x00,0x41,0x08,0x62,0x10,0x82,0x10,0x82,0x10,0x82,0x10,0xA3,0x10,0xA3,0x18,0xA3,0x18,
	0xA3,0x18,0xA3,0x18,0xC3,0x18,0xC3,0x18,0xC3,0x18,0xC3,0x18,0x62,0x08,0x00,0x00,0x49,0x4A,0x3C,0xE7,
	0xB2,0x94,0x66,0x29,0x20,0x00,0x62,0x08,0xA3,0x10,0xA3,0x10,0xA3,0x18,0xC3,0x18,0xC3,0x18,0xC3,0x18,
	0xC3,0x18,0xE4,0x18,0xE4,0x20,0xE4,0x20,0x04,0x21,0x04,0x21,0x24,0x21,0x25,0x21,0x25,0x21,0x25,0x21,
	0x25,0x21,0x45,0x29,0x45,0x29,0x45,0x29,0x25,0x21,0x25,0x21,0x25,0x21,0x24,0x21,0x04,0x21,0x04,0x21,
	0xE4,0x18,0xE4,0x18,0xE4,0x18,0xC3,0x18,0xE4,0x18,0x82,0x10,0x41,0x08,0xC7,0x39,0x75,0xAD,0xBA,0xD6,
	0xC3,0x18,0x00,0x00,0x21,0x08,0x61,0x08,0xA9,0x5A,0x0B,0x94,0x8A,0xA4,0x0A,0xB5,0x49,0xBD,0xEA,0xD5,
	0x6B,0xE6,0x6B,0xE6,0x6A,0xC5,0x49,0xBD,0xEA,0xD5,0xC9,0xCD,0xEA,0xD5,0x49,0xBD,0xA5,0x62,0x64,0x62,
	0x6A,0xE6,0x0D,0xF7,0x2F,0xEF,0x91,0xF7,0xF2,0xFF,0xF2,0xFF,0x0E,0xCE,0x27,0x6B,0x81,0x10,0x00,0x00,
	0x00,0x00,0x24,0x4A,0x29,0xB5,0x69,0xC5,0xA8,0xAC,0x05,0x73,0x63,0x39,0x02,0x21,0x81,0x10,0x00,0x00,
	0xAA,0x52,0x9A,0xD6,0x2C,0x63,0x82,0x10,0x21,0x00,0xA3,0x10,0xC3,0x18,0xA3,0x10,0xC3,0x18,0xE4,0x18,
	0xE4,0x18,0xE4,0x18,0xE4,0x20,0x04,0x21,0x04,0x21,0x04,0x21,0x24,0x21,0x25,0x21,0x25,0x21,0x45,0x29,
	0x45,0x29,0x25,0x29,0x45,0x29,0x25,0x29,0x45,0x29,0x24,0x21,0x04,0x21,0x04,0x21,0x04,0x21,0x04,0x21,
	0xE4,0x20,0xE4,0x18,0xC3,0x18,0xC3,0x18,0xC3,0x18,0xA3,0x10,0xC3,0x18,0x82,0x10,0x20,0x00,0x24,0x21,
	0x92,0x94,0xFB,0xDE,0x65,0x29,0x00,0x00,0x62,0x08,0xC3,0x18,0xC3,0x18,0xC3,0x18,0xC3,0x18,0xA3,0x18,
	0xC3,0x18,0xA3,0x18,0xA3,0x18,0xA3,0x18,0xA3,0x10,0xA2,0x10,0x82,0x10,0x62,0x10,0x41,0x08,0x00,0x00,
	0x00,0x00,0x00,0x00,0xC3,0x18,0x25,0x21,0x45,0x29,0x45,0x29,0x04,0x21,0xA3,0x10,0xA3,0x18,0xA3,0x18,
	0xA3,0x18,0xA3,0x18,0xA3,0x18,0xA3,0x18,0xC3,0x18,0xA3,0x10,0x21,0x08,0x41,0x08,0xE4,0x18,0xEF,0x7B,
	0x5C,0xE7,0xFF,0xFF,0x96,0xB5,0xC7,0x39,0x62,0x10,0xA3,0x18,0xA3,0x10,0xA3,0x18,0xC3,0x18,0xC3,0x18,
	0xC3,0x18,0xC3,0x18,0xE4,0x18,0xE4,0x18,0xE4,0x20,0x04,0x21,0x04,0x21,0x25,0x21,0x25,0x21,0x45,0x29,
	0x45,0x29,0x45,0x29,0x45,0x29,0x45,0x29,0x45,0x29,0x45,0x29,0x25,0x21,0x04,0x21,0x04,0x21,0xE4,0x20,
	0xE4,0x18,0xC3,0x18,0xC3,0x18,0xC3,0x18,0x82,0x10,0x08,0x42,0xB6,0xB5,0xFF,0xFF,0xDB,0xDE,0x8E,0x73,
	0x62,0x08,0x20,0x08,0x00,0x00,0x28,0x42,0x0B,0x63,0xEB,0x62,0x6A,0x7B,0xEB,0x8B,0x0A,0x94,0xAA,0xAC,
	0x6A,0xC5,0x8A,0xCD,0x29,0xBD,0xEA,0xD5,0xEA,0xCD,0x2B,0xDE,0xC9,0xAC,0xC4,0x41,0x84,0x41,0xA4,0x41,
	0x27,0x7B,0xCD,0xE6,0xD1,0xFF,0xB2,0xFF,0x72,0xF7,0x72,0xF7,0xF5,0xFF,0x50,0xD6,0xA8,0x83,0xA6,0x5A,
	0x45,0x5A,0x4C,0xDE,0x2B,0xDE,0xEC,0xF6,0x2B,0xFF,0xAA,0xF6,0xCB,0xF6,0x66,0x7B,0x00,0x00,0x41,0x08,
	0x65,0x29,0x55,0xAD,0xFF,0xFF,0x1B,0xDF,0xCF,0x7B,0x25,0x29,0xC3,0x18,0xC3,0x18,0xC3,0x18,0xC4,0x18,
	0xC3,0x18,0xC3,0x18,0xE4,0x18,0xE4,0x20,0x04,0x21,0x04,0x21,0x04,0x21,0x25,0x21,0x25,0x21,0x25,0x21,
	0x45,0x29,0x25,0x29,0x25,0x29,0x25,0x21,0x25,0x21,0x24,0x21,0x04,0x21,0x04,0x21,0xE4,0x20,0xE4,0x20,
	0xE4,0x20,0xE4,0x18,0xC3,0x18,0xA3,0x18,0xA3,0x18,0xC3,0x18,0xA3,0x10,0xA7,0x39,0x14,0xA5,0xFF,0xFF,
	0x7D,0xEF,0x30,0x84,0xA3,0x10,0x21,0x08,0x20,0x00,0xA3,0x10,0xC3,0x18,0xC3,0x18,0xC3,0x18,0xA3,0x18,
	0xA3,0x18,0xA3,0x18,0xC3,0x18,0xA3,0x10,0x24,0x21,0x66,0x29,0x65,0x29,0x45,0x29,0x04,0x21,0x20,0x00,
	0x00,0x00,0x00,0x00,0x41,0x08,0x82,0x10,0xA3,0x18,0xC3,0x18,0xC3,0x18,0xA3,0x18,0xA3,0x18,0xA3,0x18,
	0xA3,0x18,0xA3,0x18,0xA3,0x18,0xC3,0x18,0xC3,0x18,0x61,0x08,0x41,0x08,0x82,0x10,0x62,0x10,0x00,0x00,
	0xA3,0x10,0x6E,0x6B,0x79,0xCE,0xCB,0x5A,0x21,0x08,0xA3,0x18,0xA3,0x10,0xA3,0x18,0xA3,0x18,0xA3,0x18,
	0xC3,0x18,0xC3,0x18,0xC3,0x18,0xE4,0x18,0xE4,0x18,0x04,0x21,0x04,0x21,0x24,0x21,0x25,0x21,0x25,0x21,
	0x25,0x21,0x45,0x29,0x45,0x29,0x25,0x29,0x45,0x29,0x25,0x21,0x04,0x21,0x04,0x21,0xE4,0x18,0xE4,0x18,
	0xC3,0x18,0xC3,0x18,0xC3,0x18,0xE4,0x18,0x41,0x08,0x10,0x84,0x79,0xCE,0xAB,0x5A,0x62,0x08,0x00,0x00,
	0x61,0x08,0x41,0x08,0x00,0x00,0x45,0x29,0xAB,0x52,0x8A,0x52,0xAA,0x5A,0xEA,0x62,0x2B,0x6B,0x4A,0x73,
	0x2A,0x94,0x48,0x9C,0x4A,0xBD,0xAA,0xCD,0xEB,0xD5,0x69,0x9C,0x43,0x39,0xA4,0x41,0x26,0x52,0x46,0x5A,
	0xE5,0x49,0xA6,0x62,0xEB,0xA4,0xAF,0xDE,0xB1,0xF7,0xF2,0xFF,0xF4,0xFF,0x53,0xE7,0x25,0x4A,0xE9,0x8B,
	0xAD,0xE6,0x88,0xA4,0xE9,0xB4,0x47,0x73,0x6C,0xE6,0x8A,0xEE,0x4A,0xE6,0xA3,0x41,0x20,0x00,0x82,0x10,
	0x61,0x08,0x00,0x00,0x65,0x29,0xB2,0x94,0x3C,0xE7,0xCB,0x5A,0x41,0x08,0xC3,0x18,0xC3,0x18,0xC3,0x18,
	0xC3,0x18,0xC3,0x18,0xE4,0x18,0xE4,0x18,0xE4,0x18,0x04,0x21,0x04,0x21,0x04,0x21,0x25,0x21,0x25,0x21,
	0x45,0x29,0x45,0x29,0x25,0x29,0x04,0x21,0x24,0x21,0x04,0x21,0x04,0x21,0x04,0x21,0xE4,0x20,0xC3,0x18,
	0xC3,0x18,0xC3,0x18,0xC3,0x18,0xA3,0x18,0xA3,0x18,0xC3,0x18,0x41,0x08,0x10,0x84,0x3C,0xE7,0xAE,0x73,
	0xC3,0x18,0x00,0x00,0x61,0x08,0x61,0x08,0x20,0x00,0x41,0x08,0xC3,0x18,0xC3,0x18,0xC3,0x18,0xC3,0x18,
	0xA3,0x18,0xA3,0x18,0xA3,0x18,0xA3,0x18,0xC3,0x18,0xC3,0x18,0xA3,0x18,0x82,0x10,0x41,0x08,0x00,0x00,
	0x00,0x00,0x00,0x00,0x21,0x08,0x61,0x08,0x82,0x10,0x82,0x10,0x82,0x10,0xA3,0x18,0xA3,0x18,0xA3,0x10,
	0xA3,0x18,0xA3,0x18,0xA3,0x18,0xC3,0x18,0xA3,0x18,0x41,0x08,0x61,0x08,0x82,0x10,0x82,0x10,0xA3,0x18,
	0x82,0x10,0x21,0x00,0x41,0x08,0x62,0x08,0xA3,0x10,0x82,0x10,0xA3,0x10,0xA3,0x10,0xA3,0x10,0xA3,0x18,
	0xA3,0x18,0xC3,0x18,0xC3,0x18,0xC3,0x18,0xE4,0x18,0xE4,0x18,0xE4,0x20,0x04,0x21,0x04,0x21,0x24,0x21,
	0x25,0x21,0x25,0x21,0x25,0x21,0x24,0x21,0x04,0x21,0x04,0x21,0xE4,0x20,0xE4,0x20,0xE4,0x18,0xC3,0x18,
	0xC3,0x18,0xC3,0x18,0xC3,0x18,0xA3,0x18,0xA3,0x18,0x82,0x10,0x41,0x08,0x21,0x08,0x82,0x10,0xA3,0x18,
	0x82,0x10,0x61,0x08,0x20,0x00,0x62,0x08,0x29,0x42,0x49,0x42,0x4A,0x42,0x6A,0x4A,0x69,0x4A,0xA9,0x52,
	0xC9,0x62,0xC8,0x8B,0xA9,0xAC,0x0A,0xB5,0x89,0xA4,0x64,0x39,0xA5,0x41,0xE5,0x49,0x05,0x4A,0x06,0x52,
	0x46,0x5A,0x25,0x5A,0x05,0x5A,0xA6,0x6A,0xE8,0x93,0x8C,0xBD,0xAF,0xDE,0xF2,0xFF,0x6C,0xB5,0xC2,0x20,
	0xA6,0x5A,0x09,0x94,0xE8,0x8B,0x86,0x62,0xA6,0x62,0x6B,0xE6,0x49,0xBD,0x20,0x08,0x41,0x08,0x00,0x00,
	0x62,0x08,0xA3,0x18,0x62,0x10,0x21,0x08,0xA3,0x18,0xA3,0x10,0xA3,0x18,0xA3,0x18,0xA3,0x18,0xA3,0x10,
	0xC3,0x18,0xC3,0x18,0xC3,0x18,0xC3,0x18,0xE4,0x18,0xE4,0x18,0x04,0x21,0x04,0x21,0x04,0x21,0x04,0x21,
	0x25,0x21,0x24,0x21,0x24,0x21,0x04,0x21,0x04,0x21,0x04,0x21,0x04,0x21,0xE4,0x20,0xE4,0x18,0xC3,0x18,
	0xA3,0x18,0xC3,0x18,0xA3,0x18,0xA3,0x18,0xA3,0x18,0xA3,0x10,0xA3,0x10,0x82,0x10,0x82,0x10,0x00,0x00,
	0x82,0x10,0xA3,0x18,0x41,0x08,0x00,0x00,0x21,0x08,0x20,0x00,0xC3,0x18,0xC3,0x18,0xC3,0x18,0xC3,0x18,
	0xA3,0x18,0xC3,0x18,0xA3,0x18,0xA3,0x18,0xA3,0x10,0x82,0x10,0x62,0x10,0x61,0x08,0x41,0x08,0x00,0x00,
	0x00,0x00,0x00,0x00,0x21,0x08,0x62,0x10,0x82,0x10,0xA2,0x10,0xA2,0x10,0xA3,0x10,0xA3,0x18,0xA3,0x18,
	0xA3,0x18,0xA3,0x18,0xA3,0x18,0xC3,0x18,0x82,0x10,0x41,0x08,0x82,0x10,0x82,0x10,0x82,0x10,0x82,0x10,
	0xA3,0x10,0xA3,0x18,0xA2,0x10,0xA2,0x10,0x82,0x10,0x82,0x10,0xA3,0x10,0xA3,0x10,0xA3,0x10,0xA3,0x10,
	0xA3,0x18,0xA3,0x18,0xC3,0x18,0xC3,0x18,0xC3,0x18,0xE4,0x18,0xE4,0x20,0x04,0x21,0x04,0x21,0x04,0x21,
	0x25,0x21,0x25,0x21,0x24,0x21,0x04,0x21,0xE4,0x20,0xE4,0x18,0xE4,0x18,0xC3,0x18,0xC3,0x18,0xC3,0x18,
	0xC3,0x18,0xC3,0x18,0xA3,0x18,0xA3,0x18,0xA3,0x10,0xA3,0x10,0xA3,0x18,0xA3,0x18,0xA3,0x10,0xA3,0x10,
	0x82,0x10,0x62,0x10,0x41,0x08,0x00,0x00,0x66,0x29,0x09,0x3A,0xE8,0x39,0x09,0x3A,0x09,0x42,0x29,0x42,
	0x28,0x4A,0x08,0x6B,0x88,0x83,0xE9,0x8B,0xE5,0x41,0x64,0x31,0xC5,0x41,0xC5,0x41,0xC5,0x41,0xE5,0x49,
	0x05,0x4A,0x26,0x52,0x66,0x62,0x86,0x6A,0xC6,0x72,0x26,0x83,0x86,0x8B,0x48,0xA4,0x89,0xAC,0x08,0x94,
	0xC2,0x20,0x86,0x62,0xA5,0x6A,0x26,0x83,0xA5,0x6A,0xC6,0x6A,0xE6,0x6A,0x00,0x00,0xE3,0x20,0xCB,0x5A,
	0xA6,0x31,0xA3,0x10,0x83,0x10,0xC3,0x18,0xA3,0x10,0xA3,0x10,0xA3,0x18,0xA3,0x18,0xA3,0x18,0xA3,0x18,
	0xA3,0x10,0xA3,0x10,0xA3,0x10,0xC3,0x18,0xC3,0x18,0xC4,0x18,0xE4,0x18,0xE4,0x20,0x04,0x21,0x04,0x21,
	0x25,0x21,0x24,0x21,0x25,0x21,0x04,0x21,0x04,0x21,0xE4,0x20,0xE4,0x18,0xC3,0x18,0xC3,0x18,0xA3,0x18,
	0xA3,0x18,0xA3,0x18,0xA3,0x18,0xA3,0x10,0xA3,0x10,0xA3,0x10,0xA3,0x10,0x82,0x10,0x82,0x10,0xC3,0x18,
	0x62,0x10,0x61,0x08,0x65,0x29,0x69,0x4A,0xA2,0x10,0x00,0x00,0x82,0x10,0xC3,0x18,0xC3,0x18,0xA3,0x18,
	0xA3,0x18,0xA3,0x18,0xA3,0x18,0xA3,0x18,0xA3,0x10,0xA2,0x10,0x82,0x10,0x62,0x10,0x41,0x08,0x00,0x00,
	0x00,0x00,0x00,0x00,0x41,0x08,0x62,0x08,0x62,0x08,0x62,0x10,0x62,0x10,0x82,0x10,0xA3,0x18,0xC3,0x18,
	0xA3,0x18,0xA3,0x18,0xC3,0x18,0xC3,0x18,0x62,0x10,0x41,0x08,0x82,0x10,0x82,0x10,0x82,0x10,0x82,0x10,
	0x82,0x10,0x82,0x10,0x82,0x10,0x82,0x10,0xA3,0x10,0x82,0x10,0x82,0x10,0x82,0x10,0xA3,0x10,0xA3,0x10,
	0xA3,0x10,0xA3,0x18,0xA3,0x18,0xA3,0x18,0xA3,0x18,0xC3,0x18,0xC3,0x18,0xE4,0x20,0x04,0x21,0x24,0x21,
	0x24,0x21,0x04,0x21,0x04,0x21,0xE4,0x20,0xC3,0x18,0xC3,0x18,0xC3,0x18,0xC3,0x18,0xC3,0x18,0xA3,0x18,
	0xA3,0x18,0xA3,0x10,0xA3,0x18,0xA3,0x10,0xA3,0x10,0xA3,0x10,0xA3,0x10,0x82,0x10,0x82,0x10,0x82,0x10,
	0x82,0x10,0x82,0x10,0x61,0x10,0x20,0x00,0xE4,0x18,0xC8,0x31,0xA7,0x31,0xA7,0x31,0xA8,0x31,0xA8,0x39,
	0xC6,0x39,0x06,0x42,0x88,0x5A,0x67,0x52,0x03,0x29,0x85,0x31,0x85,0x31,0x84,0x39,0x85,0x39,0xA5,0x39,
	0xC5,0x41,0xC5,0x41,0x05,0x4A,0x46,0x5A,0xA6,0x6A,0x06,0x7B,0x66,0x8B,0xA6,0x93,0xC6,0x9B,0xA7,0xB4,
	0x85,0x62,0x84,0x39,0x27,0x83,0xC5,0x72,0x26,0x83,0x86,0x62,0x61,0x10,0x41,0x08,0xE3,0x18,0x8E,0x73,
	0xB2,0x94,0xF3,0x9C,0x08,0x42,0x62,0x08,0xA3,0x18,0xA3,0x10,0xA3,0x10,0xA3,0x18,0xA3,0x18,0xA3,0x18,
	0xA3,0x10,0xA3,0x10,0xA3,0x18,0xA3,0x18,0xA3,0x10,0xC3,0x18,0xC3,0x18,0xE4,0x18,0xE4,0x20,0x04,0x21,
	0x25,0x21,0x45,0x29,0x45,0x29,0x24,0x21,0x04,0x21,0xE4,0x20,0xC3,0x18,0xC3,0x18,0xC3,0x18,0xA3,0x18,
	0xA3,0x18,0xA3,0x18,0xA3,0x10,0xA3,0x10,0x82,0x10,0xA3,0x10,0xA3,0x10,0x82,0x10,0xA3,0x18,0x41,0x08,
	0x08,0x42,0xF3,0x9C,0xD2,0x94,0x8E,0x73,0xA2,0x10,0x21,0x08,0x62,0x08,0xC3,0x18,0xC3,0x18,0xA3,0x18,
	0xA3,0x18,0xC3,0x18,0xA3,0x10,0x83,0x10,0x82,0x10,0x62,0x10,0x62,0x10,0x61,0x08,0x41,0x08,0x00,0x00,
	0x00,0x00,0x00,0x00,0x00,0x00,0x61,0x10,0xE3,0x20,0xE2,0x20,0xE3,0x20,0x03,0x21,0x82,0x10,0x82,0x10,
	0xC3,0x18,0xA3,0x18,0xA3,0x18,0xA3,0x18,0x62,0x08,0x62,0x08,0x82,0x10,0x82,0x10,0x82,0x10,0x82,0x10,
	0x82,0x10,0x82,0x10,0x82,0x10,0x82,0x10,0x82,0x10,0x82,0x10,0x82,0x10,0x82,0x10,0x82,0x10,0xA3,0x10,
	0xA3,0x10,0xA3,0x10,0xA3,0x18,0xA3,0x18,0xA3,0x10,0xA3,0x18,0xC3,0x18,0xE4,0x20,0xE4,0x20,0xE4,0x20,
	0x04,0x21,0x24,0x21,0xE4,0x18,0xC3,0x18,0xC3,0x18,0xC3,0x18,0xC3,0x18,0xA3,0x18,0xA3,0x18,0xA3,0x10,
	0xA3,0x10,0xA3,0x10,0xA3,0x10,0xA3,0x10,0xA3,0x10,0xA3,0x10,0x82,0x10,0x82,0x10,0x82,0x10,0x82,0x10,
	0x82,0x10,0x82,0x10,0x82,0x10,0x41,0x08,0x82,0x10,0x86,0x31,0x66,0x29,0x66,0x29,0x67,0x29,0x66,0x29,
	0x65,0x29,0x65,0x29,0xA6,0x39,0x24,0x29,0x04,0x21,0x24,0x21,0x44,0x29,0x44,0x29,0x44,0x29,0x64,0x31,
	0x64,0x31,0x85,0x39,0xA5,0x41,0xC5,0x41,0x05,0x52,0x65,0x5A,0xA5,0x6A,0xE6,0x7A,0x46,0x83,0x66,0x8B,
	0x46,0x83,0x63,0x39,0x85,0x62,0xA6,0x6A,0x85,0x62,0x65,0x5A,0xA2,0x18,0x61,0x08,0x82,0x10,0x00,0x00,
	0x41,0x08,0x24,0x21,0xE4,0x20,0x82,0x10,0xA3,0x10,0xA3,0x10,0xA3,0x10,0xA3,0x10,0xA3,0x10,0xA3,0x10,
	0xA3,0x10,0xA3,0x10,0xA3,0x18,0xA3,0x18,0xA3,0x10,0xA3,0x10,0xC3,0x18,0xC3,0x18,0xE4,0x18,0x04,0x21,
	0x24,0x21,0x04,0x21,0x25,0x21,0x25,0x29,0xE4,0x20,0xC3,0x18,0xA3,0x18,0xA3,0x10,0xA3,0x10,0xA3,0x10,
	0xA3,0x10,0xA3,0x10,0xA3,0x10,0x82,0x10,0x82,0x10,0xA3,0x10,0xA3,0x10,0xA3,0x10,0xA3,0x10,0x82,0x10,
	0x04,0x21,0x45,0x29,0x41,0x08,0x00,0x00,0x62,0x10,0x41,0x08,0x41,0x08,0xA3,0x18,0xC3,0x18,0xA3,0x18,
	0xA3,0x18,0x62,0x10,0xA2,0x10,0x23,0x21,0x03,0x21,0xE2,0x20,0xE2,0x20,0x61,0x08,0x01,0x00,0x00,0x00,
	0x00,0x00,0x00,0x00,0x62,0x39,0x27,0xBD,0x09,0xDE,0x0A,0xDE,0x2B,0xDE,0x6B,0xDE,0x8B,0xBD,0x83,0x39,
	0x82,0x10,0xA3,0x18,0xA3,0x18,0xA3,0x18,0x62,0x08,0x62,0x10,0x62,0x08,0x62,0x08,0x62,0x08,0x62,0x08,
	0x82,0x10,0x82,0x10,0x82,0x10,0x82,0x10,0x82,0x10,0x82,0x10,0x82,0x10,0x82,0x10,0x82,0x10,0x82,0x10,
	0xA3,0x10,0x82,0x10,0xA3,0x10,0xA3,0x10,0xA3,0x10,0xA3,0x18,0xA3,0x18,0x62,0x10,0x41,0x08,0x41,0x08,
	0x41,0x08,0xA3,0x18,0xE4,0x18,0xC3,0x18,0xA3,0x18,0xA3,0x18,0xA3,0x10,0xA3,0x10,0xA3,0x10,0xA3,0x10,
	0xA3,0x10,0xA3,0x10,0xA3,0x10,0xA3,0x10,0xA3,0x10,0xA3,0x10,0xA3,0x10,0x82,0x10,0x82,0x10,0x62,0x08,
	0x62,0x08,0x62,0x08,0x62,0x08,0x41,0x08,0x62,0x08,0x45,0x29,0x46,0x29,0x25,0x21,0x45,0x29,0x25,0x21,
	0x05,0x21,0x05,0x21,0x25,0x29,0xC3,0x18,0xE4,0x18,0xE3,0x20,0xE4,0x20,0x04,0x21,0x04,0x21,0x24,0x21,
	0x44,0x29,0x44,0x29,0x64,0x31,0x64,0x31,0xA5,0x41,0xE5,0x49,0x25,0x52,0x45,0x5A,0x85,0x62,0x85,0x62,
	0xA5,0x6A,0x25,0x52,0x05,0x4A,0x05,0x52,0x25,0x52,0xC5,0x41,0x61,0x10,0x62,0x10,0x62,0x10,0x82,0x10,
	0x82,0x10,0x62,0x08,0x82,0x10,0xA3,0x10,0xA3,0x10,0xA3,0x10,0xA3,0x10,0xA3,0x10,0xA3,0x10,0xA3,0x10,
	0xA3,0x10,0xA3,0x10,0xA3,0x10,0xA3,0x10,0xA3,0x10,0xA3,0x18,0xA3,0x18,0xA3,0x10,0xC3,0x18,0x82,0x10,
	0x41,0x08,0x21,0x08,0x21,0x08,0x82,0x10,0xC3,0x18,0xC3,0x18,0xA3,0x10,0xA3,0x10,0xA3,0x10,0xA3,0x10,
	0xA3,0x10,0xA3,0x10,0x82,0x10,0x82,0x10,0x82,0x10,0xA3,0x10,0xA3,0x10,0x82,0x10,0x82,0x10,0xA3,0x10,
	0x62,0x08,0x21,0x08,0x62,0x10,0x62,0x10,0x61,0x08,0x61,0x08,0x41,0x08,0xA3,0x18,0xA3,0x18,0xC3,0x18,
	0x83,0x10,0xA4,0x39,0x8A,0xC5,0x4B,0xDE,0x2B,0xD6,0x2A,0xD6,0x09,0xDE,0x27,0xBD,0x22,0x29,0x00,0x00,
	0x20,0x00,0x00,0x00,0x84,0x8B,0xA5,0xFE,0x45,0xF6,0xA7,0xF6,0xC7,0xFE,0xC8,0xF6,0x8A,0xFF,0x86,0x83,
	0x22,0x08,0xC3,0x18,0xA3,0x18,0xA3,0x18,0x62,0x10,0x82,0x10,0x04,0x21,0x25,0x21,0x24,0x21,0x24,0x21,
	0xC3,0x18,0x82,0x10,0x82,0x10,0x82,0x10,0x82,0x10,0x82,0x10,0x82,0x10,0x82,0x10,0x82,0x10,0x82,0x10,
	0x82,0x10,0x82,0x10,0x82,0x10,0x82,0x10,0xA3,0x10,0xA3,0x10,0x62,0x08,0x61,0x08,0x82,0x10,0xA3,0x10,
	0x82,0x10,0x41,0x08,0xA3,0x10,0xA3,0x18,0xA3,0x10,0xA3,0x10,0xA3,0x10,0xA3,0x10,0xA3,0x10,0xA3,0x10,
	0xA3,0x10,0x83,0x10,0xA2,0x10,0xA2,0x10,0x82,0x10,0x82,0x10,0xA3,0x10,0xA3,0x10,0xE4,0x20,0x25,0x21,
	0x25,0x21,0x25,0x21,0xE4,0x20,0x62,0x08,0x62,0x08,0x25,0x21,0x25,0x21,0x25,0x21,0x25,0x21,0x04,0x21,
	0xE4,0x18,0x04,0x21,0xE4,0x20,0xC3,0x18,0xC3,0x18,0xC3,0x18,0xC3,0x18,0xE3,0x18,0xE3,0x18,0xE4,0x20,
	0x04,0x21,0x04,0x21,0x24,0x21,0x24,0x29,0x44,0x31,0x84,0x39,0xA4,0x41,0xC5,0x41,0xE5,0x49,0x05,0x4A,
	0x05,0x52,0x05,0x4A,0xA5,0x39,0xA5,0x41,0xA5,0x41,0x44,0x31,0x61,0x10,0xA3,0x10,0x24,0x21,0x24,0x21,
	0x24,0x21,0x04,0x21,0xA3,0x18,0xA3,0x10,0xA3,0x10,0x82,0x10,0x82,0x10,0x82,0x10,0xA3,0x10,0xA3,0x10,
	0xA3,0x10,0xA3,0x10,0xA3,0x10,0xA3,0x10,0xA3,0x10,0xA3,0x10,0xA3,0x10,0xA3,0x18,0x82,0x10,0x41,0x08,
	0x82,0x10,0x82,0x10,0x82,0x10,0x41,0x08,0x62,0x10,0xA3,0x18,0xA3,0x10,0xA3,0x10,0xA2,0x10,0xA3,0x10,
	0xA3,0x10,0xA3,0x10,0xA3,0x10,0x82,0x10,0x82,0x10,0x82,0x10,0x82,0x10,0x82,0x10,0x82,0x10,0x82,0x10,
	0xC3,0x18,0x25,0x29,0x04,0x21,0x04,0x21,0xE4,0x20,0x62,0x10,0x61,0x08,0xA3,0x18,0xA3,0x18,0xC3,0x18,
	0x42,0x08,0x66,0x7B,0x8A,0xFF,0xC8,0xF6,0xE8,0xFE,0xC7,0xFE,0x86,0xF6,0x07,0xFF,0xE4,0x72,0x00,0x00,
	0x00,0x00,0x00,0x00,0xC1,0x20,0xC4,0x93,0xC4,0xB4,0xA5,0xB4,0xC5,0xB4,0xE6,0xB4,0xC5,0x8B,0xC2,0x20,
	0x82,0x10,0xA3,0x10,0xA3,0x18,0xC3,0x18,0x00,0x00,0x2D,0x63,0xBE,0xF7,0x9E,0xF7,0x9E,0xF7,0xDE,0xF7,
	0x13,0x9D,0x41,0x08,0xA3,0x18,0x82,0x10,0x82,0x10,0x82,0x10,0x82,0x10,0x82,0x10,0x82,0x10,0x82,0x10,
	0x82,0x10,0x82,0x10,0x82,0x10,0xA3,0x10,0xA3,0x10,0x82,0x10,0x82,0x10,0xA3,0x18,0xA3,0x18,0xA3,0x18,
	0xA3,0x18,0x82,0x10,0x82,0x10,0xA3,0x10,0xA3,0x10,0xA3,0x10,0xA3,0x10,0x82,0x10,0xA3,0x10,0xA3,0x10,
	0xA3,0x10,0xA3,0x10,0xA2,0x10,0x82,0x10,0x82,0x10,0xA3,0x10,0x82,0x10,0xE4,0x20,0xBA,0xD6,0xBE,0xF7,
	0x9D,0xEF,0xBE,0xF7,0xFB,0xDE,0xE4,0x20,0x41,0x08,0x05,0x21,0x05,0x21,0x04,0x21,0x04,0x21,0xE4,0x18,
	0xC3,0x18,0xE4,0x18,0xC3,0x18,0xC3,0x18,0xC3,0x18,0xC3,0x18,0xC3,0x18,0xC3,0x18,0xC3,0x18,0xE3,0x18,
	0xE3,0x18,0xE3,0x18,0xE3,0x20,0x03,0x21,0x04,0x21,0x24,0x29,0x44,0x29,0x64,0x31,0x64,0x31,0x84,0x39,
	0x84,0x39,0xA4,0x41,0x64,0x31,0x24,0x29,0x44,0x29,0x24,0x29,0x00,0x00,0x51,0x8C,0xBE,0xF7,0x7D,0xEF,
	0x7D,0xEF,0x9E,0xF7,0x10,0x84,0x21,0x08,0xA3,0x18,0xA3,0x10,0xA3,0x10,0x82,0x10,0x82,0x10,0xA3,0x10,
	0xA3,0x10,0xA3,0x10,0xA3,0x10,0xA3,0x10,0xA3,0x10,0xA3,0x10,0xA3,0x10,0xA3,0x10,0x82,0x10,0xA3,0x18,
	0xC3,0x18,0xA3,0x18,0xA3,0x18,0xA2,0x10,0x82,0x10,0xA3,0x10,0xA3,0x10,0x82,0x10,0x83,0x10,0xA3,0x10,
	0x82,0x10,0xA3,0x10,0x82,0x10,0x82,0x10,0x83,0x10,0x82,0x10,0x82,0x10,0x82,0x10,0x82,0x10,0x62,0x08,
	0xD7,0xB5,0xDE,0xF7,0x9D,0xEF,0x9D,0xEF,0x7D,0xEF,0x8A,0x52,0x00,0x00,0xC3,0x18,0xA3,0x18,0xA3,0x18,
	0xA3,0x10,0xC2,0x18,0xE5,0x8B,0xE6,0xBC,0xC5,0xB4,0xC5,0xB4,0xA4,0xB4,0x84,0x83,0x81,0x18,0x00,0x00,
	0x00,0x00,0x00,0x00,0x00,0x00,0x00,0x00,0x21,0x00,0x21,0x00,0x21,0x00,0x21,0x00,0x01,0x00,0x62,0x10,
	0xA3,0x18,0xA3,0x10,0xA3,0x18,0xC3,0x18,0x62,0x08,0x45,0x29,0xEB,0x5A,0xCB,0x5A,0xAB,0x5A,0xCB,0x5A,
	0xC7,0x39,0x82,0x10,0xA3,0x10,0x82,0x10,0x82,0x10,0x82,0x10,0x82,0x10,0xA3,0x10,0x82,0x10,0x82,0x10,
	0x82,0x10,0x82,0x10,0xA3,0x10,0xA3,0x10,0xA3,0x10,0xA3,0x18,0xC3,0x18,0xA3,0x18,0xA3,0x18,0xA3,0x18,
	0xA3,0x18,0xA3,0x18,0xA3,0x10,0xA3,0x10,0xA3,0x10,0xA3,0x10,0xA3,0x10,0x82,0x10,0x82,0x10,0x82,0x10,
	0xA3,0x10,0xA3,0x10,0x82,0x10,0x82,0x10,0x82,0x10,0x82,0x10,0x82,0x10,0x82,0x10,0x49,0x4A,0xCB,0x5A,
	0xAA,0x52,0xAB,0x52,0x49,0x4A,0x82,0x10,0x62,0x10,0xE4,0x20,0xE4,0x20,0xE4,0x20,0xE4,0x18,0xC4,0x18,
	0xC3,0x18,0xC3,0x18,0xC3,0x18,0xC3,0x18,0xC3,0x18,0xA3,0x18,0xA3,0x18,0xA3,0x10,0xA3,0x10,0x83,0x10,
	0xA3,0x10,0xA3,0x10,0xA3,0x18,0xC3,0x18,0xE3,0x18,0xE3,0x20,0x03,0x21,0x03,0x21,0x24,0x21,0x24,0x21,
	0x24,0x29,0x24,0x29,0x44,0x29,0xE3,0x20,0x04,0x21,0x04,0x21,0x61,0x08,0xA7,0x31,0xCB,0x5A,0xCB,0x5A,
	0xCB,0x5A,0xCB,0x5A,0x86,0x31,0x82,0x10,0xA3,0x10,0x82,0x10,0x82,0x10,0x82,0x10,0x82,0x10,0xA3,0x10,
	0xA3,0x10,0xA3,0x10,0xA3,0x10,0xA3,0x10,0xA3,0x10,0xA3,0x10,0xA3,0x10,0xA3,0x10,0xA3,0x18,0xA3,0x18,
	0xA3,0x18,0xA3,0x18,0xA3,0x10,0xA3,0x10,0xA3,0x18,0xA3,0x10,0x82,0x10,0xA2,0x10,0xA3,0x10,0x82,0x10,
	0x82,0x10,0xA3,0x10,0xA2,0x10,0x82,0x10,0x82,0x10,0x82,0x10,0x82,0x10,0x82,0x10,0x82,0x10,0x62,0x10,
	0x08,0x42,0xCB,0x5A,0xAB,0x52,0xAB,0x52,0xAA,0x52,0x04,0x21,0x61,0x08,0xC3,0x18,0xC3,0x18,0xA3,0x18,
	0xA3,0x18,0x62,0x10,0x01,0x00,0x21,0x08,0x21,0x00,0x21,0x00,0x01,0x00,0x00,0x00,0x01,0x00,0x00,0x00,
	0x00,0x00,0x00,0x00,0x20,0x08,0x41,0x08,0x61,0x08,0x82,0x10,0x82,0x10,0x82,0x10,0xA2,0x10,0xA3,0x18,
	0xA3,0x10,0xA2,0x10,0xA3,0x10,0xA3,0x18,0xA3,0x10,0x62,0x10,0x21,0x00,0x21,0x08,0x21,0x00,0x21,0x00,
	0x62,0x08,0xA3,0x10,0x82,0x10,0xA3,0x10,0x82,0x10,0xA3,0x10,0xA3,0x10,0xA3,0x10,0xA3,0x10,0xA3,0x10,
	0xA3,0x10,0xA3,0x10,0xA3,0x18,0xA3,0x18,0xA3,0x18,0xC3,0x18,0xE4,0x18,0x04,0x21,0xE4,0x18,0xC3,0x18,
	0xC3,0x18,0xC3,0x18,0xA3,0x18,0xA3,0x10,0xA3,0x10,0xA3,0x10,0xA3,0x10,0xA3,0x10,0x82,0x10,0xA3,0x10,
	0xA3,0x10,0xA3,0x10,0x82,0x10,0x82,0x10,0x82,0x10,0x82,0x10,0x82,0x10,0x82,0x10,0x21,0x08,0x21,0x00,
	0x21,0x00,0x21,0x00,0x21,0x08,0x62,0x10,0x82,0x10,0xE4,0x20,0xE4,0x18,0xE4,0x18,0xC4,0x18,0xC4,0x18,
	0xA3,0x18,0xC3,0x18,0xA3,0x18,0xA3,0x18,0xA3,0x18,0x82,0x10,0xA3,0x10,0xC3,0x18,0xE3,0x20,0x03,0x21,
	0x03,0x21,0xE3,0x20,0xC3,0x18,0xC3,0x18,0xA3,0x10,0xA3,0x10,0xC3,0x18,0xE3,0x18,0xE3,0x18,0xE3,0x18,
	0xE3,0x18,0xE4,0x20,0x04,0x21,0xE3,0x18,0xE4,0x18,0xE3,0x18,0xA2,0x10,0x62,0x08,0x21,0x08,0x41,0x08,
	0x41,0x08,0x41,0x08,0x62,0x10,0xA3,0x10,0x82,0x10,0x82,0x10,0x82,0x10,0x82,0x10,0x82,0x10,0xA3,0x10,
	0xA3,0x10,0xA3,0x10,0xA3,0x10,0xA3,0x10,0xA3,0x10,0xA3,0x10,0xA3,0x18,0xC3,0x18,0xC3,0x18,0xE4,0x18,
	0xE4,0x18,0xC3,0x18,0xE4,0x18,0xE4,0x18,0xC3,0x18,0xA3,0x18,0xA2,0x10,0xA3,0x10,0xA3,0x10,0xA3,0x10,
	0xA3,0x10,0x83,0x10,0xA2,0x10,0x82,0x10,0x82,0x10,0x82,0x10,0x82,0x10,0x82,0x10,0x82,0x10,0x82,0x10,
	0x41,0x08,0x41,0x08,0x21,0x08,0x21,0x00,0x00,0x00,0x61,0x08,0x82,0x10,0xA3,0x18,0xA3,0x18,0xA3,0x18,
	0xA3,0x10,0xA3,0x10,0xA2,0x10,0x82,0x10,0x82,0x10,0x62,0x10,0x61,0x08,0x61,0x08,0x41,0x08,0x00,0x00,
	0x00,0x00,0x00,0x00,0x21,0x08,0x61,0x08,0x62,0x10,0x82,0x10,0x82,0x10,0xA3,0x10,0xA3,0x10,0xA3,0x10,
	0xA3,0x10,0xA3,0x10,0xA3,0x18,0xC3,0x18,0xA3,0x10,0xA3,0x10,0xC3,0x18,0xA3,0x18,0xA3,0x18,0xA3,0x18,
	0xA3,0x10,0x82,0x10,0x82,0x10,0xA2,0x10,0xA2,0x10,0xA3,0x10,0xA3,0x18,0xA3,0x10,0xA3,0x10,0xA3,0x18,
	0xA3,0x18,0xA3,0x18,0xA3,0x18,0xC3,0x18,0xC3,0x18,0xE4,0x18,0xE4,0x20,0x04,0x21,0x24,0x21,0x24,0x21,
	0x04,0x21,0xC3,0x18,0xC3,0x18,0xC3,0x18,0xA3,0x18,0xA3,0x10,0xA3,0x10,0xA3,0x10,0xA3,0x10,0xA3,0x10,
	0xA3,0x10,0x82,0x10,0x82,0x10,0x82,0x10,0x82,0x10,0x82,0x10,0x82,0x10,0x82,0x10,0xA3,0x10,0xA3,0x18,
	0xA3,0x10,0xA3,0x10,0xA3,0x10,0x62,0x10,0x82,0x10,0xE4,0x18,0xC4,0x18,0xC4,0x18,0xC3,0x18,0xC3,0x18,
	0xC3,0x18,0xC3,0x18,0xA3,0x18,0xA3,0x18,0xE3,0x18,0x44,0x29,0x84,0x31,0xC5,0x39,0xC5,0x39,0xA5,0x39,
	0xA4,0x39,0xA4,0x39,0xA4,0x39,0x84,0x31,0x64,0x31,0x23,0x29,0xC3,0x18,0xA2,0x18,0xA3,0x18,0xC3,0x18,
	0xC3,0x18,0xC3,0x18,0xE3,0x18,0xC3,0x18,0xC3,0x18,0xC3,0x18,0xA3,0x18,0xA3,0x18,0xC3,0x18,0x82,0x10,
	0x41,0x08,0x41,0x08,0xA3,0x10,0xA3,0x10,0xA3,0x10,0xA3,0x10,0xA3,0x10,0xA3,0x10,0xA3,0x10,0xA3,0x10,
	0xA3,0x18,0xA3,0x10,0xA3,0x10,0xA3,0x10,0xC3,0x18,0xC3,0x18,0xC3,0x18,0xC3,0x18,0xE3,0x18,0x04,0x21,
	0x24,0x21,0x25,0x29,0x24,0x21,0xE4,0x20,0xC3,0x18,0xC3,0x18,0xA3,0x18,0xA3,0x18,0xA3,0x10,0xA3,0x10,
	0xA3,0x10,0xA3,0x10,0x82,0x10,0x82,0x10,0x82,0x10,0x82,0x10,0x82,0x10,0x82,0x10,0x82,0x10,0xA3,0x10,
	0x62,0x10,0x00,0x00,0x21,0x08,0x62,0x08,0xA2,0x10,0x82,0x10,0x82,0x10,0xA3,0x18,0xA3,0x18,0xA3,0x10,
	0xA3,0x10,0xA2,0x18,0x82,0x10,0xA3,0x10,0x82,0x10,0x82,0x10,0x62,0x10,0x61,0x08,0x41,0x08,0x00,0x00,
	0x00,0x00,0x00,0x00,0x21,0x08,0x41,0x08,0x61,0x08,0x62,0x10,0x82,0x10,0x82,0x10,0xA3,0x10,0xA3,0x10,
	0xA3,0x10,0xA3,0x10,0xA3,0x10,0xA3,0x18,0xC3,0x18,0xA3,0x10,0xA3,0x10,0xA3,0x10,0x82,0x10,0x82,0x10,
	0x82,0x10,0xA3,0x10,0xA3,0x10,0xA3,0x10,0xA3,0x10,0xA3,0x10,0xA3,0x18,0xA3,0x18,0xA3,0x10,0xA3,0x18,
	0xA3,0x18,0xC3,0x18,0xC3,0x18,0xE4,0x18,0xE4,0x20,0xE4,0x18,0x04,0x21,0x25,0x21,0x24,0x21,0x24,0x21,
	0x04,0x21,0xE4,0x18,0xC3,0x18,0xC3,0x18,0xC3,0x18,0xA3,0x18,0xA3,0x10,0xA3,0x18,0xA3,0x18,0xA3,0x10,
	0xA3,0x10,0x82,0x10,0xA3,0x10,0xA3,0x10,0x82,0x10,0x82,0x10,0x82,0x10,0x82,0x10,0x82,0x10,0x82,0x10,
	0xA3,0x10,0x82,0x10,0x82,0x10,0x62,0x10,0xA3,0x18,0xE4,0x18,0xC3,0x18,0xC3,0x18,0xC3,0x18,0xC3,0x18,
	0xC3,0x18,0xA3,0x18,0xC3,0x18,0x04,0x21,0x24,0x21,0x24,0x21,0x04,0x21,0xE4,0x20,0xE4,0x20,0xE3,0x20,
	0x04,0x21,0x04,0x21,0x24,0x21,0x44,0x29,0x44,0x29,0x44,0x31,0x64,0x31,0x23,0x29,0xC3,0x18,0xA2,0x10,
	0xA3,0x18,0xC3,0x18,0xC3,0x18,0xC3,0x18,0xC3,0x18,0xC3,0x18,0xC3,0x18,0xA2,0x10,0xC3,0x18,0xA7,0x31,
	0xEC,0x62,0x10,0x84,0x45,0x29,0x82,0x10,0xA3,0x18,0xA3,0x10,0xA3,0x10,0xA3,0x10,0xA3,0x10,0xA3,0x10,
	0xA3,0x18,0xA3,0x18,0xA3,0x18,0xC3,0x18,0xC3,0x18,0xC3,0x18,0xC3,0x18,0xE3,0x18,0x04,0x21,0x04,0x21,
	0x25,0x21,0x24,0x21,0x24,0x21,0x04,0x21,0xE4,0x18,0xC3,0x18,0xC3,0x18,0xC3,0x18,0xA3,0x18,0xA3,0x18,
	0xA3,0x10,0xA3,0x10,0xA3,0x10,0xA3,0x10,0xA3,0x10,0xA3,0x10,0xA3,0x10,0x82,0x10,0xA3,0x10,0x62,0x08,
	0x28,0x42,0x30,0x84,0x8A,0x52,0x86,0x31,0xA2,0x10,0x82,0x10,0xA3,0x10,0xA3,0x18,0xA3,0x10,0xA3,0x10,
	0xA3,0x10,0xA3,0x10,0xA3,0x10,0x82,0x10,0x82,0x10,0x62,0x10,0x62,0x10,0x61,0x08,0x21,0x08,0x00,0x00,
	0x00,0x00,0x00,0x00,0x41,0x08,0x82,0x10,0xA2,0x10,0xA3,0x18,0xA3,0x18,0x82,0x10,0x82,0x10,0x82,0x10,
	0xA3,0x10,0xA3,0x10,0xA3,0x10,0xA3,0x10,0xC3,0x18,0xA3,0x18,0xA3,0x10,0xA3,0x10,0xA3,0x10,0xA3,0x10,
	0xA3,0x10,0xA3,0x18,0xC3,0x18,0xA3,0x18,0xA3,0x10,0xA3,0x18,0xA3,0x18,0xA3,0x18,0xC3,0x18,0xC3,0x18,
	0xC3,0x18,0xE4,0x18,0xE4,0x20,0xE4,0x18,0xE4,0x20,0x04,0x21,0x04,0x21,0x04,0x21,0x04,0x21,0x25,0x21,
	0x24,0x21,0x04,0x21,0xE4,0x18,0xC3,0x18,0xC3,0x18,0xA3,0x18,0xA3,0x18,0xA3,0x18,0xA3,0x18,0xA3,0x10,
	0xA3,0x10,0xA3,0x10,0xA3,0x10,0xA3,0x10,0xA3,0x10,0xA3,0x10,0xA3,0x18,0xA3,0x10,0xA3,0x10,0x82,0x10,
	0x82,0x10,0x82,0x10,0x82,0x10,0x82,0x10,0xC3,0x18,0xC3,0x18,0xC3,0x18,0xC3,0x18,0xC3,0x18,0xC3,0x18,
	0xC3,0x18,0xC3,0x18,0xC3,0x18,0xC3,0x18,0xC3,0x18,0xC4,0x18,0xE4,0x20,0xE4,0x20,0xE4,0x20,0xE4,0x20,
	0xE4,0x20,0xE4,0x20,0xE4,0x20,0x04,0x21,0x04,0x21,0x03,0x21,0x04,0x21,0x23,0x21,0x24,0x29,0x03,0x21,
	0xC3,0x18,0xA3,0x10,0xC3,0x18,0xC3,0x18,0xC3,0x18,0xC3,0x18,0xC3,0x18,0x62,0x10,0xC7,0x39,0x92,0x94,
	0x6D,0x6B,0x29,0x4A,0xC3,0x18,0xA3,0x18,0xC3,0x18,0xA3,0x18,0xA3,0x18,0xA3,0x18,0xA3,0x18,0xA3,0x18,
	0xA3,0x18,0xA3,0x18,0xC3,0x18,0xC3,0x18,0xC3,0x18,0xE3,0x18,0xE3,0x18,0xE4,0x20,0x04,0x21,0x04,0x21,
	0x25,0x21,0x25,0x21,0x25,0x21,0x24,0x21,0x04,0x21,0xE4,0x18,0xC3,0x18,0xC3,0x18,0xA3,0x18,0xA3,0x18,
	0xA3,0x18,0xA3,0x18,0xA3,0x10,0xA3,0x10,0xA3,0x10,0xA3,0x10,0xA3,0x10,0xA3,0x10,0xA3,0x18,0x82,0x10,
	0x25,0x21,0xEB,0x5A,0xCF,0x7B,0xB2,0x94,0x24,0x21,0x62,0x10,0xC3,0x18,0xA3,0x10,0xA3,0x10,0xA3,0x10,
	0xA3,0x10,0xA3,0x18,0xA3,0x10,0x82,0x10,0xC3,0x18,0xC3,0x18,0xA3,0x18,0x82,0x10,0x41,0x08,0x00,0x00,
	0x00,0x00,0x00,0x00,0xA2,0x10,0xE4,0x20,0x04,0x21,0x24,0x21,0xE4,0x20,0x82,0x10,0xA3,0x10,0x82,0x10,
	0x82,0x10,0xA3,0x10,0xA3,0x10,0x82,0x10,0xC3,0x18,0xC3,0x18,0xA3,0x18,0xA3,0x18,0xA3,0x18,0xC3,0x18,
	0xC3,0x18,0x62,0x08,0x21,0x08,0xC3,0x18,0xC3,0x18,0xC3,0x18,0xC3,0x18,0xC3,0x18,0xC3,0x18,0xC3,0x18,
	0xE4,0x18,0xE4,0x20,0xE4,0x20,0xE4,0x20,0x04,0x21,0x04,0x21,0x04,0x21,0x05,0x21,0x25,0x21,0x25,0x21,
	0x04,0x21,0x04,0x21,0x04,0x21,0xE4,0x18,0xC3,0x18,0xC3,0x18,0xC3,0x18,0xC3,0x18,0xC3,0x18,0xA3,0x18,
	0xA3,0x10,0xA3,0x10,0xA3,0x10,0xA3,0x10,0xA3,0x10,0x82,0x10,0x41,0x08,0x82,0x10,0xC3,0x18,0xA3,0x10,
	0x82,0x10,0x82,0x10,0x82,0x10,0x82,0x10,0xC3,0x18,0xC3,0x18,0xC3,0x18,0xC3,0x18,0xC3,0x18,0xC3,0x18,
	0xC3,0x18,0xC3,0x18,0xC3,0x18,0xC3,0x18,0xC3,0x18,0xC3,0x18,0xC3,0x18,0xC3,0x18,0xC3,0x18,0xC3,0x18,
	0xC3,0x18,0xC3,0x18,0xE4,0x18,0xE3,0x18,0xE3,0x20,0xE3,0x18,0xE3,0x18,0xE3,0x20,0x03,0x21,0x23,0x21,
	0x24,0x21,0xE3,0x18,0xA3,0x10,0xA3,0x18,0xC3,0x18,0xC3,0x18,0xC3,0x18,0xC3,0x18,0xA3,0x10,0x41,0x08,
	0x21,0x00,0x62,0x08,0xC3,0x18,0x62,0x10,0x41,0x08,0xA3,0x18,0xA3,0x18,0xA3,0x18,0xC3,0x18,0xC3,0x18,
	0xC3,0x18,0xC3,0x18,0xC3,0x18,0xE4,0x18,0xE4,0x18,0x04,0x21,0x04,0x21,0x04,0x21,0x24,0x21,0x24,0x21,
	0x25,0x21,0x25,0x21,0x25,0x29,0x25,0x21,0x04,0x21,0x04,0x21,0xE4,0x20,0xE4,0x18,0xC3,0x18,0xC3,0x18,
	0xA3,0x18,0xC3,0x18,0xA3,0x18,0xA3,0x10,0xA3,0x10,0xA3,0x10,0xA3,0x18,0x82,0x10,0x41,0x08,0x82,0x10,
	0x82,0x10,0x21,0x00,0x00,0x00,0x41,0x08,0x82,0x10,0xA3,0x18,0xA3,0x18,0xA3,0x10,0xA3,0x10,0xA3,0x10,
	0xA3,0x10,0xA3,0x10,0xA3,0x10,0x82,0x10,0xE4,0x20,0x45,0x29,0x24,0x21,0x04,0x21,0xC3,0x18,0x20,0x00,
	0x00,0x00,0x00,0x00,0x21,0x08,0x41,0x08,0x61,0x08,0x62,0x10,0x82,0x10,0x82,0x10,0x82,0x10,0xA3,0x10,
	0x82,0x10,0x82,0x10,0xA3,0x10,0xA3,0x10,0xA3,0x18,0xE4,0x18,0xC3,0x18,0xC3,0x18,0xC3,0x18,0x62,0x10,
	0x21,0x08,0xE8,0x39,0x4D,0x6B,0xE4,0x20,0xC3,0x18,0xC3,0x18,0xC3,0x18,0xC3,0x18,0xC3,0x18,0xE4,0x18,
	0xE4,0x18,0x04,0x21,0x04,0x21,0x04,0x21,0x04,0x21,0x04,0x21,0x25,0x21,0x24,0x21,0x25,0x21,0x24,0x21,
	0x04,0x21,0x04,0x21,0x04,0x21,0x04,0x21,0xE4,0x18,0xE4,0x18,0xE4,0x18,0xC3,0x18,0xC3,0x18,0xA3,0x18,
	0xA3,0x18,0xA3,0x18,0xA3,0x18,0xA3,0x18,0xA3,0x10,0xE4,0x20,0x6A,0x4A,0xC3,0x18,0x00,0x00,0x62,0x10,
	0xA3,0x10,0x82,0x10,0x82,0x10,0xA3,0x18,0xC3,0x18,0xA3,0x18,0xA3,0x18,0xC3,0x18,0xA3,0x18,0xC3,0x18,
	0xC3,0x18,0xC3,0x18,0xC3,0x18,0xC3,0x18,0xC3,0x18,0xC3,0x18,0xC3,0x18,0xC3,0x18,0xC3,0x18,0xC3,0x18,
	0xC3,0x18,0xC3,0x18,0xC3,0x18,0xC3,0x18,0xC3,0x18,0xE4,0x18,0xE3,0x18,0xE3,0x18,0xE3,0x18,0xE3,0x18,
	0xE3,0x18,0x03,0x21,0xE3,0x18,0xA3,0x18,0xA3,0x18,0xC3,0x18,0xC3,0x18,0xE4,0x18,0xA3,0x18,0xC3,0x18,
	0xC3,0x18,0x82,0x10,0x21,0x08,0xE8,0x39,0xEB,0x5A,0xC3,0x18,0xC3,0x18,0xC3,0x18,0xC3,0x18,0xC3,0x18,
	0xC3,0x18,0xE4,0x18,0xE4,0x18,0xE4,0x20,0xE4,0x20,0x04,0x21,0x04,0x21,0x24,0x21,0x25,0x21,0x24,0x21,
	0x25,0x21,0x25,0x21,0x25,0x21,0x25,0x21,0x04,0x21,0x04,0x21,0x04,0x21,0x04,0x21,0xE4,0x20,0xE4,0x18,
	0xC3,0x18,0xC3,0x18,0xC3,0x18,0xA3,0x18,0xA3,0x18,0xA3,0x18,0xA3,0x10,0x04,0x21,0xAA,0x52,0xE4,0x18,
	0x00,0x00,0x82,0x10,0xC3,0x18,0xA3,0x18,0xA2,0x10,0xC3,0x18,0xA3,0x10,0xA3,0x10,0xA3,0x10,0xA3,0x10,
	0xA3,0x10,0xA3,0x10,0x82,0x10,0x82,0x10,0x82,0x10,0x62,0x10,0x41,0x08,0x41,0x08,0x21,0x08,0x00,0x00,
	0x00,0x00,0x00,0x00,0x20,0x00,0x41,0x08,0x62,0x08,0x82,0x10,0x82,0x10,0x82,0x10,0x82,0x10,0xA3,0x10,
	0x82,0x10,0x82,0x10,0xA3,0x10,0xA3,0x10,0xA3,0x10,0xE4,0x18,0xE4,0x18,0xE4,0x18,0x82,0x10,0xE8,0x39,
	0x75,0xAD,0xFF,0xFF,0x3C,0xE7,0x66,0x29,0xA3,0x18,0xE4,0x18,0xE4,0x18,0xC3,0x18,0xE4,0x18,0xE4,0x20,
	0x04,0x21,0x04,0x21,0x04,0x21,0x24,0x21,0x24,0x21,0x24,0x21,0x24,0x21,0x25,0x21,0x24,0x21,0x24,0x21,
	0x24,0x21,0x24,0x21,0x04,0x21,0x04,0x21,0xE4,0x20,0xE4,0x20,0xE4,0x18,0xC3,0x18,0xC3,0x18,0xC3,0x18,
	0xA3,0x18,0xA3,0x18,0xA3,0x18,0xC3,0x18,0x62,0x08,0x49,0x4A,0xDF,0xFF,0x5C,0xE7,0x30,0x84,0x45,0x29,
	0x62,0x10,0xA2,0x10,0xA3,0x10,0xC3,0x18,0xA3,0x18,0xA3,0x18,0xA3,0x18,0xA3,0x18,0xA3,0x18,0xA3,0x18,
	0xA3,0x18,0xA3,0x18,0xA3,0x18,0xC3,0x18,0xC3,0x18,0xC3,0x18,0xC3,0x18,0xC3,0x18,0xC3,0x18,0xC3,0x18,
	0xC3,0x18,0xC3,0x18,0xC3,0x18,0xC3,0x18,0xC3,0x18,0xC3,0x18,0xC3,0x18,0xC3,0x18,0xC3,0x18,0xC3,0x18,
	0xC3,0x18,0xC3,0x18,0xE3,0x18,0xC3,0x18,0xA3,0x18,0xC3,0x18,0xC3,0x18,0xC3,0x18,0xE4,0x18,0xC3,0x18,
	0x82,0x10,0xE8,0x39,0x75,0xAD,0xFF,0xFF,0x9A,0xD6,0x04,0x21,0xC3,0x18,0xE4,0x18,0xC3,0x18,0xE4,0x18,
	0xE4,0x18,0xE4,0x20,0xE4,0x20,0xE4,0x20,0x04,0x21,0x04,0x21,0x04,0x21,0x24,0x21,0x25,0x21,0x24,0x21,
	0x25,0x21,0x25,0x21,0x25,0x21,0x25,0x21,0x04,0x21,0x04,0x21,0x04,0x21,0x04,0x21,0xE4,0x20,0xE4,0x18,
	0xE4,0x18,0xE4,0x18,0xC3,0x18,0xC3,0x18,0xC3,0x18,0xC3,0x18,0x62,0x08,0x49,0x4A,0xFF,0xFF,0x7D,0xEF,
	0x51,0x8C,0x45,0x29,0x82,0x10,0xA3,0x18,0xC3,0x18,0xC3,0x18,0xA3,0x10,0xA3,0x10,0xA3,0x10,0xA3,0x10,
	0xA3,0x10,0x82,0x10,0x82,0x10,0x82,0x10,0x82,0x10,0x82,0x10,0x62,0x10,0x41,0x08,0x21,0x08,0x00,0x00,
	0x00,0x00,0x00,0x00,0x20,0x00,0x41,0x08,0x61,0x08,0x62,0x10,0x82,0x10,0x82,0x10,0x82,0x10,0x82,0x10,
	0xA3,0x10,0xA3,0x10,0xA3,0x10,0xA3,0x10,0xA3,0x10,0xA3,0x10,0x04,0x21,0x82,0x10,0x4D,0x6B,0xFF,0xFF,
	0xDB,0xDE,0x8E,0x73,0x04,0x21,0xC3,0x18,0xE4,0x18,0xE4,0x18,0x04,0x21,0xE4,0x18,0xE4,0x20,0xE4,0x20,
	0x04,0x21,0x04,0x21,0x04,0x21,0x04,0x21,0x24,0x21,0x24,0x21,0x24,0x21,0x25,0x21,0x25,0x21,0x25,0x29,
	0x25,0x29,0x25,0x21,0x04,0x21,0x04,0x21,0x04,0x21,0xE4,0x20,0xE4,0x18,0xE4,0x18,0xC3,0x18,0xC3,0x18,
	0xC3,0x18,0xA3,0x18,0xC3,0x18,0xA3,0x18,0xA3,0x18,0x82,0x10,0xC7,0x39,0xF3,0x9C,0xDE,0xF7,0xDE,0xF7,
	0x49,0x4A,0x41,0x08,0xC3,0x18,0xA3,0x18,0xA3,0x18,0xA3,0x18,0xA3,0x18,0xA3,0x18,0xA3,0x18,0xA3,0x18,
	0xA3,0x18,0xA3,0x18,0xA3,0x18,0xA3,0x18,0xA3,0x18,0xA3,0x18,0xC3,0x18,0xA3,0x18,0xC3,0x18,0xC3,0x18,
	0xA3,0x18,0xA3,0x18,0xA3,0x18,0xA3,0x18,0xA3,0x18,0xC3,0x18,0xA3,0x18,0xC3,0x18,0xC3,0x18,0xA3,0x18,
	0xC3,0x18,0xC3,0x18,0xC3,0x18,0xC3,0x18,0xC3,0x18,0xA3,0x18,0xA3,0x18,0xC3,0x18,0xE4,0x20,0x62,0x10,
	0x8E,0x73,0xFF,0xFF,0x9A,0xCE,0x0C,0x63,0xC3,0x18,0xC3,0x18,0x04,0x21,0xE4,0x20,0xE4,0x18,0xE4,0x18,
	0xE4,0x20,0xE4,0x20,0xE4,0x20,0x04,0x21,0x04,0x21,0x04,0x21,0x24,0x21,0x24,0x21,0x25,0x21,0x25,0x21,
	0x25,0x21,0x25,0x21,0x25,0x21,0x25,0x21,0x24,0x21,0x04,0x21,0x04,0x21,0x04,0x21,0xE4,0x20,0xE4,0x20,
	0xE4,0x20,0xE4,0x18,0xE4,0x18,0xC3,0x18,0xC3,0x18,0xC3,0x18,0xC3,0x18,0xA3,0x10,0xA7,0x31,0xD3,0x9C,
	0xBE,0xF7,0xDE,0xF7,0x8A,0x52,0x62,0x10,0xE4,0x20,0xA3,0x10,0xA3,0x10,0xA3,0x10,0xA3,0x10,0xA3,0x10,
	0xA3,0x10,0x82,0x10,0xA3,0x10,0x82,0x10,0x82,0x10,0x82,0x10,0x62,0x10,0x41,0x08,0x20,0x00,0x00,0x00,
	0x00,0x00,0x00,0x00,0x20,0x00,0x41,0x08,0x61,0x08,0x62,0x10,0x82,0x10,0x82,0x10,0x82,0x10,0x83,0x10,
	0xA3,0x10,0xA3,0x10,0xA3,0x10,0xA3,0x10,0xA3,0x10,0xA3,0x10,0xC3,0x18,0xE4,0x20,0xC7,0x39,0xCB,0x5A,
	0xC3,0x18,0x62,0x08,0xC3,0x18,0xE4,0x20,0xE4,0x18,0x04,0x21,0xE4,0x20,0x04,0x21,0x04,0x21,0x04,0x21,
	0x04,0x21,0x04,0x21,0x04,0x21,0x24,0x21,0x24,0x21,0x04,0x21,0x24,0x21,0x24,0x21,0x24,0x21,0x24,0x21,
	0x24,0x21,0x25,0x21,0x25,0x21,0x25,0x21,0x04,0x21,0xE4,0x20,0xE4,0x20,0xE4,0x18,0xC3,0x18,0xC3,0x18,
	0xC3,0x18,0xC3,0x18,0xC3,0x18,0xC3,0x18,0xA3,0x18,0xA3,0x18,0x62,0x10,0x21,0x00,0x25,0x29,0x2D,0x63,
	0x45,0x29,0xA3,0x18,0xC3,0x18,0xA3,0x18,0xA3,0x18,0xA3,0x18,0xA3,0x18,0xA3,0x18,0xA3,0x18,0xA3,0x18,
	0xA3,0x18,0xA3,0x18,0xA3,0x18,0xA3,0x18,0xA3,0x18,0xC3,0x18,0xA3,0x18,0xA3,0x18,0xA3,0x18,0xA3,0x18,
	0xA3,0x18,0xA3,0x18,0xA3,0x18,0xA3,0x18,0xA3,0x18,0xA3,0x18,0xA3,0x18,0xA3,0x18,0xA3,0x18,0xA3,0x18,
	0xA3,0x18,0xC3,0x18,0xC3,0x18,0xA3,0x18,0xA3,0x18,0xA3,0x18,0xC3,0x18,0xA3,0x18,0xC3,0x18,0xC3,0x18,
	0x08,0x42,0x8A,0x52,0x82,0x10,0x41,0x08,0xC3,0x18,0x04,0x21,0x82,0x10,0xA3,0x18,0xE4,0x20,0xE4,0x20,
	0xE4,0x20,0x04,0x21,0x04,0x21,0x04,0x21,0x24,0x21,0x04,0x21,0x24,0x21,0x04,0x21,0x24,0x21,0x25,0x21,
	0x25,0x21,0x25,0x21,0x25,0x21,0x25,0x21,0x25,0x21,0x04,0x21,0x04,0x21,0x04,0x21,0xE4,0x20,0x04,0x21,
	0xE4,0x20,0xE4,0x18,0xE4,0x18,0xE4,0x20,0xE4,0x18,0xA3,0x10,0x62,0x08,0xE4,0x18,0x83,0x10,0x41,0x08,
	0x25,0x29,0x0C,0x63,0x65,0x29,0xC3,0x18,0xC3,0x18,0xA3,0x10,0xA3,0x10,0xA2,0x10,0xA3,0x10,0x82,0x10,
	0xA3,0x10,0x82,0x10,0x82,0x10,0x82,0x10,0x82,0x10,0x82,0x10,0x62,0x10,0x41,0x08,0x21,0x08,0x00,0x00,
	0x00,0x00,0x00,0x00,0x00,0x00,0x21,0x08,0x41,0x08,0x62,0x08,0x62,0x10,0x82,0x10,0x82,0x10,0x82,0x10,
	0x82,0x10,0xA3,0x10,0x82,0x10,0xA3,0x10,0xA3,0x10,0xA3,0x10,0x82,0x10,0xE4,0x20,0xE4,0x20,0x83,0x10,
	0x04,0x21,0x24,0x21,0x04,0x21,0xE4,0x20,0x04,0x21,0x04,0x21,0x04,0x21,0x04,0x21,0x04,0x21,0x04,0x21,
	0x24,0x21,0x04,0x21,0x04,0x21,0x25,0x21,0x25,0x21,0x24,0x21,0x24,0x21,0x24,0x21,0x24,0x21,0x25,0x21,
	0x24,0x21,0x24,0x21,0x24,0x21,0x04,0x21,0x04,0x21,0x04,0x21,0xE4,0x20,0xE4,0x18,0xE4,0x18,0xE4,0x18,
	0xE4,0x18,0xE4,0x18,0xC3,0x18,0xC3,0x18,0xC3,0x18,0xC3,0x18,0xC3,0x18,0xC3,0x18,0x82,0x10,0x41,0x08,
	0xC3,0x18,0xC3,0x18,0xA3,0x18,0xA3,0x18,0xA3,0x18,0xA3,0x18,0xA3,0x18,0xA3,0x18,0xA3,0x18,0xA3,0x18,
	0xA3,0x18,0xA3,0x18,0xA3,0x18,0xA3,0x18,0xA3,0x18,0xA3,0x18,0xA3,0x18,0xA3,0x18,0xA3,0x18,0xA3,0x10,
	0xA3,0x10,0xA3,0x18,0xA3,0x18,0xA3,0x18,0xA3,0x18,0xA3,0x18,0xA3,0x18,0xA3,0x18,0xA3,0x10,0xA3,0x18,
	0xA3,0x18,0xA3,0x18,0xA3,0x18,0xA3,0x18,0xA3,0x18,0xA3,0x18,0xA3,0x18,0xA3,0x18,0xA3,0x10,0xE4,0x18,
	0xC3,0x18,0x82,0x10,0x04,0x21,0x04,0x21,0xE4,0x18,0x42,0x08,0x2D,0x63,0xAA,0x52,0xA3,0x18,0x04,0x21,
	0x04,0x21,0x04,0x21,0x04,0x21,0x04,0x21,0x24,0x21,0x04,0x21,0x25,0x21,0x25,0x21,0x25,0x21,0x25,0x29,
	0x25,0x21,0x25,0x21,0x25,0x21,0x25,0x21,0x25,0x21,0x24,0x21,0x04,0x21,0x04,0x21,0x04,0x21,0x04,0x21,
	0x04,0x21,0x04,0x21,0xE4,0x18,0xE4,0x18,0xA3,0x10,0x49,0x4A,0x4D,0x6B,0x41,0x08,0xC4,0x18,0xE4,0x20,
	0xA3,0x18,0x62,0x08,0xC3,0x18,0xC3,0x18,0xA3,0x10,0xA3,0x10,0xA3,0x10,0xA3,0x10,0x83,0x10,0x82,0x10,
	0xA3,0x10,0x82,0x10,0x82,0x10,0x82,0x10,0x82,0x10,0x62,0x10,0x41,0x08,0x41,0x08,0x20,0x00,0x00,0x00,
	0x00,0x00,0x00,0x00,0x61,0x08,0xA3,0x18,0xE3,0x18,0x04,0x21,0xE4,0x20,0x82,0x10,0x82,0x10,0x82,0x10,
	0x82,0x10,0x82,0x10,0x82,0x10,0xA3,0x10,0xA3,0x10,0xA3,0x10,0x82,0x10,0x82,0x10,0x04,0x21,0x45,0x29,
	0x25,0x21,0x04,0x21,0x04,0x21,0x04,0x21,0x04,0x21,0x04,0x21,0x04,0x21,0x04,0x21,0xE4,0x18,0xA3,0x18,
	0xE4,0x18,0x25,0x21,0x24,0x21,0x25,0x21,0x25,0x21,0x25,0x21,0x25,0x21,0x25,0x21,0x25,0x21,0x25,0x21,
	0x24,0x21,0x24,0x21,0x24,0x21,0x04,0x21,0x04,0x21,0x04,0x21,0xE4,0x20,0xE4,0x20,0x82,0x10,0x82,0x10,
	0xE4,0x18,0xE4,0x18,0xE4,0x18,0xC3,0x18,0xC3,0x18,0xC3,0x18,0xC3,0x18,0xC3,0x18,0xC3,0x18,0xE4,0x20,
	0xE4,0x18,0xA3,0x18,0xA3,0x18,0xA3,0x10,0xA3,0x10,0xA3,0x18,0xA3,0x10,0xA3,0x18,0xA3,0x18,0xA3,0x18,
	0xA3,0x18,0xA3,0x10,0xA3,0x18,0xA3,0x18,0xA3,0x18,0xA3,0x10,0xA3,0x10,0xA3,0x10,0xA3,0x18,0xA3,0x18,
	0xA3,0x18,0xA3,0x18,0xA3,0x10,0xA3,0x10,0xA3,0x10,0xA3,0x10,0xA3,0x10,0xA3,0x18,0xA3,0x18,0xA3,0x18,
	0xA3,0x18,0xA3,0x18,0xA3,0x18,0xA3,0x18,0xA3,0x18,0xA3,0x18,0xA3,0x18,0xA3,0x18,0xA3,0x18,0xA3,0x18,
	0x04,0x21,0x25,0x21,0x04,0x21,0x04,0x21,0x04,0x21,0x71,0x8C,0x55,0xA5,0x86,0x31,0xE4,0x18,0x25,0x21,
	0xE4,0x20,0xC3,0x18,0xC3,0x18,0x24,0x21,0x24,0x21,0x25,0x21,0x25,0x21,0x25,0x29,0x25,0x21,0x25,0x29,
	0x25,0x29,0x25,0x21,0x25,0x21,0x25,0x21,0x25,0x21,0x25,0x21,0x04,0x21,0x04,0x21,0x04,0x21,0x04,0x21,
	0xA3,0x10,0xA2,0x10,0xE4,0x18,0xE4,0x20,0xE4,0x18,0x25,0x29,0x13,0x9D,0xB2,0x94,0x25,0x21,0xC3,0x18,
	0xE4,0x20,0x04,0x21,0xE4,0x20,0x82,0x10,0xA3,0x10,0x82,0x10,0x82,0x10,0x83,0x10,0x82,0x10,0xA2,0x10,
	0xA2,0x10,0x82,0x10,0x82,0x10,0x82,0x10,0xE4,0x20,0x45,0x29,0x04,0x21,0xC3,0x18,0x82,0x10,0x00,0x00,
	0x00,0x00,0x00,0x00,0x82,0x10,0xC3,0x18,0xC3,0x18,0xC3,0x18,0xA3,0x10,0x82,0x10,0x82,0x10,0x82,0x10,
	0x82,0x10,0x82,0x10,0x82,0x10,0x82,0x10,0x82,0x10,0xA3,0x10,0xA3,0x10,0xA3,0x10,0x82,0x10,0x04,0x21,
	0x45,0x29,0x25,0x29,0x24,0x21,0x25,0x21,0x24,0x21,0x04,0x21,0x25,0x21,0xA3,0x18,0x08,0x42,0xF7,0xBD,
	0xCB,0x5A,0xE4,0x20,0x45,0x29,0x25,0x21,0x25,0x21,0x24,0x21,0x25,0x21,0x25,0x29,0x25,0x21,0x25,0x21,
	0x25,0x21,0x25,0x21,0x04,0x21,0x04,0x21,0x04,0x21,0x04,0x21,0x04,0x21,0xC3,0x18,0xF3,0x9C,0xD3,0x9C,
	0xA3,0x10,0x04,0x21,0xE4,0x18,0xC3,0x18,0xC3,0x18,0xE4,0x18,0xC3,0x18,0xC3,0x18,0xE4,0x20,0xE4,0x18,
	0xA3,0x10,0xA3,0x18,0xA3,0x10,0xA3,0x10,0xA3,0x10,0xA3,0x18,0xA3,0x10,0xA3,0x18,0xA3,0x10,0xA3,0x10,
	0xA3,0x10,0xA3,0x18,0xA3,0x10,0xA3,0x10,0xA3,0x10,0xA3,0x10,0xA3,0x10,0xA3,0x10,0xA3,0x10,0xA3,0x18,
	0xA3,0x18,0xA3,0x10,0xA3,0x10,0xA3,0x10,0xA3,0x10,0xA3,0x18,0xA3,0x10,0xA3,0x18,0xA3,0x10,0xA3,0x18,
	0xA3,0x10,0xA3,0x18,0xA3,0x18,0xA3,0x18,0xA3,0x18,0xA3,0x18,0xA3,0x18,0xA3,0x10,0xA3,0x18,0xA3,0x18,
	0xA3,0x18,0x04,0x21,0x25,0x29,0xC3,0x18,0xCB,0x5A,0x31,0x84,0x83,0x10,0xE4,0x18,0x25,0x21,0x04,0x21,
	0x66,0x29,0xD7,0xB5,0x8D,0x6B,0xE3,0x18,0x24,0x21,0x25,0x21,0x25,0x21,0x45,0x29,0x25,0x29,0x25,0x21,
	0x25,0x21,0x25,0x29,0x25,0x21,0x25,0x21,0x25,0x21,0x25,0x21,0x25,0x21,0x04,0x21,0x04,0x21,0xC3,0x18,
	0x10,0x84,0x14,0x9D,0xC4,0x18,0xE4,0x20,0x04,0x21,0xE4,0x20,0x82,0x10,0xAE,0x73,0xCB,0x5A,0xA3,0x10,
	0x24,0x21,0xE4,0x20,0xA3,0x10,0xA2,0x10,0xA3,0x10,0xA3,0x10,0x82,0x10,0x83,0x10,0x82,0x10,0x82,0x10,
	0x82,0x10,0x82,0x10,0x82,0x10,0x82,0x10,0x82,0x10,0xA3,0x18,0xC3,0x18,0xC3,0x18,0xA2,0x10,0x20,0x00,
	0x00,0x00,0x00,0x00,0x00,0x00,0x21,0x08,0x41,0x08,0x62,0x08,0x82,0x10,0x82,0x10,0x82,0x10,0x82,0x10,
	0x82,0x10,0x82,0x10,0x82,0x10,0x82,0x10,0x82,0x10,0x82,0x10,0xA3,0x10,0xA3,0x10,0xA3,0x10,0x82,0x10,
	0x04,0x21,0x45,0x29,0x25,0x29,0x24,0x21,0x24,0x21,0x24,0x21,0x04,0x21,0xE4,0x18,0x59,0xCE,0xFF,0xFF,
	0x49,0x4A,0x04,0x21,0x45,0x29,0x25,0x29,0x25,0x29,0x45,0x29,0x25,0x29,0x25,0x21,0xE4,0x18,0xC3,0x18,
	0x25,0x21,0x25,0x29,0x24,0x21,0x24,0x21,0x04,0x21,0x04,0x21,0x24,0x21,0xA3,0x18,0x51,0x8C,0xFF,0xFF,
	0xEF,0x7B,0x62,0x08,0x04,0x21,0xE4,0x18,0xE4,0x18,0xE4,0x18,0xE4,0x20,0x04,0x21,0xE4,0x18,0x82,0x10,
	0xA3,0x10,0xA3,0x10,0xA3,0x10,0xA3,0x10,0xA3,0x10,0xA3,0x10,0xA3,0x10,0xA3,0x10,0xA3,0x10,0xA3,0x18,
	0xA3,0x18,0xA3,0x10,0xA3,0x18,0xA3,0x10,0xA3,0x10,0xA3,0x10,0xA3,0x10,0xA3,0x10,0xA3,0x10,0xA3,0x18,
	0xA3,0x18,0xA3,0x10,0xA3,0x10,0xA3,0x10,0xA3,0x10,0xA3,0x10,0xA3,0x10,0xA3,0x10,0xA3,0x10,0xA3,0x10,
	0xA3,0x10,0xA3,0x10,0xA3,0x18,0xA3,0x18,0xA3,0x10,0xA3,0x18,0xA3,0x10,0xA3,0x10,0xA3,0x10,0xA3,0x18,
	0xA3,0x18,0xA3,0x10,0x04,0x21,0x45,0x29,0x24,0x21,0xC3,0x18,0x04,0x21,0x04,0x21,0x04,0x21,0xA3,0x10,
	0x75,0xAD,0xFF,0xFF,0xEC,0x62,0xE4,0x18,0x25,0x21,0x25,0x29,0x25,0x21,0x45,0x29,0x45,0x29,0x45,0x29,
	0x04,0x21,0xA3,0x18,0x25,0x21,0x66,0x29,0x45,0x29,0x45,0x29,0x25,0x21,0x45,0x29,0x25,0x29,0xC3,0x18,
	0x51,0x8C,0xFF,0xFF,0x92,0x8C,0x82,0x10,0x25,0x21,0x24,0x21,0x25,0x21,0xA3,0x10,0xE4,0x18,0x24,0x21,
	0xE4,0x18,0x82,0x10,0xA3,0x10,0x82,0x10,0x82,0x10,0xA3,0x10,0xA2,0x10,0x82,0x10,0x82,0x10,0x82,0x10,
	0x82,0x10,0x82,0x10,0x82,0x10,0x82,0x10,0x62,0x10,0x62,0x08,0x41,0x08,0x21,0x08,0x00,0x00,0x00,0x00,
	0x00,0x00,0x00,0x00,0x20,0x00,0x41,0x08,0x61,0x08,0x62,0x10,0x82,0x10,0x82,0x10,0x82,0x10,0x82,0x10,
	0x82,0x10,0x82,0x10,0x82,0x10,0x82,0x10,0x82,0x10,0xA3,0x10,0x82,0x10,0xA3,0x10,0xA3,0x10,0x82,0x10,
	0x82,0x10,0xE4,0x20,0x45,0x29,0x45,0x29,0x25,0x21,0x25,0x29,0xE4,0x18,0xF3,0x9C,0xFF,0xFF,0x2C,0x63,
	0xA3,0x18,0x45,0x29,0x25,0x21,0x25,0x21,0x25,0x21,0x25,0x21,0x45,0x29,0xE4,0x18,0x6A,0x4A,0x55,0xA5,
	0xA7,0x31,0x04,0x21,0x25,0x21,0x25,0x21,0x04,0x21,0x04,0x21,0x24,0x21,0x24,0x21,0x82,0x10,0x75,0xAD,
	0xFF,0xFF,0xAB,0x52,0xC3,0x18,0x04,0x21,0xE4,0x20,0x04,0x21,0x24,0x21,0xC3,0x18,0x82,0x10,0xA3,0x10,
	0xA3,0x10,0xA3,0x10,0xA3,0x10,0xA3,0x10,0xA3,0x10,0xA3,0x10,0xA3,0x10,0xA3,0x10,0xA3,0x10,0xA3,0x10,
	0xA3,0x18,0xA3,0x10,0xA3,0x10,0xA3,0x10,0xA3,0x10,0xA3,0x10,0xA3,0x10,0xA3,0x10,0xA3,0x10,0xA3,0x10,
	0xA3,0x10,0xA3,0x10,0xA3,0x10,0xA3,0x10,0xA3,0x10,0xA3,0x10,0xA3,0x10,0xA3,0x10,0xA3,0x10,0xA3,0x10,
	0xA3,0x10,0xA3,0x10,0xA3,0x10,0xA3,0x10,0xA3,0x10,0xA3,0x10,0xA3,0x10,0xA3,0x10,0xA3,0x10,0xA3,0x18,
	0xA3,0x10,0xA3,0x10,0xA3,0x10,0xE4,0x20,0x45,0x29,0x45,0x29,0x25,0x21,0x25,0x21,0xC3,0x18,0xAE,0x73,
	0xFF,0xFF,0x71,0x8C,0x82,0x10,0x45,0x29,0x25,0x29,0x25,0x21,0x65,0x29,0x25,0x21,0x45,0x29,0x04,0x21,
	0x28,0x42,0x34,0xA5,0xE8,0x39,0x25,0x21,0x45,0x29,0x45,0x29,0x86,0x31,0x25,0x21,0x25,0x21,0x25,0x21,
	0x83,0x10,0x14,0xA5,0xFF,0xFF,0x2C,0x6B,0xC3,0x18,0x25,0x21,0x24,0x21,0x25,0x29,0x25,0x21,0xC3,0x18,
	0x82,0x10,0xA3,0x10,0x82,0x10,0x82,0x10,0x82,0x10,0x82,0x10,0x82,0x10,0xA3,0x10,0x82,0x10,0x82,0x10,
	0x82,0x10,0x82,0x10,0x82,0x10,0x82,0x10,0x82,0x10,0x62,0x10,0x61,0x08,0x41,0x08,0x20,0x00,0x00,0x00,
	0x00,0x00,0x00,0x00,0x20,0x00,0x41,0x08,0x61,0x08,0x62,0x10,0x82,0x10,0x82,0x10,0x82,0x10,0x82,0x10,
	0x82,0x10,0x82,0x10,0x82,0x10,0x82,0x10,0x82,0x10,0xA3,0x10,0xA3,0x10,0x82,0x10,0x82,0x10,0x82,0x10,
	0x82,0x10,0x82,0x10,0xC3,0x18,0x45,0x29,0x66,0x31,0x45,0x29,0xE8,0x39,0x3C,0xE7,0xB2,0x94,0xC3,0x18,
	0x46,0x29,0x45,0x29,0x25,0x21,0x25,0x29,0x25,0x29,0x25,0x21,0x45,0x29,0xA3,0x18,0x10,0x84,0xFF,0xFF,
	0xAB,0x52,0xE4,0x18,0x45,0x29,0x24,0x21,0x25,0x21,0x25,0x21,0x04,0x21,0x24,0x21,0xE4,0x18,0x25,0x21,
	0xBA,0xD6,0xB6,0xB5,0xA3,0x10,0x24,0x21,0x04,0x21,0x04,0x21,0xA3,0x18,0x82,0x10,0xA3,0x10,0xA3,0x10,
	0xA3,0x10,0xA3,0x10,0xA3,0x10,0xA3,0x10,0xA3,0x10,0x82,0x10,0xA3,0x10,0xA3,0x10,0xA3,0x10,0xA3,0x10,
	0xA3,0x10,0xA3,0x10,0xA3,0x10,0xA3,0x10,0xA3,0x10,0xA3,0x10,0xA3,0x10,0x82,0x10,0xA3,0x10,0xA3,0x10,
	0xA3,0x10,0xA3,0x10,0xA3,0x10,0xA3,0x10,0xA3,0x10,0xA3,0x10,0xA3,0x10,0xA3,0x10,0xA3,0x10,0xA3,0x10,
	0xA3,0x10,0xA3,0x10,0xA3,0x10,0xA3,0x10,0xA3,0x10,0xA3,0x10,0xA3,0x10,0xA3,0x10,0xA3,0x10,0xA3,0x10,
	0xA3,0x10,0xA3,0x10,0xA3,0x10,0x82,0x10,0xC3,0x18,0x25,0x29,0x45,0x29,0x45,0x29,0x65,0x29,0x1C,0xE7,
	0x79,0xCE,0x04,0x21,0x25,0x29,0x65,0x29,0xE4,0x20,0xCB,0x5A,0x92,0x94,0xE4,0x18,0x86,0x31,0xE4,0x18,
	0x8E,0x6B,0xFF,0xFF,0xEC,0x5A,0xE4,0x18,0x66,0x29,0xE4,0x18,0xF3,0x9C,0xAA,0x52,0xE4,0x18,0x45,0x21,
	0x04,0x21,0x04,0x21,0x79,0xCE,0xFB,0xDE,0x24,0x21,0x45,0x29,0x45,0x29,0x24,0x21,0xA3,0x18,0x82,0x10,
	0xA3,0x10,0x82,0x10,0x82,0x10,0xA3,0x10,0x82,0x10,0x82,0x10,0x82,0x10,0x82,0x10,0x83,0x10,0x82,0x10,
	0x82,0x10,0x82,0x10,0x82,0x10,0x82,0x10,0x82,0x10,0x62,0x10,0x61,0x08,0x41,0x08,0x20,0x00,0x00,0x00,
	0x00,0x00,0x00,0x00,0x20,0x00,0x41,0x08,0x61,0x08,0x62,0x10,0x82,0x10,0x82,0x10,0x82,0x10,0x82,0x10,
	0x82,0x10,0x82,0x10,0x82,0x10,0x82,0x10,0x82,0x10,0x82,0x10,0x82,0x10,0x82,0x10,0x82,0x10,0x82,0x10,
	0x82,0x10,0xA3,0x10,0x82,0x10,0x82,0x10,0x04,0x21,0x86,0x31,0x86,0x31,0xA7,0x31,0x25,0x21,0x45,0x29,
	0x25,0x29,0x45,0x29,0x25,0x29,0x25,0x29,0x25,0x21,0x25,0x29,0x45,0x29,0xC3,0x18,0xEF,0x7B,0xDE,0xF7,
	0xAB,0x52,0xE4,0x20,0x45,0x29,0x25,0x21,0x25,0x21,0x25,0x21,0x25,0x21,0x24,0x21,0x04,0x21,0xE4,0x18,
	0x86,0x31,0x86,0x31,0x25,0x21,0x24,0x21,0xE4,0x18,0xA3,0x10,0x82,0x10,0xA3,0x10,0xA3,0x10,0xA3,0x10,
	0xA3,0x10,0xA3,0x10,0xA3,0x10,0x82,0x10,0xA3,0x10,0xA3,0x10,0xA3,0x10,0xA3,0x10,0xA3,0x10,0xA3,0x10,
	0xA3,0x10,0xA3,0x10,0xA3,0x10,0xA3,0x10,0xA3,0x10,0xA3,0x10,0xA3,0x10,0xA3,0x10,0x82,0x10,0xA3,0x10,
	0xA3,0x10,0xA3,0x10,0xA3,0x10,0xA3,0x10,0xA3,0x10,0xA3,0x10,0xA3,0x10,0xA3,0x10,0xA3,0x10,0xA3,0x10,
	0xA3,0x10,0xA3,0x10,0xA3,0x10,0xA3,0x10,0xA3,0x10,0xA3,0x10,0xA3,0x10,0xA3,0x10,0xA3,0x10,0xA3,0x10,
	0xA3,0x10,0xA3,0x10,0x82,0x10,0xA3,0x10,0xA3,0x10,0xA3,0x10,0x04,0x21,0x45,0x29,0x66,0x29,0x29,0x4A,
	0xC7,0x39,0x25,0x21,0x45,0x29,0x66,0x29,0xC4,0x18,0x34,0xA5,0x8E,0x73,0xE4,0x18,0x86,0x31,0x04,0x21,
	0x6D,0x6B,0xBE,0xF7,0xCB,0x5A,0xE4,0x18,0x66,0x29,0xC3,0x10,0x10,0x84,0xF3,0x9C,0x83,0x10,0x45,0x29,
	0x25,0x21,0x04,0x21,0x86,0x31,0x29,0x42,0x45,0x29,0x45,0x29,0xE4,0x20,0xA3,0x10,0x82,0x10,0xA3,0x10,
	0x82,0x10,0xA3,0x10,0xA3,0x10,0x82,0x10,0x82,0x10,0x82,0x10,0x82,0x10,0x82,0x10,0x82,0x10,0x82,0x10,
	0x82,0x10,0x82,0x10,0x82,0x10,0x82,0x10,0x62,0x10,0x61,0x08,0x61,0x08,0x41,0x08,0x20,0x00,0x00,0x00,
	0x00,0x00,0x00,0x00,0x00,0x00,0x21,0x08,0x41,0x08,0x82,0x10,0x82,0x10,0x82,0x10,0x82,0x10,0x82,0x10,
	0x82,0x10,0x82,0x10,0x82,0x10,0x82,0x10,0x82,0x10,0x82,0x10,0x82,0x10,0x82,0x10,0x82,0x10,0x82,0x10,
	0x82,0x10,0xA3,0x10,0x82,0x10,0x82,0x10,0x82,0x10,0xA3,0x18,0x04,0x21,0x45,0x29,0x66,0x29,0x66,0x29,
	0x65,0x29,0x45,0x29,0x45,0x29,0x45,0x29,0x45,0x29,0x45,0x29,0x65,0x29,0xC3,0x18,0x10,0x84,0xFF,0xFF,
	0xCB,0x52,0xE4,0x18,0x45,0x29,0x25,0x21,0x25,0x21,0x25,0x21,0x25,0x21,0x25,0x21,0x25,0x21,0x45,0x29,
	0x25,0x29,0x04,0x21,0xE4,0x20,0xA3,0x10,0x82,0x10,0xA3,0x10,0xA3,0x10,0xA3,0x10,0xA3,0x10,0xA3,0x10,
	0xA3,0x10,0x82,0x10,0x82,0x10,0x82,0x10,0xA3,0x10,0xA3,0x10,0xA3,0x10,0xA3,0x10,0x82,0x10,0xA3,0x10,
	0xA3,0x10,0xA3,0x10,0xA3,0x10,0xA3,0x10,0xA3,0x10,0xA3,0x10,0xA3,0x10,0xA3,0x10,0xA3,0x10,0xA3,0x10,
	0xA3,0x10,0xA3,0x10,0xA3,0x10,0xA3,0x10,0xA3,0x10,0xA3,0x10,0xA3,0x10,0xA3,0x10,0xA3,0x10,0xA3,0x10,
	0x82,0x10,0xA3,0x10,0x82,0x10,0xA3,0x10,0x82,0x10,0xA3,0x10,0x82,0x10,0xA3,0x10,0xA3,0x10,0x82,0x10,
	0xA3,0x10,0xA3,0x10,0x82,0x10,0xA3,0x10,0xA3,0x10,0xA3,0x10,0xA3,0x10,0xA3,0x18,0x04,0x21,0x24,0x21,
	0x66,0x29,0x66,0x29,0x46,0x29,0x66,0x29,0x45,0x29,0x51,0x8C,0xA7,0x31,0x45,0x29,0x66,0x29,0xE4,0x18,
	0x8E,0x73,0xFF,0xFF,0xEB,0x5A,0xE4,0x18,0x45,0x29,0x05,0x21,0xE7,0x39,0xEF,0x7B,0x04,0x21,0x45,0x29,
	0x45,0x29,0x66,0x29,0x45,0x29,0x04,0x21,0x04,0x21,0xA3,0x18,0x82,0x10,0xA3,0x10,0xA3,0x10,0x82,0x10,
	0x82,0x10,0xA3,0x10,0x82,0x10,0x82,0x10,0x82,0x10,0x82,0x10,0x82,0x10,0x82,0x10,0x82,0x10,0x82,0x10,
	0x82,0x10,0x82,0x10,0x82,0x10,0x82,0x10,0x82,0x10,0x82,0x10,0x61,0x08,0x21,0x08,0x00,0x00,0x00,0x00,
	0x00,0x00,0x00,0x00,0x61,0x08,0xC3,0x18,0xE4,0x20,0x24,0x21,0xE4,0x18,0x62,0x10,0x82,0x10,0x82,0x10,
	0x82,0x10,0x82,0x10,0x82,0x10,0x82,0x10,0x82,0x10,0x82,0x10,0x82,0x10,0x82,0x10,0x82,0x10,0x82,0x10,
	0x82,0x10,0x82,0x10,0x82,0x10,0x82,0x10,0x82,0x10,0x82,0x10,0x82,0x10,0xA3,0x10,0xE4,0x20,0x45,0x29,
	0x66,0x31,0x66,0x31,0x86,0x31,0x86,0x31,0x66,0x31,0x66,0x29,0x66,0x29,0x24,0x21,0x8A,0x52,0x14,0xA5,
	0xE8,0x39,0x45,0x29,0x45,0x29,0x45,0x29,0x45,0x29,0x45,0x29,0x45,0x29,0x45,0x29,0x45,0x29,0x04,0x21,
	0xE3,0x18,0xA3,0x10,0x82,0x10,0xA3,0x10,0xA3,0x10,0x82,0x10,0xA3,0x10,0xA3,0x10,0x82,0x10,0xA3,0x10,
	0xA3,0x10,0x82,0x10,0xA3,0x10,0x82,0x10,0x82,0x10,0x82,0x10,0x82,0x10,0xA3,0x10,0xA3,0x10,0xA3,0x10,
	0xA3,0x10,0xA3,0x10,0xA3,0x10,0xA3,0x10,0xA3,0x10,0x82,0x10,0xA3,0x10,0xA3,0x10,0xA3,0x10,0xA3,0x10,
	0xA3,0x10,0xA3,0x10,0x82,0x10,0xA3,0x10,0xA3,0x10,0xA3,0x10,0xA3,0x10,0xA3,0x10,0xA3,0x10,0xA3,0x10,
	0x82,0x10,0xA3,0x10,0xA3,0x10,0xA3,0x10,0x82,0x10,0xA3,0x10,0x82,0x10,0x82,0x10,0x82,0x10,0xA3,0x10,
	0x82,0x10,0xA3,0x10,0x82,0x10,0xA3,0x10,0xA3,0x10,0xA3,0x10,0xA3,0x10,0xA3,0x10,0x82,0x10,0xA3,0x18,
	0xE4,0x20,0x25,0x29,0x86,0x31,0x86,0x31,0x86,0x31,0x45,0x29,0x65,0x29,0x86,0x31,0x86,0x31,0x25,0x21,
	0x49,0x4A,0xF3,0x9C,0xE8,0x39,0x45,0x29,0x66,0x29,0x86,0x31,0x65,0x29,0x45,0x29,0x86,0x31,0x86,0x31,
	0x66,0x29,0x45,0x29,0xE4,0x20,0xA3,0x18,0x82,0x10,0x82,0x10,0xA3,0x10,0x82,0x10,0x82,0x10,0x82,0x10,
	0x82,0x10,0x82,0x10,0x82,0x10,0x82,0x10,0x82,0x10,0x82,0x10,0x82,0x10,0x82,0x10,0x82,0x10,0x82,0x10,
	0x82,0x10,0x82,0x10,0x82,0x10,0x82,0x10,0xC3,0x18,0x45,0x29,0x04,0x21,0xE4,0x20,0x82,0x10,0x00,0x00,
	0x00,0x00,0x00,0x00,0x62,0x10,0x82,0x10,0x62,0x10,0x62,0x10,0x62,0x10,0x82,0x10,0x82,0x10,0x82,0x10,
	0x82,0x10,0x82,0x10,0xA2,0x10,0xA3,0x10,0xA2,0x10,0xA2,0x10,0x82,0x10,0x82,0x10,0x82,0x10,0x82,0x10,
	0x82,0x10,0x82,0x10,0x82,0x10,0x82,0x10,0x82,0x10,0x82,0x10,0x82,0x10,0x82,0x10,0x82,0x10,0x82,0x10,
	0xA3,0x18,0xE4,0x20,0x25,0x21,0x45,0x29,0x65,0x29,0x66,0x29,0x66,0x31,0x86,0x31,0x65,0x29,0x04,0x21,
	0x65,0x29,0x66,0x31,0x66,0x29,0x45,0x29,0x45,0x29,0x25,0x21,0x04,0x21,0xC3,0x18,0xA3,0x18,0x82,0x10,
	0x82,0x10,0x82,0x10,0xA3,0x10,0x82,0x10,0xA3,0x10,0x82,0x10,0x82,0x10,0x82,0x10,0x82,0x10,0x82,0x10,
	0x82,0x10,0x82,0x10,0x82,0x10,0x82,0x10,0x82,0x10,0xA3,0x10,0x82,0x10,0xA3,0x10,0x82,0x10,0xA3,0x10,
	0xA3,0x10,0xA3,0x10,0xA3,0x10,0xA3,0x10,0xA3,0x10,0xA3,0x10,0x82,0x10,0xA3,0x10,0xA3,0x10,0xA3,0x10,
	0xA3,0x10,0xA3,0x10,0xA3,0x10,0x82,0x10,0x82,0x10,0xA3,0x10,0xA3,0x10,0xA3,0x10,0xA3,0x10,0xA3,0x10,
	0xA3,0x10,0xA3,0x10,0xA3,0x10,0x82,0x10,0x82,0x10,0xA3,0x10,0xA3,0x10,0xA3,0x10,0x82,0x10,0x82,0x10,
	0xA3,0x10,0x82,0x10,0x82,0x10,0xA3,0x10,0x82,0x10,0xA3,0x10,0xA3,0x10,0xA3,0x10,0xA3,0x10,0xA3,0x10,
	0x82,0x10,0xA3,0x10,0xA3,0x18,0xE4,0x18,0x04,0x21,0x45,0x29,0x66,0x29,0x66,0x29,0x86,0x31,0x86,0x31,
	0x66,0x29,0x04,0x21,0x66,0x29,0x86,0x31,0x86,0x31,0x86,0x31,0x86,0x31,0x65,0x29,0x24,0x21,0xE4,0x18,
	0xA3,0x18,0x82,0x10,0x82,0x10,0x82,0x10,0x82,0x10,0x82,0x10,0x82,0x10,0x82,0x10,0x82,0x10,0x82,0x10,
	0x82,0x10,0x82,0x10,0x82,0x10,0x82,0x10,0x82,0x10,0xA2,0x10,0x82,0x10,0x82,0x10,0x82,0x10,0x82,0x10,
	0x82,0x10,0x82,0x10,0x82,0x10,0x82,0x10,0x62,0x10,0x62,0x10,0x62,0x10,0x82,0x10,0x82,0x10,0x00,0x00,
	0x00,0x00,0x00,0x00,0x00,0x00,0x21,0x08,0x41,0x08,0x61,0x10,0x62,0x10,0x82,0x10,0xA2,0x10,0x82,0x10,
	0x62,0x08,0x41,0x08,0x21,0x00,0x21,0x00,0x21,0x00,0x22,0x08,0x42,0x08,0x62,0x08,0x82,0x10,0xA2,0x10,
	0xA2,0x10,0x82,0x10,0x82,0x10,0x82,0x10,0x82,0x10,0x82,0x10,0x82,0x10,0x82,0x10,0x82,0x10,0x82,0x10,
	0x82,0x10,0x82,0x10,0x82,0x10,0x82,0x10,0xA3,0x10,0xA3,0x18,0xC3,0x18,0xE4,0x18,0xE4,0x20,0x04,0x21,
	0xE4,0x20,0xC3,0x18,0xC3,0x18,0xA3,0x18,0xA3,0x10,0x82,0x10,0x82,0x10,0x82,0x10,0x82,0x10,0x82,0x10,
	0x82,0x10,0x82,0x10,0x82,0x10,0x82,0x10,0x82,0x10,0x82,0x10,0x82,0x10,0x82,0x10,0x82,0x10,0x82,0x10,
	0x82,0x10,0x82,0x10,0x82,0x10,0xA3,0x10,0xA3,0x10,0x82,0x10,0x82,0x10,0x82,0x10,0x82,0x10,0xA3,0x10,
	0x82,0x10,0xA3,0x10,0xA3,0x10,0xA3,0x10,0xA3,0x10,0xA3,0x10,0x82,0x10,0x82,0x10,0x82,0x10,0xA3,0x10,
	0xA3,0x10,0xA3,0x10,0xA3,0x10,0x82,0x10,0xA3,0x10,0xA3,0x10,0xA3,0x10,0xA3,0x10,0x82,0x10,0x82,0x10,
	0xA3,0x10,0x82,0x10,0x82,0x10,0x82,0x10,0xA3,0x10,0xA3,0x10,0xA3,0x10,0xA3,0x10,0x82,0x10,0xA3,0x10,
	0x82,0x10,0x82,0x10,0x82,0x10,0x82,0x10,0x82,0x10,0x82,0x10,0x82,0x10,0xA3,0x10,0xA3,0x10,0xA3,0x10,
	0xA3,0x10,0xA3,0x10,0xA3,0x10,0x82,0x10,0x82,0x10,0x82,0x10,0xA3,0x10,0xA3,0x18,0xC3,0x18,0xE4,0x18,
	0xE4,0x18,0x04,0x21,0xE4,0x20,0xC3,0x18,0xC3,0x18,0xC3,0x18,0xA3,0x10,0x82,0x10,0x82,0x10,0x82,0x10,
	0x82,0x10,0xA3,0x10,0x82,0x10,0x82,0x10,0x82,0x10,0x82,0x10,0x82,0x10,0x82,0x10,0x82,0x10,0x82,0x10,
	0x82,0x10,0x83,0x10,0x82,0x10,0x82,0x10,0xA2,0x10,0x62,0x10,0x62,0x10,0x82,0x10,0x82,0x10,0x62,0x10,
	0x62,0x10,0x82,0x10,0x82,0x10,0x82,0x10,0x82,0x10,0x62,0x10,0x61,0x08,0x21,0x08,0x00,0x00,0x00,0x00,
	0x00,0x00,0x00,0x00,0x20,0x00,0x41,0x08,0x41,0x08,0x61,0x08,0x82,0x10,0x62,0x08,0x01,0x00,0x41,0x08,
	0xE3,0x20,0x84,0x31,0x25,0x4A,0x66,0x52,0x86,0x52,0x45,0x4A,0xA4,0x39,0x03,0x21,0x41,0x08,0x21,0x00,
	0x62,0x08,0xA2,0x10,0x82,0x10,0x82,0x10,0x82,0x10,0x82,0x10,0x82,0x10,0x82,0x10,0x82,0x10,0x82,0x10,
	0x82,0x10,0x82,0x10,0xA3,0x10,0x82,0x10,0x82,0x10,0x82,0x10,0x82,0x10,0x82,0x10,0x82,0x10,0x82,0x10,
	0x82,0x10,0x82,0x10,0x82,0x10,0x82,0x10,0x82,0x10,0x82,0x10,0x82,0x10,0x82,0x10,0x82,0x10,0x82,0x10,
	0x82,0x10,0x82,0x10,0xA3,0x10,0x82,0x10,0x82,0x10,0x82,0x10,0x82,0x10,0x82,0x10,0x82,0x10,0x82,0x10,
	0x82,0x10,0x82,0x10,0x82,0x10,0x82,0x10,0xA3,0x10,0x82,0x10,0x82,0x10,0x82,0x10,0x82,0x10,0xA3,0x10,
	0x82,0x10,0x82,0x10,0xA2,0x10,0xA2,0x10,0xA3,0x10,0xA3,0x10,0xA3,0x10,0x82,0x10,0xA3,0x10,0x82,0x10,
	0x82,0x10,0xA3,0x10,0xA3,0x10,0xA3,0x10,0x82,0x10,0x82,0x10,0x82,0x10,0x82,0x10,0x82,0x10,0x82,0x10,
	0xA3,0x10,0x82,0x10,0xA3,0x10,0x82,0x10,0x82,0x10,0x83,0x10,0xA3,0x10,0x82,0x10,0x82,0x10,0x82,0x10,
	0x82,0x10,0x82,0x10,0x82,0x10,0x82,0x10,0x82,0x10,0x82,0x10,0x82,0x10,0x82,0x10,0xA3,0x10,0x82,0x10,
	0x82,0x10,0x82,0x10,0xA3,0x10,0xA3,0x10,0x82,0x10,0x82,0x10,0x82,0x10,0x82,0x10,0x82,0x10,0x82,0x10,
	0x82,0x10,0x82,0x10,0x82,0x10,0x82,0x10,0x82,0x10,0x82,0x10,0x82,0x10,0x82,0x10,0x82,0x10,0x82,0x10,
	0x82,0x10,0x82,0x10,0x82,0x10,0x82,0x10,0x82,0x10,0x82,0x10,0x82,0x10,0x82,0x10,0x82,0x10,0x82,0x10,
	0x82,0x10,0x82,0x10,0x82,0x10,0x82,0x10,0x41,0x08,0xE3,0x18,0x03,0x21,0x03,0x21,0x03,0x21,0xE3,0x20,
	0xE3,0x20,0x82,0x10,0x62,0x10,0x62,0x10,0x62,0x10,0x62,0x10,0x61,0x08,0x41,0x08,0x20,0x00,0x00,0x00,
	0x00,0x00,0x00,0x00,0x00,0x00,0x41,0x08,0x41,0x08,0x82,0x10,0x21,0x00,0xC2,0x18,0x26,0x6B,0x09,0xB5,
	0x2B,0xDE,0xAB,0xEE,0x0B,0xFF,0x2B,0xFF,0x2B,0xFF,0x0B,0xFF,0xEB,0xEE,0x4B,0xDE,0x4A,0xB5,0x68,0x73,
	0xE3,0x20,0x21,0x00,0x82,0x10,0x82,0x10,0x82,0x10,0x82,0x10,0x82,0x10,0x82,0x10,0x82,0x10,0x82,0x10,
	0x82,0x10,0x82,0x10,0x82,0x10,0x82,0x10,0x82,0x10,0x82,0x10,0x82,0x10,0x82,0x10,0x82,0x10,0x82,0x10,
	0x82,0x10,0x82,0x10,0x82,0x10,0x82,0x10,0x82,0x10,0x82,0x10,0x82,0x10,0x82,0x10,0x82,0x10,0x82,0x10,
	0x82,0x10,0x82,0x10,0x82,0x10,0x82,0x10,0x82,0x10,0x82,0x10,0x82,0x10,0x82,0x10,0x82,0x10,0x82,0x10,
	0x82,0x10,0x82,0x10,0xA3,0x10,0x82,0x10,0x82,0x10,0x82,0x10,0x83,0x10,0xA2,0x10,0xA3,0x18,0xA2,0x10,
	0xA3,0x10,0x82,0x10,0x82,0x10,0x82,0x10,0x82,0x10,0x82,0x10,0xA3,0x10,0x82,0x10,0xA2,0x10,0x82,0x10,
	0x82,0x10,0xA2,0x10,0xA3,0x18,0x82,0x10,0x82,0x10,0x82,0x10,0x82,0x10,0x82,0x10,0xA3,0x10,0x82,0x10,
	0xA2,0x18,0xA3,0x18,0xA3,0x10,0xA3,0x10,0x82,0x10,0xA2,0x10,0x82,0x10,0x82,0x10,0x83,0x10,0xA2,0x10,
	0x82,0x10,0x82,0x10,0x82,0x10,0x82,0x10,0x82,0x10,0x82,0x10,0x82,0x10,0x82,0x10,0x82,0x10,0xA3,0x10,
	0x82,0x10,0x82,0x10,0x82,0x10,0x82,0x10,0xA3,0x10,0xA3,0x10,0x82,0x10,0x82,0x10,0x82,0x10,0xA3,0x10,
	0xA3,0x10,0x82,0x10,0x82,0x10,0xA3,0x10,0x82,0x10,0x82,0x10,0x82,0x10,0x82,0x10,0x82,0x10,0x82,0x10,
	0x82,0x10,0x82,0x10,0x82,0x10,0x82,0x10,0x82,0x10,0x82,0x10,0x82,0x10,0x82,0x10,0x82,0x10,0x82,0x10,
	0x82,0x10,0x82,0x10,0xA3,0x10,0x21,0x08,0xA7,0x7B,0x8C,0xDE,0x2B,0xDE,0x2B,0xDE,0x4B,0xDE,0x2B,0xDE,
	0xAC,0xE6,0xC7,0x83,0x21,0x00,0x82,0x10,0x62,0x10,0x61,0x08,0x41,0x08,0x41,0x08,0x20,0x00,0x00,0x00,
	0x00,0x00,0x00,0x00,0x00,0x00,0x41,0x08,0x61,0x10,0x21,0x00,0x24,0x4A,0x0A,0xDE,0x0A,0xFF,0x08,0xFF,
	0x08,0xFF,0xA7,0xF6,0x47,0xE6,0x07,0xDE,0x07,0xDE,0x47,0xE6,0xC8,0xF6,0x28,0xFF,0x29,0xFF,0x2B,0xFF,
	0x6C,0xDE,0xA6,0x5A,0x41,0x08,0xA2,0x10,0x82,0x10,0x82,0x10,0x82,0x10,0x82,0x10,0x82,0x10,0x82,0x10,
	0x82,0x10,0x82,0x10,0x82,0x10,0x82,0x10,0x82,0x10,0x82,0x10,0x82,0x10,0x82,0x10,0x82,0x10,0x82,0x10,
	0x82,0x10,0x82,0x10,0x82,0x10,0x82,0x10,0x82,0x10,0x82,0x10,0x82,0x10,0x82,0x10,0x82,0x10,0x82,0x10,
	0x82,0x10,0x82,0x10,0x82,0x10,0x82,0x10,0x82,0x10,0x82,0x10,0x82,0x10,0x82,0x10,0x82,0x10,0x82,0x10,
	0x82,0x10,0x82,0x10,0xA2,0x10,0x82,0x10,0xA3,0x10,0xA2,0x18,0x82,0x10,0x42,0x08,0x21,0x00,0x21,0x00,
	0x42,0x08,0xA2,0x10,0x82,0x10,0x82,0x10,0x82,0x10,0x82,0x10,0x82,0x10,0x82,0x10,0x42,0x08,0x82,0x10,
	0x82,0x10,0x82,0x10,0x62,0x08,0xA3,0x10,0x82,0x10,0x82,0x10,0x82,0x10,0xA2,0x10,0xA3,0x10,0xA2,0x10,
	0x42,0x08,0x21,0x00,0x21,0x08,0x62,0x08,0xA2,0x10,0xA3,0x18,0xA2,0x10,0x82,0x10,0x82,0x10,0x82,0x10,
	0x82,0x10,0x82,0x10,0x82,0x10,0x82,0x10,0x82,0x10,0x82,0x10,0x82,0x10,0x82,0x10,0x82,0x10,0x82,0x10,
	0x82,0x10,0x82,0x10,0x82,0x10,0x82,0x10,0x82,0x10,0x82,0x10,0x82,0x10,0x82,0x10,0x82,0x10,0x82,0x10,
	0x82,0x10,0xA3,0x10,0x82,0x10,0x82,0x10,0x82,0x10,0x82,0x10,0x82,0x10,0x82,0x10,0x82,0x10,0x82,0x10,
	0x82,0x10,0x82,0x10,0x82,0x10,0x82,0x10,0x82,0x10,0x82,0x10,0x82,0x10,0x82,0x10,0x82,0x10,0x82,0x10,
	0x82,0x10,0xA2,0x10,0x21,0x00,0xA7,0x83,0x2B,0xFF,0xA8,0xEE,0xE8,0xFE,0x08,0xFF,0xC8,0xFE,0x88,0xF6,
	0xE8,0xFE,0xA7,0xAC,0x21,0x00,0x82,0x10,0x62,0x10,0x61,0x08,0x41,0x08,0x21,0x08,0x20,0x00,0x00,0x00,
	0x00,0x00,0x00,0x00,0x00,0x00,0x41,0x08,0x21,0x00,0x83,0x39,0x8A,0xEE,0xA7,0xF6,0x87,0xEE,0xC7,0xD5,
	0x45,0x73,0xA2,0x41,0xE2,0x20,0xC1,0x18,0xC1,0x18,0x02,0x21,0xC3,0x41,0x45,0x7B,0xA8,0xD5,0xA7,0xF6,
	0xA8,0xF6,0x0C,0xFF,0x24,0x4A,0x42,0x08,0x82,0x10,0x82,0x10,0x82,0x10,0x82,0x10,0x82,0x10,0x82,0x10,
	0x82,0x10,0x82,0x10,0x82,0x10,0x82,0x10,0x82,0x10,0x82,0x10,0x82,0x10,0x82,0x10,0x82,0x10,0x82,0x10,
	0x82,0x10,0x82,0x10,0x82,0x10,0x82,0x10,0x82,0x10,0x82,0x10,0x82,0x10,0x82,0x10,0x82,0x10,0x82,0x10,
	0x82,0x10,0x82,0x10,0x82,0x10,0x82,0x10,0x82,0x10,0x82,0x10,0x82,0x10,0x82,0x10,0x82,0x10,0xA3,0x10,
	0x82,0x10,0x82,0x10,0xA3,0x10,0xA2,0x10,0x41,0x08,0x21,0x00,0x83,0x10,0xA5,0x39,0xE7,0x62,0x29,0x8C,
	0xCB,0xA4,0x23,0x21,0x62,0x08,0xA2,0x10,0x82,0x10,0x82,0x10,0x82,0x10,0x82,0x10,0x25,0x4A,0xA2,0x18,
	0x82,0x10,0x03,0x21,0x66,0x4A,0x61,0x08,0xA2,0x10,0x82,0x10,0x83,0x10,0xA3,0x18,0x62,0x08,0xC4,0x39,
	0x0A,0xAD,0xE8,0x83,0xA7,0x5A,0x64,0x29,0x62,0x10,0x21,0x00,0x62,0x08,0xA3,0x18,0xA2,0x10,0x82,0x10,
	0x82,0x10,0x82,0x10,0x82,0x10,0x82,0x10,0x82,0x10,0x82,0x10,0x82,0x10,0x82,0x10,0x82,0x10,0x82,0x10,
	0x82,0x10,0x82,0x10,0x82,0x10,0x82,0x10,0x82,0x10,0x82,0x10,0x82,0x10,0x82,0x10,0x82,0x10,0x82,0x10,
	0x82,0x10,0x82,0x10,0x82,0x10,0x82,0x10,0x82,0x10,0x82,0x10,0x82,0x10,0x82,0x10,0x82,0x10,0x82,0x10,
	0x82,0x10,0x82,0x10,0x82,0x10,0x82,0x10,0x82,0x10,0x82,0x10,0x82,0x10,0x82,0x10,0x82,0x10,0x82,0x10,
	0xA2,0x10,0x21,0x00,0x87,0x7B,0x0A,0xFF,0x68,0xEE,0xE9,0xFE,0xC7,0xAC,0xC4,0x62,0x87,0xCD,0x87,0xF6,
	0xA8,0xFE,0x86,0xA4,0x21,0x00,0x82,0x10,0x62,0x10,0x61,0x08,0x41,0x08,0x41,0x08,0x20,0x00,0x00,0x00,
	0x00,0x00,0x00,0x00,0x00,0x00,0x41,0x08,0x00,0x00,0xA5,0x83,0xC8,0xFE,0x67,0xEE,0x28,0xDE,0xC1,0x20,
	0x00,0x00,0x00,0x00,0x21,0x00,0x21,0x08,0x21,0x08,0x21,0x00,0x01,0x00,0x00,0x00,0x61,0x10,0x88,0xCD,
	0xA8,0xEE,0xE9,0xFE,0x67,0x9C,0x21,0x00,0xA2,0x10,0x82,0x10,0x82,0x10,0x82,0x10,0x82,0x10,0x82,0x10,
	0x82,0x10,0x82,0x10,0x82,0x10,0x82,0x10,0x82,0x10,0x82,0x10,0x82,0x10,0x82,0x10,0x82,0x10,0x82,0x10,
	0x82,0x10,0x82,0x10,0x82,0x10,0x82,0x10,0x82,0x10,0x82,0x10,0x82,0x10,0x82,0x10,0x82,0x10,0x82,0x10,
	0x82,0x10,0x82,0x10,0x82,0x10,0x82,0x10,0x82,0x10,0x82,0x10,0x82,0x10,0x82,0x10,0x82,0x10,0x82,0x10,
	0xA2,0x10,0xA2,0x10,0x42,0x08,0x42,0x08,0xE5,0x41,0x29,0x8C,0xEB,0xCD,0xEA,0xEE,0x29,0xFF,0x69,0xFF,
	0x87,0xC5,0x62,0x10,0xA3,0x10,0x82,0x10,0x82,0x10,0x82,0x10,0xA3,0x10,0xA2,0x18,0x4A,0xB5,0x02,0x21,
	0x00,0x00,0x45,0x4A,0x6B,0xB5,0x21,0x08,0xA2,0x10,0xA2,0x10,0x82,0x10,0xA2,0x10,0xA3,0x10,0xC2,0x18,
	0x48,0xDE,0x69,0xFF,0x2A,0xFF,0xAB,0xE6,0x8B,0xBD,0xA9,0x7B,0x84,0x31,0x21,0x08,0x42,0x08,0xA2,0x10,
	0xA2,0x10,0x82,0x10,0x82,0x10,0xA2,0x10,0x82,0x10,0x82,0x10,0x82,0x10,0x82,0x10,0x82,0x10,0x82,0x10,
	0x82,0x10,0x82,0x10,0x82,0x10,0x82,0x10,0x82,0x10,0x82,0x10,0x82,0x10,0x82,0x10,0x82,0x10,0x82,0x10,
	0x82,0x10,0x82,0x10,0x82,0x10,0x82,0x10,0x82,0x10,0x82,0x10,0x82,0x10,0x82,0x10,0x82,0x10,0x82,0x10,
	0x82,0x10,0x82,0x10,0x82,0x10,0x82,0x10,0x82,0x10,0x82,0x10,0x82,0x10,0x82,0x10,0xA2,0x10,0xA2,0x10,
	0x21,0x00,0xA7,0x83,0x0A,0xFF,0x67,0xEE,0xE8,0xFE,0x66,0xA4,0x21,0x08,0x00,0x00,0x66,0xA4,0xC8,0xFE,
	0xA8,0xFE,0x86,0xA4,0x21,0x00,0x82,0x10,0x61,0x08,0x61,0x08,0x41,0x08,0x21,0x08,0x00,0x00,0x00,0x00,
	0x00,0x00,0x00,0x00,0x00,0x00,0x41,0x08,0x00,0x00,0x25,0x73,0xE8,0xFE,0x47,0xEE,0x69,0xE6,0xE4,0x41,
	0x01,0x00,0x01,0x00,0x21,0x08,0x41,0x08,0x41,0x08,0x41,0x08,0x21,0x00,0x01,0x00,0xC2,0x20,0xA9,0xCD,
	0x87,0xF6,0x09,0xFF,0x06,0x8C,0x21,0x00,0xA2,0x10,0x82,0x10,0x82,0x10,0x82,0x10,0x82,0x10,0x82,0x10,
	0x82,0x10,0x82,0x10,0x82,0x10,0x82,0x10,0x82,0x10,0x82,0x10,0x82,0x10,0x82,0x10,0x82,0x10,0x82,0x10,
	0x82,0x10,0x82,0x10,0x82,0x10,0x82,0x10,0x82,0x10,0x82,0x10,0x82,0x10,0x82,0x10,0x82,0x10,0x82,0x10,
	0x82,0x10,0x82,0x10,0x82,0x10,0x82,0x10,0x82,0x10,0x82,0x10,0x82,0x10,0x82,0x10,0x82,0x10,0xA2,0x10,
	0x62,0x08,0x41,0x08,0x46,0x4A,0x4B,0xB5,0xEA,0xF6,0x28,0xFF,0xC6,0xFE,0xA6,0xF6,0x66,0xEE,0xA7,0xF6,
	0xE9,0xD5,0xA2,0x18,0x61,0x08,0xC3,0x18,0xA3,0x18,0xA3,0x18,0x83,0x10,0xE2,0x20,0x4A,0xDE,0x0B,0xAD,
	0xEA,0x83,0xAB,0xC5,0x09,0xD6,0xA2,0x18,0xA3,0x10,0xA2,0x18,0xA2,0x18,0xC3,0x18,0x42,0x08,0xE3,0x20,
	0x49,0xDE,0xA7,0xF6,0x87,0xEE,0xA6,0xF6,0xE7,0xFE,0x49,0xFF,0xEB,0xEE,0xEB,0xA4,0xE5,0x39,0x21,0x00,
	0x82,0x10,0xA2,0x10,0x82,0x10,0x82,0x10,0x82,0x10,0x82,0x10,0x82,0x10,0x82,0x10,0x82,0x10,0x82,0x10,
	0x82,0x10,0x82,0x10,0x82,0x10,0x82,0x10,0x82,0x10,0x82,0x10,0x82,0x10,0x82,0x10,0x82,0x10,0x82,0x10,
	0x82,0x10,0x82,0x10,0x82,0x10,0x82,0x10,0x82,0x10,0x82,0x10,0x82,0x10,0x82,0x10,0x82,0x10,0x82,0x10,
	0x82,0x10,0x82,0x10,0x82,0x10,0x82,0x10,0x82,0x10,0x82,0x10,0x82,0x10,0x82,0x10,0xA3,0x10,0x21,0x00,
	0xA7,0x83,0x0A,0xFF,0x47,0xEE,0x08,0xFF,0x66,0x9C,0x20,0x00,0x61,0x10,0x41,0x08,0x86,0xAC,0xC7,0xFE,
	0xA7,0xFE,0x86,0xA4,0x21,0x08,0x82,0x10,0x62,0x10,0x61,0x08,0x41,0x08,0x21,0x08,0x00,0x00,0x00,0x00,
	0x00,0x00,0x00,0x00,0x00,0x00,0x41,0x08,0x21,0x08,0xA1,0x18,0x88,0xCD,0xC7,0xFE,0x67,0xEE,0xAB,0xEE,
	0xC9,0xA4,0x07,0x63,0x05,0x42,0x84,0x31,0x64,0x31,0xC4,0x39,0x85,0x52,0x08,0x8C,0x2A,0xDE,0xC8,0xF6,
	0xC8,0xF6,0x49,0xDE,0x42,0x29,0x42,0x08,0x82,0x10,0x82,0x10,0x82,0x10,0x82,0x10,0x82,0x10,0x82,0x10,
	0x82,0x10,0x82,0x10,0x82,0x10,0x82,0x10,0x82,0x10,0x82,0x10,0x82,0x10,0x82,0x10,0x82,0x10,0x82,0x10,
	0x82,0x10,0x82,0x10,0x82,0x10,0x82,0x10,0x82,0x10,0x82,0x10,0x82,0x10,0x82,0x10,0x82,0x10,0x82,0x10,
	0x82,0x10,0x82,0x10,0x82,0x10,0x82,0x10,0x82,0x10,0x82,0x10,0x82,0x10,0x82,0x10,0xA2,0x18,0x21,0x00,
	0x24,0x29,0xEA,0xAC,0x0A,0xFF,0xE7,0xFE,0x86,0xEE,0x86,0xEE,0x87,0xEE,0xA7,0xF6,0xA8,0xF6,0x87,0xEE,
	0x09,0xFF,0xAA,0x9C,0xA3,0x18,0x21,0x00,0x21,0x08,0x62,0x08,0x01,0x00,0x83,0x39,0xC9,0xF6,0x09,0xFF,
	0x2A,0xFF,0x08,0xFF,0xA9,0xEE,0x22,0x29,0x21,0x00,0x42,0x08,0x21,0x00,0x21,0x00,0x24,0x21,0x4B,0xB5,
	0x09,0xFF,0xA7,0xF6,0xA8,0xF6,0xA7,0xF6,0xA7,0xF6,0x87,0xEE,0xA7,0xF6,0x29,0xFF,0x0B,0xF7,0x8A,0x9C,
	0xC3,0x18,0x41,0x08,0xA2,0x10,0x82,0x10,0x82,0x10,0x82,0x10,0x82,0x10,0x82,0x10,0x82,0x10,0x82,0x10,
	0x82,0x10,0x82,0x10,0x82,0x10,0x82,0x10,0x82,0x10,0x82,0x10,0x82,0x10,0x82,0x10,0x82,0x10,0x82,0x10,
	0x82,0x10,0x82,0x10,0x82,0x10,0x82,0x10,0x82,0x10,0x82,0x10,0x82,0x10,0x82,0x10,0x82,0x10,0x82,0x10,
	0x82,0x10,0x82,0x10,0x82,0x10,0x82,0x10,0x82,0x10,0x82,0x10,0x82,0x10,0xA3,0x10,0x21,0x00,0x87,0x7B,
	0x0A,0xFF,0x47,0xEE,0xE8,0xFE,0x66,0x9C,0x20,0x00,0x61,0x08,0xA2,0x10,0x21,0x08,0xA6,0xAC,0xC8,0xFE,
	0xA7,0xFE,0x66,0xA4,0x21,0x00,0x82,0x10,0x61,0x08,0x61,0x08,0x41,0x08,0x41,0x08,0x00,0x00,0x00,0x00,
	0x00,0x00,0x00,0x00,0x00,0x00,0x41,0x08,0x61,0x08,0x20,0x00,0x41,0x08,0x66,0xA4,0x87,0xF6,0x47,0xEE,
	0xC8,0xF6,0x0A,0xFF,0xEA,0xF6,0xAA,0xEE,0xAA,0xEE,0xAA,0xEE,0xEA,0xF6,0xE9,0xFE,0x88,0xEE,0xA8,0xF6,
	0x68,0xC5,0xA1,0x18,0x00,0x00,0xA2,0x10,0x82,0x10,0x82,0x10,0x82,0x10,0x82,0x10,0x82,0x10,0x82,0x10,
	0x82,0x10,0x82,0x10,0x82,0x10,0x82,0x10,0x82,0x10,0x82,0x10,0x82,0x10,0x82,0x10,0x82,0x10,0x82,0x10,
	0x82,0x10,0x82,0x10,0x82,0x10,0x82,0x10,0x82,0x10,0x82,0x10,0x82,0x10,0x82,0x10,0x82,0x10,0x82,0x10,
	0x82,0x10,0x82,0x10,0x82,0x10,0x82,0x10,0x82,0x10,0x82,0x10,0x82,0x10,0xA2,0x10,0x22,0x00,0x86,0x52,
	0x8B,0xE6,0x08,0xFF,0x86,0xEE,0x87,0xEE,0xA7,0xF6,0xA7,0xF6,0xA7,0xF6,0xA8,0xF6,0xA8,0xF6,0xA8,0xF6,
	0x87,0xEE,0x09,0xFF,0x4B,0xD6,0x49,0x94,0xE7,0x62,0x46,0x4A,0xC5,0x39,0x88,0x9C,0xE8,0xFE,0x87,0xEE,
	0x87,0xEE,0x87,0xEE,0x09,0xFF,0x08,0x8C,0xA5,0x39,0x46,0x4A,0x08,0x63,0xAA,0x9C,0xAC,0xE6,0x09,0xFF,
	0xA7,0xF6,0xA7,0xF6,0xA7,0xF6,0xA8,0xF6,0xA8,0xF6,0xA8,0xF6,0xA8,0xF6,0x87,0xEE,0x86,0xF6,0x29,0xFF,
	0x2C,0xD6,0xC5,0x39,0x21,0x00,0xA3,0x10,0x82,0x10,0x82,0x10,0x82,0x10,0x82,0x10,0x82,0x10,0x82,0x10,
	0x82,0x10,0x82,0x10,0x82,0x10,0x82,0x10,0x82,0x10,0x82,0x10,0x82,0x10,0x82,0x10,0x82,0x10,0x82,0x10,
	0x82,0x10,0x82,0x10,0x82,0x10,0x82,0x10,0x82,0x10,0x82,0x10,0x82,0x10,0x82,0x10,0x82,0x10,0x82,0x10,
	0x82,0x10,0x82,0x10,0x82,0x10,0x82,0x10,0x82,0x10,0x82,0x10,0x82,0x10,0x21,0x00,0xA7,0x83,0x0A,0xFF,
	0x67,0xEE,0xE8,0xFE,0x46,0x9C,0x20,0x00,0x61,0x08,0xA2,0x10,0xA2,0x10,0x41,0x08,0xA6,0xAC,0xC8,0xFE,
	0xA7,0xFE,0x86,0xA4,0x21,0x08,0x82,0x10,0x61,0x10,0x61,0x08,0x41,0x08,0x41,0x08,0x20,0x00,0x00,0x00,
	0x00,0x00,0x00,0x00,0x00,0x00,0x41,0x08,0x41,0x08,0x21,0x08,0x44,0x52,0x07,0xB5,0x87,0xEE,0x87,0xF6,
	0xC7,0xFE,0xC8,0xFE,0x88,0xF6,0x88,0xEE,0x88,0xF6,0x88,0xF6,0xA7,0xFE,0xC8,0xFE,0xC8,0xF6,0x88,0xEE,
	0x09,0xDE,0xE8,0x8B,0xE3,0x20,0x41,0x08,0x82,0x10,0x82,0x10,0x82,0x10,0x82,0x10,0x82,0x10,0x82,0x10,
	0x82,0x10,0x82,0x10,0x82,0x10,0x82,0x10,0x82,0x10,0x82,0x10,0x82,0x10,0x82,0x10,0x82,0x10,0x82,0x10,
	0x62,0x10,0x82,0x10,0x82,0x10,0x82,0x10,0x82,0x10,0x82,0x10,0x82,0x10,0x82,0x10,0x82,0x10,0x82,0x10,
	0x82,0x10,0x82,0x10,0x82,0x10,0x82,0x10,0x82,0x10,0x82,0x10,0xA2,0x10,0x21,0x00,0x07,0x6B,0x0B,0xF7,
	0xA6,0xF6,0x67,0xEE,0x87,0xEE,0xA7,0xF6,0xA7,0xF6,0xA7,0xF6,0xA7,0xF6,0xA8,0xF6,0xA8,0xF6,0xA8,0xF6,
	0xA8,0xF6,0x87,0xEE,0xC7,0xF6,0x29,0xFF,0x2A,0xFF,0x0B,0xF7,0x0B,0xF7,0x09,0xFF,0xA7,0xF6,0xA8,0xF6,
	0xA8,0xF6,0xA8,0xF6,0xA8,0xF6,0x0A,0xFF,0x0B,0xF7,0x0B,0xFF,0x4A,0xFF,0x29,0xFF,0xC7,0xF6,0x87,0xF6,
	0xA8,0xF6,0xA7,0xF6,0xA7,0xF6,0xA8,0xF6,0xA7,0xF6,0xA8,0xF6,0xA8,0xF6,0xA8,0xF6,0xA8,0xF6,0x87,0xEE,
	0xC7,0xF6,0xEC,0xEE,0x46,0x52,0x21,0x08,0xA3,0x10,0x82,0x10,0x82,0x10,0x82,0x10,0x82,0x10,0x82,0x10,
	0x82,0x10,0x82,0x10,0x82,0x10,0x82,0x10,0x82,0x10,0x82,0x10,0x82,0x10,0x82,0x10,0x82,0x10,0x82,0x10,
	0x82,0x10,0x82,0x10,0x82,0x10,0x82,0x10,0x82,0x10,0x82,0x10,0x82,0x10,0x82,0x10,0x82,0x10,0x82,0x10,
	0x82,0x10,0x82,0x10,0x82,0x10,0x82,0x10,0x82,0x10,0x82,0x10,0x21,0x00,0xC7,0x83,0x0A,0xFF,0x47,0xEE,
	0xA8,0xF6,0xE5,0x93,0x00,0x00,0x41,0x08,0x62,0x08,0x62,0x08,0x82,0x10,0x01,0x00,0x66,0x9C,0xC8,0xFE,
	0xA7,0xFE,0x46,0x9C,0x01,0x00,0x41,0x08,0x41,0x08,0x61,0x08,0x41,0x08,0x21,0x08,0x20,0x00,0x00,0x00,
	0x00,0x00,0x00,0x00,0x00,0x00,0x41,0x08,0x21,0x08,0x07,0x94,0xE9,0xFE,0xA7,0xF6,0xA7,0xF6,0xA7,0xD5,
	0xE5,0x93,0x84,0x5A,0xA3,0x41,0x42,0x31,0x62,0x31,0xA3,0x41,0x64,0x5A,0xA5,0x8B,0x47,0xC5,0xA8,0xF6,
	0xA7,0xF6,0x29,0xFF,0x0B,0xD6,0x23,0x29,0x62,0x08,0x82,0x10,0x82,0x10,0x82,0x10,0x82,0x10,0x82,0x10,
	0x82,0x10,0x82,0x10,0x82,0x10,0x82,0x10,0x82,0x10,0x82,0x10,0x82,0x10,0x82,0x10,0x82,0x10,0x82,0x10,
	0x82,0x10,0x82,0x10,0x82,0x10,0x82,0x10,0x82,0x10,0x82,0x10,0x82,0x10,0x82,0x10,0x82,0x10,0x82,0x10,
	0x82,0x10,0x82,0x10,0x82,0x10,0x82,0x10,0x82,0x10,0xA3,0x18,0x01,0x00,0x85,0x5A,0x2A,0xFF,0xC6,0xF6,
	0xC7,0xF6,0xE7,0xFE,0xC7,0xF6,0xC7,0xF6,0xA7,0xF6,0x87,0xEE,0xA7,0xEE,0xA8,0xF6,0xA8,0xF6,0xA8,0xF6,
	0xA8,0xF6,0xA8,0xF6,0xA7,0xF6,0x87,0xEE,0x87,0xEE,0xA7,0xF6,0xA7,0xF6,0xA7,0xF6,0xA8,0xF6,0xC8,0xF6,
	0xA8,0xF6,0xA8,0xF6,0xA8,0xF6,0xA7,0xF6,0xA7,0xF6,0xA7,0xF6,0x87,0xEE,0x87,0xEE,0xA8,0xF6,0xA8,0xF6,
	0xA8,0xF6,0xA8,0xF6,0xA7,0xF6,0xA8,0xF6,0xA8,0xF6,0xA7,0xEE,0xA7,0xF6,0xC8,0xF6,0xE8,0xFE,0xE8,0xFE,
	0xC7,0xF6,0xC7,0xF6,0xCC,0xEE,0xA4,0x39,0x41,0x08,0xA2,0x10,0x82,0x10,0x82,0x10,0x82,0x10,0x82,0x10,
	0x82,0x10,0x82,0x10,0x82,0x10,0x82,0x10,0x82,0x10,0x82,0x10,0x82,0x10,0x82,0x10,0x82,0x10,0x82,0x10,
	0x82,0x10,0x82,0x10,0x82,0x10,0x82,0x10,0x82,0x10,0x82,0x10,0x82,0x10,0x82,0x10,0x82,0x10,0x82,0x10,
	0x82,0x10,0x82,0x10,0x82,0x10,0x82,0x10,0x82,0x10,0x42,0x08,0xA7,0x83,0x0A,0xFF,0x67,0xEE,0xA8,0xF6,
	0xA8,0xCD,0xE3,0x20,0x23,0x21,0x44,0x29,0x24,0x29,0x44,0x29,0x44,0x29,0x03,0x21,0x08,0xB5,0xA8,0xF6,
	0xA7,0xF6,0x08,0xBD,0x03,0x29,0x43,0x29,0xC2,0x18,0x41,0x08,0x41,0x08,0x21,0x08,0x20,0x00,0x00,0x00,
	0x00,0x00,0x00,0x00,0x20,0x08,0x00,0x00,0x23,0x52,0xC8,0xFE,0x26,0xE6,0x67,0xEE,0x85,0x83,0x61,0x10,
	0x00,0x00,0x00,0x00,0x00,0x00,0x00,0x00,0x00,0x00,0x00,0x00,0x00,0x00,0x00,0x00,0x20,0x00,0x44,0x52,
	0x28,0xE6,0x47,0xEE,0x29,0xFF,0x47,0x94,0x01,0x00,0x82,0x10,0x82,0x10,0x82,0x10,0x82,0x10,0x82,0x10,
	0x82,0x10,0x82,0x10,0x82,0x10,0x82,0x10,0x82,0x10,0x82,0x10,0x82,0x10,0x82,0x10,0x82,0x10,0x82,0x10,
	0x82,0x10,0x82,0x10,0x82,0x10,0x82,0x10,0x82,0x10,0x82,0x10,0x82,0x10,0x82,0x10,0x82,0x10,0x82,0x10,
	0x82,0x10,0x82,0x10,0x82,0x10,0x82,0x10,0x82,0x10,0x42,0x08,0xC4,0x39,0x0B,0xF7,0xC8,0xF6,0x07,0xDE,
	0xA7,0xCD,0x86,0xCD,0xC6,0xD5,0x27,0xE6,0xC8,0xF6,0x08,0xFF,0xC8,0xF6,0xA7,0xEE,0xA7,0xF6,0xA8,0xF6,
	0xA8,0xF6,0xA8,0xF6,0xA8,0xF6,0xA8,0xF6,0xA8,0xF6,0xA8,0xF6,0xA8,0xF6,0xA8,0xF6,0xA8,0xF6,0xC8,0xF6,
	0xA8,0xF6,0xC8,0xF6,0xA8,0xF6,0xA8,0xF6,0xA8,0xF6,0xA8,0xF6,0xA8,0xF6,0xA8,0xF6,0xA8,0xF6,0xA8,0xF6,
	0xA8,0xF6,0xA8,0xF6,0xA8,0xF6,0xA7,0xF6,0xE8,0xF6,0x28,0xFF,0xE8,0xFE,0x47,0xE6,0xE7,0xD5,0xA7,0xD5,
	0xE7,0xDD,0x27,0xE6,0x09,0xFF,0x4B,0xDE,0xC2,0x20,0x62,0x10,0x82,0x10,0x82,0x10,0x82,0x10,0x82,0x10,
	0x82,0x10,0x82,0x10,0x82,0x10,0x82,0x10,0x82,0x10,0x82,0x10,0x82,0x10,0x82,0x10,0x82,0x10,0x82,0x10,
	0x82,0x10,0x82,0x10,0x82,0x10,0x82,0x10,0x82,0x10,0x82,0x10,0x82,0x10,0x82,0x10,0x82,0x10,0x82,0x10,
	0x82,0x10,0x82,0x10,0x82,0x10,0x82,0x10,0x62,0x08,0xE2,0x20,0x29,0xDE,0x87,0xEE,0x67,0xEE,0x67,0xEE,
	0x69,0xE6,0x6A,0xE6,0x6B,0xE6,0x6B,0xE6,0x6B,0xE6,0x6B,0xE6,0x6A,0xE6,0x6A,0xE6,0x88,0xF6,0x67,0xEE,
	0x68,0xEE,0x89,0xEE,0x4A,0xE6,0x8A,0xEE,0x08,0xB5,0x41,0x08,0x41,0x08,0x21,0x08,0x00,0x00,0x00,0x00,
	0x00,0x00,0x00,0x00,0x20,0x08,0x00,0x00,0x24,0x73,0xA7,0xF6,0x46,0xEE,0x48,0xE6,0x81,0x10,0x00,0x00,
	0x81,0x10,0x81,0x10,0x82,0x10,0x82,0x10,0x82,0x10,0x81,0x10,0x81,0x10,0x81,0x10,0x20,0x00,0x00,0x00,
	0x07,0xB5,0xA8,0xF6,0xA8,0xF6,0xE7,0xB4,0x21,0x00,0x82,0x10,0x82,0x10,0x62,0x10,0x62,0x10,0x82,0x10,
	0x82,0x10,0x82,0x10,0x82,0x10,0x82,0x10,0x62,0x10,0x82,0x10,0x82,0x10,0x82,0x10,0x82,0x10,0x82,0x10,
	0x82,0x10,0x82,0x10,0x82,0x10,0x82,0x10,0x82,0x10,0x82,0x10,0x82,0x10,0x82,0x10,0x82,0x10,0x82,0x10,
	0x82,0x10,0x82,0x10,0x82,0x10,0x82,0x10,0x82,0x10,0x41,0x08,0x66,0x7B,0x24,0x73,0x62,0x31,0xA1,0x18,
	0x61,0x10,0x61,0x10,0x61,0x10,0xC1,0x20,0xC2,0x41,0x64,0x7B,0xE6,0xDD,0xE8,0xFE,0xA7,0xF6,0xA8,0xEE,
	0x88,0xEE,0xA7,0xEE,0xA7,0xEE,0xA7,0xEE,0x87,0xEE,0xA8,0xF6,0xA8,0xF6,0xA8,0xF6,0xC8,0xF6,0xC8,0xF6,
	0xA8,0xF6,0xA8,0xF6,0xA8,0xF6,0xA8,0xF6,0xA8,0xF6,0xA8,0xF6,0xA8,0xEE,0xA8,0xEE,0xA8,0xEE,0xA8,0xEE,
	0x87,0xEE,0xA8,0xF6,0xA8,0xEE,0x08,0xFF,0x27,0xDE,0xA4,0x83,0xE3,0x41,0xE1,0x20,0x81,0x10,0x61,0x10,
	0x81,0x18,0xE2,0x20,0xA2,0x41,0xC6,0x8B,0x65,0x52,0x21,0x08,0x82,0x10,0x82,0x10,0x82,0x10,0x82,0x10,
	0x82,0x10,0x82,0x10,0x82,0x10,0x82,0x10,0x82,0x10,0x82,0x10,0x82,0x10,0x82,0x10,0x82,0x10,0x82,0x10,
	0x82,0x10,0x82,0x10,0x82,0x10,0x82,0x10,0x82,0x10,0x82,0x10,0x82,0x10,0x82,0x10,0x82,0x10,0x82,0x10,
	0x82,0x10,0x82,0x10,0x82,0x10,0x82,0x10,0x62,0x08,0xC2,0x20,0x48,0xE6,0x08,0xFF,0xE8,0xFE,0xE8,0xFE,
	0x08,0xFF,0x08,0xFF,0x08,0xFF,0x08,0xFF,0x08,0xFF,0x08,0xFF,0x08,0xFF,0xE8,0xFE,0x87,0xF6,0x68,0xEE,
	0x67,0xEE,0x87,0xEE,0xC8,0xFE,0x08,0xFF,0xC7,0xD5,0x61,0x10,0x41,0x08,0x21,0x08,0x00,0x00,0x00,0x00,
	0x00,0x00,0x00,0x00,0x20,0x00,0x00,0x00,0xE3,0x49,0xA7,0xF6,0x26,0xE6,0x88,0xEE,0x68,0x9C,0x03,0x21,
	0x21,0x00,0x01,0x00,0x01,0x00,0x01,0x00,0x01,0x00,0x01,0x00,0x01,0x00,0x01,0x00,0xC2,0x18,0xA7,0x83,
	0x89,0xEE,0x47,0xEE,0x09,0xFF,0x25,0x73,0x01,0x00,0x82,0x10,0x62,0x10,0x62,0x10,0x62,0x10,0x62,0x10,
	0x82,0x10,0x62,0x10,0x82,0x10,0x82,0x10,0x82,0x10,0x82,0x10,0x82,0x10,0x82,0x10,0x82,0x10,0x82,0x10,
	0x62,0x10,0x62,0x10,0x82,0x10,0x82,0x10,0x82,0x10,0x62,0x10,0x82,0x10,0x82,0x10,0x82,0x10,0x82,0x10,
	0x82,0x10,0x82,0x10,0x82,0x10,0x82,0x10,0x82,0x10,0x82,0x10,0x41,0x08,0x01,0x00,0x41,0x08,0x62,0x08,
	0x62,0x08,0x82,0x10,0x62,0x10,0x42,0x08,0x21,0x00,0x01,0x00,0xA1,0x18,0xE6,0xB4,0xE8,0xFE,0xE7,0xFE,
	0x08,0xFF,0x08,0xFF,0x08,0xFF,0x08,0xFF,0x08,0xFF,0xE8,0xFE,0x87,0xEE,0xA7,0xEE,0xA8,0xF6,0xC8,0xF6,
	0xA8,0xF6,0xA8,0xF6,0xA8,0xF6,0xA8,0xF6,0xA8,0xF6,0x08,0xFF,0x28,0xFF,0x28,0xFF,0x28,0xFF,0x28,0xFF,
	0x08,0xFF,0xC8,0xF6,0xE8,0xFE,0x06,0xB5,0xC1,0x20,0x01,0x00,0x21,0x00,0x42,0x08,0x62,0x10,0x62,0x10,
	0x62,0x08,0x42,0x08,0x22,0x00,0x01,0x00,0x61,0x08,0x82,0x10,0x82,0x10,0x82,0x10,0x82,0x10,0x82,0x10,
	0x82,0x10,0x82,0x10,0x82,0x10,0x82,0x10,0x82,0x10,0x82,0x10,0x82,0x10,0x82,0x10,0x82,0x10,0x82,0x10,
	0x82,0x10,0x82,0x10,0x82,0x10,0x82,0x10,0x82,0x10,0x82,0x10,0x82,0x10,0x82,0x10,0x82,0x10,0x82,0x10,
	0x82,0x10,0x82,0x10,0x82,0x10,0x62,0x10,0x82,0x10,0x61,0x10,0xA4,0x62,0x04,0x73,0xE4,0x6A,0x04,0x73,
	0x04,0x73,0x04,0x73,0x04,0x73,0x04,0x73,0x04,0x73,0x04,0x73,0x04,0x73,0x24,0x73,0xC8,0xD5,0x87,0xF6,
	0x87,0xF6,0xA7,0xD5,0x04,0x73,0x24,0x73,0x64,0x52,0x21,0x08,0x41,0x08,0x20,0x08,0x00,0x00,0x00,0x00,
	0x00,0x00,0x00,0x00,0x00,0x00,0x20,0x08,0x00,0x00,0xE6,0x93,0xC7,0xFE,0x66,0xEE,0xA8,0xF6,0x2A,0xDE,
	0xE9,0xAC,0xC8,0x83,0x07,0x6B,0xC6,0x62,0xC6,0x62,0x07,0x6B,0xC7,0x83,0xC9,0xAC,0x2A,0xDE,0xE9,0xFE,
	0xA7,0xF6,0x09,0xFF,0x86,0xA4,0x41,0x08,0x62,0x10,0x82,0x10,0x82,0x10,0x62,0x10,0x62,0x10,0x62,0x10,
	0x62,0x10,0x62,0x10,0x82,0x10,0x82,0x10,0x82,0x10,0x62,0x10,0x82,0x10,0x82,0x10,0x82,0x10,0x62,0x10,
	0x62,0x10,0x82,0x10,0x62,0x10,0x82,0x10,0x82,0x10,0x82,0x10,0x82,0x10,0x62,0x10,0x82,0x10,0x62,0x10,
	0x82,0x10,0x82,0x10,0x82,0x10,0x82,0x10,0x82,0x10,0x82,0x10,0x82,0x10,0xA2,0x10,0x82,0x10,0x82,0x10,
	0x82,0x10,0x82,0x10,0x82,0x10,0x82,0x10,0x82,0x10,0xA2,0x10,0x21,0x00,0x02,0x29,0x48,0xE6,0x66,0xC5,
	0xA4,0x83,0xC3,0x6A,0xA3,0x62,0x03,0x73,0x05,0x94,0x87,0xCD,0xE8,0xFE,0xC8,0xFE,0xA7,0xEE,0xA8,0xF6,
	0xA8,0xF6,0xA8,0xF6,0xA8,0xEE,0x08,0xFF,0xC8,0xF6,0x66,0xC5,0xE5,0x8B,0x04,0x73,0xE4,0x6A,0x44,0x7B,
	0x25,0x9C,0xC7,0xD5,0x68,0xE6,0xE2,0x20,0x21,0x00,0xA2,0x18,0xA2,0x10,0x82,0x10,0x82,0x10,0x82,0x10,
	0x82,0x10,0x82,0x10,0x82,0x10,0x82,0x10,0x82,0x10,0x82,0x10,0x82,0x10,0x82,0x10,0x82,0x10,0x82,0x10,
	0x82,0x10,0x82,0x10,0x82,0x10,0x82,0x10,0x82,0x10,0x82,0x10,0x82,0x10,0x82,0x10,0x82,0x10,0x82,0x10,
	0x82,0x10,0x82,0x10,0x82,0x10,0x82,0x10,0x82,0x10,0x82,0x10,0x82,0x10,0x82,0x10,0x82,0x10,0x82,0x10,
	0x82,0x10,0x82,0x10,0x82,0x10,0x82,0x10,0x82,0x10,0x61,0x08,0x00,0x00,0x00,0x00,0x00,0x00,0x00,0x00,
	0x00,0x00,0x00,0x00,0x00,0x00,0x00,0x00,0x00,0x00,0x00,0x00,0x00,0x00,0x00,0x00,0x46,0x9C,0xA8,0xF6,
	0x87,0xF6,0x46,0x9C,0x00,0x00,0x00,0x00,0x00,0x00,0x41,0x08,0x41,0x08,0x20,0x08,0x00,0x00,0x00,0x00,
	0x00,0x00,0x00,0x00,0x00,0x00,0x21,0x08,0x20,0x08,0x00,0x00,0xC4,0x6A,0x87,0xCD,0x67,0xEE,0xC7,0xFE,
	0x08,0xFF,0x29,0xFF,0x29,0xFF,0x09,0xFF,0x29,0xFF,0x29,0xFF,0x29,0xFF,0x28,0xFF,0xE7,0xFE,0x88,0xF6,
	0xA7,0xCD,0xE4,0x6A,0x20,0x00,0x41,0x08,0x82,0x10,0x82,0x10,0x62,0x10,0x62,0x10,0x62,0x10,0x62,0x10,
	0x82,0x10,0x62,0x10,0x62,0x10,0x62,0x10,0x62,0x10,0x62,0x10,0x62,0x10,0x82,0x10,0x62,0x10,0x62,0x10,
	0x82,0x10,0x62,0x10,0x62,0x10,0x62,0x10,0x62,0x10,0x62,0x10,0x62,0x10,0x62,0x10,0x62,0x10,0x82,0x10,
	0x62,0x10,0x82,0x10,0x82,0x10,0x82,0x10,0x82,0x10,0x82,0x10,0x82,0x10,0x82,0x10,0x62,0x10,0x82,0x10,
	0x82,0x10,0x82,0x10,0x82,0x10,0x82,0x10,0x82,0x10,0x82,0x10,0x82,0x10,0x62,0x10,0x42,0x31,0x61,0x10,
	0x01,0x00,0x01,0x00,0x01,0x00,0x01,0x00,0x01,0x00,0x61,0x10,0x63,0x5A,0xE7,0xD5,0x08,0xFF,0xA8,0xEE,
	0xA8,0xF6,0xA8,0xF6,0x08,0xFF,0x26,0xBD,0xC2,0x41,0x41,0x08,0x01,0x00,0x01,0x00,0x01,0x00,0x01,0x00,
	0x00,0x00,0x81,0x18,0x83,0x39,0x62,0x10,0x82,0x10,0x82,0x10,0x82,0x10,0x82,0x10,0x82,0x10,0x82,0x10,
	0x82,0x10,0x82,0x10,0x82,0x10,0x82,0x10,0x82,0x10,0x82,0x10,0x62,0x10,0x82,0x10,0x82,0x10,0x82,0x10,
	0x82,0x10,0x82,0x10,0x82,0x10,0x82,0x10,0x82,0x10,0x82,0x10,0x82,0x10,0x82,0x10,0x62,0x10,0x82,0x10,
	0x82,0x10,0x62,0x10,0x82,0x10,0x62,0x10,0x82,0x10,0x82,0x10,0x82,0x10,0x82,0x10,0x82,0x10,0x82,0x10,
	0x82,0x10,0x82,0x10,0x82,0x10,0x62,0x10,0x62,0x10,0x62,0x10,0x81,0x10,0x61,0x10,0x81,0x10,0x81,0x10,
	0x61,0x10,0x82,0x10,0x81,0x10,0x61,0x10,0x61,0x10,0x61,0x10,0x82,0x10,0x21,0x00,0xC7,0xAC,0x48,0xFF,
	0x28,0xFF,0xE7,0xB4,0x21,0x00,0x81,0x10,0x61,0x08,0x41,0x08,0x41,0x08,0x21,0x08,0x00,0x00,0x00,0x00,
	0x00,0x00,0x00,0x00,0x00,0x00,0x20,0x08,0x21,0x08,0x20,0x08,0x00,0x00,0x61,0x10,0xE3,0x49,0x64,0x83,
	0x65,0xA4,0x26,0xBD,0x86,0xCD,0xA6,0xD5,0xA6,0xD5,0x66,0xCD,0x06,0xBD,0x45,0xA4,0x44,0x7B,0xC3,0x41,
	0x41,0x08,0x00,0x00,0x41,0x08,0x82,0x10,0x62,0x10,0x82,0x10,0x62,0x10,0x62,0x10,0x82,0x10,0x62,0x10,
	0x62,0x10,0x62,0x10,0x62,0x10,0x62,0x10,0x62,0x10,0x62,0x10,0x62,0x10,0x62,0x10,0x62,0x10,0x62,0x10,
	0x62,0x10,0x62,0x10,0x82,0x10,0x62,0x10,0x62,0x10,0x62,0x10,0x82,0x10,0x82,0x10,0x62,0x10,0x82,0x10,
	0x82,0x10,0x82,0x10,0x82,0x10,0x82,0x10,0x82,0x10,0x82,0x10,0x82,0x10,0x62,0x10,0x82,0x10,0x62,0x10,
	0x62,0x10,0x82,0x10,0x62,0x10,0x82,0x10,0x82,0x10,0x82,0x10,0x82,0x10,0x82,0x10,0x41,0x08,0x82,0x10,
	0x82,0x10,0x82,0x10,0x82,0x10,0xA2,0x10,0x82,0x10,0x62,0x08,0x01,0x00,0xA1,0x18,0x06,0xBD,0x09,0xFF,
	0x88,0xEE,0x08,0xFF,0x25,0x9C,0x21,0x08,0x21,0x00,0x82,0x10,0x82,0x10,0xA2,0x10,0xA2,0x10,0x82,0x10,
	0x82,0x10,0x62,0x08,0x42,0x08,0x82,0x10,0x82,0x10,0x82,0x10,0x62,0x10,0x82,0x10,0x82,0x10,0x82,0x10,
	0x82,0x10,0x82,0x10,0x82,0x10,0x82,0x10,0x82,0x10,0x62,0x10,0x82,0x10,0x82,0x10,0x62,0x10,0x62,0x10,
	0x82,0x10,0x82,0x10,0x82,0x10,0x82,0x10,0x82,0x10,0x82,0x10,0x62,0x10,0x82,0x10,0x82,0x10,0x82,0x10,
	0x82,0x10,0x82,0x10,0x62,0x10,0x62,0x10,0x62,0x10,0x82,0x10,0x82,0x10,0x82,0x10,0x82,0x10,0x62,0x10,
	0x82,0x10,0x62,0x10,0x62,0x10,0x82,0x10,0x62,0x10,0x62,0x10,0x62,0x10,0x62,0x08,0x62,0x10,0x61,0x08,
	0x62,0x10,0x62,0x10,0x62,0x10,0x62,0x10,0x62,0x10,0x62,0x10,0x62,0x10,0x21,0x08,0x03,0x4A,0x85,0x7B,
	0x65,0x7B,0x04,0x4A,0x21,0x08,0x61,0x10,0x61,0x08,0x41,0x08,0x41,0x08,0x21,0x08,0x00,0x00,0x00,0x00,
	0x00,0x00,0x00,0x00,0x00,0x00,0x20,0x08,0x41,0x08,0x41,0x08,0x41,0x08,0x20,0x00,0x00,0x00,0x00,0x00,
	0x00,0x00,0x21,0x08,0x61,0x10,0x61,0x10,0x61,0x10,0x61,0x08,0x20,0x00,0x00,0x00,0x00,0x00,0x00,0x00,
	0x21,0x08,0x61,0x10,0x62,0x10,0x62,0x10,0x62,0x10,0x62,0x10,0x62,0x10,0x62,0x10,0x62,0x10,0x62,0x10,
	0x62,0x10,0x62,0x10,0x62,0x10,0x62,0x10,0x62,0x10,0x62,0x10,0x62,0x10,0x62,0x10,0x62,0x10,0x62,0x10,
	0x62,0x10,0x62,0x10,0x62,0x10,0x62,0x10,0x62,0x10,0x62,0x10,0x62,0x10,0x82,0x10,0x62,0x10,0x62,0x10,
	0x62,0x10,0x82,0x10,0x62,0x10,0x82,0x10,0x62,0x10,0x82,0x10,0x62,0x10,0x62,0x10,0x62,0x10,0x82,0x10,
	0x82,0x10,0x82,0x10,0x62,0x10,0x82,0x10,0x82,0x10,0x82,0x10,0x82,0x10,0x82,0x10,0x82,0x10,0x82,0x10,
	0x82,0x10,0x62,0x10,0x82,0x10,0x82,0x10,0x82,0x10,0x82,0x10,0xA2,0x10,0x41,0x08,0x61,0x10,0x27,0xBD,
	0x49,0xFF,0xC6,0xAC,0x21,0x00,0x62,0x10,0x82,0x10,0x82,0x10,0x82,0x10,0x62,0x10,0x62,0x10,0x82,0x10,
	0x82,0x10,0x82,0x10,0x82,0x10,0x82,0x10,0x82,0x10,0x82,0x10,0x62,0x10,0x82,0x10,0x62,0x10,0x82,0x10,
	0x62,0x10,0x62,0x10,0x82,0x10,0x82,0x10,0x82,0x10,0x82,0x10,0x62,0x10,0x62,0x10,0x62,0x10,0x82,0x10,
	0x62,0x10,0x62,0x10,0x62,0x10,0x62,0x10,0x62,0x10,0x62,0x10,0x62,0x10,0x62,0x10,0x62,0x10,0x62,0x10,
	0x82,0x10,0x82,0x10,0x82,0x10,0x62,0x10,0x82,0x10,0x82,0x10,0x62,0x10,0x62,0x10,0x62,0x10,0x62,0x10,
	0x62,0x10,0x62,0x10,0x62,0x10,0x62,0x10,0x62,0x10,0x62,0x10,0x62,0x10,0x62,0x10,0x62,0x10,0x62,0x10,
	0x62,0x10,0x62,0x08,0x62,0x10,0x62,0x10,0x62,0x10,0x62,0x10,0x62,0x10,0x61,0x10,0x00,0x00,0x00,0x00,
	0x00,0x00,0x00,0x00,0x61,0x08,0x61,0x08,0x61,0x08,0x41,0x08,0x41,0x08,0x21,0x08,0x00,0x00,0x00,0x00,
	0x00,0x00,0x00,0x00,0x00,0x00,0x20,0x00,0x41,0x08,0x41,0x08,0x41,0x08,0x41,0x08,0x41,0x08,0x61,0x08,
	0x41,0x08,0x41,0x08,0x21,0x00,0x21,0x00,0x21,0x00,0x21,0x08,0x41,0x08,0x41,0x08,0x61,0x10,0x61,0x10,
	0x61,0x08,0x62,0x08,0x62,0x10,0x62,0x10,0x62,0x10,0x62,0x10,0x62,0x10,0x62,0x10,0x62,0x10,0x62,0x10,
	0x62,0x10,0x62,0x10,0x62,0x10,0x62,0x10,0x62,0x10,0x62,0x10,0x62,0x10,0x62,0x10,0x62,0x10,0x62,0x10,
	0x62,0x10,0x62,0x10,0x62,0x10,0x62,0x10,0x62,0x10,0x62,0x10,0x82,0x10,0x62,0x10,0x82,0x10,0x82,0x10,
	0x62,0x10,0x62,0x10,0x62,0x10,0x62,0x10,0x62,0x10,0x62,0x10,0x62,0x10,0x62,0x10,0x62,0x10,0x62,0x10,
	0x62,0x10,0x62,0x10,0x62,0x10,0x62,0x10,0x82,0x10,0x82,0x10,0x62,0x10,0x82,0x10,0x82,0x10,0x82,0x10,
	0x82,0x10,0x82,0x10,0x82,0x10,0x82,0x10,0x82,0x10,0x62,0x10,0x62,0x10,0x82,0x10,0x21,0x00,0x22,0x29,
	0xC8,0xD5,0x42,0x31,0x41,0x08,0x82,0x10,0x62,0x10,0x82,0x10,0x62,0x10,0x62,0x10,0x82,0x10,0x62,0x10,
	0x82,0x10,0x82,0x10,0x82,0x10,0x82,0x10,0x62,0x10,0x62,0x10,0x62,0x10,0x82,0x10,0x62,0x10,0x62,0x10,
	0x62,0x10,0x62,0x10,0x82,0x10,0x62,0x10,0x62,0x10,0x82,0x10,0x82,0x10,0x62,0x10,0x82,0x10,0x62,0x10,
	0x62,0x10,0x62,0x10,0x62,0x10,0x62,0x10,0x82,0x10,0x62,0x10,0x62,0x10,0x62,0x10,0x62,0x10,0x62,0x10,
	0x82,0x10,0x82,0x10,0x82,0x10,0x82,0x10,0x82,0x10,0x82,0x10,0x62,0x10,0x62,0x10,0x62,0x10,0x62,0x10,
	0x62,0x10,0x62,0x10,0x62,0x10,0x62,0x10,0x62,0x10,0x62,0x10,0x62,0x10,0x62,0x10,0x62,0x10,0x62,0x10,
	0x62,0x10,0x62,0x10,0x62,0x08,0x62,0x10,0x62,0x10,0x62,0x10,0x62,0x08,0x61,0x08,0x61,0x10,0x61,0x10,
	0x61,0x10,0x61,0x10,0x61,0x08,0x61,0x08,0x41,0x08,0x41,0x08,0x41,0x08,0x20,0x00,0x00,0x00,0x00,0x00,
	0x00,0x00,0x00,0x00,0x00,0x00,0x20,0x00,0x21,0x08,0x41,0x08,0x41,0x08,0x41,0x08,0x41,0x08,0x41,0x08,
	0x41,0x08,0x61,0x08,0x61,0x08,0x61,0x08,0x61,0x08,0x61,0x08,0x61,0x08,0x61,0x08,0x62,0x10,0x62,0x10,
	0x62,0x10,0x62,0x10,0x62,0x10,0x62,0x10,0x62,0x10,0x62,0x10,0x62,0x10,0x62,0x10,0x62,0x10,0x62,0x10,
	0x62,0x10,0x62,0x10,0x62,0x10,0x62,0x10,0x62,0x10,0x62,0x10,0x62,0x10,0x62,0x10,0x62,0x10,0x62,0x10,
	0x62,0x10,0x62,0x10,0x62,0x10,0x62,0x10,0x62,0x10,0x62,0x10,0x62,0x10,0x62,0x10,0x62,0x10,0x62,0x10,
	0x62,0x10,0x62,0x10,0x62,0x10,0x62,0x10,0x62,0x10,0x62,0x10,0x62,0x10,0x62,0x10,0x62,0x10,0x62,0x10,
	0x62,0x10,0x61,0x10,0x62,0x10,0x62,0x10,0x62,0x10,0x82,0x10,0x62,0x10,0x62,0x10,0x62,0x10,0x82,0x10,
	0x82,0x10,0x82,0x10,0x82,0x10,0x62,0x10,0x62,0x10,0x62,0x10,0x62,0x10,0x61,0x10,0x82,0x10,0x61,0x08,
	0x02,0x29,0x62,0x10,0x82,0x10,0x82,0x10,0x62,0x10,0x62,0x10,0x62,0x10,0x62,0x10,0x62,0x10,0x62,0x10,
	0x82,0x10,0x82,0x10,0x82,0x10,0x62,0x10,0x82,0x10,0x62,0x10,0x82,0x10,0x82,0x10,0x62,0x10,0x82,0x10,
	0x62,0x10,0x62,0x10,0x62,0x10,0x82,0x10,0x62,0x10,0x62,0x10,0x62,0x10,0x82,0x10,0x62,0x10,0x62,0x10,
	0x62,0x10,0x62,0x10,0x82,0x10,0x62,0x10,0x62,0x10,0x62,0x10,0x62,0x10,0x62,0x10,0x62,0x10,0x82,0x10,
	0x62,0x10,0x62,0x10,0x62,0x10,0x62,0x10,0x62,0x10,0x82,0x10,0x62,0x10,0x62,0x10,0x62,0x10,0x62,0x10,
	0x62,0x10,0x62,0x10,0x62,0x08,0x62,0x08,0x62,0x10,0x62,0x10,0x62,0x10,0x62,0x10,0x62,0x10,0x62,0x10,
	0x62,0x10,0x62,0x08,0x62,0x10,0x62,0x10,0x62,0x10,0x62,0x10,0x62,0x10,0x62,0x10,0x61,0x08,0x61,0x08,
	0x61,0x08,0x61,0x08,0x61,0x08,0x61,0x08,0x61,0x08,0x41,0x08,0x21,0x08,0x21,0x08,0x00,0x00,0x00,0x00,
	0x00,0x00,0x00,0x00,0x00,0x00,0x00,0x00,0x20,0x00,0x61,0x08,0x41,0x08,0x41,0x08,0x41,0x08,0x61,0x08,
	0x61,0x08,0x61,0x08,0x61,0x08,0x61,0x08,0x61,0x08,0x62,0x08,0x62,0x08,0x62,0x08,0x62,0x10,0x62,0x10,
	0x62,0x10,0x62,0x10,0x62,0x10,0x62,0x10,0x62,0x10,0x62,0x10,0x62,0x10,0x62,0x10,0x62,0x10,0x62,0x10,
	0x62,0x10,0x62,0x10,0x62,0x10,0x62,0x10,0x62,0x10,0x62,0x10,0x62,0x10,0x62,0x10,0x62,0x10,0x62,0x10,
	0x62,0x10,0x62,0x10,0x62,0x10,0x62,0x10,0x62,0x10,0x62,0x10,0x62,0x10,0x62,0x10,0x62,0x10,0x62,0x10,
	0x62,0x10,0x62,0x10,0x62,0x10,0x62,0x10,0x62,0x10,0x62,0x10,0x62,0x10,0x62,0x10,0x62,0x10,0x62,0x10,
	0x62,0x10,0x61,0x10,0x62,0x10,0x62,0x10,0x62,0x10,0x62,0x10,0x62,0x10,0x62,0x10,0x62,0x10,0x62,0x10,
	0x62,0x10,0x62,0x10,0x82,0x10,0x62,0x10,0x62,0x10,0x62,0x10,0x62,0x10,0x62,0x10,0x62,0x10,0x82,0x10,
	0x41,0x08,0x82,0x10,0x62,0x10,0x82,0x10,0x62,0x10,0x62,0x10,0x62,0x10,0x62,0x10,0x82,0x10,0x62,0x10,
	0x82,0x10,0x62,0x10,0x62,0x10,0x62,0x10,0x82,0x10,0x62,0x10,0x62,0x10,0x62,0x10,0x62,0x10,0x62,0x10,
	0x62,0x10,0x62,0x10,0x82,0x10,0x62,0x10,0x62,0x10,0x62,0x10,0x62,0x10,0x82,0x10,0x62,0x10,0x62,0x10,
	0x62,0x10,0x62,0x10,0x82,0x10,0x82,0x10,0x62,0x10,0x62,0x10,0x62,0x10,0x62,0x10,0x82,0x10,0x62,0x10,
	0x62,0x10,0x62,0x10,0x62,0x10,0x82,0x10,0x62,0x10,0x62,0x10,0x62,0x10,0x62,0x10,0x62,0x10,0x62,0x10,
	0x62,0x10,0x62,0x10,0x62,0x08,0x62,0x08,0x62,0x10,0x62,0x10,0x62,0x10,0x62,0x10,0x62,0x10,0x62,0x10,
	0x62,0x08,0x62,0x10,0x62,0x08,0x62,0x10,0x62,0x10,0x62,0x10,0x62,0x10,0x62,0x10,0x61,0x08,0x61,0x08,
	0x61,0x08,0x61,0x08,0x61,0x08,0x61,0x08,0x41,0x08,0x62,0x10,0x21,0x08,0x00,0x00,0x00,0x00,0x00,0x00,
	0x00,0x00,0x00,0x00,0x00,0x00,0x41,0x08,0xC3,0x18,0xE4,0x20,0x41,0x08,0x41,0x08,0x61,0x08,0x61,0x08,
	0x41,0x08,0x61,0x08,0x61,0x08,0x62,0x10,0x62,0x08,0x62,0x08,0x62,0x08,0x62,0x08,0x62,0x10,0x62,0x10,
	0x62,0x10,0x62,0x10,0x62,0x10,0x62,0x10,0x62,0x10,0x62,0x10,0x62,0x10,0x62,0x10,0x62,0x10,0x62,0x10,
	0x62,0x10,0x62,0x10,0x62,0x10,0x62,0x10,0x62,0x10,0x62,0x10,0x62,0x10,0x62,0x10,0x62,0x10,0x62,0x10,
	0x62,0x10,0x62,0x10,0x62,0x10,0x62,0x10,0x62,0x10,0x62,0x10,0x62,0x10,0x82,0x10,0x82,0x10,0x62,0x10,
	0x62,0x10,0x62,0x10,0x62,0x10,0x62,0x10,0x62,0x10,0x62,0x10,0x62,0x10,0x62,0x10,0x62,0x10,0x62,0x10,
	0x62,0x10,0x62,0x10,0x62,0x10,0x62,0x10,0x62,0x10,0x62,0x10,0x62,0x10,0x62,0x10,0x62,0x10,0x62,0x10,
	0x62,0x10,0x62,0x10,0x62,0x10,0x62,0x10,0x62,0x10,0x62,0x10,0x62,0x10,0x82,0x10,0x82,0x10,0x62,0x10,
	0x82,0x10,0x62,0x10,0x62,0x10,0x62,0x10,0x62,0x10,0x62,0x10,0x62,0x10,0x62,0x10,0x62,0x10,0x62,0x10,
	0x62,0x10,0x62,0x10,0x62,0x10,0x62,0x10,0x62,0x10,0x62,0x10,0x62,0x10,0x62,0x10,0x62,0x10,0x62,0x10,
	0x62,0x10,0x62,0x10,0x62,0x10,0x62,0x10,0x62,0x10,0x62,0x10,0x62,0x10,0x62,0x10,0x62,0x10,0x62,0x10,
	0x62,0x10,0x82,0x10,0x82,0x10,0x62,0x10,0x62,0x10,0x62,0x10,0x62,0x10,0x62,0x10,0x62,0x10,0x62,0x10,
	0x62,0x10,0x62,0x10,0x62,0x10,0x62,0x10,0x62,0x10,0x62,0x10,0x62,0x10,0x62,0x10,0x62,0x10,0x62,0x10,
	0x62,0x10,0x62,0x10,0x62,0x10,0x62,0x10,0x62,0x10,0x62,0x10,0x62,0x10,0x62,0x08,0x62,0x10,0x62,0x10,
	0x62,0x10,0x62,0x10,0x62,0x10,0x62,0x08,0x62,0x08,0x62,0x08,0x62,0x10,0x62,0x10,0x61,0x08,0x62,0x10,
	0x62,0x08,0x62,0x08,0x62,0x08,0x61,0x08,0x41,0x08,0xC3,0x18,0x04,0x21,0x62,0x10,0x00,0x00,0x00,0x00,
	0x00,0x00,0x00,0x00,0x62,0x10,0xC3,0x18,0x82,0x10,0x41,0x08,0x41,0x08,0x41,0x08,0x41,0x08,0x41,0x08,
	0x41,0x08,0x61,0x08,0x61,0x08,0x62,0x08,0x42,0x08,0x62,0x08,0x62,0x08,0x62,0x08,0x61,0x08,0x62,0x08,
	0x62,0x10,0x61,0x10,0x61,0x08,0x62,0x10,0x62,0x08,0x62,0x10,0x62,0x10,0x62,0x08,0x62,0x08,0x62,0x10,
	0x62,0x08,0x62,0x10,0x62,0x10,0x62,0x10,0x62,0x08,0x62,0x10,0x62,0x10,0x62,0x10,0x62,0x08,0x61,0x08,
	0x62,0x10,0x62,0x10,0x62,0x10,0x62,0x10,0x62,0x10,0x62,0x10,0x82,0x10,0x62,0x10,0x62,0x10,0x82,0x10,
	0x82,0x10,0x62,0x08,0x62,0x10,0x62,0x10,0x62,0x10,0x62,0x10,0x62,0x10,0x62,0x10,0x62,0x10,0x62,0x10,
	0x62,0x10,0x62,0x10,0x62,0x10,0x62,0x10,0x62,0x10,0x62,0x10,0x62,0x10,0x62,0x10,0x62,0x10,0x62,0x10,
	0x62,0x10,0x62,0x10,0x62,0x10,0x62,0x10,0x62,0x10,0x62,0x10,0x62,0x10,0x62,0x10,0x62,0x10,0x62,0x10,
	0x82,0x10,0x62,0x10,0x62,0x10,0x62,0x10,0x62,0x10,0x62,0x10,0x62,0x10,0x62,0x10,0x62,0x10,0x62,0x10,
	0x62,0x10,0x62,0x10,0x62,0x10,0x62,0x10,0x62,0x10,0x62,0x10,0x62,0x10,0x62,0x10,0x62,0x10,0x62,0x10,
	0x62,0x10,0x62,0x10,0x62,0x10,0x62,0x10,0x62,0x10,0x82,0x10,0x62,0x10,0x62,0x10,0x62,0x10,0x62,0x10,
	0x62,0x10,0x62,0x10,0x62,0x10,0x62,0x10,0x62,0x10,0x62,0x10,0x62,0x10,0x62,0x10,0x62,0x10,0x62,0x10,
	0x62,0x10,0x62,0x10,0x62,0x10,0x62,0x10,0x62,0x10,0x62,0x10,0x62,0x08,0x62,0x10,0x62,0x10,0x62,0x08,
	0x62,0x10,0x62,0x10,0x62,0x08,0x62,0x10,0x62,0x10,0x62,0x10,0x62,0x10,0x62,0x08,0x62,0x10,0x62,0x10,
	0x62,0x10,0x62,0x10,0x62,0x08,0x62,0x10,0x62,0x08,0x62,0x08,0x62,0x10,0x62,0x08,0x62,0x08,0x62,0x08,
	0x62,0x08,0x62,0x08,0x62,0x08,0x62,0x08,0x41,0x08,0x41,0x08,0x62,0x10,0xE3,0x18,0xA2,0x10,0x00,0x00,
	0x00,0x00,0x00,0x00,0x21,0x08,0x20,0x00,0x20,0x00,0x41,0x08,0x41,0x08,0x41,0x08,0x41,0x08,0x61,0x08,
	0x41,0x08,0x61,0x08,0x61,0x08,0x61,0x08,0x61,0x08,0x61,0x08,0x61,0x08,0x61,0x08,0x61,0x08,0x62,0x08,
	0x61,0x08,0x62,0x08,0x62,0x08,0x62,0x10,0x62,0x08,0x62,0x10,0x62,0x10,0x62,0x10,0x62,0x10,0x62,0x10,
	0x62,0x10,0x62,0x10,0x62,0x10,0x62,0x08,0x62,0x08,0x62,0x10,0x62,0x10,0x62,0x10,0x62,0x10,0x62,0x10,
	0x62,0x08,0x62,0x08,0x62,0x10,0x62,0x10,0x62,0x10,0x62,0x10,0x62,0x10,0x62,0x10,0x62,0x10,0x62,0x10,
	0x62,0x10,0x62,0x10,0x62,0x08,0x62,0x10,0x62,0x10,0x62,0x10,0x62,0x10,0x62,0x10,0x62,0x10,0x62,0x10,
	0x62,0x10,0x62,0x10,0x62,0x10,0x62,0x10,0x62,0x10,0x62,0x08,0x62,0x10,0x62,0x10,0x62,0x10,0x62,0x10,
	0x62,0x10,0x62,0x10,0x62,0x10,0x62,0x10,0x62,0x10,0x62,0x10,0x62,0x10,0x62,0x10,0x62,0x10,0x62,0x10,
	0x62,0x10,0x62,0x10,0x62,0x10,0x62,0x10,0x62,0x10,0x62,0x10,0x62,0x10,0x62,0x10,0x62,0x10,0x62,0x10,
	0x62,0x10,0x62,0x10,0x62,0x10,0x62,0x10,0x62,0x10,0x62,0x10,0x62,0x10,0x62,0x10,0x62,0x10,0x62,0x10,
	0x62,0x10,0x62,0x10,0x62,0x10,0x62,0x10,0x62,0x10,0x62,0x10,0x62,0x10,0x62,0x10,0x62,0x10,0x62,0x10,
	0x62,0x10,0x62,0x10,0x62,0x10,0x62,0x08,0x62,0x10,0x62,0x10,0x62,0x10,0x62,0x10,0x62,0x10,0x62,0x10,
	0x62,0x10,0x62,0x10,0x62,0x10,0x62,0x10,0x62,0x10,0x62,0x10,0x62,0x08,0x62,0x10,0x62,0x10,0x62,0x10,
	0x62,0x08,0x62,0x10,0x62,0x08,0x62,0x08,0x62,0x10,0x62,0x08,0x62,0x08,0x62,0x08,0x62,0x10,0x62,0x08,
	0x62,0x08,0x62,0x08,0x62,0x08,0x62,0x10,0x62,0x08,0x62,0x10,0x61,0x08,0x62,0x10,0x62,0x08,0x61,0x08,
	0x61,0x08,0x62,0x08,0x62,0x08,0x61,0x08,0x41,0x08,0x41,0x08,0x20,0x00,0x00,0x00,0x21,0x08,0x00,0x00,
	0x00,0x00,0x00,0x00,0x00,0x00,0x00,0x00,0x21,0x08,0x21,0x08,0x41,0x08,0x41,0x08,0x41,0x08,0x61,0x08,
	0x62,0x08,0x61,0x08,0x61,0x08,0x61,0x08,0x62,0x08,0x62,0x08,0x62,0x08,0x61,0x08,0x62,0x08,0x62,0x08,
	0x61,0x08,0x61,0x08,0x62,0x08,0x62,0x08,0x62,0x08,0x62,0x10,0x62,0x08,0x62,0x10,0x62,0x10,0x62,0x10,
	0x62,0x10,0x62,0x10,0x62,0x10,0x62,0x08,0x62,0x10,0x62,0x10,0x62,0x10,0x62,0x08,0x62,0x10,0x62,0x10,
	0x62,0x10,0x62,0x08,0x62,0x10,0x62,0x10,0x62,0x10,0x62,0x10,0x62,0x10,0x62,0x10,0x62,0x10,0x62,0x10,
	0x62,0x10,0x62,0x08,0x62,0x08,0x62,0x10,0x62,0x10,0x62,0x10,0x62,0x10,0x62,0x10,0x62,0x10,0x62,0x10,
	0x62,0x10,0x62,0x10,0x62,0x10,0x62,0x10,0x62,0x10,0x62,0x10,0x62,0x10,0x62,0x10,0x62,0x10,0x62,0x10,
	0x62,0x10,0x62,0x10,0x62,0x10,0x62,0x10,0x62,0x10,0x62,0x10,0x62,0x10,0x62,0x10,0x62,0x10,0x62,0x10,
	0x62,0x10,0x62,0x10,0x62,0x10,0x62,0x10,0x62,0x10,0x62,0x10,0x62,0x10,0x62,0x10,0x62,0x10,0x62,0x10,
	0x62,0x10,0x62,0x10,0x62,0x10,0x62,0x10,0x62,0x10,0x62,0x10,0x62,0x10,0x62,0x10,0x62,0x10,0x62,0x10,
	0x62,0x10,0x62,0x10,0x62,0x10,0x62,0x10,0x62,0x10,0x61,0x08,0x62,0x10,0x62,0x10,0x62,0x08,0x62,0x08,
	0x62,0x10,0x62,0x08,0x62,0x10,0x62,0x10,0x62,0x10,0x62,0x10,0x62,0x10,0x62,0x10,0x62,0x10,0x62,0x10,
	0x62,0x10,0x62,0x10,0x61,0x08,0x62,0x08,0x62,0x08,0x62,0x08,0x62,0x08,0x62,0x10,0x62,0x10,0x62,0x08,
	0x62,0x08,0x62,0x08,0x62,0x08,0x62,0x08,0x62,0x10,0x62,0x08,0x62,0x10,0x62,0x10,0x62,0x08,0x62,0x10,
	0x61,0x10,0x62,0x10,0x62,0x08,0x62,0x08,0x62,0x08,0x62,0x10,0x62,0x08,0x62,0x08,0x61,0x08,0x61,0x08,
	0x61,0x08,0x61,0x08,0x61,0x08,0x61,0x08,0x41,0x08,0x41,0x08,0x21,0x08,0x20,0x00,0x00,0x00,0x00,0x00,
	0x00,0x00,0x00,0x00,0x00,0x00,0x00,0x00,0x20,0x00,0x21,0x08,0x41,0x08,0x41,0x08,0x41,0x08,0x61,0x08,
	0x62,0x08,0x61,0x08,0x61,0x08,0x61,0x08,0x62,0x08,0x62,0x08,0x61,0x08,0x61,0x08,0x61,0x08,0x61,0x08,
	0x61,0x08,0x62,0x08,0x62,0x08,0x62,0x08,0x61,0x08,0x61,0x08,0x62,0x08,0x62,0x08,0x62,0x10,0x62,0x08,
	0x62,0x08,0x62,0x08,0x62,0x08,0x62,0x10,0x62,0x08,0x62,0x10,0x61,0x08,0x62,0x10,0x62,0x10,0x62,0x10,
	0x62,0x10,0x62,0x10,0x62,0x10,0x61,0x10,0x61,0x10,0x62,0x10,0x62,0x08,0x62,0x10,0x62,0x10,0x62,0x08,
	0x62,0x08,0x62,0x08,0x62,0x10,0x62,0x10,0x62,0x08,0x62,0x10,0x62,0x10,0x62,0x10,0x62,0x10,0x62,0x10,
	0x62,0x10,0x62,0x10,0x62,0x08,0x62,0x10,0x62,0x10,0x62,0x10,0x62,0x10,0x62,0x10,0x62,0x10,0x62,0x08,
	0x62,0x10,0x62,0x10,0x62,0x10,0x62,0x10,0x62,0x10,0x62,0x10,0x62,0x10,0x61,0x10,0x62,0x10,0x62,0x10,
	0x62,0x10,0x62,0x10,0x62,0x10,0x62,0x10,0x62,0x10,0x62,0x10,0x62,0x10,0x62,0x10,0x62,0x10,0x62,0x10,
	0x62,0x10,0x62,0x10,0x62,0x10,0x62,0x10,0x62,0x10,0x62,0x10,0x62,0x10,0x62,0x10,0x62,0x10,0x62,0x10,
	0x62,0x10,0x62,0x08,0x62,0x10,0x62,0x10,0x62,0x10,0x62,0x10,0x62,0x10,0x62,0x10,0x62,0x10,0x62,0x10,
	0x62,0x10,0x62,0x10,0x62,0x10,0x62,0x10,0x62,0x10,0x62,0x10,0x62,0x10,0x62,0x10,0x62,0x10,0x62,0x10,
	0x62,0x10,0x61,0x08,0x62,0x10,0x62,0x08,0x62,0x10,0x62,0x10,0x62,0x08,0x62,0x08,0x62,0x10,0x61,0x08,
	0x62,0x08,0x62,0x08,0x62,0x10,0x62,0x10,0x62,0x08,0x61,0x08,0x62,0x08,0x62,0x08,0x62,0x08,0x62,0x08,
	0x62,0x08,0x61,0x08,0x61,0x08,0x61,0x08,0x62,0x08,0x62,0x08,0x62,0x08,0x61,0x08,0x61,0x08,0x61,0x08,
	0x61,0x08,0x61,0x08,0x61,0x08,0x41,0x08,0x41,0x08,0x41,0x08,0x21,0x08,0x00,0x00,0x00,0x00,0x00,0x00,
	0x00,0x00,0x00,0x00,0x00,0x00,0x00,0x00,0x20,0x00,0x21,0x08,0x21,0x08,0x41,0x08,0x41,0x08,0x41,0x08,
	0x61,0x08,0x61,0x08,0x61,0x08,0x61,0x08,0x61,0x08,0x61,0x08,0x61,0x08,0x61,0x08,0x61,0x08,0x62,0x08,
	0x62,0x08,0x62,0x08,0x61,0x08,0x61,0x08,0x62,0x08,0x62,0x08,0x62,0x08,0x62,0x10,0x62,0x10,0x61,0x08,
	0x61,0x08,0x61,0x08,0x62,0x08,0x62,0x10,0x62,0x08,0x61,0x08,0x61,0x08,0x62,0x10,0x62,0x08,0x62,0x10,
	0x62,0x10,0x62,0x08,0x62,0x08,0x62,0x10,0x62,0x08,0x62,0x08,0x62,0x10,0x62,0x10,0x62,0x08,0x62,0x08,
	0x61,0x08,0x62,0x10,0x62,0x08,0x62,0x08,0x62,0x08,0x62,0x08,0x62,0x08,0x62,0x08,0x62,0x10,0x62,0x10,
	0x62,0x10,0x62,0x10,0x62,0x10,0x62,0x10,0x62,0x10,0x62,0x10,0x62,0x10,0x62,0x10,0x62,0x08,0x62,0x10,
	0x62,0x10,0x62,0x10,0x62,0x10,0x62,0x10,0x62,0x10,0x62,0x10,0x62,0x10,0x62,0x10,0x62,0x10,0x62,0x10,
	0x62,0x10,0x62,0x10,0x62,0x10,0x62,0x10,0x62,0x10,0x62,0x10,0x62,0x10,0x62,0x10,0x62,0x10,0x62,0x10,
	0x62,0x10,0x62,0x10,0x62,0x10,0x62,0x08,0x62,0x10,0x62,0x10,0x61,0x08,0x62,0x10,0x62,0x10,0x62,0x10,
	0x62,0x10,0x61,0x08,0x62,0x10,0x62,0x10,0x62,0x10,0x62,0x10,0x62,0x10,0x62,0x10,0x62,0x10,0x62,0x10,
	0x62,0x10,0x62,0x10,0x62,0x10,0x62,0x08,0x62,0x10,0x62,0x10,0x62,0x08,0x62,0x10,0x62,0x08,0x61,0x10,
	0x61,0x10,0x62,0x10,0x62,0x10,0x62,0x10,0x62,0x10,0x62,0x10,0x62,0x10,0x62,0x10,0x62,0x10,0x62,0x10,
	0x62,0x10,0x62,0x08,0x62,0x08,0x62,0x10,0x61,0x08,0x61,0x10,0x62,0x08,0x62,0x08,0x62,0x08,0x62,0x08,
	0x62,0x08,0x62,0x08,0x62,0x08,0x61,0x08,0x61,0x08,0x61,0x08,0x61,0x08,0x61,0x08,0x61,0x08,0x62,0x08,
	0x62,0x08,0x61,0x08,0x41,0x08,0x41,0x08,0x41,0x08,0x41,0x08,0x21,0x08,0x00,0x00,0x00,0x00,0x00,0x00,
	0x00,0x00,0x00,0x00,0x00,0x00,0x00,0x00,0x20,0x00,0x21,0x08,0x41,0x08,0x41,0x08,0x41,0x08,0x61,0x08,
	0x41,0x08,0x41,0x08,0x62,0x08,0x62,0x08,0x61,0x08,0x61,0x08,0x62,0x08,0x62,0x08,0x62,0x08,0x62,0x08,
	0x61,0x08,0x61,0x08,0x61,0x08,0x61,0x08,0x62,0x08,0x62,0x08,0x62,0x08,0x61,0x08,0x61,0x08,0x62,0x10,
	0x62,0x10,0x62,0x10,0x62,0x10,0x82,0x10,0x62,0x10,0x82,0x10,0x82,0x10,0x82,0x10,0x82,0x10,0x82,0x10,
	0x82,0x10,0x62,0x10,0x62,0x10,0x62,0x10,0x62,0x10,0x62,0x10,0x62,0x08,0x62,0x08,0x62,0x08,0x62,0x08,
	0x62,0x08,0x62,0x10,0x62,0x08,0x61,0x08,0x62,0x10,0x62,0x08,0x61,0x08,0x62,0x08,0x62,0x10,0x62,0x10,
	0x62,0x08,0x62,0x10,0x62,0x10,0x62,0x10,0x62,0x08,0x62,0x10,0x62,0x10,0x62,0x08,0x62,0x08,0x62,0x10,
	0x62,0x10,0x62,0x10,0x62,0x10,0x62,0x10,0x62,0x08,0x62,0x10,0x62,0x10,0x62,0x10,0x62,0x10,0x62,0x08,
	0x62,0x10,0x62,0x08,0x61,0x08,0x62,0x10,0x62,0x08,0x62,0x10,0x62,0x08,0x62,0x10,0x62,0x10,0x62,0x10,
	0x62,0x10,0x62,0x10,0x62,0x08,0x61,0x08,0x62,0x10,0x61,0x08,0x62,0x08,0x62,0x10,0x62,0x10,0x62,0x08,
	0x62,0x08,0x62,0x08,0x62,0x10,0x62,0x10,0x62,0x10,0x61,0x10,0x62,0x10,0x62,0x10,0x62,0x08,0x62,0x10,
	0x62,0x08,0x62,0x10,0x62,0x08,0x62,0x08,0x62,0x10,0x62,0x10,0x62,0x10,0x62,0x10,0x62,0x10,0x82,0x10,
	0x82,0x10,0x82,0x10,0x82,0x10,0x82,0x10,0x82,0x10,0x82,0x10,0x82,0x10,0x82,0x10,0x82,0x10,0x82,0x10,
	0x82,0x10,0x62,0x10,0x62,0x08,0x62,0x08,0x61,0x08,0x61,0x08,0x62,0x08,0x61,0x08,0x62,0x08,0x62,0x08,
	0x62,0x08,0x62,0x08,0x62,0x08,0x62,0x08,0x61,0x08,0x61,0x08,0x62,0x08,0x62,0x08,0x62,0x08,0x62,0x08,
	0x62,0x08,0x41,0x08,0x41,0x08,0x41,0x08,0x41,0x08,0x21,0x08,0x20,0x00,0x00,0x00,0x00,0x00,0x00,0x00,
	0x00,0x00,0x00,0x00,0x00,0x00,0x00,0x00,0x20,0x00,0x21,0x08,0x41,0x08,0x41,0x08,0x41,0x08,0x41,0x08,
	0x61,0x08,0x41,0x08,0x61,0x08,0x61,0x08,0x61,0x08,0x61,0x08,0x61,0x08,0x61,0x08,0x61,0x08,0x61,0x08,
	0x61,0x08,0x61,0x08,0x61,0x08,0x62,0x08,0x62,0x08,0x62,0x08,0x62,0x08,0x61,0x08,0x62,0x08,0x01,0x00,
	0x01,0x00,0x01,0x00,0x01,0x00,0x01,0x00,0x01,0x00,0x01,0x00,0x01,0x00,0x01,0x00,0x01,0x00,0x01,0x00,
	0x01,0x00,0x01,0x00,0x01,0x00,0x01,0x00,0x01,0x00,0x61,0x08,0x62,0x08,0x62,0x08,0x62,0x08,0x62,0x08,
	0x62,0x10,0x61,0x08,0x62,0x10,0x62,0x10,0x62,0x08,0x62,0x08,0x62,0x08,0x62,0x08,0x62,0x08,0x62,0x08,
	0x62,0x08,0x62,0x08,0x62,0x08,0x62,0x08,0x62,0x08,0x62,0x08,0x62,0x08,0x62,0x08,0x62,0x08,0x62,0x10,
	0x62,0x08,0x62,0x10,0x62,0x08,0x62,0x10,0x62,0x10,0x62,0x10,0x61,0x10,0x62,0x10,0x62,0x10,0x62,0x10,
	0x62,0x10,0x62,0x08,0x61,0x08,0x61,0x08,0x62,0x10,0x62,0x08,0x62,0x08,0x62,0x08,0x62,0x10,0x62,0x08,
	0x62,0x08,0x62,0x10,0x62,0x10,0x62,0x08,0x61,0x08,0x62,0x10,0x62,0x10,0x62,0x08,0x62,0x08,0x62,0x08,
	0x62,0x08,0x62,0x10,0x62,0x10,0x62,0x08,0x62,0x10,0x62,0x10,0x62,0x10,0x62,0x10,0x62,0x10,0x62,0x10,
	0x62,0x08,0x62,0x08,0x62,0x08,0x62,0x10,0x62,0x10,0x62,0x10,0x62,0x10,0x21,0x00,0x01,0x00,0x21,0x00,
	0x01,0x00,0x01,0x00,0x21,0x00,0x21,0x00,0x21,0x00,0x21,0x00,0x21,0x00,0x01,0x00,0x01,0x00,0x01,0x00,
	0x01,0x00,0x41,0x08,0x62,0x10,0x61,0x08,0x61,0x08,0x61,0x08,0x61,0x08,0x61,0x08,0x62,0x08,0x62,0x08,
	0x61,0x08,0x61,0x08,0x61,0x08,0x61,0x08,0x61,0x08,0x61,0x08,0x61,0x08,0x62,0x08,0x62,0x08,0x61,0x08,
	0x61,0x08,0x41,0x08,0x41,0x08,0x41,0x08,0x41,0x08,0x21,0x08,0x20,0x00,0x00,0x00,0x00,0x00,0x00,0x00,
	0x00,0x00,0x00,0x00,0x00,0x00,0x00,0x00,0x00,0x00,0x21,0x08,0x20,0x00,0x41,0x08,0x41,0x08,0x41,0x08,
	0x41,0x08,0x41,0x08,0x41,0x08,0x61,0x08,0x61,0x08,0x61,0x08,0x62,0x08,0x61,0x08,0x61,0x08,0x62,0x08,
	0x62,0x08,0x61,0x08,0x62,0x08,0x62,0x08,0x62,0x08,0x62,0x08,0x62,0x08,0x61,0x08,0x61,0x08,0xC4,0x39,
	0x25,0x4A,0x25,0x4A,0x25,0x4A,0x25,0x4A,0x25,0x4A,0x25,0x4A,0x25,0x4A,0x05,0x4A,0x25,0x4A,0x25,0x4A,
	0x25,0x4A,0x25,0x4A,0x25,0x4A,0x25,0x4A,0x05,0x42,0xA2,0x18,0x61,0x08,0x61,0x10,0x61,0x08,0x62,0x08,
	0x62,0x10,0x61,0x08,0x62,0x10,0x62,0x08,0x62,0x10,0x62,0x08,0x61,0x08,0x62,0x08,0x62,0x08,0x62,0x08,
	0x62,0x08,0x62,0x08,0x62,0x08,0x62,0x08,0x62,0x08,0x61,0x08,0x61,0x08,0x62,0x10,0x62,0x08,0x62,0x10,
	0x62,0x10,0x62,0x10,0x62,0x08,0x62,0x10,0x62,0x08,0x62,0x08,0x62,0x08,0x62,0x08,0x62,0x08,0x62,0x10,
	0x61,0x08,0x61,0x08,0x62,0x10,0x61,0x08,0x62,0x10,0x62,0x08,0x62,0x08,0x62,0x08,0x62,0x08,0x62,0x08,
	0x62,0x10,0x62,0x10,0x62,0x10,0x62,0x08,0x62,0x08,0x62,0x08,0x62,0x10,0x62,0x08,0x62,0x08,0x62,0x08,
	0x62,0x08,0x62,0x08,0x62,0x08,0x62,0x08,0x61,0x10,0x62,0x10,0x62,0x10,0x62,0x10,0x62,0x10,0x62,0x08,
	0x62,0x08,0x62,0x10,0x62,0x10,0x62,0x08,0x62,0x10,0x62,0x10,0x41,0x08,0x84,0x31,0x25,0x4A,0x05,0x42,
	0x05,0x42,0x25,0x4A,0x25,0x4A,0x25,0x4A,0x25,0x4A,0x25,0x4A,0x25,0x4A,0x25,0x4A,0x25,0x4A,0x25,0x4A,
	0x45,0x4A,0x63,0x29,0x41,0x08,0x61,0x08,0x61,0x08,0x61,0x08,0x61,0x08,0x62,0x08,0x62,0x08,0x61,0x08,
	0x61,0x08,0x61,0x08,0x61,0x08,0x61,0x08,0x61,0x08,0x61,0x08,0x61,0x08,0x61,0x08,0x41,0x08,0x41,0x08,
	0x41,0x08,0x61,0x08,0x41,0x08,0x41,0x08,0x21,0x08,0x21,0x08,0x20,0x00,0x00,0x00,0x00,0x00,0x00,0x00,
	0x00,0x00,0x00,0x00,0x00,0x00,0x00,0x00,0x00,0x00,0x20,0x00,0xA3,0x18,0xC3,0x18,0x41,0x08,0x41,0x08,
	0x41,0x08,0x41,0x08,0x41,0x08,0x61,0x08,0x61,0x08,0x61,0x08,0x61,0x08,0x41,0x08,0x61,0x08,0x61,0x08,
	0x62,0x08,0x62,0x08,0x42,0x08,0x62,0x08,0x62,0x08,0x61,0x08,0x61,0x08,0x41,0x08,0xA2,0x18,0x09,0xD6,
	0xEA,0xFE,0xCA,0xF6,0xEA,0xF6,0xCA,0xF6,0xCA,0xF6,0xCA,0xF6,0xCA,0xF6,0xCA,0xF6,0xCA,0xF6,0xCA,0xF6,
	0xCA,0xF6,0xEA,0xF6,0xCA,0xF6,0xCA,0xF6,0x2B,0xFF,0xA4,0x5A,0x01,0x00,0x82,0x10,0x62,0x08,0x62,0x10,
	0x62,0x08,0x62,0x08,0x62,0x08,0x62,0x08,0x62,0x08,0x61,0x08,0x61,0x08,0x62,0x08,0x62,0x08,0x62,0x08,
	0x61,0x08,0x62,0x08,0x62,0x08,0x62,0x08,0x62,0x08,0x62,0x08,0x62,0x08,0x62,0x08,0x62,0x10,0x62,0x08,
	0x62,0x10,0x62,0x10,0x62,0x08,0x62,0x08,0x62,0x08,0x62,0x08,0x62,0x08,0x62,0x08,0x62,0x08,0x62,0x08,
	0x62,0x10,0x62,0x08,0x62,0x10,0x62,0x10,0x62,0x08,0x62,0x08,0x62,0x08,0x61,0x08,0x62,0x08,0x62,0x08,
	0x62,0x10,0x62,0x08,0x62,0x08,0x62,0x10,0x62,0x08,0x62,0x08,0x62,0x08,0x62,0x08,0x61,0x08,0x61,0x08,
	0x62,0x08,0x62,0x08,0x61,0x08,0x62,0x10,0x62,0x10,0x62,0x08,0x62,0x08,0x62,0x08,0x62,0x08,0x62,0x10,
	0x62,0x08,0x62,0x08,0x62,0x08,0x62,0x08,0x62,0x10,0x62,0x08,0x81,0x10,0xC9,0xCD,0x0B,0xFF,0xCA,0xF6,
	0xEB,0xF6,0xEB,0xF6,0xEB,0xF6,0xEB,0xF6,0xEB,0xF6,0xEB,0xF6,0xEB,0xF6,0xEA,0xF6,0xEA,0xF6,0xCA,0xF6,
	0x2B,0xFF,0x28,0xBD,0x21,0x08,0x62,0x08,0x62,0x08,0x62,0x08,0x62,0x08,0x62,0x08,0x61,0x08,0x61,0x08,
	0x62,0x08,0x62,0x08,0x62,0x08,0x42,0x08,0x61,0x08,0x41,0x08,0x41,0x08,0x61,0x08,0x41,0x08,0x41,0x08,
	0x41,0x08,0x61,0x08,0x41,0x08,0xC3,0x18,0xC3,0x18,0x20,0x00,0x00,0x00,0x00,0x00,0x00,0x00,0x00,0x00,
	0x00,0x00,0x00,0x00,0x00,0x00,0x00,0x00,0x21,0x08,0xC3,0x18,0xC3,0x18,0x41,0x08,0x41,0x08,0x41,0x08,
	0x41,0x08,0x41,0x08,0x41,0x08,0x61,0x08,0x41,0x08,0x41,0x08,0x41,0x08,0x41,0x08,0x61,0x08,0x41,0x08,
	0x62,0x08,0x41,0x08,0x61,0x08,0x61,0x08,0x61,0x08,0x61,0x08,0x62,0x08,0x41,0x08,0x82,0x18,0xC8,0xDD,
	0xA7,0xFE,0x67,0xF6,0x87,0xF6,0x87,0xF6,0x87,0xF6,0x67,0xF6,0x67,0xF6,0x67,0xF6,0x67,0xF6,0x67,0xF6,
	0x67,0xEE,0x47,0xEE,0x47,0xEE,0x26,0xE6,0xC8,0xFE,0x45,0x73,0x01,0x00,0x82,0x10,0x62,0x08,0x62,0x08,
	0x62,0x08,0x62,0x08,0x62,0x08,0x62,0x08,0x62,0x08,0x61,0x08,0x62,0x08,0x62,0x08,0x62,0x08,0x61,0x08,
	0x61,0x08,0x61,0x08,0x61,0x08,0x62,0x08,0x61,0x08,0x62,0x08,0x62,0x08,0x61,0x10,0x62,0x10,0x62,0x08,
	0x62,0x10,0x62,0x08,0x61,0x08,0x62,0x08,0x61,0x08,0x62,0x08,0x62,0x10,0x62,0x10,0x61,0x08,0x61,0x08,
	0x62,0x08,0x62,0x10,0x62,0x08,0x62,0x10,0x62,0x08,0x62,0x08,0x62,0x08,0x62,0x08,0x61,0x08,0x61,0x08,
	0x61,0x08,0x61,0x08,0x61,0x08,0x62,0x08,0x62,0x08,0x62,0x08,0x62,0x08,0x62,0x08,0x61,0x08,0x61,0x08,
	0x62,0x08,0x62,0x08,0x61,0x08,0x62,0x08,0x62,0x08,0x62,0x08,0x62,0x08,0x61,0x08,0x61,0x08,0x61,0x08,
	0x62,0x08,0x62,0x08,0x61,0x08,0x61,0x08,0x61,0x10,0x21,0x08,0x22,0x29,0x28,0xE6,0x67,0xEE,0x67,0xEE,
	0x68,0xEE,0x68,0xEE,0x67,0xEE,0x68,0xEE,0x68,0xEE,0x68,0xEE,0x68,0xEE,0x67,0xEE,0x67,0xEE,0x47,0xEE,
	0xA8,0xF6,0x07,0xBD,0x41,0x08,0x62,0x08,0x62,0x08,0x62,0x08,0x62,0x08,0x62,0x08,0x62,0x08,0x62,0x08,
	0x62,0x08,0x62,0x08,0x61,0x08,0x61,0x08,0x41,0x08,0x41,0x08,0x41,0x08,0x41,0x08,0x41,0x08,0x41,0x08,
	0x41,0x08,0x41,0x08,0x41,0x08,0x41,0x08,0xA3,0x18,0xE3,0x18,0x41,0x08,0x00,0x00,0x00,0x00,0x00,0x00,
	0x00,0x00,0x00,0x00,0x00,0x00,0x00,0x00,0xA3,0x18,0x62,0x10,0x00,0x00,0x21,0x08,0x41,0x08,0x41,0x08,
	0x41,0x08,0x41,0x08,0x41,0x08,0x61,0x08,0x41,0x08,0x41,0x08,0x41,0x08,0x41,0x08,0x61,0x08,0x61,0x08,
	0x41,0x08,0x61,0x08,0x61,0x08,0x41,0x08,0x61,0x08,0x62,0x08,0x62,0x08,0x61,0x08,0x41,0x08,0x83,0x39,
	0xE3,0x49,0xC2,0x41,0xC2,0x41,0xC2,0x41,0xA2,0x41,0xA3,0x41,0xA3,0x41,0xA2,0x39,0xA3,0x39,0x83,0x39,
	0x83,0x39,0xA8,0xD5,0x87,0xF6,0x47,0xEE,0xA8,0xF6,0x03,0x4A,0x01,0x00,0x61,0x10,0x61,0x08,0x61,0x08,
	0x61,0x10,0x61,0x08,0x61,0x08,0x61,0x08,0x61,0x08,0x62,0x08,0x62,0x08,0x62,0x08,0x62,0x08,0x62,0x08,
	0x62,0x08,0x61,0x08,0x62,0x08,0x62,0x08,0x62,0x08,0x62,0x08,0x62,0x08,0x61,0x08,0x61,0x08,0x62,0x08,
	0x62,0x08,0x62,0x08,0x62,0x08,0x62,0x08,0x61,0x08,0x61,0x08,0x62,0x08,0x62,0x10,0x62,0x08,0x62,0x08,
	0x61,0x08,0x62,0x08,0x62,0x10,0x62,0x08,0x61,0x08,0x61,0x08,0x62,0x08,0x62,0x10,0x61,0x08,0x61,0x08,
	0x62,0x10,0x61,0x08,0x61,0x08,0x61,0x08,0x61,0x08,0x62,0x08,0x62,0x08,0x61,0x08,0x61,0x08,0x61,0x08,
	0x62,0x08,0x62,0x08,0x62,0x08,0x62,0x08,0x62,0x08,0x61,0x08,0x61,0x08,0x61,0x08,0x61,0x08,0x61,0x08,
	0x62,0x08,0x62,0x08,0x62,0x08,0x61,0x08,0x82,0x10,0x01,0x00,0xE3,0x49,0x88,0xF6,0x67,0xEE,0x48,0xE6,
	0x03,0x4A,0x22,0x29,0x62,0x31,0x62,0x31,0x62,0x31,0x62,0x31,0x62,0x31,0x62,0x31,0x62,0x31,0x42,0x31,
	0x62,0x31,0x02,0x21,0x41,0x08,0x61,0x08,0x62,0x08,0x61,0x08,0x61,0x08,0x61,0x08,0x62,0x08,0x61,0x08,
	0x62,0x08,0x61,0x08,0x61,0x08,0x41,0x08,0x61,0x08,0x61,0x08,0x41,0x08,0x61,0x08,0x41,0x08,0x41,0x08,
	0x41,0x08,0x41,0x08,0x41,0x08,0x41,0x08,0x00,0x00,0x41,0x08,0xA3,0x18,0x21,0x08,0x00,0x00,0x00,0x00,
	0x00,0x00,0x00,0x00,0x00,0x00,0x00,0x00,0x00,0x00,0x00,0x00,0x20,0x00,0x21,0x08,0x41,0x08,0x41,0x08,
	0x41,0x08,0x41,0x08,0x41,0x08,0x41,0x08,0x61,0x08,0x41,0x08,0x41,0x08,0x41,0x08,0x41,0x08,0x41,0x08,
	0x41,0x08,0x61,0x08,0x41,0x08,0x41,0x08,0x61,0x08,0x61,0x08,0x62,0x08,0x61,0x08,0x41,0x08,0x00,0x00,
	0x00,0x00,0x00,0x00,0x00,0x00,0x00,0x00,0x00,0x00,0x00,0x00,0x00,0x00,0x00,0x00,0x00,0x00,0x00,0x00,
	0xC5,0x62,0xA8,0xF6,0x26,0xE6,0xC8,0xFE,0xA5,0x8B,0x00,0x00,0x61,0x10,0x61,0x08,0x61,0x08,0x61,0x08,
	0x61,0x08,0x61,0x08,0x62,0x08,0x61,0x08,0x61,0x08,0x61,0x08,0x61,0x08,0x62,0x08,0x62,0x08,0x62,0x08,
	0x62,0x08,0x62,0x08,0x62,0x08,0x62,0x08,0x62,0x08,0x62,0x08,0x62,0x08,0x62,0x08,0x61,0x08,0x62,0x08,
	0x62,0x10,0x61,0x08,0x62,0x08,0x62,0x08,0x61,0x08,0x62,0x10,0x61,0x08,0x62,0x08,0x62,0x08,0x61,0x08,
	0x61,0x08,0x62,0x08,0x62,0x08,0x62,0x10,0x61,0x08,0x61,0x08,0x62,0x08,0x62,0x08,0x61,0x08,0x61,0x08,
	0x62,0x08,0x62,0x08,0x62,0x08,0x61,0x08,0x61,0x08,0x61,0x08,0x61,0x08,0x61,0x08,0x61,0x08,0x61,0x08,
	0x61,0x08,0x61,0x08,0x62,0x08,0x62,0x08,0x61,0x08,0x61,0x08,0x61,0x08,0x62,0x08,0x62,0x08,0x61,0x08,
	0x61,0x08,0x62,0x08,0x62,0x08,0x61,0x08,0x62,0x10,0x01,0x00,0xE4,0x6A,0xC8,0xF6,0x87,0xF6,0x68,0xC5,
	0x00,0x00,0x00,0x00,0x00,0x00,0x00,0x00,0x00,0x00,0x00,0x00,0x00,0x00,0x00,0x00,0x00,0x00,0x00,0x00,
	0x00,0x00,0x00,0x00,0x61,0x08,0x61,0x08,0x61,0x08,0x61,0x08,0x61,0x08,0x61,0x08,0x61,0x08,0x61,0x08,
	0x61,0x08,0x61,0x08,0x41,0x08,0x41,0x08,0x41,0x08,0x41,0x08,0x41,0x08,0x61,0x08,0x41,0x08,0x41,0x08,
	0x41,0x08,0x41,0x08,0x41,0x08,0x21,0x08,0x21,0x08,0x00,0x00,0x00,0x00,0x00,0x00,0x00,0x00,0x00,0x00,
	0x00,0x00,0x00,0x00,0x00,0x00,0x00,0x00,0x00,0x00,0x00,0x00,0x20,0x00,0x21,0x08,0x21,0x08,0x41,0x08,
	0x41,0x08,0x41,0x08,0x41,0x08,0x41,0x08,0x41,0x08,0x41,0x08,0x41,0x08,0x41,0x08,0x41,0x08,0x41,0x08,
	0x41,0x08,0x41,0x08,0x41,0x08,0x41,0x08,0x41,0x08,0x61,0x08,0x61,0x08,0x61,0x08,0x41,0x08,0x61,0x08,
	0x61,0x08,0x61,0x08,0x61,0x08,0x61,0x08,0x61,0x08,0x61,0x10,0x61,0x10,0x81,0x10,0x21,0x00,0x04,0x4A,
	0xAA,0xF6,0x46,0xEE,0xA7,0xF6,0x47,0xBD,0x41,0x08,0x41,0x08,0x61,0x08,0x61,0x08,0x61,0x08,0x62,0x08,
	0x62,0x08,0x62,0x08,0x62,0x08,0x62,0x08,0x62,0x08,0x61,0x08,0x61,0x08,0x61,0x08,0x62,0x08,0x62,0x08,
	0x62,0x08,0x62,0x08,0x62,0x08,0x62,0x08,0x62,0x08,0x61,0x08,0x61,0x08,0x61,0x08,0x61,0x08,0x61,0x08,
	0x62,0x08,0x62,0x08,0x62,0x08,0x62,0x08,0x61,0x08,0x61,0x08,0x61,0x08,0x62,0x08,0x62,0x08,0x61,0x08,
	0x61,0x08,0x62,0x08,0x62,0x08,0x62,0x08,0x61,0x08,0x61,0x08,0x62,0x08,0x62,0x08,0x62,0x08,0x62,0x08,
	0x61,0x08,0x61,0x08,0x61,0x08,0x61,0x08,0x61,0x08,0x61,0x08,0x61,0x08,0x62,0x08,0x62,0x08,0x62,0x08,
	0x62,0x08,0x61,0x08,0x61,0x08,0x61,0x08,0x61,0x08,0x61,0x08,0x61,0x08,0x62,0x08,0x61,0x08,0x61,0x08,
	0x62,0x08,0x62,0x08,0x62,0x08,0x61,0x08,0x62,0x10,0x01,0x00,0x26,0x94,0xC8,0xFE,0xC8,0xFE,0x06,0x94,
	0x00,0x00,0x41,0x08,0x41,0x08,0x61,0x08,0x62,0x10,0x61,0x08,0x21,0x00,0x00,0x00,0x00,0x00,0x21,0x00,
	0x61,0x10,0x61,0x10,0x61,0x08,0x61,0x08,0x61,0x08,0x61,0x08,0x61,0x08,0x61,0x08,0x61,0x08,0x41,0x08,
	0x61,0x08,0x41,0x08,0x41,0x08,0x41,0x08,0x61,0x08,0x41,0x08,0x41,0x08,0x41,0x08,0x41,0x08,0x41,0x08,
	0x41,0x08,0x41,0x08,0x41,0x08,0x21,0x08,0x20,0x00,0x00,0x00,0x00,0x00,0x00,0x00,0x00,0x00,0x00,0x00,
	0x00,0x00,0x00,0x00,0x00,0x00,0x00,0x00,0x00,0x00,0x00,0x00,0x00,0x00,0x20,0x00,0x21,0x08,0x41,0x08,
	0x41,0x08,0x41,0x08,0x41,0x08,0x41,0x08,0x41,0x08,0x41,0x08,0x41,0x08,0x41,0x08,0x41,0x08,0x41,0x08,
	0x41,0x08,0x41,0x08,0x41,0x08,0x61,0x08,0x41,0x08,0x61,0x08,0x61,0x08,0x61,0x08,0x41,0x08,0x41,0x08,
	0x41,0x08,0x41,0x08,0x41,0x08,0x61,0x08,0x61,0x08,0x61,0x08,0x62,0x10,0x41,0x08,0xC2,0x18,0xE9,0xD5,
	0x87,0xEE,0x46,0xEE,0x28,0xE6,0x22,0x29,0x00,0x00,0x61,0x10,0x61,0x08,0x41,0x08,0x61,0x08,0x61,0x08,
	0x62,0x08,0x61,0x08,0x61,0x08,0x61,0x08,0x61,0x08,0x61,0x08,0x61,0x08,0x62,0x08,0x61,0x08,0x61,0x08,
	0x62,0x08,0x62,0x08,0x62,0x08,0x61,0x08,0x61,0x08,0x61,0x08,0x62,0x08,0x62,0x08,0x62,0x08,0x62,0x08,
	0x62,0x08,0x62,0x08,0x61,0x08,0x61,0x08,0x61,0x08,0x62,0x08,0x62,0x08,0x62,0x08,0x61,0x08,0x61,0x08,
	0x61,0x08,0x62,0x08,0x62,0x08,0x61,0x08,0x61,0x08,0x62,0x08,0x62,0x08,0x62,0x08,0x61,0x08,0x61,0x08,
	0x62,0x08,0x62,0x08,0x61,0x08,0x62,0x08,0x61,0x08,0x61,0x08,0x41,0x08,0x41,0x08,0x61,0x08,0x62,0x08,
	0x61,0x08,0x61,0x08,0x41,0x08,0x61,0x08,0x61,0x08,0x61,0x08,0x41,0x08,0x41,0x08,0x61,0x08,0x61,0x08,
	0x62,0x08,0x62,0x08,0x62,0x08,0x62,0x08,0x61,0x08,0x21,0x08,0x07,0xB5,0xA7,0xF6,0x88,0xEE,0x89,0xC5,
	0x48,0x94,0x09,0xAD,0x4A,0xBD,0x8A,0xC5,0x8A,0xC5,0x69,0xBD,0x09,0xB5,0x48,0x94,0x26,0x6B,0x84,0x31,
	0x21,0x00,0x01,0x00,0x61,0x10,0x61,0x08,0x61,0x08,0x61,0x08,0x41,0x08,0x41,0x08,0x41,0x08,0x41,0x08,
	0x41,0x08,0x61,0x08,0x41,0x08,0x41,0x08,0x41,0x08,0x41,0x08,0x41,0x08,0x41,0x08,0x41,0x08,0x41,0x08,
	0x41,0x08,0x41,0x08,0x21,0x08,0x21,0x08,0x20,0x00,0x00,0x00,0x00,0x00,0x00,0x00,0x00,0x00,0x00,0x00,
	0x00,0x00,0x00,0x00,0x00,0x00,0x00,0x00,0x00,0x00,0x00,0x00,0x00,0x00,0x20,0x00,0x21,0x08,0x21,0x08,
	0x41,0x08,0x41,0x08,0x41,0x08,0x41,0x08,0x41,0x08,0x41,0x08,0x41,0x08,0x41,0x08,0x41,0x08,0x41,0x08,
	0x41,0x08,0x41,0x08,0x41,0x08,0x41,0x08,0x41,0x08,0x41,0x08,0x41,0x08,0x41,0x08,0x41,0x08,0x41,0x08,
	0x61,0x08,0x41,0x08,0x61,0x08,0x61,0x08,0x61,0x08,0x61,0x08,0x62,0x10,0x21,0x08,0xA8,0xAC,0xC8,0xF6,
	0x26,0xE6,0xA8,0xF6,0x84,0x62,0x00,0x00,0x61,0x10,0x41,0x08,0x41,0x08,0x61,0x08,0x61,0x08,0x61,0x08,
	0x62,0x08,0x61,0x08,0x61,0x08,0x61,0x08,0x61,0x08,0x61,0x08,0x61,0x08,0x61,0x08,0x61,0x08,0x61,0x08,
	0x61,0x08,0x61,0x08,0x62,0x08,0x61,0x08,0x62,0x08,0x62,0x08,0x62,0x08,0x41,0x08,0x61,0x08,0x61,0x08,
	0x61,0x08,0x61,0x08,0x61,0x08,0x61,0x08,0x61,0x08,0x61,0x08,0x61,0x08,0x61,0x08,0x61,0x08,0x61,0x08,
	0x61,0x08,0x41,0x08,0x62,0x08,0x61,0x08,0x61,0x08,0x62,0x08,0x62,0x08,0x62,0x08,0x61,0x08,0x61,0x08,
	0x62,0x08,0x42,0x08,0x61,0x08,0x62,0x08,0x62,0x08,0x61,0x08,0x61,0x08,0x41,0x08,0x61,0x08,0x61,0x08,
	0x61,0x08,0x41,0x08,0x61,0x08,0x61,0x08,0x41,0x08,0x41,0x08,0x61,0x08,0x61,0x08,0x61,0x08,0x41,0x08,
	0x61,0x08,0x61,0x08,0x62,0x08,0x61,0x08,0x41,0x08,0xA2,0x18,0x28,0xE6,0x86,0xF6,0x46,0xEE,0xA7,0xFE,
	0x09,0xFF,0x08,0xFF,0xE8,0xFE,0xE8,0xFE,0xE8,0xFE,0xE8,0xFE,0x08,0xFF,0x09,0xFF,0xE9,0xFE,0xAA,0xEE,
	0x29,0xB5,0xA4,0x39,0x01,0x00,0x61,0x10,0x61,0x08,0x61,0x08,0x61,0x08,0x41,0x08,0x41,0x08,0x41,0x08,
	0x41,0x08,0x41,0x08,0x41,0x08,0x41,0x08,0x41,0x08,0x41,0x08,0x41,0x08,0x41,0x08,0x41,0x08,0x41,0x08,
	0x41,0x08,0x41,0x08,0x21,0x08,0x20,0x00,0x20,0x00,0x00,0x00,0x00,0x00,0x00,0x00,0x00,0x00,0x00,0x00,
	0x00,0x00,0x00,0x00,0x00,0x00,0x00,0x00,0x00,0x00,0x00,0x00,0x00,0x00,0x20,0x00,0x21,0x08,0x21,0x08,
	0x41,0x08,0x21,0x08,0x41,0x08,0x41,0x08,0x41,0x08,0x41,0x08,0x41,0x08,0x41,0x08,0x41,0x08,0x41,0x08,
	0x41,0x08,0x41,0x08,0x41,0x08,0x41,0x08,0x41,0x08,0x41,0x08,0x41,0x08,0x41,0x08,0x41,0x08,0x41,0x08,
	0x41,0x08,0x41,0x08,0x61,0x08,0x61,0x08,0x61,0x08,0x62,0x10,0x01,0x00,0x46,0x73,0xE9,0xFE,0x06,0xE6,
	0xA7,0xF6,0x25,0x9C,0x00,0x00,0x61,0x08,0x61,0x08,0x61,0x08,0x41,0x08,0x41,0x08,0x61,0x08,0x61,0x08,
	0x61,0x08,0x41,0x08,0x61,0x08,0x41,0x08,0x61,0x08,0x61,0x08,0x41,0x08,0x61,0x08,0x61,0x08,0x41,0x08,
	0x41,0x08,0x61,0x08,0x61,0x08,0x61,0x08,0x61,0x08,0x61,0x08,0x61,0x08,0x41,0x08,0x61,0x08,0x62,0x08,
	0x41,0x08,0x41,0x08,0x41,0x08,0x61,0x08,0x61,0x08,0x61,0x08,0x62,0x08,0x62,0x08,0x61,0x08,0x62,0x08,
	0x61,0x08,0x61,0x08,0x61,0x08,0x61,0x08,0x41,0x08,0x61,0x08,0x61,0x08,0x61,0x08,0x62,0x08,0x61,0x08,
	0x61,0x08,0x41,0x08,0x61,0x08,0x61,0x08,0x62,0x08,0x61,0x08,0x61,0x08,0x61,0x08,0x61,0x08,0x61,0x08,
	0x41,0x08,0x41,0x08,0x41,0x08,0x41,0x08,0x61,0x08,0x41,0x08,0x41,0x08,0x61,0x08,0x61,0x08,0x61,0x08,
	0x61,0x08,0x61,0x08,0x61,0x08,0x61,0x08,0x41,0x08,0x61,0x10,0x06,0x94,0xE7,0xDD,0x27,0xE6,0x87,0xCD,
	0xC6,0xB4,0x25,0x9C,0xC5,0x8B,0x85,0x83,0xA5,0x83,0xE5,0x93,0x86,0xAC,0x87,0xCD,0x87,0xF6,0x87,0xF6,
	0xC8,0xF6,0xAA,0xEE,0x85,0x5A,0x01,0x00,0x61,0x10,0x41,0x08,0x41,0x08,0x61,0x08,0x41,0x08,0x41,0x08,
	0x41,0x08,0x41,0x08,0x41,0x08,0x61,0x08,0x41,0x08,0x41,0x08,0x41,0x08,0x41,0x08,0x41,0x08,0x21,0x08,
	0x41,0x08,0x41,0x08,0x21,0x08,0x20,0x00,0x00,0x00,0x00,0x00,0x00,0x00,0x00,0x00,0x00,0x00,0x00,0x00,
	0x00,0x00,0x00,0x00,0x00,0x00,0x00,0x00,0x00,0x00,0x00,0x00,0x00,0x00,0x00,0x00,0x20,0x00,0x21,0x08,
	0x20,0x00,0x82,0x10,0x62,0x10,0x41,0x08,0x41,0x08,0x41,0x08,0x41,0x08,0x41,0x08,0x41,0x08,0x41,0x08,
	0x41,0x08,0x41,0x08,0x41,0x08,0x41,0x08,0x41,0x08,0x41,0x08,0x41,0x08,0x41,0x08,0x41,0x08,0x41,0x08,
	0x41,0x08,0x61,0x08,0x41,0x08,0x61,0x08,0x62,0x10,0x01,0x00,0xC3,0x41,0x89,0xEE,0x26,0xE6,0x87,0xF6,
	0x87,0xCD,0x81,0x10,0x41,0x08,0x41,0x08,0x41,0x08,0x61,0x08,0x41,0x08,0x41,0x08,0x41,0x08,0x41,0x08,
	0x41,0x08,0x41,0x08,0x41,0x08,0x41,0x08,0x41,0x08,0x61,0x08,0x41,0x08,0x61,0x08,0x41,0x08,0x41,0x08,
	0x61,0x08,0x61,0x08,0x61,0x08,0x61,0x08,0x61,0x08,0x61,0x08,0x41,0x08,0x41,0x08,0x62,0x08,0x61,0x08,
	0x61,0x08,0x61,0x08,0x61,0x08,0x61,0x08,0x61,0x08,0x61,0x08,0x62,0x08,0x62,0x10,0x62,0x10,0x62,0x10,
	0x82,0x10,0x82,0x10,0x62,0x10,0x62,0x10,0x62,0x10,0x61,0x08,0x61,0x08,0x41,0x08,0x62,0x08,0x61,0x08,
	0x41,0x08,0x61,0x08,0x61,0x08,0x41,0x08,0x61,0x08,0x61,0x08,0x61,0x08,0x61,0x08,0x61,0x08,0x41,0x08,
	0x61,0x08,0x41,0x08,0x41,0x08,0x61,0x08,0x41,0x08,0x41,0x08,0x61,0x08,0x61,0x08,0x41,0x08,0x41,0x08,
	0x41,0x08,0x41,0x08,0x61,0x08,0x61,0x08,0x61,0x08,0x21,0x08,0x00,0x00,0xA1,0x18,0x02,0x21,0x61,0x10,
	0x00,0x00,0x00,0x00,0x00,0x00,0x00,0x00,0x00,0x00,0x00,0x00,0x00,0x00,0x81,0x10,0x03,0x4A,0x67,0xC5,
	0x67,0xEE,0x66,0xEE,0x49,0xE6,0x22,0x29,0x21,0x08,0x61,0x08,0x61,0x08,0x41,0x08,0x41,0x08,0x41,0x08,
	0x41,0x08,0x41,0x08,0x41,0x08,0x41,0x08,0x41,0x08,0x41,0x08,0x41,0x08,0x41,0x08,0x41,0x08,0xC3,0x18,
	0x41,0x08,0x20,0x00,0x21,0x08,0x00,0x00,0x00,0x00,0x00,0x00,0x00,0x00,0x00,0x00,0x00,0x00,0x00,0x00,
	0x00,0x00,0x00,0x00,0x00,0x00,0x00,0x00,0x00,0x00,0x00,0x00,0x00,0x00,0x00,0x00,0x00,0x00,0x00,0x00,
	0xC3,0x18,0x04,0x21,0x41,0x08,0x41,0x08,0x41,0x08,0x41,0x08,0x41,0x08,0x41,0x08,0x41,0x08,0x41,0x08,
	0x41,0x08,0x41,0x08,0x41,0x08,0x41,0x08,0x41,0x08,0x41,0x08,0x41,0x08,0x41,0x08,0x41,0x08,0x41,0x08,
	0x41,0x08,0x41,0x08,0x41,0x08,0x61,0x08,0x21,0x08,0xA2,0x18,0xC8,0xD5,0x67,0xEE,0x26,0xE6,0x68,0xEE,
	0x83,0x39,0x00,0x00,0x61,0x08,0x41,0x08,0x41,0x08,0x41,0x08,0x41,0x08,0x61,0x08,0x41,0x08,0x41,0x08,
	0x41,0x08,0x41,0x08,0x41,0x08,0x41,0x08,0x61,0x08,0x41,0x08,0x41,0x08,0x41,0x08,0x41,0x08,0x41,0x08,
	0x41,0x08,0x61,0x08,0x42,0x08,0x41,0x08,0x61,0x08,0x61,0x08,0x41,0x08,0x61,0x08,0x61,0x08,0x62,0x08,
	0x61,0x08,0x61,0x08,0x41,0x08,0x61,0x08,0x61,0x08,0x61,0x10,0x62,0x10,0x41,0x08,0x21,0x00,0x01,0x00,
	0x01,0x00,0x01,0x00,0x01,0x00,0x01,0x00,0x01,0x00,0x41,0x08,0x61,0x08,0x81,0x10,0x61,0x08,0x61,0x08,
	0x62,0x08,0x62,0x08,0x61,0x08,0x41,0x08,0x61,0x08,0x61,0x08,0x41,0x08,0x41,0x08,0x41,0x08,0x41,0x08,
	0x41,0x08,0x41,0x08,0x61,0x08,0x41,0x08,0x41,0x08,0x41,0x08,0x41,0x08,0x41,0x08,0x41,0x08,0x61,0x08,
	0x41,0x08,0x61,0x08,0x41,0x08,0x61,0x08,0x61,0x08,0x41,0x08,0x61,0x10,0x00,0x00,0x00,0x00,0x00,0x00,
	0x21,0x08,0x41,0x08,0x41,0x08,0x41,0x08,0x41,0x08,0x41,0x08,0x41,0x08,0x20,0x00,0x00,0x00,0x22,0x29,
	0x47,0xE6,0x26,0xEE,0xA8,0xF6,0xA4,0x62,0x01,0x00,0x61,0x10,0x41,0x08,0x41,0x08,0x41,0x08,0x41,0x08,
	0x41,0x08,0x41,0x08,0x41,0x08,0x41,0x08,0x41,0x08,0x41,0x08,0x41,0x08,0x41,0x08,0x41,0x08,0xC3,0x18,
	0x04,0x21,0x21,0x08,0x00,0x00,0x00,0x00,0x00,0x00,0x00,0x00,0x00,0x00,0x00,0x00,0x00,0x00,0x00,0x00,
	0x00,0x00,0x00,0x00,0x00,0x00,0x00,0x00,0x00,0x00,0x00,0x00,0x00,0x00,0x00,0x00,0x00,0x00,0xC3,0x18,
	0xE3,0x18,0x20,0x00,0x21,0x08,0x41,0x08,0x41,0x08,0x41,0x08,0x41,0x08,0x41,0x08,0x41,0x08,0x41,0x08,
	0x41,0x08,0x41,0x08,0x41,0x08,0x41,0x08,0x41,0x08,0x41,0x08,0x41,0x08,0x41,0x08,0x41,0x08,0x41,0x08,
	0x41,0x08,0x41,0x08,0x41,0x08,0x61,0x08,0x01,0x00,0x67,0xA4,0xA7,0xF6,0x06,0xE6,0xA7,0xF6,0x04,0x73,
	0x00,0x00,0x61,0x10,0x41,0x08,0x41,0x08,0x41,0x08,0x41,0x08,0x41,0x08,0x41,0x08,0x41,0x08,0x41,0x08,
	0x61,0x08,0x61,0x08,0x41,0x08,0x41,0x08,0x41,0x08,0x41,0x08,0x41,0x08,0x41,0x08,0x41,0x08,0x41,0x08,
	0x41,0x08,0x62,0x08,0x41,0x08,0x41,0x08,0x62,0x08,0x62,0x08,0x62,0x08,0x62,0x08,0x62,0x08,0x41,0x08,
	0x61,0x08,0x61,0x08,0x61,0x08,0x61,0x10,0x61,0x08,0x01,0x00,0x01,0x00,0xC2,0x18,0xA4,0x39,0x65,0x52,
	0xC6,0x62,0xE6,0x62,0xA6,0x5A,0x45,0x52,0xA4,0x39,0xC2,0x18,0x21,0x08,0x00,0x00,0x01,0x00,0x61,0x08,
	0x41,0x08,0x41,0x08,0x41,0x08,0x41,0x08,0x41,0x08,0x41,0x08,0x61,0x08,0x41,0x08,0x41,0x08,0x41,0x08,
	0x61,0x08,0x41,0x08,0x41,0x08,0x41,0x08,0x41,0x08,0x41,0x08,0x41,0x08,0x41,0x08,0x41,0x08,0x41,0x08,
	0x41,0x08,0x41,0x08,0x41,0x08,0x41,0x08,0x61,0x08,0x41,0x08,0x00,0x00,0x00,0x00,0x21,0x08,0x41,0x08,
	0x41,0x08,0x61,0x08,0x61,0x08,0x61,0x08,0x61,0x08,0x61,0x08,0x61,0x08,0x41,0x08,0x00,0x00,0x43,0x31,
	0x48,0xEE,0x26,0xEE,0xA7,0xF6,0x64,0x5A,0x01,0x00,0x61,0x10,0x41,0x08,0x41,0x08,0x41,0x08,0x41,0x08,
	0x41,0x08,0x41,0x08,0x41,0x08,0x41,0x08,0x41,0x08,0x41,0x08,0x41,0x08,0x41,0x08,0x41,0x08,0x20,0x00,
	0xA2,0x10,0x04,0x21,0x41,0x08,0x00,0x00,0x00,0x00,0x00,0x00,0x00,0x00,0x00,0x00,0x00,0x00,0x00,0x00,
	0x00,0x00,0x00,0x00,0x00,0x00,0x00,0x00,0x00,0x00,0x00,0x00,0x00,0x00,0x00,0x00,0x62,0x10,0xA2,0x10,
	0x00,0x00,0x20,0x00,0x21,0x08,0x21,0x08,0x41,0x08,0x41,0x08,0x41,0x08,0x41,0x08,0x41,0x08,0x41,0x08,
	0x41,0x08,0x41,0x08,0x41,0x08,0x41,0x08,0x41,0x08,0x41,0x08,0x41,0x08,0x41,0x08,0x41,0x08,0x41,0x08,
	0x41,0x08,0x41,0x08,0x61,0x10,0x00,0x00,0x05,0x73,0xA8,0xF6,0xE6,0xE5,0x87,0xF6,0x86,0xAC,0x00,0x00,
	0x41,0x08,0x61,0x08,0x41,0x08,0x41,0x08,0x41,0x08,0x41,0x08,0x41,0x08,0x41,0x08,0x41,0x08,0x41,0x08,
	0x41,0x08,0x41,0x08,0x41,0x08,0x41,0x08,0x41,0x08,0x41,0x08,0x41,0x08,0x41,0x08,0x41,0x08,0x41,0x08,
	0x41,0x08,0x61,0x08,0x61,0x08,0x41,0x08,0x41,0x08,0x61,0x08,0x61,0x08,0x61,0x08,0x61,0x08,0x41,0x08,
	0x61,0x08,0x41,0x08,0x61,0x10,0x01,0x00,0x41,0x08,0x85,0x52,0xC9,0xAC,0x0A,0xD6,0xAA,0xEE,0xEA,0xFE,
	0x09,0xFF,0x09,0xFF,0x0A,0xFF,0xEA,0xFE,0xAA,0xEE,0x0A,0xDE,0x29,0xB5,0xE8,0x83,0xE4,0x41,0x41,0x08,
	0x61,0x08,0x41,0x08,0x41,0x08,0x41,0x08,0x41,0x08,0x41,0x08,0x41,0x08,0x41,0x08,0x41,0x08,0x41,0x08,
	0x41,0x08,0x41,0x08,0x41,0x08,0x41,0x08,0x41,0x08,0x41,0x08,0x41,0x08,0x41,0x08,0x41,0x08,0x61,0x08,
	0x41,0x08,0x41,0x08,0x41,0x08,0x61,0x08,0x41,0x08,0x61,0x10,0x06,0x6B,0x04,0x4A,0xE2,0x20,0x41,0x08,
	0x01,0x00,0x01,0x00,0x00,0x00,0x00,0x00,0x00,0x00,0x00,0x00,0x01,0x00,0x81,0x10,0x24,0x4A,0x89,0xC5,
	0x68,0xEE,0x66,0xF6,0x07,0xDE,0xC1,0x18,0x21,0x08,0x61,0x08,0x41,0x08,0x41,0x08,0x41,0x08,0x41,0x08,
	0x41,0x08,0x41,0x08,0x41,0x08,0x41,0x08,0x41,0x08,0x41,0x08,0x41,0x08,0x41,0x08,0x21,0x08,0x21,0x08,
	0x00,0x00,0x61,0x08,0xC3,0x18,0x00,0x00,0x00,0x00,0x00,0x00,0x00,0x00,0x00,0x00,0x00,0x00,0x00,0x00,
	0x00,0x00,0x00,0x00,0x00,0x00,0x00,0x00,0x00,0x00,0x00,0x00,0x00,0x00,0x00,0x00,0x00,0x00,0x00,0x00,
	0x00,0x00,0x20,0x00,0x20,0x00,0x21,0x08,0x21,0x08,0x41,0x08,0x41,0x08,0x41,0x08,0x41,0x08,0x41,0x08,
	0x41,0x08,0x41,0x08,0x41,0x08,0x41,0x08,0x41,0x08,0x41,0x08,0x41,0x08,0x41,0x08,0x41,0x08,0x41,0x08,
	0x41,0x08,0x61,0x10,0x01,0x00,0xA3,0x39,0x48,0xE6,0x06,0xE6,0x46,0xEE,0xC7,0xD5,0xC1,0x18,0x20,0x00,
	0x61,0x08,0x41,0x08,0x41,0x08,0x41,0x08,0x41,0x08,0x41,0x08,0x41,0x08,0x41,0x08,0x41,0x08,0x41,0x08,
	0x41,0x08,0x41,0x08,0x41,0x08,0x41,0x08,0x41,0x08,0x41,0x08,0x41,0x08,0x41,0x08,0x41,0x08,0x41,0x08,
	0x41,0x08,0x61,0x08,0x41,0x08,0x41,0x08,0x41,0x08,0x41,0x08,0x41,0x08,0x41,0x08,0x41,0x08,0x41,0x08,
	0x61,0x08,0x61,0x10,0x00,0x00,0xA4,0x39,0x69,0xC5,0xCA,0xFE,0xE8,0xFE,0xE7,0xFE,0x87,0xF6,0x26,0xE6,
	0xC6,0xDD,0xA6,0xD5,0xC6,0xDD,0x06,0xE6,0x67,0xF6,0xC7,0xFE,0x08,0xFF,0x8A,0xFF,0x47,0x94,0x01,0x00,
	0x61,0x10,0x41,0x08,0x41,0x08,0x41,0x08,0x41,0x08,0x41,0x08,0x41,0x08,0x41,0x08,0x41,0x08,0x41,0x08,
	0x41,0x08,0x41,0x08,0x41,0x08,0x41,0x08,0x41,0x08,0x41,0x08,0x41,0x08,0x41,0x08,0x41,0x08,0x41,0x08,
	0x41,0x08,0x41,0x08,0x41,0x08,0x61,0x08,0x21,0x08,0x07,0x94,0x29,0xFF,0x89,0xEE,0x09,0xDE,0x49,0xBD,
	0xA8,0xA4,0x27,0x94,0xC7,0x83,0xA7,0x83,0xC7,0x83,0x28,0x94,0xC8,0xAC,0xC9,0xCD,0xA9,0xF6,0x87,0xF6,
	0x87,0xFE,0x47,0xE6,0x03,0x4A,0x00,0x00,0x61,0x08,0x41,0x08,0x41,0x08,0x41,0x08,0x41,0x08,0x41,0x08,
	0x41,0x08,0x41,0x08,0x41,0x08,0x41,0x08,0x41,0x08,0x41,0x08,0x41,0x08,0x21,0x08,0x21,0x08,0x20,0x00,
	0x20,0x00,0x00,0x00,0x00,0x00,0x00,0x00,0x00,0x00,0x00,0x00,0x00,0x00,0x00,0x00,0x00,0x00,0x00,0x00,
	0x00,0x00,0x00,0x00,0x00,0x00,0x00,0x00,0x00,0x00,0x00,0x00,0x00,0x00,0x00,0x00,0x00,0x00,0x00,0x00,
	0x00,0x00,0x00,0x00,0x20,0x00,0x20,0x00,0x21,0x08,0x41,0x08,0x41,0x08,0x41,0x08,0x41,0x08,0x21,0x08,
	0x41,0x08,0x41,0x08,0x41,0x08,0x41,0x08,0x41,0x08,0x41,0x08,0x41,0x08,0x41,0x08,0x41,0x08,0x41,0x08,
	0x61,0x08,0x41,0x08,0xE2,0x20,0x08,0xDE,0xA7,0xFE,0x66,0xF6,0x47,0xEE,0xC3,0x41,0x00,0x00,0x61,0x08,
	0x41,0x08,0x41,0x08,0x41,0x08,0x41,0x08,0x41,0x08,0x41,0x08,0x41,0x08,0x41,0x08,0x41,0x08,0x41,0x08,
	0x41,0x08,0x41,0x08,0x41,0x08,0x41,0x08,0x41,0x08,0x41,0x08,0x41,0x08,0x41,0x08,0x41,0x08,0x41,0x08,
	0x41,0x08,0x41,0x08,0x41,0x08,0x41,0x08,0x41,0x08,0x41,0x08,0x41,0x08,0x41,0x08,0x61,0x08,0x41,0x08,
	0x61,0x10,0x01,0x00,0x24,0x52,0xAA,0xEE,0xA8,0xF6,0x87,0xF6,0xC7,0xD5,0xA5,0x8B,0x03,0x4A,0x02,0x29,
	0xC1,0x18,0xA1,0x18,0xA1,0x18,0x01,0x21,0x82,0x39,0xA4,0x62,0x25,0x9C,0x86,0xAC,0x81,0x10,0x21,0x08,
	0x61,0x08,0x41,0x08,0x41,0x08,0x41,0x08,0x41,0x08,0x41,0x08,0x41,0x08,0x41,0x08,0x41,0x08,0x41,0x08,
	0x41,0x08,0x41,0x08,0x41,0x08,0x41,0x08,0x41,0x08,0x41,0x08,0x41,0x08,0x41,0x08,0x41,0x08,0x41,0x08,
	0x41,0x08,0x41,0x08,0x41,0x08,0x41,0x08,0x82,0x18,0x87,0xA4,0xA6,0xD5,0x26,0xE6,0x86,0xF6,0xC7,0xFE,
	0xC7,0xFE,0xE8,0xFE,0xE8,0xFE,0xE8,0xFE,0xE8,0xFE,0xE8,0xFE,0xE8,0xFE,0xC7,0xFE,0x87,0xF6,0x07,0xE6,
	0x86,0xAC,0x42,0x31,0x00,0x00,0x41,0x08,0x41,0x08,0x41,0x08,0x41,0x08,0x41,0x08,0x41,0x08,0x41,0x08,
	0x41,0x08,0x41,0x08,0x41,0x08,0x41,0x08,0x41,0x08,0x41,0x08,0x21,0x08,0x20,0x00,0x20,0x00,0x00,0x00,
	0x00,0x00,0x00,0x00,0x00,0x00,0x00,0x00,0x00,0x00,0x00,0x00,0x00,0x00,0x00,0x00,0x00,0x00,0x00,0x00,
	0x21,0x08,0x00,0x00,0x00,0x00,0x00,0x00,0x00,0x00,0x00,0x00,0x00,0x00,0x00,0x00,0x00,0x00,0x00,0x00,
	0x00,0x00,0x00,0x00,0x00,0x00,0x20,0x00,0x21,0x08,0x21,0x08,0x21,0x08,0x41,0x08,0x41,0x08,0x62,0x10,
	0x41,0x08,0x41,0x08,0x41,0x08,0x41,0x08,0x41,0x08,0x41,0x08,0x41,0x08,0x41,0x08,0x41,0x08,0x41,0x08,
	0x61,0x08,0x21,0x08,0xE2,0x20,0x63,0x5A,0x22,0x52,0x43,0x5A,0x82,0x39,0x00,0x00,0x41,0x08,0x41,0x08,
	0x41,0x08,0x41,0x08,0x41,0x08,0x41,0x08,0x41,0x08,0x41,0x08,0x41,0x08,0x41,0x08,0x41,0x08,0x41,0x08,
	0x41,0x08,0x41,0x08,0x41,0x08,0x41,0x08,0x41,0x08,0x41,0x08,0x41,0x08,0x41,0x08,0x41,0x08,0x41,0x08,
	0x41,0x08,0x41,0x08,0x41,0x08,0x41,0x08,0x41,0x08,0x41,0x08,0x41,0x08,0x41,0x08,0x41,0x08,0x61,0x08,
	0x21,0x00,0x23,0x29,0x49,0xE6,0x67,0xEE,0x87,0xF6,0xA6,0xAC,0xE2,0x20,0x00,0x00,0x00,0x00,0x00,0x00,
	0x00,0x00,0x00,0x00,0x00,0x00,0x00,0x00,0x00,0x00,0x00,0x00,0x00,0x00,0x00,0x00,0x21,0x00,0x41,0x08,
	0x41,0x08,0x41,0x08,0x41,0x08,0x41,0x08,0x41,0x08,0x41,0x08,0x41,0x08,0x41,0x08,0x41,0x08,0x41,0x08,
	0x41,0x08,0x41,0x08,0x41,0x08,0x41,0x08,0x41,0x08,0x41,0x08,0x41,0x08,0x41,0x08,0x41,0x08,0x41,0x08,
	0x41,0x08,0x41,0x08,0x41,0x08,0x61,0x08,0x21,0x08,0x00,0x00,0x81,0x18,0x82,0x39,0x83,0x5A,0x64,0x83,
	0x05,0x9C,0x85,0xAC,0xC6,0xBC,0xE6,0xBC,0xE5,0xBC,0xA5,0xB4,0x45,0xA4,0x85,0x83,0x63,0x5A,0x02,0x29,
	0x00,0x00,0x00,0x00,0x41,0x08,0x41,0x08,0x41,0x08,0x41,0x08,0x41,0x08,0x41,0x08,0x41,0x08,0x41,0x08,
	0x41,0x08,0x61,0x08,0x41,0x08,0x21,0x08,0x41,0x08,0x21,0x08,0x21,0x08,0x20,0x00,0x00,0x00,0x00,0x00,
	0x00,0x00,0x00,0x00,0x00,0x00,0x00,0x00,0x00,0x00,0x00,0x00,0x00,0x00,0x00,0x00,0x00,0x00,0x00,0x00,
	0x62,0x10,0x00,0x00,0x00,0x00,0x00,0x00,0x00,0x00,0x00,0x00,0x00,0x00,0x00,0x00,0x00,0x00,0x00,0x00,
	0x00,0x00,0x00,0x00,0x00,0x00,0x00,0x00,0x20,0x00,0x20,0x00,0x21,0x08,0x20,0x00,0xE3,0x18,0xC3,0x18,
	0x21,0x08,0x41,0x08,0x41,0x08,0x41,0x08,0x41,0x08,0x41,0x08,0x41,0x08,0x41,0x08,0x41,0x08,0x41,0x08,
	0x41,0x08,0x41,0x08,0x00,0x00,0x00,0x00,0x00,0x00,0x00,0x00,0x00,0x00,0x41,0x08,0x41,0x08,0x41,0x08,
	0x41,0x08,0x41,0x08,0x41,0x08,0x41,0x08,0x41,0x08,0x41,0x08,0x41,0x08,0x41,0x08,0x41,0x08,0x41,0x08,
	0x41,0x08,0x41,0x08,0x41,0x08,0x41,0x08,0x41,0x08,0x41,0x08,0x41,0x08,0x41,0x08,0x41,0x08,0x41,0x08,
	0x41,0x08,0x41,0x08,0x41,0x08,0x41,0x08,0x41,0x08,0x41,0x08,0x41,0x08,0x41,0x08,0x41,0x08,0x61,0x08,
	0x01,0x00,0x47,0x9C,0xA7,0xF6,0x67,0xEE,0x47,0xC5,0x20,0x08,0x00,0x00,0x00,0x00,0x20,0x00,0x61,0x08,
	0x82,0x10,0xA2,0x18,0x82,0x10,0x41,0x08,0x00,0x00,0x00,0x00,0x00,0x00,0x41,0x08,0x61,0x08,0x41,0x08,
	0x41,0x08,0x41,0x08,0x41,0x08,0x41,0x08,0x41,0x08,0x41,0x08,0x41,0x08,0x41,0x08,0x41,0x08,0x41,0x08,
	0x41,0x08,0x41,0x08,0x41,0x08,0x41,0x08,0x41,0x08,0x41,0x08,0x41,0x08,0x41,0x08,0x41,0x08,0x41,0x08,
	0x41,0x08,0x41,0x08,0x41,0x08,0x41,0x08,0x41,0x08,0x21,0x08,0x00,0x00,0x00,0x00,0x00,0x00,0x00,0x00,
	0x00,0x00,0x00,0x00,0x00,0x00,0x20,0x00,0x00,0x00,0x00,0x00,0x00,0x00,0x00,0x00,0x00,0x00,0x00,0x00,
	0x20,0x08,0x41,0x08,0x41,0x08,0x41,0x08,0x41,0x08,0x41,0x08,0x41,0x08,0x41,0x08,0x41,0x08,0x41,0x08,
	0x41,0x08,0x62,0x10,0x04,0x21,0x41,0x08,0x20,0x00,0x21,0x08,0x20,0x00,0x00,0x00,0x00,0x00,0x00,0x00,
	0x00,0x00,0x00,0x00,0x00,0x00,0x00,0x00,0x00,0x00,0x00,0x00,0x00,0x00,0x00,0x00,0x00,0x00,0x00,0x00,
	0x20,0x00,0x41,0x08,0x00,0x00,0x00,0x00,0x00,0x00,0x00,0x00,0x00,0x00,0x00,0x00,0x00,0x00,0x00,0x00,
	0x00,0x00,0x00,0x00,0x00,0x00,0x00,0x00,0x00,0x00,0x00,0x00,0x00,0x00,0xC3,0x18,0xE3,0x18,0x20,0x00,
	0x41,0x08,0x41,0x08,0x41,0x08,0x41,0x08,0x41,0x08,0x41,0x08,0x41,0x08,0x41,0x08,0x41,0x08,0x41,0x08,
	0x41,0x08,0x41,0x08,0x41,0x08,0x41,0x08,0x41,0x08,0x41,0x08,0x41,0x08,0x41,0x08,0x41,0x08,0x41,0x08,
	0x41,0x08,0x41,0x08,0x41,0x08,0x41,0x08,0x41,0x08,0x41,0x08,0x41,0x08,0x41,0x08,0x41,0x08,0x41,0x08,
	0x41,0x08,0x41,0x08,0x41,0x08,0x41,0x08,0x41,0x08,0x41,0x08,0x41,0x08,0x41,0x08,0x41,0x08,0x41,0x08,
	0x41,0x08,0x41,0x08,0x41,0x08,0x41,0x08,0x41,0x08,0x41,0x08,0x41,0x08,0x41,0x08,0x41,0x08,0x41,0x08,
	0xC2,0x18,0xC8,0xD5,0x46,0xEE,0xA8,0xF6,0xE3,0x49,0x61,0x08,0x65,0x52,0xC7,0x8B,0xE9,0xAC,0x69,0xC5,
	0xC9,0xCD,0xC9,0xCD,0xA9,0xCD,0x49,0xBD,0xA8,0xA4,0x67,0x7B,0xA4,0x39,0x21,0x00,0x00,0x00,0x61,0x08,
	0x41,0x08,0x41,0x08,0x41,0x08,0x41,0x08,0x41,0x08,0x41,0x08,0x41,0x08,0x41,0x08,0x41,0x08,0x41,0x08,
	0x41,0x08,0x41,0x08,0x41,0x08,0x41,0x08,0x41,0x08,0x41,0x08,0x41,0x08,0x41,0x08,0x41,0x08,0x41,0x08,
	0x41,0x08,0x41,0x08,0x41,0x08,0x41,0x08,0x41,0x08,0x41,0x08,0x41,0x08,0x41,0x08,0x41,0x08,0x41,0x08,
	0x41,0x08,0x20,0x08,0x20,0x08,0x20,0x00,0x20,0x00,0x20,0x00,0x40,0x08,0x41,0x08,0x41,0x08,0x41,0x08,
	0x41,0x08,0x41,0x08,0x41,0x08,0x41,0x08,0x41,0x08,0x41,0x08,0x41,0x08,0x41,0x08,0x41,0x08,0x41,0x08,
	0x41,0x08,0x21,0x08,0x82,0x10,0x04,0x21,0x21,0x08,0x00,0x00,0x00,0x00,0x00,0x00,0x00,0x00,0x00,0x00,
	0x00,0x00,0x00,0x00,0x00,0x00,0x00,0x00,0x00,0x00,0x00,0x00,0x00,0x00,0x00,0x00,0x00,0x00,0x21,0x08,
	0x00,0x00,0x00,0x00,0x00,0x00,0x00,0x00,0x00,0x00,0x00,0x00,0x00,0x00,0x00,0x00,0x00,0x00,0x00,0x00,
	0x00,0x00,0x00,0x00,0x00,0x00,0x00,0x00,0x00,0x00,0x00,0x00,0x82,0x10,0xE3,0x18,0x20,0x00,0x21,0x08,
	0x21,0x08,0x21,0x08,0x41,0x08,0x41,0x08,0x41,0x08,0x41,0x08,0x41,0x08,0x41,0x08,0x41,0x08,0x41,0x08,
	0x41,0x08,0x41,0x08,0x41,0x08,0x41,0x08,0x41,0x08,0x41,0x08,0x41,0x08,0x41,0x08,0x41,0x08,0x41,0x08,
	0x41,0x08,0x41,0x08,0x41,0x08,0x41,0x08,0x41,0x08,0x41,0x08,0x41,0x08,0x41,0x08,0x41,0x08,0x41,0x08,
	0x41,0x08,0x41,0x08,0x41,0x08,0x41,0x08,0x41,0x08,0x41,0x08,0x41,0x08,0x41,0x08,0x41,0x08,0x41,0x08,
	0x41,0x08,0x41,0x08,0x41,0x08,0x41,0x08,0x41,0x08,0x41,0x08,0x41,0x08,0x41,0x08,0x61,0x08,0x01,0x00,
	0x83,0x39,0x47,0xE6,0x26,0xE6,0x27,0xE6,0x27,0x9C,0x89,0xCD,0xC9,0xF6,0xE8,0xFE,0xE7,0xFE,0xC7,0xFE,
	0xC7,0xFE,0xC7,0xFE,0xC7,0xFE,0xE7,0xFE,0xE8,0xFE,0xC9,0xF6,0x8A,0xEE,0x29,0xB5,0x83,0x31,0x00,0x00,
	0x61,0x08,0x41,0x08,0x41,0x08,0x41,0x08,0x41,0x08,0x41,0x08,0x41,0x08,0x41,0x08,0x41,0x08,0x41,0x08,
	0x41,0x08,0x41,0x08,0x41,0x08,0x41,0x08,0x41,0x08,0x41,0x08,0x41,0x08,0x41,0x08,0x41,0x08,0x41,0x08,
	0x41,0x08,0x41,0x08,0x41,0x08,0x41,0x08,0x41,0x08,0x41,0x08,0x41,0x08,0x41,0x08,0x41,0x08,0x41,0x08,
	0x41,0x08,0x41,0x08,0x41,0x08,0x41,0x08,0x41,0x08,0x41,0x08,0x41,0x08,0x41,0x08,0x41,0x08,0x41,0x08,
	0x41,0x08,0x41,0x08,0x41,0x08,0x41,0x08,0x41,0x08,0x41,0x08,0x41,0x08,0x41,0x08,0x41,0x08,0x21,0x08,
	0x21,0x08,0x21,0x08,0x00,0x00,0x82,0x10,0xE4,0x20,0x21,0x08,0x00,0x00,0x00,0x00,0x00,0x00,0x00,0x00,
	0x00,0x00,0x00,0x00,0x00,0x00,0x00,0x00,0x00,0x00,0x00,0x00,0x00,0x00,0x00,0x00,0x00,0x00,0x20,0x00,
	0x00,0x00,0x00,0x00,0x00,0x00,0x00,0x00,0x00,0x00,0x00,0x00,0x00,0x00,0x00,0x00,0x00,0x00,0x00,0x00,
	0x00,0x00,0x00,0x00,0x00,0x00,0x00,0x00,0x00,0x00,0x00,0x00,0x82,0x10,0x20,0x00,0x00,0x00,0x20,0x00,
	0x21,0x08,0x21,0x08,0x21,0x08,0x41,0x08,0x41,0x08,0x41,0x08,0x41,0x08,0x41,0x08,0x41,0x08,0x41,0x08,
	0x41,0x08,0x41,0x08,0x41,0x08,0x41,0x08,0x41,0x08,0x41,0x08,0x41,0x08,0x41,0x08,0x41,0x08,0x41,0x08,
	0x41,0x08,0x41,0x08,0x41,0x08,0x41,0x08,0x41,0x08,0x41,0x08,0x41,0x08,0x41,0x08,0x41,0x08,0x41,0x08,
	0x41,0x08,0x41,0x08,0x41,0x08,0x41,0x08,0x41,0x08,0x41,0x08,0x41,0x08,0x41,0x08,0x41,0x08,0x41,0x08,
	0x41,0x08,0x41,0x08,0x41,0x08,0x41,0x08,0x41,0x08,0x41,0x08,0x41,0x08,0x41,0x08,0x61,0x08,0x01,0x00,
	0xA3,0x41,0x47,0xEE,0x06,0xE6,0x26,0xE6,0x87,0xF6,0xA7,0xF6,0x27,0xE6,0x26,0xC5,0x25,0x9C,0x64,0x83,
	0x24,0x73,0x04,0x73,0x44,0x7B,0xE4,0x93,0x06,0xBD,0x26,0xE6,0x46,0xEE,0x87,0xF6,0x6A,0xEE,0xC4,0x41,
	0x21,0x00,0x61,0x10,0x41,0x08,0x41,0x08,0x41,0x08,0x41,0x08,0x41,0x08,0x41,0x08,0x41,0x08,0x41,0x08,
	0x41,0x08,0x41,0x08,0x41,0x08,0x41,0x08,0x41,0x08,0x41,0x08,0x41,0x08,0x41,0x08,0x41,0x08,0x41,0x08,
	0x41,0x08,0x41,0x08,0x41,0x08,0x41,0x08,0x41,0x08,0x41,0x08,0x41,0x08,0x41,0x08,0x41,0x08,0x41,0x08,
	0x41,0x08,0x41,0x08,0x41,0x08,0x41,0x08,0x41,0x08,0x41,0x08,0x41,0x08,0x41,0x08,0x41,0x08,0x41,0x08,
	0x41,0x08,0x41,0x08,0x41,0x08,0x41,0x08,0x41,0x08,0x41,0x08,0x41,0x08,0x41,0x08,0x41,0x08,0x21,0x08,
	0x21,0x08,0x20,0x00,0x20,0x00,0x00,0x00,0x62,0x10,0x61,0x08,0x00,0x00,0x00,0x00,0x00,0x00,0x00,0x00,
	0x00,0x00,0x00,0x00,0x00,0x00,0x00,0x00,0x00,0x00,0x00,0x00,0x00,0x00,0x00,0x00,0x00,0x00,0x00,0x00,
	0x00,0x00,0x00,0x00,0x00,0x00,0x00,0x00,0x00,0x00,0x00,0x00,0x00,0x00,0x00,0x00,0x00,0x00,0x00,0x00,
	0x00,0x00,0x00,0x00,0x00,0x00,0x00,0x00,0x00,0x00,0x00,0x00,0x00,0x00,0x00,0x00,0x00,0x00,0x00,0x00,
	0x20,0x00,0x20,0x00,0x20,0x00,0x21,0x08,0x21,0x08,0x41,0x08,0x41,0x08,0x41,0x08,0xE4,0x20,0x04,0x21,
	0x82,0x10,0x41,0x08,0x41,0x08,0x41,0x08,0x41,0x08,0x41,0x08,0x41,0x08,0x41,0x08,0x41,0x08,0x41,0x08,
	0x41,0x08,0x41,0x08,0x41,0x08,0x41,0x08,0x41,0x08,0x41,0x08,0x41,0x08,0x41,0x08,0x41,0x08,0x41,0x08,
	0x41,0x08,0x41,0x08,0x41,0x08,0x41,0x08,0x41,0x08,0x41,0x08,0x41,0x08,0x41,0x08,0x41,0x08,0x41,0x08,
	0x41,0x08,0x41,0x08,0x41,0x08,0x41,0x08,0x41,0x08,0x41,0x08,0x41,0x08,0x41,0x08,0x61,0x08,0x21,0x00,
	0x22,0x29,0x07,0xE6,0x06,0xE6,0x06,0xE6,0x26,0xEE,0x86,0xA4,0x62,0x31,0x41,0x08,0x00,0x00,0x00,0x00,
	0x00,0x00,0x00,0x00,0x00,0x00,0x00,0x00,0x20,0x08,0xA3,0x41,0x87,0xCD,0x26,0xE6,0x87,0xF6,0x48,0xC5,
	0x41,0x08,0x61,0x08,0x41,0x08,0x41,0x08,0x41,0x08,0x41,0x08,0x41,0x08,0x41,0x08,0x41,0x08,0x41,0x08,
	0x41,0x08,0x41,0x08,0x41,0x08,0x41,0x08,0x41,0x08,0x41,0x08,0x41,0x08,0x41,0x08,0x41,0x08,0x41,0x08,
	0x41,0x08,0x41,0x08,0x41,0x08,0x41,0x08,0x41,0x08,0x41,0x08,0x41,0x08,0x41,0x08,0x41,0x08,0x41,0x08,
	0x41,0x08,0x41,0x08,0x41,0x08,0x41,0x08,0x41,0x08,0x41,0x08,0x41,0x08,0x41,0x08,0x41,0x08,0x41,0x08,
	0x82,0x10,0x25,0x21,0x04,0x21,0x41,0x08,0x41,0x08,0x41,0x08,0x21,0x08,0x21,0x08,0x21,0x08,0x20,0x00,
	0x20,0x00,0x20,0x00,0x00,0x00,0x00,0x00,0x00,0x00,0x00,0x00,0x00,0x00,0x00,0x00,0x00,0x00,0x00,0x00,
	0x00,0x00,0x00,0x00,0x00,0x00,0x00,0x00,0x00,0x00,0x00,0x00,0x00,0x00,0x00,0x00,0x00,0x00,0x00,0x00,
	0x00,0x00,0x00,0x00,0x00,0x00,0x00,0x00,0x00,0x00,0x00,0x00,0x00,0x00,0x00,0x00,0x00,0x00,0x00,0x00,
	0x00,0x00,0x00,0x00,0x00,0x00,0x00,0x00,0x00,0x00,0x00,0x00,0x00,0x00,0x00,0x00,0x00,0x00,0x00,0x00,
	0x00,0x00,0x00,0x00,0x20,0x00,0x20,0x00,0x20,0x00,0x21,0x08,0x20,0x00,0xA3,0x18,0x45,0x29,0x45,0x29,
	0xA2,0x10,0x21,0x08,0x41,0x08,0x41,0x08,0x41,0x08,0x41,0x08,0x41,0x08,0x41,0x08,0x41,0x08,0x41,0x08,
	0x41,0x08,0x41,0x08,0x41,0x08,0x41,0x08,0x41,0x08,0x41,0x08,0x41,0x08,0x41,0x08,0x41,0x08,0x41,0x08,
	0x41,0x08,0x41,0x08,0x41,0x08,0x41,0x08,0x41,0x08,0x41,0x08,0x41,0x08,0x41,0x08,0x41,0x08,0x41,0x08,
	0x41,0x08,0x41,0x08,0x41,0x08,0x41,0x08,0x41,0x08,0x41,0x08,0x41,0x08,0x41,0x08,0x41,0x08,0x41,0x08,
	0x41,0x08,0xE6,0xBC,0x26,0xEE,0x06,0xE6,0x07,0xE6,0xA1,0x18,0x00,0x00,0x20,0x08,0x41,0x08,0x41,0x08,
	0x41,0x08,0x41,0x08,0x41,0x08,0x41,0x08,0x41,0x08,0x00,0x00,0x64,0x5A,0x87,0xF6,0x26,0xE6,0xE7,0xDD,
	0xE2,0x20,0x21,0x00,0x61,0x08,0x41,0x08,0x41,0x08,0x41,0x08,0x41,0x08,0x41,0x08,0x41,0x08,0x41,0x08,
	0x41,0x08,0x41,0x08,0x41,0x08,0x41,0x08,0x41,0x08,0x41,0x08,0x41,0x08,0x41,0x08,0x41,0x08,0x41,0x08,
	0x41,0x08,0x41,0x08,0x41,0x08,0x41,0x08,0x41,0x08,0x41,0x08,0x41,0x08,0x41,0x08,0x41,0x08,0x41,0x08,
	0x41,0x08,0x41,0x08,0x41,0x08,0x41,0x08,0x41,0x08,0x41,0x08,0x41,0x08,0x41,0x08,0x41,0x08,0x21,0x08,
	0x82,0x10,0x45,0x29,0x45,0x29,0xC3,0x18,0x20,0x00,0x21,0x08,0x21,0x08,0x21,0x08,0x20,0x00,0x20,0x00,
	0x00,0x00,0x00,0x00,0x00,0x00,0x00,0x00,0x00,0x00,0x00,0x00,0x00,0x00,0x00,0x00,0x00,0x00,0x00,0x00,
	0x00,0x00,0x00,0x00,0x00,0x00,0x00,0x00,0x00,0x00,0x00,0x00,0x00,0x00,0x00,0x00,0x00,0x00,0x00,0x00,
	0x00,0x00,0x00,0x00,0x00,0x00,0x00,0x00,0x00,0x00,0x00,0x00,0x00,0x00,0x00,0x00,0x00,0x00,0x00,0x00,
	0x00,0x00,0x00,0x00,0x00,0x00,0x00,0x00,0x00,0x00,0x00,0x00,0x00,0x00,0x00,0x00,0x00,0x00,0x00,0x00,
	0x00,0x00,0x00,0x00,0x00,0x00,0x00,0x00,0x20,0x00,0x00,0x00,0x41,0x08,0x04,0x21,0x25,0x21,0xE4,0x20,
	0x20,0x08,0x21,0x08,0x21,0x08,0x41,0x08,0x41,0x08,0x41,0x08,0x41,0x08,0x41,0x08,0x41,0x08,0x41,0x08,
	0x41,0x08,0x41,0x08,0x41,0x08,0x41,0x08,0x41,0x08,0x41,0x08,0x41,0x08,0x41,0x08,0x41,0x08,0x41,0x08,
	0x41,0x08,0x41,0x08,0x41,0x08,0x41,0x08,0x41,0x08,0x41,0x08,0x41,0x08,0x41,0x08,0x41,0x08,0x41,0x08,
	0x41,0x08,0x41,0x08,0x41,0x08,0x41,0x08,0x41,0x08,0x41,0x08,0x41,0x08,0x41,0x08,0x41,0x08,0x61,0x08,
	0x00,0x00,0x23,0x52,0x46,0xEE,0xE5,0xE5,0x48,0xEE,0x06,0x6B,0x00,0x00,0x00,0x00,0x41,0x08,0x41,0x08,
	0x41,0x08,0x41,0x08,0x41,0x08,0x41,0x08,0x01,0x00,0x21,0x08,0x26,0x9C,0x67,0xEE,0x46,0xEE,0x46,0xC5,
	0x61,0x10,0x41,0x08,0x41,0x08,0x41,0x08,0x41,0x08,0x41,0x08,0x41,0x08,0x41,0x08,0x41,0x08,0x41,0x08,
	0x41,0x08,0x41,0x08,0x41,0x08,0x41,0x08,0x41,0x08,0x41,0x08,0x41,0x08,0x41,0x08,0x41,0x08,0x41,0x08,
	0x41,0x08,0x41,0x08,0x41,0x08,0x41,0x08,0x41,0x08,0x41,0x08,0x41,0x08,0x41,0x08,0x41,0x08,0x41,0x08,
	0x41,0x08,0x41,0x08,0x41,0x08,0x41,0x08,0x41,0x08,0x41,0x08,0x41,0x08,0x21,0x08,0x41,0x08,0x41,0x08,
	0x21,0x08,0xC3,0x18,0x25,0x21,0x04,0x21,0x61,0x08,0x20,0x00,0x20,0x00,0x20,0x00,0x00,0x00,0x00,0x00,
	0x00,0x00,0x00,0x00,0x00,0x00,0x00,0x00,0x00,0x00,0x00,0x00,0x00,0x00,0x00,0x00,0x00,0x00,0x00,0x00,
	0x00,0x00,0x00,0x00,0x00,0x00,0x00,0x00,0x00,0x00,0x00,0x00,0x00,0x00,0x00,0x00,0x00,0x00,0x00,0x00,
	0x00,0x00,0x00,0x00,0x00,0x00,0x00,0x00,0x00,0x00,0x20,0x00,0x00,0x00,0x00,0x00,0x00,0x00,0x00,0x00,
	0x00,0x00,0x00,0x00,0x00,0x00,0x00,0x00,0x00,0x00,0x00,0x00,0x00,0x00,0x00,0x00,0x00,0x00,0x00,0x00,
	0x00,0x00,0x00,0x00,0x00,0x00,0x00,0x00,0x00,0x00,0x00,0x00,0xA2,0x10,0x04,0x21,0x04,0x21,0x61,0x08,
	0x20,0x00,0x21,0x08,0x21,0x08,0x21,0x08,0x21,0x08,0x21,0x08,0x21,0x08,0x41,0x08,0x21,0x08,0x41,0x08,
	0x41,0x08,0x41,0x08,0x41,0x08,0x41,0x08,0x41,0x08,0x41,0x08,0x41,0x08,0x41,0x08,0x41,0x08,0x41,0x08,
	0x41,0x08,0x41,0x08,0x41,0x08,0x41,0x08,0x41,0x08,0x41,0x08,0x41,0x08,0x41,0x08,0x41,0x08,0x41,0x08,
	0x41,0x08,0x41,0x08,0x41,0x08,0x41,0x08,0x41,0x08,0x41,0x08,0x41,0x08,0x41,0x08,0x41,0x08,0x41,0x08,
	0x41,0x08,0x00,0x00,0xE5,0x93,0x25,0xEE,0xE5,0xE5,0x49,0xEE,0x28,0x94,0xA4,0x39,0x81,0x10,0x41,0x08,
	0x41,0x08,0x41,0x08,0x41,0x08,0x81,0x18,0xE4,0x49,0xC8,0xAC,0x68,0xEE,0xE5,0xE5,0x26,0xEE,0xA4,0x62,
	0x00,0x00,0x61,0x08,0x41,0x08,0x41,0x08,0x41,0x08,0x41,0x08,0x41,0x08,0x41,0x08,0x41,0x08,0x41,0x08,
	0x41,0x08,0x41,0x08,0x41,0x08,0x41,0x08,0x41,0x08,0x41,0x08,0x41,0x08,0x41,0x08,0x41,0x08,0x41,0x08,
	0x41,0x08,0x41,0x08,0x41,0x08,0x41,0x08,0x41,0x08,0x41,0x08,0x41,0x08,0x41,0x08,0x41,0x08,0x41,0x08,
	0x41,0x08,0x61,0x08,0x41,0x08,0x41,0x08,0x21,0x08,0x21,0x08,0x21,0x08,0x21,0x08,0x21,0x08,0x21,0x08,
	0x20,0x00,0x41,0x08,0xE4,0x20,0x04,0x21,0xA3,0x18,0x00,0x00,0x00,0x00,0x00,0x00,0x00,0x00,0x00,0x00,
	0x00,0x00,0x00,0x00,0x00,0x00,0x00,0x00,0x00,0x00,0x00,0x00,0x00,0x00,0x00,0x00,0x00,0x00,0x00,0x00,
	0x20,0x00,0x20,0x00,0x00,0x00,0x00,0x00,0x00,0x00,0x00,0x00,0x00,0x00,0x00,0x00,0x00,0x00,0x00,0x00,
};

const lv_img_dsc_t face_batman_410_dial_img_preview = {
    .header.magic = LV_IMAGE_HEADER_MAGIC,
    .header.w = 160,
    .header.h = 160,
    .data_size = sizeof(face_batman_410_dial_img_preview_data),
    .header.cf = LV_COLOR_FORMAT_RGB565,
    .data = face_batman_410_dial_img_preview_data};
