
// File generated by bin2lvgl
// developed by fbiego. 
// https://github.com/fbiego
// Watchface: RED_MAGIC

#include "../red_magic.h"

#ifndef LV_ATTRIBUTE_MEM_ALIGN
#define LV_ATTRIBUTE_MEM_ALIGN
#endif


// LVGL 9 format (RGB565) // LVGL_9 compatible 
const LV_ATTRIBUTE_MEM_ALIGN uint8_t face_red_magic_dial_img_preview_data_0[] = {
	//RGB565 data 
	0x00,0x00,0x00,0x00,0x00,0x00,0x00,0x00,0x00,0x00,0x00,0x00,0x00,0x00,0x00,0x00,0x00,0x00,0x00,0x00,0x00,0x00,0x00,0x00,0x00,0x00,0x00,0x00,0x00,0x00,0x00,0x00,0x00,0x00,0x00,0x00,0x00,0x00,0x00,0x00,0x00,0x00,0x00,0x00,0x00,0x00,0x00,0x00,0x00,0x00,0x00,0x00,0x00,0x00,0x00,0x00,0x00,0x00,0x00,0x00,0x00,0x00,0x00,0x00,
	0x00,0x00,0x00,0x00,0x00,0x00,0x00,0x00,0x00,0x00,0x00,0x00,0x00,0x00,0x00,0x00,0x00,0x00,0x00,0x00,0x00,0x00,0x00,0x00,0x00,0x00,0x00,0x00,0x00,0x00,0x00,0x00,0x00,0x00,0x00,0x00,0x00,0x00,0x00,0x00,0x00,0x00,0x00,0x00,0x00,0x00,0x00,0x00,0x00,0x00,0x00,0x00,0x00,0x00,0x00,0x00,0x00,0x00,0x00,0x00,0x00,0x00,0x00,0x00,
	0x00,0x00,0x00,0x00,0x00,0x00,0x00,0x00,0x00,0x00,0x00,0x00,0x00,0x00,0x00,0x00,0x00,0x00,0x00,0x00,0x00,0x00,0x00,0x00,0x00,0x00,0x00,0x00,0x00,0x00,0x00,0x00,0x00,0x00,0x00,0x00,0x00,0x00,0x00,0x00,0x00,0x00,0x00,0x00,0x00,0x00,0x00,0x00,0x00,0x00,0x00,0x00,0x00,0x00,0x00,0x00,0x00,0x00,0x00,0x00,0x00,0x00,0x00,0x00,
	0x00,0x00,0x00,0x00,0x00,0x00,0x00,0x00,0x00,0x00,0x00,0x00,0x00,0x00,0x00,0x00,0x00,0x00,0x00,0x00,0x00,0x00,0x00,0x00,0x00,0x00,0x00,0x00,0x00,0x00,0x00,0x00,0x00,0x00,0x00,0x00,0x00,0x00,0x00,0x00,0x00,0x00,0x00,0x00,0x00,0x00,0x00,0x00,0x00,0x00,0x00,0x00,0x00,0x00,0x00,0x00,0x00,0x00,0x00,0x00,0x00,0x00,0x00,0x00,
	0x00,0x00,0x00,0x00,0x00,0x00,0x00,0x00,0x00,0x00,0x00,0x00,0x00,0x00,0x00,0x00,0x00,0x00,0x00,0x00,0x00,0x00,0x00,0x00,0x00,0x00,0x00,0x00,0x00,0x00,0x00,0x00,0x00,0x00,0x00,0x00,0x00,0x00,0x00,0x00,0x00,0x00,0x00,0x00,0x00,0x00,0x00,0x00,0x00,0x00,0x00,0x00,0x00,0x00,0x00,0x00,0x00,0x00,0x00,0x00,0x00,0x00,0x00,0x00,
	0x00,0x00,0x00,0x00,0x00,0x00,0x00,0x00,0x00,0x00,0x00,0x00,0x00,0x00,0x00,0x00,0x00,0x00,0x00,0x00,0x00,0x00,0x00,0x00,0x00,0x00,0x00,0x00,0x00,0x00,0x00,0x00,0x00,0x00,0x00,0x00,0x00,0x00,0x00,0x00,0x00,0x00,0x00,0x00,0x00,0x00,0x00,0x00,0x00,0x00,0x00,0x00,0x00,0x00,0x00,0x00,0x00,0x00,0x00,0x00,0x00,0x00,0x00,0x00,
	0x00,0x00,0x00,0x00,0x00,0x00,0x00,0x00,0x00,0x00,0x00,0x00,0x00,0x00,0x00,0x00,0x00,0x00,0x00,0x00,0x00,0x00,0x00,0x00,0x00,0x00,0x00,0x00,0x00,0x00,0x00,0x00,0x00,0x00,0x00,0x00,0x00,0x00,0x00,0x00,0x00,0x00,0x00,0x00,0x00,0x00,0x00,0x00,0x00,0x00,0x00,0x00,0x00,0x00,0x00,0x00,0x00,0x00,0x00,0x00,0x00,0x00,0x00,0x00,
	0x00,0x00,0x00,0x00,0x00,0x00,0x00,0x00,0x00,0x00,0x00,0x00,0x00,0x00,0x41,0x00,0x63,0x08,0x64,0x10,0x63,0x08,0x63,0x08,0x83,0x10,0x64,0x10,0x64,0x10,0x64,0x10,0xA3,0x10,0x63,0x08,0x63,0x08,0x63,0x08,0x63,0x10,0x62,0x08,0x62,0x08,0x41,0x00,0x42,0x08,0x01,0x00,0x00,0x00,0x00,0x00,0x00,0x00,0x00,0x00,0x00,0x00,0x00,0x00,
	0x00,0x00,0x00,0x00,0x00,0x00,0x00,0x00,0x00,0x00,0x00,0x00,0x00,0x00,0x00,0x00,0x00,0x00,0x00,0x00,0x00,0x00,0x00,0x00,0x00,0x00,0x00,0x00,0x00,0x00,0x00,0x00,0x00,0x00,0x00,0x00,0x00,0x00,0x00,0x00,0x00,0x00,0x00,0x00,0x00,0x00,0x00,0x00,0x00,0x00,0x00,0x00,0x00,0x00,0x00,0x00,0x00,0x00,0x00,0x00,0x00,0x00,0x00,0x00,
	0x00,0x00,0x00,0x00,0x00,0x00,0x00,0x00,0x00,0x00,0x00,0x00,0x00,0x00,0x00,0x00,0x00,0x00,0x00,0x00,0x00,0x00,0x00,0x00,0x00,0x00,0x00,0x00,0x00,0x00,0x00,0x00,0x00,0x00,0x00,0x00,0x00,0x00,0x00,0x00,0x00,0x00,0x00,0x00,0x00,0x00,0x00,0x00,0x00,0x00,0x00,0x00,0x00,0x00,0x00,0x00,0x00,0x00,0x00,0x00,0x00,0x00,0x00,0x00,
	0x00,0x00,0x00,0x00,0x00,0x00,0x00,0x00,0x00,0x00,0x00,0x00,0x00,0x00,0x00,0x00,0x00,0x00,0x00,0x00,0x00,0x00,0x00,0x00,0x00,0x00,0x00,0x00,0x00,0x00,0x00,0x00,0x00,0x00,0x00,0x00,0x00,0x00,0x00,0x00,0x00,0x00,0x00,0x00,0x00,0x00,0x00,0x00,0x00,0x00,0x00,0x00,0x00,0x00,0x00,0x00,0x00,0x00,0x00,0x00,0x00,0x00,0x00,0x00,
	0x00,0x00,0x00,0x00,0x00,0x00,0x00,0x00,0x00,0x00,0x00,0x00,0x00,0x00,0x00,0x00,0x00,0x00,0x00,0x00,0x00,0x00,0x00,0x00,0x00,0x00,0x00,0x00,0x00,0x00,0x00,0x00,0x00,0x00,0x00,0x00,0x00,0x00,0x00,0x00,0x00,0x00,0x00,0x00,0x00,0x00,0x00,0x00,0x00,0x00,0x00,0x00,0x00,0x00,0x00,0x00,0x00,0x00,0x00,0x00,0x00,0x00,0x00,0x00,
	0x00,0x00,0x00,0x00,0x00,0x00,0x00,0x00,0x00,0x00,0x01,0x00,0xA5,0x18,0xE6,0x20,0xE6,0x20,0xE6,0x20,0x46,0x29,0x06,0x21,0x46,0x29,0xE6,0x20,0xE6,0x20,0x26,0x21,0xE6,0x20,0x46,0x29,0x46,0x21,0x26,0x21,0xE6,0x20,0xE6,0x20,0xE6,0x20,0xE6,0x20,0xC4,0x18,0xE4,0x18,0x64,0x10,0x64,0x10,0x62,0x08,0x62,0x08,0x01,0x00,0x01,0x00,
	0x00,0x00,0x00,0x00,0x00,0x00,0x00,0x00,0x00,0x00,0x00,0x00,0x00,0x00,0x00,0x00,0x00,0x00,0x00,0x00,0x00,0x00,0x00,0x00,0x00,0x00,0x00,0x00,0x00,0x00,0x00,0x00,0x00,0x00,0x00,0x00,0x00,0x00,0x00,0x00,0x00,0x00,0x00,0x00,0x00,0x00,0x00,0x00,0x00,0x00,0x00,0x00,0x00,0x00,0x00,0x00,0x00,0x00,0x00,0x00,0x00,0x00,0x00,0x00,
	0x00,0x00,0x00,0x00,0x00,0x00,0x00,0x00,0x00,0x00,0x00,0x00,0x00,0x00,0x00,0x00,0x00,0x00,0x00,0x00,0x00,0x00,0x00,0x00,0x00,0x00,0x00,0x00,0x00,0x00,0x00,0x00,0x00,0x00,0x00,0x00,0x00,0x00,0x00,0x00,0x00,0x00,0x00,0x00,0x00,0x00,0x00,0x00,0x00,0x00,0x00,0x00,0x00,0x00,0x00,0x00,0x00,0x00,0x00,0x00,0x00,0x00,0x00,0x00,
	0x00,0x00,0x00,0x00,0x00,0x00,0x00,0x00,0x00,0x00,0x00,0x00,0x00,0x00,0x00,0x00,0x00,0x00,0x00,0x00,0x00,0x00,0x00,0x00,0x00,0x00,0x00,0x00,0x00,0x00,0x00,0x00,0x00,0x00,0x00,0x00,0x00,0x00,0x00,0x00,0x00,0x00,0x00,0x00,0x00,0x00,0x00,0x00,0x00,0x00,0x00,0x00,0x00,0x00,0x00,0x00,0x00,0x00,0x00,0x00,0x00,0x00,0x00,0x00,
	0x00,0x00,0x00,0x00,0x00,0x00,0x00,0x00,0x00,0x00,0x00,0x00,0x00,0x00,0x00,0x00,0x00,0x00,0x00,0x00,0x00,0x00,0x00,0x00,0x00,0x00,0x00,0x00,0x00,0x00,0x00,0x00,0x00,0x00,0x00,0x00,0x00,0x00,0x00,0x00,0x00,0x00,0x00,0x00,0x00,0x00,0x00,0x00,0x00,0x00,0x00,0x00,0x00,0x00,0x00,0x00,0x01,0x00,0x44,0x29,0x41,0x08,0x00,0x00,
	0x00,0x00,0x01,0x00,0x00,0x00,0x00,0x00,0x22,0x08,0x47,0x29,0x68,0x29,0x88,0x31,0x68,0x29,0x88,0x31,0x88,0x31,0x88,0x31,0xA9,0x31,0xAA,0x31,0xA9,0x31,0x89,0x31,0x89,0x31,0x88,0x31,0x88,0x31,0x89,0x31,0x88,0x31,0x88,0x31,0x68,0x29,0x67,0x29,0x67,0x29,0x46,0x29,0x06,0x21,0xE6,0x20,0xE5,0x18,0xE4,0x18,0xC4,0x10,0x84,0x10,
	0x63,0x08,0x00,0x00,0x21,0x00,0x01,0x00,0x00,0x00,0x00,0x00,0x00,0x00,0x00,0x00,0x00,0x00,0x00,0x00,0x00,0x00,0x00,0x00,0x00,0x00,0x00,0x00,0x00,0x00,0x00,0x00,0x00,0x00,0x00,0x00,0x00,0x00,0x00,0x00,0x00,0x00,0x00,0x00,0x00,0x00,0x00,0x00,0x00,0x00,0x00,0x00,0x00,0x00,0x00,0x00,0x00,0x00,0x00,0x00,0x00,0x00,0x00,0x00,
	0x00,0x00,0x00,0x00,0x00,0x00,0x00,0x00,0x00,0x00,0x00,0x00,0x00,0x00,0x00,0x00,0x00,0x00,0x00,0x00,0x00,0x00,0x00,0x00,0x00,0x00,0x00,0x00,0x00,0x00,0x00,0x00,0x00,0x00,0x00,0x00,0x00,0x00,0x00,0x00,0x00,0x00,0x00,0x00,0x00,0x00,0x00,0x00,0x00,0x00,0x00,0x00,0x00,0x00,0x00,0x00,0x00,0x00,0x00,0x00,0x00,0x00,0x00,0x00,
	0x00,0x00,0x00,0x00,0x00,0x00,0x00,0x00,0x00,0x00,0x00,0x00,0x00,0x00,0x00,0x00,0x00,0x00,0x00,0x00,0x00,0x00,0x00,0x00,0x00,0x00,0x00,0x00,0x00,0x00,0x00,0x00,0x00,0x00,0x00,0x00,0x00,0x00,0x00,0x00,0x00,0x00,0x00,0x00,0x00,0x00,0x00,0x00,0x00,0x00,0x00,0x00,0x00,0x00,0x00,0x00,0x00,0x00,0x00,0x00,0x00,0x00,0x00,0x00,
	0x00,0x00,0x00,0x00,0x00,0x00,0x00,0x00,0x00,0x00,0x00,0x00,0x00,0x00,0x00,0x00,0x00,0x00,0x00,0x00,0x00,0x00,0x00,0x00,0x00,0x00,0x00,0x00,0x00,0x00,0x00,0x00,0x00,0x00,0x00,0x00,0x00,0x00,0x00,0x00,0x00,0x00,0x00,0x00,0x00,0x00,0x00,0x00,0x00,0x00,0x00,0x00,0x00,0x00,0x00,0x00,0x66,0x29,0x74,0xA5,0xAB,0x5A,0x00,0x00,
	0x01,0x00,0x01,0x00,0x01,0x00,0x43,0x08,0x89,0x29,0x89,0x31,0xAA,0x31,0xAA,0x31,0xAA,0x31,0x68,0x29,0x26,0x21,0x26,0x21,0x05,0x21,0xC5,0x18,0xE6,0x20,0xE6,0x20,0xE6,0x20,0xE6,0x20,0x27,0x21,0x68,0x29,0x88,0x31,0x88,0x31,0xAA,0x31,0xCA,0x39,0x89,0x31,0x89,0x31,0x89,0x31,0x68,0x29,0x68,0x29,0x47,0x29,0x06,0x21,0xC5,0x18,
	0x41,0x00,0xA3,0x10,0x84,0x10,0x63,0x10,0x43,0x08,0x41,0x00,0x00,0x00,0x00,0x00,0x00,0x00,0x00,0x00,0x00,0x00,0x00,0x00,0x00,0x00,0x00,0x00,0x00,0x00,0x00,0x00,0x00,0x00,0x00,0x00,0x00,0x00,0x00,0x00,0x00,0x00,0x00,0x00,0x00,0x00,0x00,0x00,0x00,0x00,0x00,0x00,0x00,0x00,0x00,0x00,0x00,0x00,0x00,0x00,0x00,0x00,0x00,0x00,
	0x00,0x00,0x00,0x00,0x00,0x00,0x00,0x00,0x00,0x00,0x00,0x00,0x00,0x00,0x00,0x00,0x00,0x00,0x00,0x00,0x00,0x00,0x00,0x00,0x00,0x00,0x00,0x00,0x00,0x00,0x00,0x00,0x00,0x00,0x00,0x00,0x00,0x00,0x00,0x00,0x00,0x00,0x00,0x00,0x00,0x00,0x00,0x00,0x00,0x00,0x00,0x00,0x00,0x00,0x00,0x00,0x00,0x00,0x00,0x00,0x00,0x00,0x00,0x00,
	0x00,0x00,0x00,0x00,0x00,0x00,0x00,0x00,0x00,0x00,0x00,0x00,0x00,0x00,0x00,0x00,0x00,0x00,0x00,0x00,0x00,0x00,0x00,0x00,0x00,0x00,0x00,0x00,0x00,0x00,0x00,0x00,0x00,0x00,0x00,0x00,0x00,0x00,0x00,0x00,0x00,0x00,0x00,0x00,0x00,0x00,0x00,0x00,0x00,0x00,0x00,0x00,0x00,0x00,0x00,0x00,0x00,0x00,0x00,0x00,0x00,0x00,0x00,0x00,
	0x00,0x00,0x00,0x00,0x00,0x00,0x00,0x00,0x00,0x00,0x00,0x00,0x00,0x00,0x00,0x00,0x00,0x00,0x00,0x00,0x00,0x00,0x00,0x00,0x00,0x00,0x00,0x00,0x00,0x00,0x00,0x00,0x00,0x00,0x00,0x00,0x00,0x00,0x00,0x00,0x00,0x00,0x00,0x00,0x00,0x00,0x62,0x08,0x91,0x8C,0x0C,0x63,0x00,0x00,0x01,0x00,0x01,0x00,0xE9,0x39,0x21,0x08,0x01,0x00,
	0x01,0x00,0x01,0x00,0x64,0x10,0x88,0x29,0x88,0x31,0x06,0x21,0x84,0x10,0x22,0x08,0x21,0x00,0x00,0x00,0x00,0x00,0x00,0x00,0x20,0x10,0x40,0x18,0xC0,0x28,0xC0,0x28,0xE0,0x30,0xC0,0x28,0xA0,0x10,0x40,0x08,0x00,0x00,0x01,0x00,0x84,0x10,0xA5,0x18,0x68,0x29,0x88,0x31,0xE9,0x41,0xAA,0x31,0x89,0x31,0x88,0x31,0x48,0x29,0x63,0x10,
	0xE4,0x18,0x06,0x21,0x45,0x21,0xE5,0x18,0xE4,0x18,0xC4,0x10,0x00,0x00,0x00,0x00,0x21,0x00,0x00,0x00,0x00,0x00,0x00,0x00,0x00,0x00,0x00,0x00,0x00,0x00,0x00,0x00,0x00,0x00,0x00,0x00,0x00,0x00,0x00,0x00,0x00,0x00,0x00,0x00,0x00,0x00,0x00,0x00,0x00,0x00,0x00,0x00,0x00,0x00,0x00,0x00,0x00,0x00,0x00,0x00,0x00,0x00,0x00,0x00,
	0x00,0x00,0x00,0x00,0x00,0x00,0x00,0x00,0x00,0x00,0x00,0x00,0x00,0x00,0x00,0x00,0x00,0x00,0x00,0x00,0x00,0x00,0x00,0x00,0x00,0x00,0x00,0x00,0x00,0x00,0x00,0x00,0x00,0x00,0x00,0x00,0x00,0x00,0x00,0x00,0x00,0x00,0x00,0x00,0x00,0x00,0x00,0x00,0x00,0x00,0x00,0x00,0x00,0x00,0x00,0x00,0x00,0x00,0x00,0x00,0x00,0x00,0x00,0x00,
	0x00,0x00,0x00,0x00,0x00,0x00,0x00,0x00,0x00,0x00,0x00,0x00,0x00,0x00,0x00,0x00,0x00,0x00,0x00,0x00,0x00,0x00,0x00,0x00,0x00,0x00,0x00,0x00,0x00,0x00,0x00,0x00,0x00,0x00,0x00,0x00,0x00,0x00,0x00,0x00,0x00,0x00,0x00,0x00,0x00,0x00,0x00,0x00,0x00,0x00,0x00,0x00,0x00,0x00,0x00,0x00,0x00,0x00,0x00,0x00,0x00,0x00,0x00,0x00,
	0x00,0x00,0x00,0x00,0x00,0x00,0x00,0x00,0x00,0x00,0x00,0x00,0x00,0x00,0x00,0x00,0x00,0x00,0x00,0x00,0x00,0x00,0x00,0x00,0x00,0x00,0x00,0x00,0x00,0x00,0x00,0x00,0x00,0x00,0x00,0x00,0x00,0x00,0xE4,0x18,0xA3,0x10,0x00,0x00,0x01,0x00,0x21,0x08,0x30,0x84,0x2A,0x4A,0x01,0x00,0x01,0x00,0x02,0x00,0x02,0x00,0x01,0x00,0x02,0x00,
	0x01,0x00,0x64,0x10,0x27,0x21,0x43,0x08,0x00,0x00,0x00,0x00,0x20,0x10,0xA0,0x38,0x20,0x49,0x80,0x59,0xC0,0x61,0xC0,0x61,0xE0,0x61,0x80,0x59,0x80,0x51,0xC0,0x61,0x20,0x6A,0xC0,0x9A,0xC0,0xC3,0x60,0xCC,0xA0,0xD4,0x40,0xDC,0x60,0x8A,0xC0,0x38,0x20,0x10,0x02,0x08,0x63,0x10,0x67,0x29,0x87,0x31,0x48,0x29,0xA3,0x10,0x05,0x21,
	0x87,0x21,0x27,0x21,0x68,0x29,0x48,0x29,0x06,0x21,0x00,0x00,0xA4,0x18,0x43,0x08,0x00,0x00,0x63,0x10,0x00,0x00,0x00,0x00,0x00,0x00,0x00,0x00,0x00,0x00,0x00,0x00,0x00,0x00,0x00,0x00,0x00,0x00,0x00,0x00,0x00,0x00,0x00,0x00,0x00,0x00,0x00,0x00,0x00,0x00,0x00,0x00,0x00,0x00,0x00,0x00,0x00,0x00,0x00,0x00,0x00,0x00,0x00,0x00,
	0x00,0x00,0x00,0x00,0x00,0x00,0x00,0x00,0x00,0x00,0x00,0x00,0x00,0x00,0x00,0x00,0x00,0x00,0x00,0x00,0x00,0x00,0x00,0x00,0x00,0x00,0x00,0x00,0x00,0x00,0x00,0x00,0x00,0x00,0x00,0x00,0x00,0x00,0x00,0x00,0x00,0x00,0x00,0x00,0x00,0x00,0x00,0x00,0x00,0x00,0x00,0x00,0x00,0x00,0x00,0x00,0x00,0x00,0x00,0x00,0x00,0x00,0x00,0x00,
	0x00,0x00,0x00,0x00,0x00,0x00,0x00,0x00,0x00,0x00,0x00,0x00,0x00,0x00,0x00,0x00,0x00,0x00,0x00,0x00,0x00,0x00,0x00,0x00,0x00,0x00,0x00,0x00,0x00,0x00,0x00,0x00,0x00,0x00,0x00,0x00,0x00,0x00,0x00,0x00,0x00,0x00,0x00,0x00,0x00,0x00,0x00,0x00,0x00,0x00,0x00,0x00,0x00,0x00,0x00,0x00,0x00,0x00,0x00,0x00,0x00,0x00,0x00,0x00,
	0x00,0x00,0x00,0x00,0x00,0x00,0x00,0x00,0x00,0x00,0x00,0x00,0x00,0x00,0x00,0x00,0x00,0x00,0x00,0x00,0x00,0x00,0x00,0x00,0x00,0x00,0x00,0x00,0x00,0x00,0x00,0x00,0x00,0x00,0x00,0x00,0x00,0x00,0x91,0x8C,0xD2,0x94,0x01,0x00,0x01,0x00,0x01,0x00,0x01,0x00,0x01,0x00,0x01,0x00,0x01,0x00,0x01,0x00,0x01,0x00,0x01,0x00,0x02,0x08,
	0x23,0x08,0x42,0x08,0x00,0x00,0x40,0x18,0x00,0x61,0x60,0xAA,0x00,0xCB,0xA0,0xAA,0x80,0x69,0xA0,0x28,0x40,0x10,0x00,0x00,0x00,0x00,0x00,0x00,0x00,0x00,0x42,0x08,0x62,0x10,0x42,0x08,0x21,0x00,0x00,0x00,0x62,0x08,0xE0,0x30,0xC0,0x61,0x20,0xAB,0x80,0xCB,0x00,0xBB,0x60,0x61,0x40,0x18,0x22,0x08,0x63,0x10,0x05,0x21,0x88,0x31,
	0x48,0x21,0x48,0x29,0x48,0x29,0x48,0x29,0x47,0x29,0xC5,0x18,0x83,0x10,0x43,0x08,0x84,0x10,0x41,0x00,0x62,0x08,0x22,0x08,0x00,0x00,0x01,0x00,0x00,0x00,0x00,0x00,0x00,0x00,0x00,0x00,0x00,0x00,0x00,0x00,0x00,0x00,0x00,0x00,0x00,0x00,0x00,0x00,0x00,0x00,0x00,0x00,0x00,0x00,0x00,0x00,0x00,0x00,0x00,0x00,0x00,0x00,0x00,0x00,
	0x00,0x00,0x00,0x00,0x00,0x00,0x00,0x00,0x00,0x00,0x00,0x00,0x00,0x00,0x00,0x00,0x00,0x00,0x00,0x00,0x00,0x00,0x00,0x00,0x00,0x00,0x00,0x00,0x00,0x00,0x00,0x00,0x00,0x00,0x00,0x00,0x00,0x00,0x00,0x00,0x00,0x00,0x00,0x00,0x00,0x00,0x00,0x00,0x00,0x00,0x00,0x00,0x00,0x00,0x00,0x00,0x00,0x00,0x00,0x00,0x00,0x00,0x00,0x00,
	0x00,0x00,0x00,0x00,0x00,0x00,0x00,0x00,0x00,0x00,0x00,0x00,0x00,0x00,0x00,0x00,0x00,0x00,0x00,0x00,0x00,0x00,0x00,0x00,0x00,0x00,0x00,0x00,0x00,0x00,0x00,0x00,0x00,0x00,0x00,0x00,0x00,0x00,0x00,0x00,0x00,0x00,0x00,0x00,0x00,0x00,0x00,0x00,0x00,0x00,0x00,0x00,0x00,0x00,0x00,0x00,0x00,0x00,0x00,0x00,0x00,0x00,0x00,0x00,
	0x00,0x00,0x00,0x00,0x00,0x00,0x00,0x00,0x00,0x00,0x00,0x00,0x00,0x00,0x00,0x00,0x00,0x00,0x00,0x00,0x00,0x00,0x00,0x00,0x00,0x00,0x00,0x00,0x00,0x00,0x00,0x00,0x00,0x00,0x01,0x00,0x01,0x00,0x66,0x29,0x05,0x21,0x01,0x00,0x02,0x00,0x01,0x00,0x01,0x00,0x02,0x08,0x02,0x00,0x02,0x00,0x02,0x00,0x02,0x08,0x42,0x08,0x21,0x00,
	0x00,0x00,0x00,0x00,0x20,0x10,0x80,0xC2,0x60,0xB2,0x00,0x51,0x00,0x18,0x00,0x00,0x00,0x00,0x41,0x00,0x41,0x00,0x42,0x00,0x42,0x00,0x01,0x00,0x01,0x00,0x00,0x00,0x00,0x00,0x00,0x00,0x00,0x00,0x00,0x00,0x01,0x00,0x00,0x00,0x00,0x00,0x00,0x00,0x00,0x08,0xE0,0x38,0x20,0x9A,0x40,0xE3,0x00,0xA2,0x40,0x30,0x21,0x00,0xC5,0x18,
	0x47,0x29,0x48,0x29,0x48,0x29,0x48,0x29,0x47,0x29,0x68,0x29,0x63,0x10,0xA3,0x10,0xC4,0x18,0x02,0x00,0xC4,0x18,0x63,0x10,0x21,0x00,0x63,0x08,0x00,0x00,0x00,0x00,0x00,0x00,0x00,0x00,0x00,0x00,0x00,0x00,0x00,0x00,0x00,0x00,0x00,0x00,0x00,0x00,0x00,0x00,0x00,0x00,0x00,0x00,0x00,0x00,0x00,0x00,0x00,0x00,0x00,0x00,0x00,0x00,
	0x00,0x00,0x00,0x00,0x00,0x00,0x00,0x00,0x00,0x00,0x00,0x00,0x00,0x00,0x00,0x00,0x00,0x00,0x00,0x00,0x00,0x00,0x00,0x00,0x00,0x00,0x00,0x00,0x00,0x00,0x00,0x00,0x00,0x00,0x00,0x00,0x00,0x00,0x00,0x00,0x00,0x00,0x00,0x00,0x00,0x00,0x00,0x00,0x00,0x00,0x00,0x00,0x00,0x00,0x00,0x00,0x00,0x00,0x00,0x00,0x00,0x00,0x00,0x00,
	0x00,0x00,0x00,0x00,0x00,0x00,0x00,0x00,0x00,0x00,0x00,0x00,0x00,0x00,0x00,0x00,0x00,0x00,0x00,0x00,0x00,0x00,0x00,0x00,0x00,0x00,0x00,0x00,0x00,0x00,0x00,0x00,0x00,0x00,0x00,0x00,0x00,0x00,0x00,0x00,0x00,0x00,0x00,0x00,0x00,0x00,0x00,0x00,0x00,0x00,0x00,0x00,0x00,0x00,0x00,0x00,0x00,0x00,0x00,0x00,0x00,0x00,0x00,0x00,
	0x00,0x00,0x00,0x00,0x00,0x00,0x00,0x00,0x00,0x00,0x00,0x00,0x00,0x00,0x00,0x00,0x00,0x00,0x00,0x00,0x00,0x00,0x00,0x00,0x00,0x00,0x00,0x00,0x00,0x00,0x01,0x00,0x01,0x00,0x01,0x00,0x02,0x00,0x01,0x00,0x01,0x00,0x01,0x00,0x02,0x00,0x01,0x00,0x01,0x00,0x02,0x00,0x42,0x08,0x43,0x08,0x64,0x10,0x22,0x08,0x01,0x00,0x00,0x00,
	0x00,0x00,0x00,0x00,0x00,0x00,0x20,0x10,0x00,0x00,0x41,0x08,0xC3,0x10,0xC3,0x10,0x84,0x10,0x64,0x10,0x62,0x08,0x62,0x08,0x62,0x08,0x01,0x00,0x01,0x00,0x00,0x00,0x00,0x00,0x00,0x00,0x00,0x00,0x00,0x00,0x00,0x00,0x01,0x00,0x21,0x00,0x41,0x00,0x21,0x00,0x00,0x00,0x00,0x00,0x20,0x08,0xC0,0x48,0xC0,0xDA,0x40,0xC2,0x20,0x28,
	0x02,0x08,0xE6,0x20,0x68,0x29,0x48,0x29,0x48,0x29,0x46,0x29,0x27,0x21,0x84,0x10,0x00,0x00,0xE5,0x20,0x01,0x00,0x42,0x08,0xE5,0x18,0x00,0x00,0x64,0x10,0x22,0x08,0x00,0x00,0x43,0x08,0x00,0x00,0x00,0x00,0x00,0x00,0x00,0x00,0x00,0x00,0x00,0x00,0x00,0x00,0x00,0x00,0x00,0x00,0x00,0x00,0x00,0x00,0x00,0x00,0x00,0x00,0x00,0x00,
	0x00,0x00,0x00,0x00,0x00,0x00,0x00,0x00,0x00,0x00,0x00,0x00,0x00,0x00,0x00,0x00,0x00,0x00,0x00,0x00,0x00,0x00,0x00,0x00,0x00,0x00,0x00,0x00,0x00,0x00,0x00,0x00,0x00,0x00,0x00,0x00,0x00,0x00,0x00,0x00,0x00,0x00,0x00,0x00,0x00,0x00,0x00,0x00,0x00,0x00,0x00,0x00,0x00,0x00,0x00,0x00,0x00,0x00,0x00,0x00,0x00,0x00,0x00,0x00,
	0x00,0x00,0x00,0x00,0x00,0x00,0x00,0x00,0x00,0x00,0x00,0x00,0x00,0x00,0x00,0x00,0x00,0x00,0x00,0x00,0x00,0x00,0x00,0x00,0x00,0x00,0x00,0x00,0x00,0x00,0x00,0x00,0x00,0x00,0x00,0x00,0x00,0x00,0x00,0x00,0x00,0x00,0x00,0x00,0x00,0x00,0x00,0x00,0x00,0x00,0x00,0x00,0x00,0x00,0x00,0x00,0x00,0x00,0x00,0x00,0x00,0x00,0x00,0x00,
	0x00,0x00,0x00,0x00,0x00,0x00,0x00,0x00,0x00,0x00,0x00,0x00,0x00,0x00,0x00,0x00,0x00,0x00,0x00,0x00,0x00,0x00,0x89,0x4A,0x61,0x08,0x00,0x00,0x00,0x00,0x01,0x00,0x01,0x00,0x01,0x00,0x02,0x00,0x02,0x00,0x21,0x00,0x01,0x00,0x01,0x00,0x42,0x08,0x42,0x08,0x02,0x00,0x01,0x00,0x01,0x00,0x01,0x00,0x00,0x00,0x00,0x00,0x00,0x00,
	0x00,0x00,0x00,0x00,0x00,0x00,0x62,0x08,0xE4,0x18,0x45,0x19,0xE5,0x18,0xE4,0x18,0xE4,0x18,0x64,0x10,0x62,0x08,0x62,0x08,0x41,0x00,0x01,0x00,0x01,0x00,0x01,0x00,0x00,0x00,0x00,0x00,0x00,0x00,0x00,0x00,0x00,0x00,0x01,0x00,0x01,0x00,0x62,0x08,0x63,0x08,0x63,0x08,0x63,0x10,0x01,0x00,0x00,0x00,0x00,0x00,0xA0,0x58,0xA0,0xDA,
	0x60,0xA1,0x20,0x10,0x63,0x10,0xE6,0x18,0x47,0x29,0x46,0x29,0x47,0x29,0x26,0x21,0xE6,0x20,0x00,0x00,0xA5,0x18,0xA5,0x18,0x21,0x00,0xE5,0x18,0x41,0x00,0x42,0x08,0x84,0x10,0x00,0x00,0x42,0x08,0x00,0x00,0x00,0x00,0x00,0x00,0x00,0x00,0x00,0x00,0x00,0x00,0x00,0x00,0x00,0x00,0x00,0x00,0x00,0x00,0x00,0x00,0x00,0x00,0x00,0x00,
	0x00,0x00,0x00,0x00,0x00,0x00,0x00,0x00,0x00,0x00,0x00,0x00,0x00,0x00,0x00,0x00,0x00,0x00,0x00,0x00,0x00,0x00,0x00,0x00,0x00,0x00,0x00,0x00,0x00,0x00,0x00,0x00,0x00,0x00,0x00,0x00,0x00,0x00,0x00,0x00,0x00,0x00,0x00,0x00,0x00,0x00,0x00,0x00,0x00,0x00,0x00,0x00,0x00,0x00,0x00,0x00,0x00,0x00,0x00,0x00,0x00,0x00,0x00,0x00,
	0x00,0x00,0x00,0x00,0x00,0x00,0x00,0x00,0x00,0x00,0x00,0x00,0x00,0x00,0x00,0x00,0x00,0x00,0x00,0x00,0x00,0x00,0x00,0x00,0x00,0x00,0x00,0x00,0x00,0x00,0x00,0x00,0x00,0x00,0x00,0x00,0x00,0x00,0x00,0x00,0x00,0x00,0x00,0x00,0x00,0x00,0x00,0x00,0x00,0x00,0x00,0x00,0x00,0x00,0x00,0x00,0x00,0x00,0x00,0x00,0x00,0x00,0x00,0x00,
	0x00,0x00,0x00,0x00,0x00,0x00,0x00,0x00,0x00,0x00,0x00,0x00,0x00,0x00,0x00,0x00,0x00,0x00,0x00,0x00,0x00,0x00,0x25,0x21,0x0B,0x5B,0x00,0x00,0x01,0x00,0x01,0x00,0x01,0x00,0x01,0x00,0x01,0x00,0x02,0x00,0x23,0x08,0x42,0x08,0x63,0x08,0x21,0x00,0x00,0x00,0x00,0x00,0x01,0x00,0x01,0x00,0x00,0x00,0x00,0x00,0x00,0x00,0x00,0x00,
	0x01,0x00,0x42,0x08,0x64,0x10,0xA4,0x10,0xE4,0x18,0x24,0x19,0xE4,0x18,0xE4,0x18,0xE4,0x18,0xA3,0x10,0xA2,0x10,0x62,0x08,0x62,0x08,0x01,0x00,0x00,0x00,0x00,0x00,0x00,0x00,0x00,0x00,0x00,0x00,0x00,0x00,0x00,0x00,0x40,0x08,0x40,0x08,0x62,0x08,0x63,0x08,0x83,0x10,0x84,0x10,0xC3,0x18,0xA3,0x10,0x62,0x08,0x20,0x00,0x00,0x00,
	0x00,0x71,0x40,0xE2,0xC0,0x60,0x01,0x00,0xC5,0x18,0x47,0x29,0xE6,0x20,0x06,0x21,0x46,0x29,0xA3,0x10,0x43,0x08,0x63,0x10,0x83,0x10,0x42,0x08,0x83,0x10,0x64,0x10,0x43,0x08,0x42,0x08,0x43,0x08,0x41,0x00,0x21,0x00,0x00,0x00,0x00,0x00,0x00,0x00,0x00,0x00,0x00,0x00,0x00,0x00,0x00,0x00,0x00,0x00,0x00,0x00,0x00,0x00,0x00,0x00,
	0x00,0x00,0x00,0x00,0x00,0x00,0x00,0x00,0x00,0x00,0x00,0x00,0x00,0x00,0x00,0x00,0x00,0x00,0x00,0x00,0x00,0x00,0x00,0x00,0x00,0x00,0x00,0x00,0x00,0x00,0x00,0x00,0x00,0x00,0x00,0x00,0x00,0x00,0x00,0x00,0x00,0x00,0x00,0x00,0x00,0x00,0x00,0x00,0x00,0x00,0x00,0x00,0x00,0x00,0x00,0x00,0x00,0x00,0x00,0x00,0x00,0x00,0x00,0x00,
	0x00,0x00,0x00,0x00,0x00,0x00,0x00,0x00,0x00,0x00,0x00,0x00,0x00,0x00,0x00,0x00,0x00,0x00,0x00,0x00,0x00,0x00,0x00,0x00,0x00,0x00,0x00,0x00,0x00,0x00,0x00,0x00,0x00,0x00,0x00,0x00,0x00,0x00,0x00,0x00,0x00,0x00,0x00,0x00,0x00,0x00,0x00,0x00,0x00,0x00,0x00,0x00,0x00,0x00,0x00,0x00,0x00,0x00,0x00,0x00,0x00,0x00,0x00,0x00,
	0x00,0x00,0x00,0x00,0x00,0x00,0x00,0x00,0x00,0x00,0x00,0x00,0x00,0x00,0x00,0x00,0x00,0x00,0x00,0x00,0x20,0x00,0x00,0x00,0xEF,0x7B,0x82,0x08,0x00,0x00,0x01,0x00,0x01,0x00,0x42,0x08,0x63,0x08,0x21,0x00,0x01,0x00,0x41,0x00,0x21,0x00,0x00,0x00,0x00,0x00,0x01,0x00,0x01,0x00,0x00,0x00,0x00,0x00,0x00,0x00,0x00,0x00,0x82,0x10,
	0xA4,0x10,0xC4,0x10,0xC4,0x18,0xE3,0x18,0xE4,0x18,0xE4,0x18,0xE4,0x18,0xE4,0x18,0xC4,0x18,0x84,0x10,0x82,0x10,0x82,0x08,0x20,0x00,0x00,0x00,0x00,0x00,0x00,0x00,0x00,0x00,0x00,0x00,0x00,0x00,0x00,0x00,0x00,0x00,0x01,0x00,0x21,0x00,0x62,0x08,0x62,0x08,0x82,0x10,0xE4,0x18,0xE4,0x18,0xC4,0x10,0xE4,0x18,0x83,0x10,0x41,0x00,
	0x00,0x00,0x20,0x20,0x80,0xB1,0x40,0xA9,0x00,0x18,0x84,0x10,0x26,0x21,0x47,0x21,0x07,0x21,0x46,0x29,0x83,0x10,0x63,0x08,0x84,0x10,0x41,0x00,0x64,0x10,0x63,0x10,0x21,0x00,0x84,0x10,0x22,0x08,0x42,0x08,0x64,0x10,0x00,0x00,0x21,0x00,0x00,0x00,0x00,0x00,0x00,0x00,0x00,0x00,0x00,0x00,0x00,0x00,0x00,0x00,0x00,0x00,0x00,0x00,
	0x00,0x00,0x00,0x00,0x00,0x00,0x00,0x00,0x00,0x00,0x00,0x00,0x00,0x00,0x00,0x00,0x00,0x00,0x00,0x00,0x00,0x00,0x00,0x00,0x00,0x00,0x00,0x00,0x00,0x00,0x00,0x00,0x00,0x00,0x00,0x00,0x00,0x00,0x00,0x00,0x00,0x00,0x00,0x00,0x00,0x00,0x00,0x00,0x00,0x00,0x00,0x00,0x00,0x00,0x00,0x00,0x00,0x00,0x00,0x00,0x00,0x00,0x00,0x00,
	0x00,0x00,0x00,0x00,0x00,0x00,0x00,0x00,0x00,0x00,0x00,0x00,0x00,0x00,0x00,0x00,0x00,0x00,0x00,0x00,0x00,0x00,0x00,0x00,0x00,0x00,0x00,0x00,0x00,0x00,0x00,0x00,0x00,0x00,0x00,0x00,0x00,0x00,0x00,0x00,0x00,0x00,0x00,0x00,0x00,0x00,0x00,0x00,0x00,0x00,0x00,0x00,0x00,0x00,0x00,0x00,0x00,0x00,0x00,0x00,0x00,0x00,0x00,0x00,
	0x00,0x00,0x00,0x00,0x00,0x00,0x00,0x00,0x00,0x00,0x00,0x00,0xC7,0x31,0xA7,0x31,0x00,0x00,0x41,0x00,0x00,0x00,0x00,0x00,0x66,0x31,0x8D,0x6B,0x00,0x00,0x00,0x00,0x43,0x08,0x62,0x08,0x01,0x00,0x00,0x00,0x02,0x00,0x02,0x00,0x01,0x00,0x00,0x00,0x01,0x00,0x01,0x00,0x00,0x00,0x00,0x00,0x00,0x00,0x02,0x00,0x64,0x10,0x64,0x10,
	0xC4,0x18,0xC4,0x18,0xE4,0x18,0xE4,0x18,0x04,0x19,0xE4,0x18,0xE4,0x18,0xE4,0x18,0x62,0x08,0x01,0x00,0x60,0x08,0x20,0x00,0x41,0x00,0x41,0x00,0x43,0x08,0x43,0x08,0x43,0x08,0x43,0x08,0x43,0x08,0x01,0x00,0x00,0x00,0x00,0x00,0x60,0x08,0x60,0x08,0x41,0x00,0x63,0x08,0xE4,0x18,0x04,0x19,0xE4,0x18,0xE4,0x18,0xC4,0x10,0xA3,0x10,
	0x82,0x08,0x00,0x00,0x00,0x00,0xC0,0x78,0xC0,0xD9,0x00,0x18,0x64,0x10,0x06,0x21,0x66,0x29,0xE6,0x20,0x46,0x21,0x84,0x10,0x00,0x00,0xC5,0x18,0x01,0x00,0x41,0x08,0xC5,0x18,0x00,0x00,0xA4,0x18,0x62,0x08,0x00,0x00,0xC5,0x18,0x00,0x00,0x20,0x00,0x01,0x00,0x00,0x00,0x00,0x00,0x00,0x00,0x00,0x00,0x00,0x00,0x00,0x00,0x00,0x00,
	0x00,0x00,0x00,0x00,0x00,0x00,0x00,0x00,0x00,0x00,0x00,0x00,0x00,0x00,0x00,0x00,0x00,0x00,0x00,0x00,0x00,0x00,0x00,0x00,0x00,0x00,0x00,0x00,0x00,0x00,0x00,0x00,0x00,0x00,0x00,0x00,0x00,0x00,0x00,0x00,0x00,0x00,0x00,0x00,0x00,0x00,0x00,0x00,0x00,0x00,0x00,0x00,0x00,0x00,0x00,0x00,0x00,0x00,0x00,0x00,0x00,0x00,0x00,0x00,
	0x00,0x00,0x00,0x00,0x00,0x00,0x00,0x00,0x00,0x00,0x00,0x00,0x00,0x00,0x00,0x00,0x00,0x00,0x00,0x00,0x00,0x00,0x00,0x00,0x00,0x00,0x00,0x00,0x00,0x00,0x00,0x00,0x00,0x00,0x00,0x00,0x00,0x00,0x00,0x00,0x00,0x00,0x00,0x00,0x00,0x00,0x00,0x00,0x00,0x00,0x00,0x00,0x00,0x00,0x00,0x00,0x00,0x00,0x00,0x00,0x00,0x00,0x00,0x00,
	0x00,0x00,0x00,0x00,0x00,0x00,0x00,0x00,0x00,0x00,0x00,0x00,0x00,0x00,0x0F,0x7C,0x62,0x10,0x00,0x00,0x00,0x00,0x00,0x00,0x00,0x00,0x70,0x84,0xE4,0x18,0x00,0x00,0x00,0x00,0x01,0x00,0x01,0x00,0x01,0x00,0x01,0x00,0x00,0x00,0x00,0x00,0x01,0x00,0x01,0x00,0x00,0x00,0x00,0x00,0x00,0x00,0x42,0x08,0x63,0x08,0x64,0x10,0xA4,0x10,
	0xC2,0x18,0xE4,0x18,0xA4,0x18,0xE4,0x18,0xC3,0x10,0x61,0x08,0x41,0x00,0x21,0x00,0x62,0x08,0xE4,0x18,0xE6,0x20,0x07,0x21,0x06,0x21,0xE6,0x20,0xE6,0x20,0x25,0x19,0x06,0x19,0xE5,0x18,0xC5,0x18,0x07,0x19,0x07,0x21,0x26,0x21,0xC6,0x18,0x62,0x08,0x00,0x00,0x20,0x00,0xC3,0x10,0xE4,0x18,0x04,0x19,0xE4,0x18,0xE4,0x18,0xC4,0x18,
	0xA4,0x10,0xC2,0x10,0x41,0x00,0x00,0x00,0x20,0x30,0xE0,0xE1,0x40,0x48,0x43,0x08,0x05,0x21,0x27,0x21,0x26,0x21,0x26,0x21,0xE6,0x20,0x00,0x00,0xC4,0x18,0x63,0x10,0x00,0x00,0xC4,0x18,0x41,0x00,0x42,0x08,0x64,0x10,0x00,0x00,0x64,0x10,0x42,0x08,0x00,0x00,0x01,0x00,0x00,0x00,0x00,0x00,0x00,0x00,0x00,0x00,0x00,0x00,0x00,0x00,
	0x00,0x00,0x00,0x00,0x00,0x00,0x00,0x00,0x00,0x00,0x00,0x00,0x00,0x00,0x00,0x00,0x00,0x00,0x00,0x00,0x00,0x00,0x00,0x00,0x00,0x00,0x00,0x00,0x00,0x00,0x00,0x00,0x00,0x00,0x00,0x00,0x00,0x00,0x00,0x00,0x00,0x00,0x00,0x00,0x00,0x00,0x00,0x00,0x00,0x00,0x00,0x00,0x00,0x00,0x00,0x00,0x00,0x00,0x00,0x00,0x00,0x00,0x00,0x00,
	0x00,0x00,0x00,0x00,0x00,0x00,0x00,0x00,0x00,0x00,0x00,0x00,0x00,0x00,0x00,0x00,0x00,0x00,0x00,0x00,0x00,0x00,0x00,0x00,0x00,0x00,0x00,0x00,0x00,0x00,0x00,0x00,0x00,0x00,0x00,0x00,0x00,0x00,0x00,0x00,0x00,0x00,0x00,0x00,0x00,0x00,0x00,0x00,0x00,0x00,0x00,0x00,0x00,0x00,0x00,0x00,0x00,0x00,0x00,0x00,0x00,0x00,0x00,0x00,
	0x00,0x00,0x00,0x00,0x00,0x00,0x00,0x00,0x00,0x00,0x01,0x00,0x00,0x00,0x24,0x21,0xEF,0x7B,0x00,0x00,0x40,0x08,0x20,0x00,0x00,0x00,0xC2,0x10,0x0C,0x63,0x00,0x00,0x00,0x00,0x01,0x00,0x01,0x00,0x01,0x00,0x01,0x00,0x00,0x00,0x01,0x00,0x02,0x00,0x00,0x00,0x00,0x00,0x00,0x00,0x21,0x00,0x63,0x08,0x63,0x08,0x83,0x10,0xA4,0x10,
	0x84,0x10,0xA3,0x10,0x83,0x10,0x41,0x00,0x41,0x08,0x84,0x10,0x26,0x21,0x47,0x29,0x26,0x21,0xA5,0x18,0xE4,0x18,0xE5,0x18,0xE6,0x18,0xE6,0x20,0x06,0x21,0x27,0x21,0x07,0x21,0x48,0x29,0x06,0x21,0xE6,0x18,0xE4,0x18,0xA5,0x18,0xA5,0x18,0xE6,0x20,0x06,0x21,0xC5,0x18,0x63,0x08,0x41,0x00,0xA3,0x10,0xC4,0x18,0xE4,0x18,0xC4,0x18,
	0xA3,0x10,0xA3,0x18,0x63,0x08,0x21,0x00,0x00,0x00,0x20,0x20,0x80,0xD1,0x80,0x50,0x42,0x08,0xC5,0x18,0x26,0x29,0xE6,0x20,0xE6,0x20,0x83,0x10,0x43,0x08,0x63,0x08,0x62,0x08,0x62,0x08,0x62,0x08,0x42,0x08,0x43,0x08,0x21,0x00,0x63,0x08,0x62,0x08,0x21,0x00,0x41,0x00,0x20,0x00,0x00,0x00,0x00,0x00,0x00,0x00,0x00,0x00,0x00,0x00,
	0x00,0x00,0x00,0x00,0x00,0x00,0x00,0x00,0x00,0x00,0x00,0x00,0x00,0x00,0x00,0x00,0x00,0x00,0x00,0x00,0x00,0x00,0x00,0x00,0x00,0x00,0x00,0x00,0x00,0x00,0x00,0x00,0x00,0x00,0x00,0x00,0x00,0x00,0x00,0x00,0x00,0x00,0x00,0x00,0x00,0x00,0x00,0x00,0x00,0x00,0x00,0x00,0x00,0x00,0x00,0x00,0x00,0x00,0x00,0x00,0x00,0x00,0x00,0x00,
	0x00,0x00,0x00,0x00,0x00,0x00,0x00,0x00,0x00,0x00,0x00,0x00,0x00,0x00,0x00,0x00,0x00,0x00,0x00,0x00,0x00,0x00,0x00,0x00,0x00,0x00,0x00,0x00,0x00,0x00,0x00,0x00,0x00,0x00,0x00,0x00,0x00,0x00,0x00,0x00,0x00,0x00,0x00,0x00,0x00,0x00,0x00,0x00,0x00,0x00,0x00,0x00,0x00,0x00,0x00,0x00,0x00,0x00,0x00,0x00,0x00,0x00,0x00,0x00,
	0x00,0x00,0x00,0x00,0x01,0x00,0x01,0x00,0x01,0x00,0x01,0x00,0x00,0x00,0x00,0x00,0x2D,0x63,0xE7,0x41,0x00,0x00,0x20,0x00,0x00,0x00,0x00,0x00,0x8A,0x52,0x04,0x21,0x00,0x00,0x01,0x00,0x01,0x00,0x01,0x00,0x00,0x00,0x01,0x00,0x02,0x00,0x00,0x00,0x00,0x00,0x00,0x00,0x01,0x00,0x21,0x00,0x42,0x08,0x62,0x08,0x82,0x08,0x63,0x08,
	0x63,0x10,0x21,0x00,0x21,0x00,0xA4,0x18,0x26,0x21,0x67,0x29,0x06,0x21,0xC5,0x18,0xC5,0x18,0x27,0x21,0x48,0x21,0x68,0x29,0x28,0x21,0x48,0x29,0x48,0x21,0x68,0x29,0x68,0x29,0x89,0x29,0x48,0x29,0x48,0x29,0x48,0x29,0x28,0x21,0x07,0x21,0xE6,0x18,0xE4,0x18,0xC5,0x18,0x06,0x21,0x26,0x21,0x63,0x08,0x20,0x00,0x82,0x08,0xA4,0x10,
	0xA3,0x10,0xA3,0x10,0x82,0x08,0x62,0x08,0x41,0x00,0x00,0x00,0x00,0x10,0x60,0xB9,0xA0,0x60,0x21,0x00,0x06,0x21,0x06,0x21,0x07,0x21,0xE6,0x20,0x42,0x08,0x43,0x08,0x84,0x10,0x00,0x00,0x84,0x10,0x63,0x10,0x00,0x00,0x84,0x10,0x21,0x00,0x21,0x00,0x64,0x10,0x00,0x00,0x62,0x08,0x01,0x00,0x00,0x00,0x00,0x00,0x00,0x00,0x00,0x00,
	0x00,0x00,0x00,0x00,0x00,0x00,0x00,0x00,0x00,0x00,0x00,0x00,0x00,0x00,0x00,0x00,0x00,0x00,0x00,0x00,0x00,0x00,0x00,0x00,0x00,0x00,0x00,0x00,0x00,0x00,0x00,0x00,0x00,0x00,0x00,0x00,0x00,0x00,0x00,0x00,0x00,0x00,0x00,0x00,0x00,0x00,0x00,0x00,0x00,0x00,0x00,0x00,0x00,0x00,0x00,0x00,0x00,0x00,0x00,0x00,0x00,0x00,0x00,0x00,
	0x00,0x00,0x00,0x00,0x00,0x00,0x00,0x00,0x00,0x00,0x00,0x00,0x00,0x00,0x00,0x00,0x00,0x00,0x00,0x00,0x00,0x00,0x00,0x00,0x00,0x00,0x00,0x00,0x00,0x00,0x00,0x00,0x00,0x00,0x00,0x00,0x00,0x00,0x00,0x00,0x00,0x00,0x00,0x00,0x00,0x00,0x00,0x00,0x00,0x00,0x00,0x00,0x00,0x00,0x00,0x00,0x00,0x00,0x00,0x00,0x00,0x00,0x00,0x00,
	0x00,0x00,0x01,0x00,0x01,0x00,0x02,0x00,0x02,0x00,0x01,0x00,0x01,0x00,0x00,0x00,0x00,0x00,0x51,0x8C,0x60,0x08,0x00,0x00,0x00,0x00,0x00,0x00,0x83,0x08,0xEB,0x5A,0x00,0x00,0x00,0x00,0x01,0x00,0x00,0x00,0x01,0x00,0x01,0x00,0x01,0x00,0x00,0x00,0x00,0x00,0x01,0x00,0x01,0x00,0x01,0x00,0x41,0x00,0x62,0x08,0x62,0x08,0x62,0x08,
	0x20,0x00,0x43,0x08,0xE5,0x20,0x47,0x29,0x06,0x21,0x64,0x10,0xE6,0x18,0x47,0x29,0x47,0x29,0x28,0x21,0x48,0x29,0x48,0x21,0x48,0x29,0x48,0x29,0x28,0x21,0x28,0x21,0x07,0x21,0x28,0x21,0x68,0x29,0x68,0x29,0x68,0x29,0x88,0x31,0x68,0x21,0x48,0x21,0x48,0x21,0x27,0x21,0xE5,0x18,0xE5,0x18,0x07,0x21,0xE5,0x18,0x41,0x00,0x41,0x00,
	0x63,0x08,0xA3,0x10,0x62,0x08,0x62,0x08,0x62,0x08,0x22,0x08,0x00,0x00,0x00,0x10,0x40,0xB1,0x80,0x60,0x21,0x00,0xE6,0x20,0xE6,0x20,0xE6,0x20,0xE6,0x20,0xA3,0x10,0x00,0x00,0xC5,0x18,0x01,0x00,0x21,0x08,0x84,0x10,0x00,0x00,0x64,0x10,0x83,0x10,0x00,0x00,0x84,0x10,0x00,0x00,0x21,0x00,0x43,0x08,0x00,0x00,0x00,0x00,0x00,0x00,
	0x00,0x00,0x00,0x00,0x00,0x00,0x00,0x00,0x00,0x00,0x00,0x00,0x00,0x00,0x00,0x00,0x00,0x00,0x00,0x00,0x00,0x00,0x00,0x00,0x00,0x00,0x00,0x00,0x00,0x00,0x00,0x00,0x00,0x00,0x00,0x00,0x00,0x00,0x00,0x00,0x00,0x00,0x00,0x00,0x00,0x00,0x00,0x00,0x00,0x00,0x00,0x00,0x00,0x00,0x00,0x00,0x00,0x00,0x00,0x00,0x00,0x00,0x00,0x00,
	0x00,0x00,0x00,0x00,0x00,0x00,0x00,0x00,0x00,0x00,0x00,0x00,0x00,0x00,0x00,0x00,0x00,0x00,0x00,0x00,0x00,0x00,0x00,0x00,0x00,0x00,0x00,0x00,0x00,0x00,0x00,0x00,0x00,0x00,0x00,0x00,0x00,0x00,0x00,0x00,0x00,0x00,0x00,0x00,0x00,0x00,0x00,0x00,0x00,0x00,0x00,0x00,0x00,0x00,0x00,0x00,0x00,0x00,0x00,0x00,0x00,0x00,0x00,0x00,
	0x00,0x00,0x01,0x00,0x01,0x00,0x02,0x00,0x22,0x00,0x01,0x00,0x01,0x00,0x01,0x00,0x00,0x00,0x04,0x21,0xEC,0x5A,0x00,0x00,0x00,0x00,0x00,0x00,0x00,0x00,0x88,0x52,0xC3,0x18,0x00,0x00,0x01,0x00,0x00,0x00,0x02,0x00,0x00,0x00,0x00,0x00,0x00,0x00,0x00,0x00,0x00,0x00,0x00,0x00,0x01,0x00,0x01,0x00,0x01,0x00,0x41,0x00,0x21,0x00,
	0xC5,0x18,0x46,0x29,0x07,0x21,0xC4,0x18,0xC5,0x18,0x68,0x29,0x48,0x29,0x48,0x29,0x47,0x21,0xC5,0x18,0x43,0x08,0x21,0x00,0x00,0x00,0x00,0x00,0x00,0x00,0x00,0x00,0x00,0x00,0x00,0x00,0x00,0x00,0x00,0x00,0x42,0x08,0x05,0x21,0x69,0x29,0x69,0x29,0x68,0x29,0x48,0x21,0x68,0x29,0x47,0x29,0xE5,0x18,0xC5,0x18,0x67,0x29,0xA3,0x10,
	0x40,0x08,0x62,0x08,0x62,0x08,0x63,0x08,0x02,0x08,0x01,0x00,0x00,0x00,0x00,0x00,0x00,0x10,0x80,0xC9,0x60,0x58,0x22,0x08,0xE6,0x20,0xE6,0x20,0xE6,0x20,0xC5,0x18,0xC4,0x18,0x00,0x00,0x64,0x10,0xA3,0x10,0x00,0x00,0x84,0x10,0x41,0x00,0x22,0x00,0x84,0x10,0x00,0x00,0x63,0x08,0x42,0x08,0x01,0x00,0x21,0x00,0x00,0x00,0x00,0x00,
	0x00,0x00,0x00,0x00,0x00,0x00,0x00,0x00,0x00,0x00,0x00,0x00,0x00,0x00,0x00,0x00,0x00,0x00,0x00,0x00,0x00,0x00,0x00,0x00,0x00,0x00,0x00,0x00,0x00,0x00,0x00,0x00,0x00,0x00,0x00,0x00,0x00,0x00,0x00,0x00,0x00,0x00,0x00,0x00,0x00,0x00,0x00,0x00,0x00,0x00,0x00,0x00,0x00,0x00,0x00,0x00,0x00,0x00,0x00,0x00,0x00,0x00,0x00,0x00,
	0x00,0x00,0x00,0x00,0x00,0x00,0x00,0x00,0x00,0x00,0x00,0x00,0x00,0x00,0x00,0x00,0x00,0x00,0x00,0x00,0x00,0x00,0x00,0x00,0x00,0x00,0x00,0x00,0x00,0x00,0x00,0x00,0x00,0x00,0x00,0x00,0x00,0x00,0x00,0x00,0x00,0x00,0x00,0x00,0x00,0x00,0x00,0x00,0x00,0x00,0x00,0x00,0x00,0x00,0x00,0x00,0x00,0x00,0x00,0x00,0x00,0x00,0x01,0x00,
	0x01,0x00,0x01,0x00,0x01,0x00,0x01,0x00,0x02,0x00,0x22,0x08,0x43,0x08,0x21,0x00,0x00,0x00,0x00,0x00,0xAA,0x52,0x04,0x19,0x00,0x00,0x00,0x00,0x00,0x00,0xC3,0x18,0x25,0x21,0x00,0x00,0x00,0x00,0x01,0x00,0x00,0x00,0x00,0x00,0x00,0x00,0x00,0x00,0x00,0x00,0x00,0x00,0x00,0x00,0x00,0x00,0x00,0x00,0x00,0x00,0x21,0x08,0x06,0x21,
	0x26,0x21,0xE5,0x18,0xC4,0x18,0x07,0x21,0x48,0x29,0x48,0x29,0xC6,0x18,0x62,0x08,0x00,0x00,0x00,0x00,0x00,0x00,0x00,0x00,0x00,0x00,0x00,0x00,0x00,0x00,0x00,0x00,0x00,0x00,0x00,0x00,0x00,0x00,0x00,0x00,0x00,0x00,0x00,0x00,0x00,0x00,0x22,0x08,0xC5,0x18,0x48,0x21,0x48,0x21,0x48,0x21,0x68,0x29,0x06,0x21,0xA5,0x18,0x26,0x21,
	0xA5,0x18,0x20,0x00,0x61,0x08,0x62,0x08,0x62,0x08,0x21,0x00,0x01,0x00,0x21,0x00,0x00,0x00,0x00,0x08,0x40,0xA9,0x80,0x60,0x42,0x08,0xC5,0x18,0xE6,0x20,0xC6,0x18,0xC5,0x18,0x63,0x08,0x43,0x08,0x63,0x08,0x42,0x08,0x42,0x08,0x22,0x08,0x63,0x08,0x62,0x08,0x21,0x00,0x42,0x08,0x22,0x08,0x21,0x00,0x42,0x08,0x21,0x00,0x01,0x00,
	0x00,0x00,0x00,0x00,0x00,0x00,0x00,0x00,0x00,0x00,0x00,0x00,0x00,0x00,0x00,0x00,0x00,0x00,0x00,0x00,0x00,0x00,0x00,0x00,0x00,0x00,0x00,0x00,0x00,0x00,0x00,0x00,0x00,0x00,0x00,0x00,0x00,0x00,0x00,0x00,0x00,0x00,0x00,0x00,0x00,0x00,0x00,0x00,0x00,0x00,0x00,0x00,0x00,0x00,0x00,0x00,0x00,0x00,0x00,0x00,0x00,0x00,0x00,0x00,
	0x00,0x00,0x00,0x00,0x00,0x00,0x00,0x00,0x00,0x00,0x00,0x00,0x00,0x00,0x00,0x00,0x00,0x00,0x00,0x00,0x00,0x00,0x00,0x00,0x00,0x00,0x00,0x00,0x00,0x00,0x00,0x00,0x00,0x00,0x00,0x00,0x00,0x00,0x00,0x00,0x00,0x00,0x00,0x00,0x00,0x00,0x00,0x00,0x00,0x00,0x00,0x00,0x00,0x00,0x00,0x00,0x00,0x00,0x00,0x00,0x01,0x00,0x01,0x00,
	0x01,0x00,0x02,0x00,0x02,0x00,0x02,0x00,0x23,0x08,0x23,0x08,0x01,0x00,0x00,0x00,0x00,0x00,0x00,0x00,0x41,0x00,0x0C,0x63,0x41,0x08,0x00,0x00,0x00,0x00,0x08,0x4A,0xA3,0x10,0x00,0x00,0x01,0x00,0x00,0x00,0x00,0x00,0x00,0x00,0x00,0x00,0x00,0x00,0x00,0x00,0x00,0x00,0x01,0x00,0x00,0x00,0x00,0x00,0x42,0x08,0x26,0x21,0x46,0x21,
	0xC5,0x18,0xE5,0x20,0x66,0x29,0x68,0x29,0x06,0x19,0x41,0x08,0x00,0x00,0x00,0x00,0x00,0x00,0x00,0x00,0x00,0x00,0x00,0x00,0x00,0x00,0x00,0x00,0x00,0x00,0x00,0x00,0x00,0x00,0x00,0x00,0x00,0x00,0x00,0x00,0x00,0x00,0x00,0x00,0x00,0x00,0x00,0x00,0x00,0x00,0x21,0x00,0xC5,0x18,0x67,0x29,0x68,0x29,0x68,0x29,0x47,0x29,0x04,0x19,
	0xE6,0x20,0xC5,0x18,0x00,0x08,0x00,0x00,0x01,0x00,0x21,0x00,0x41,0x00,0x40,0x08,0x00,0x00,0x00,0x00,0x00,0x08,0x20,0xA9,0x60,0x50,0x21,0x08,0xE6,0x20,0xC5,0x18,0xE6,0x20,0xE5,0x20,0x41,0x00,0x21,0x00,0x84,0x10,0x00,0x00,0x64,0x10,0x63,0x08,0x00,0x00,0x83,0x10,0x21,0x00,0x21,0x00,0x63,0x08,0x00,0x00,0x64,0x10,0x22,0x08,
	0x00,0x00,0x01,0x00,0x00,0x00,0x00,0x00,0x00,0x00,0x00,0x00,0x00,0x00,0x00,0x00,0x00,0x00,0x00,0x00,0x00,0x00,0x00,0x00,0x00,0x00,0x00,0x00,0x00,0x00,0x00,0x00,0x00,0x00,0x00,0x00,0x00,0x00,0x00,0x00,0x00,0x00,0x00,0x00,0x00,0x00,0x00,0x00,0x00,0x00,0x00,0x00,0x00,0x00,0x00,0x00,0x00,0x00,0x00,0x00,0x00,0x00,0x00,0x00,
	0x00,0x00,0x00,0x00,0x00,0x00,0x00,0x00,0x00,0x00,0x00,0x00,0x00,0x00,0x00,0x00,0x00,0x00,0x00,0x00,0x00,0x00,0x00,0x00,0x00,0x00,0x00,0x00,0x00,0x00,0x00,0x00,0x00,0x00,0x00,0x00,0x00,0x00,0x00,0x00,0x00,0x00,0x00,0x00,0x00,0x00,0x00,0x00,0x00,0x00,0x00,0x00,0x00,0x00,0x00,0x00,0x01,0x00,0x01,0x00,0x01,0x00,0x01,0x00,
	0x01,0x00,0x01,0x00,0x02,0x08,0x43,0x08,0x22,0x08,0x01,0x00,0x00,0x00,0x00,0x00,0x01,0x00,0x00,0x00,0x00,0x00,0xA3,0x10,0x2B,0x6B,0x67,0x4A,0xEC,0x62,0x6A,0x4A,0x00,0x00,0x00,0x00,0x00,0x00,0x00,0x00,0x00,0x00,0x00,0x00,0x00,0x00,0x00,0x00,0x00,0x00,0x00,0x00,0x00,0x00,0x00,0x00,0x62,0x08,0x26,0x21,0x66,0x29,0xE4,0x18,
	0x25,0x21,0x66,0x29,0x67,0x29,0x43,0x08,0x00,0x00,0x00,0x00,0x00,0x00,0x00,0x00,0x00,0x00,0x00,0x00,0x00,0x00,0x00,0x30,0x00,0x48,0x00,0x68,0x00,0x78,0x00,0x78,0x00,0x78,0x00,0x78,0x00,0x70,0x00,0x60,0x00,0x40,0x00,0x18,0x00,0x00,0x00,0x00,0x00,0x00,0x00,0x00,0x00,0x00,0x41,0x00,0x46,0x29,0x88,0x29,0x68,0x29,0x68,0x21,
	0x05,0x21,0xE5,0x20,0x07,0x19,0x00,0x00,0x21,0x00,0x00,0x00,0x01,0x00,0x01,0x00,0x00,0x00,0x00,0x00,0x00,0x00,0x00,0x10,0x40,0xB1,0x60,0x58,0x01,0x00,0xE6,0x20,0xE6,0x20,0xA5,0x18,0xE4,0x18,0x82,0x08,0x00,0x00,0x84,0x10,0x01,0x00,0x21,0x00,0xA4,0x10,0x00,0x00,0x63,0x10,0x42,0x08,0x00,0x00,0x64,0x10,0x00,0x00,0x22,0x00,
	0x23,0x08,0x00,0x00,0x01,0x00,0x00,0x00,0x00,0x00,0x00,0x00,0x00,0x00,0x00,0x00,0x00,0x00,0x00,0x00,0x00,0x00,0x00,0x00,0x00,0x00,0x00,0x00,0x00,0x00,0x00,0x00,0x00,0x00,0x00,0x00,0x00,0x00,0x00,0x00,0x00,0x00,0x00,0x00,0x00,0x00,0x00,0x00,0x00,0x00,0x00,0x00,0x00,0x00,0x00,0x00,0x00,0x00,0x00,0x00,0x00,0x00,0x00,0x00,
	0x00,0x00,0x00,0x00,0x00,0x00,0x00,0x00,0x00,0x00,0x00,0x00,0x00,0x00,0x00,0x00,0x00,0x00,0x00,0x00,0x00,0x00,0x00,0x00,0x00,0x00,0x00,0x00,0x00,0x00,0x00,0x00,0x00,0x00,0x00,0x00,0x00,0x00,0x00,0x00,0x00,0x00,0x00,0x00,0x00,0x00,0x00,0x00,0x00,0x00,0x00,0x00,0x00,0x00,0x01,0x00,0x01,0x00,0x01,0x00,0x01,0x00,0x01,0x00,
	0x01,0x00,0x21,0x00,0x62,0x08,0x01,0x00,0x01,0x00,0x00,0x00,0x00,0x00,0x01,0x00,0x01,0x00,0x00,0x00,0x00,0x00,0x00,0x00,0x00,0x00,0x41,0x00,0x41,0x00,0x00,0x00,0x00,0x00,0x00,0x00,0x00,0x00,0x00,0x00,0x00,0x00,0x00,0x00,0x00,0x00,0x00,0x00,0x00,0x00,0x00,0x00,0x00,0x00,0x21,0x00,0x46,0x29,0x66,0x29,0xC4,0x18,0x06,0x21,
	0x67,0x29,0x26,0x21,0x21,0x00,0x00,0x00,0x00,0x00,0x00,0x00,0x00,0x00,0x00,0x00,0x00,0x00,0x00,0x00,0x00,0x38,0x00,0x90,0x00,0x90,0x00,0x90,0x00,0xA0,0x00,0xA0,0x00,0xA0,0x00,0xB0,0x00,0xA0,0x00,0xA0,0x00,0xA0,0x00,0x90,0x00,0x80,0x00,0x48,0x00,0x08,0x00,0x00,0x00,0x00,0x00,0x00,0x00,0x00,0xA4,0x18,0x67,0x29,0x66,0x29,
	0x67,0x29,0xE6,0x20,0xA5,0x18,0xC5,0x18,0x00,0x00,0x20,0x00,0x41,0x00,0x21,0x00,0x20,0x00,0x01,0x00,0x00,0x00,0x00,0x00,0x00,0x08,0x40,0xA9,0x60,0x58,0x22,0x08,0xC5,0x18,0xE5,0x18,0xE5,0x18,0xE4,0x18,0xA4,0x10,0x64,0x10,0x64,0x10,0x84,0x10,0x62,0x10,0x64,0x10,0x64,0x10,0x64,0x10,0x63,0x08,0x62,0x08,0x23,0x08,0x63,0x08,
	0x62,0x08,0x01,0x00,0x01,0x00,0x00,0x00,0x00,0x00,0x00,0x00,0x00,0x00,0x00,0x00,0x00,0x00,0x00,0x00,0x00,0x00,0x00,0x00,0x00,0x00,0x00,0x00,0x00,0x00,0x00,0x00,0x00,0x00,0x00,0x00,0x00,0x00,0x00,0x00,0x00,0x00,0x00,0x00,0x00,0x00,0x00,0x00,0x00,0x00,0x00,0x00,0x00,0x00,0x00,0x00,0x00,0x00,0x00,0x00,0x00,0x00,0x00,0x00,
	0x00,0x00,0x00,0x00,0x00,0x00,0x00,0x00,0x00,0x00,0x00,0x00,0x00,0x00,0x00,0x00,0x00,0x00,0x00,0x00,0x00,0x00,0x00,0x00,0x00,0x00,0x00,0x00,0x00,0x00,0x00,0x00,0x00,0x00,0x00,0x00,0x00,0x00,0x00,0x00,0x00,0x00,0x00,0x00,0x00,0x00,0x00,0x00,0x00,0x00,0x00,0x00,0x00,0x00,0x01,0x00,0x01,0x00,0x42,0x08,0x66,0x31,0x6A,0x4A,
	0xCB,0x5A,0xEC,0x62,0xAB,0x5A,0x4A,0x4A,0x67,0x31,0x41,0x08,0x00,0x00,0x01,0x00,0x00,0x00,0x00,0x00,0x01,0x00,0x01,0x00,0x00,0x00,0x00,0x00,0x00,0x00,0x00,0x00,0x00,0x00,0x00,0x00,0x00,0x00,0x00,0x00,0x00,0x00,0x00,0x00,0x00,0x00,0x00,0x00,0x00,0x00,0x00,0x00,0x20,0x08,0xE5,0x20,0x46,0x29,0xA4,0x18,0x46,0x29,0x47,0x21,
	0x46,0x21,0x00,0x00,0x00,0x00,0x00,0x00,0x00,0x00,0x00,0x00,0x00,0x18,0x00,0x38,0x00,0x10,0x00,0x00,0x00,0x68,0x00,0xB0,0x00,0xB8,0x00,0xC0,0x00,0xC0,0x00,0xD0,0x00,0xC8,0x00,0xC0,0x00,0xD0,0x00,0xC8,0x00,0xC0,0x00,0xB8,0x00,0xB0,0x00,0xA0,0x00,0x90,0x00,0x50,0x00,0x10,0x00,0x00,0x00,0x00,0x00,0x00,0x84,0x10,0x66,0x29,
	0x46,0x29,0x46,0x29,0xC5,0x18,0xC6,0x18,0xE5,0x20,0x20,0x00,0x00,0x00,0x00,0x00,0x00,0x00,0x00,0x00,0x00,0x00,0x00,0x00,0x00,0x00,0x00,0x10,0x20,0xA1,0x60,0x48,0x22,0x08,0xC5,0x18,0xC4,0x18,0xC4,0x18,0xA4,0x18,0xC4,0x18,0xA4,0x18,0xA4,0x18,0xA4,0x10,0x84,0x10,0x64,0x10,0x64,0x10,0x84,0x10,0x64,0x10,0x84,0x10,0x64,0x10,
	0x63,0x08,0x83,0x10,0x63,0x08,0x42,0x08,0x01,0x00,0x00,0x00,0x00,0x00,0x00,0x00,0x00,0x00,0x00,0x00,0x00,0x00,0x00,0x00,0x00,0x00,0x00,0x00,0x00,0x00,0x00,0x00,0x00,0x00,0x00,0x00,0x00,0x00,0x00,0x00,0x00,0x00,0x00,0x00,0x00,0x00,0x00,0x00,0x00,0x00,0x00,0x00,0x00,0x00,0x00,0x00,0x00,0x00,0x00,0x00,0x00,0x00,0x00,0x00,
	0x00,0x00,0x00,0x00,0x00,0x00,0x00,0x00,0x00,0x00,0x00,0x00,0x00,0x00,0x00,0x00,0x00,0x00,0x00,0x00,0x00,0x00,0x00,0x00,0x00,0x00,0x00,0x00,0x00,0x00,0x00,0x00,0x00,0x00,0x00,0x00,0x00,0x00,0x00,0x00,0x00,0x00,0x00,0x00,0x00,0x00,0x00,0x00,0x00,0x00,0x00,0x00,0x00,0x00,0x01,0x00,0xA8,0x39,0xA9,0x52,0x85,0x29,0xC3,0x18,
	0x61,0x08,0x41,0x10,0x41,0x08,0xA2,0x18,0x66,0x29,0x89,0x4A,0xE8,0x39,0x22,0x00,0x00,0x00,0x00,0x00,0x01,0x00,0x00,0x00,0x00,0x00,0x00,0x00,0x01,0x00,0x00,0x00,0x00,0x00,0x00,0x00,0x00,0x00,0x00,0x00,0x00,0x00,0x00,0x00,0x00,0x00,0x00,0x00,0x00,0x00,0x00,0x00,0xA5,0x18,0x26,0x21,0xE4,0x18,0x25,0x21,0x27,0x21,0x05,0x21,
	0x00,0x00,0x00,0x00,0x00,0x00,0x00,0x00,0x00,0x00,0x00,0x48,0x00,0x78,0x00,0x90,0x00,0x90,0x00,0x18,0x00,0x38,0x00,0xC0,0x00,0xE0,0x00,0xC8,0x00,0xB8,0x00,0xA0,0x00,0xA0,0x00,0xB0,0x00,0xB8,0x00,0xD0,0x00,0xE0,0x00,0xE0,0x00,0xD8,0x00,0xC8,0x00,0xC0,0x00,0xA8,0x00,0x90,0x00,0x38,0x00,0x00,0x00,0x00,0x00,0x00,0x62,0x08,
	0x26,0x21,0x06,0x21,0x06,0x21,0xC5,0x18,0xC4,0x18,0xA5,0x18,0x21,0x00,0x00,0x00,0x00,0x00,0x00,0x00,0x00,0x00,0x00,0x00,0x00,0x00,0x00,0x00,0x00,0x08,0x00,0x91,0x60,0x50,0x22,0x00,0xA4,0x18,0x84,0x10,0xA4,0x18,0xA4,0x18,0x64,0x10,0x64,0x10,0xA4,0x10,0xA4,0x10,0x64,0x10,0x64,0x10,0x63,0x08,0x64,0x10,0x64,0x10,0x63,0x08,
	0x63,0x08,0x63,0x08,0x43,0x08,0x42,0x08,0x42,0x00,0x01,0x00,0x00,0x00,0x00,0x00,0x00,0x00,0x00,0x00,0x00,0x00,0x00,0x00,0x00,0x00,0x00,0x00,0x00,0x00,0x00,0x00,0x00,0x00,0x00,0x00,0x00,0x00,0x00,0x00,0x00,0x00,0x00,0x00,0x00,0x00,0x00,0x00,0x00,0x00,0x00,0x00,0x00,0x00,0x00,0x00,0x00,0x00,0x00,0x00,0x00,0x00,0x00,0x00,
	0x00,0x00,0x00,0x00,0x00,0x00,0x00,0x00,0x00,0x00,0x00,0x00,0x00,0x00,0x00,0x00,0x00,0x00,0x00,0x00,0x00,0x00,0x00,0x00,0x00,0x00,0x00,0x00,0x00,0x00,0x00,0x00,0x00,0x00,0x00,0x00,0x00,0x00,0x00,0x00,0x00,0x00,0x00,0x00,0x00,0x00,0x00,0x00,0x00,0x00,0x00,0x00,0x01,0x00,0x6A,0x52,0x86,0x31,0x21,0x00,0x00,0x00,0x00,0x00,
	0x00,0x00,0x00,0x00,0x00,0x00,0x00,0x00,0x00,0x00,0x00,0x00,0x25,0x21,0x8B,0x52,0x41,0x08,0x00,0x00,0x01,0x00,0x00,0x00,0x00,0x00,0x01,0x00,0x00,0x00,0x00,0x00,0x00,0x00,0x00,0x00,0x00,0x00,0x00,0x00,0x00,0x00,0x00,0x00,0x00,0x00,0x00,0x00,0x00,0x00,0x43,0x08,0xE6,0x20,0x25,0x21,0x05,0x21,0x67,0x29,0x45,0x21,0x00,0x00,
	0x00,0x00,0x00,0x00,0x00,0x00,0x00,0x08,0x00,0x68,0x00,0x88,0x00,0xA0,0x00,0xB0,0x00,0xC8,0x00,0x38,0x21,0x00,0x01,0x18,0x00,0x28,0x00,0x08,0x21,0x00,0x42,0x00,0x21,0x00,0x01,0x00,0x21,0x00,0x00,0x20,0x00,0x40,0x00,0xA0,0x00,0xD0,0x00,0xE8,0x00,0xE0,0x00,0xD0,0x00,0xC0,0x00,0xA8,0x00,0x60,0x00,0x00,0x00,0x00,0x00,0x00,
	0x42,0x08,0xE4,0x18,0xA5,0x18,0xE6,0x20,0x64,0x10,0xA4,0x18,0x84,0x10,0x00,0x00,0x00,0x00,0x00,0x00,0x00,0x00,0x00,0x00,0x00,0x00,0x00,0x00,0x00,0x00,0x00,0x08,0x20,0x99,0x20,0x48,0x00,0x00,0x01,0x00,0x22,0x00,0x23,0x08,0x23,0x08,0x02,0x00,0x02,0x00,0x23,0x08,0x03,0x08,0x43,0x08,0x43,0x08,0x64,0x10,0x64,0x10,0x23,0x08,
	0x43,0x08,0x23,0x08,0x03,0x08,0x64,0x10,0x43,0x08,0x43,0x08,0x21,0x00,0x01,0x00,0x00,0x00,0x00,0x00,0x00,0x00,0x00,0x00,0x00,0x00,0x00,0x00,0x00,0x00,0x00,0x00,0x00,0x00,0x00,0x00,0x00,0x00,0x00,0x00,0x00,0x00,0x00,0x00,0x00,0x00,0x00,0x00,0x00,0x00,0x00,0x00,0x00,0x00,0x00,0x00,0x00,0x00,0x00,0x00,0x00,0x00,0x00,0x00,
	0x00,0x00,0x00,0x00,0x00,0x00,0x00,0x00,0x00,0x00,0x00,0x00,0x00,0x00,0x00,0x00,0x00,0x00,0x00,0x00,0x00,0x00,0x00,0x00,0x00,0x00,0x00,0x00,0x00,0x00,0x00,0x00,0x00,0x00,0x00,0x00,0x00,0x00,0x00,0x00,0x00,0x00,0x00,0x00,0x00,0x00,0x01,0x00,0x01,0x00,0x01,0x00,0x8A,0x52,0xE3,0x18,0x00,0x00,0x00,0x00,0x00,0x00,0x00,0x00,
	0x00,0x00,0x00,0x00,0x00,0x00,0x00,0x00,0x00,0x00,0x41,0x08,0x00,0x00,0xA3,0x10,0x8A,0x52,0x21,0x00,0x00,0x00,0x00,0x00,0x01,0x00,0x00,0x00,0x00,0x00,0x00,0x00,0x00,0x00,0x00,0x00,0x00,0x00,0x00,0x00,0x00,0x00,0x00,0x00,0x00,0x00,0x00,0x00,0x01,0x00,0xC5,0x18,0xE6,0x20,0xC4,0x18,0x66,0x29,0x67,0x29,0x00,0x00,0x00,0x00,
	0x00,0x00,0x00,0x00,0x00,0x08,0x00,0x78,0x00,0x98,0x00,0xB0,0x00,0xC0,0x00,0xD0,0x00,0xA8,0x00,0x10,0x41,0x00,0x00,0x00,0x20,0x00,0x60,0x08,0x60,0x08,0x40,0x08,0x40,0x08,0x21,0x00,0x41,0x00,0x20,0x08,0x21,0x00,0x01,0x00,0x21,0x08,0x00,0x68,0x00,0xD0,0x00,0xE8,0x00,0xE8,0x00,0xD0,0x00,0xC0,0x00,0x78,0x00,0x00,0x00,0x00,
	0x00,0x00,0x43,0x08,0x84,0x10,0x84,0x10,0xC4,0x18,0x64,0x10,0x63,0x10,0x64,0x10,0x00,0x00,0x00,0x00,0x00,0x00,0x40,0x08,0x00,0x00,0x00,0x00,0x00,0x00,0x00,0x00,0x00,0x08,0xE0,0x78,0x00,0x99,0x80,0x60,0x60,0x50,0x20,0x50,0x20,0x38,0x00,0x38,0x40,0x38,0x00,0x28,0x20,0x28,0x00,0x28,0x00,0x28,0x00,0x20,0x00,0x18,0x00,0x18,
	0x00,0x18,0x00,0x18,0x00,0x10,0x00,0x10,0x00,0x08,0x00,0x08,0x00,0x00,0x00,0x00,0x00,0x00,0x00,0x00,0x00,0x00,0x00,0x00,0x00,0x00,0x00,0x00,0x00,0x00,0x00,0x00,0x00,0x00,0x00,0x00,0x00,0x00,0x00,0x00,0x00,0x00,0x00,0x00,0x00,0x00,0x00,0x00,0x00,0x00,0x00,0x00,0x00,0x00,0x00,0x00,0x00,0x00,0x00,0x00,0x00,0x00,0x00,0x00,
	0x00,0x00,0x00,0x00,0x00,0x00,0x00,0x00,0x00,0x00,0x00,0x00,0x00,0x00,0x00,0x00,0x00,0x00,0x00,0x00,0x00,0x00,0x00,0x00,0x00,0x00,0x00,0x00,0x00,0x00,0x00,0x00,0x00,0x00,0x00,0x00,0x00,0x00,0x00,0x00,0x00,0x00,0x00,0x00,0x00,0x00,0x01,0x00,0x00,0x00,0xA7,0x31,0xE4,0x18,0x00,0x00,0x00,0x00,0x00,0x00,0x00,0x00,0x00,0x00,
	0x00,0x00,0x00,0x00,0x00,0x00,0x03,0x19,0x00,0x00,0x28,0x42,0x41,0x08,0x00,0x00,0xA7,0x31,0xE7,0x31,0x00,0x00,0x00,0x00,0x00,0x00,0x00,0x00,0x00,0x00,0x20,0x00,0x00,0x00,0x00,0x00,0x00,0x00,0x00,0x00,0x00,0x00,0x00,0x00,0x00,0x00,0x00,0x00,0xA4,0x10,0x27,0x21,0xC5,0x18,0x26,0x21,0x66,0x29,0x63,0x10,0x00,0x00,0x00,0x00,
	0x00,0x00,0x00,0x08,0x00,0x70,0x00,0xA0,0x00,0xB0,0x00,0xC8,0x00,0xD0,0x00,0x88,0x00,0x18,0x41,0x00,0x20,0x00,0x21,0x00,0x20,0x00,0x60,0x08,0x81,0x10,0x62,0x08,0x61,0x08,0x81,0x10,0x41,0x08,0x42,0x00,0x42,0x00,0x41,0x08,0x62,0x08,0x22,0x00,0x21,0x28,0x00,0xB8,0x00,0xD0,0x00,0xD8,0x00,0xD0,0x00,0xC0,0x00,0x70,0x00,0x08,
	0x00,0x00,0x00,0x00,0x43,0x08,0x42,0x08,0x42,0x08,0x42,0x08,0x01,0x00,0x42,0x08,0x00,0x00,0x00,0x00,0x00,0x00,0x00,0x00,0x00,0x00,0x00,0x00,0x00,0x00,0x00,0x00,0x00,0x00,0x00,0x00,0x00,0x20,0x40,0x38,0x40,0x40,0x40,0x38,0x40,0x38,0x40,0x38,0x40,0x38,0x40,0x40,0x40,0x40,0x40,0x40,0x40,0x38,0x40,0x38,0x40,0x38,0x40,0x38,
	0x40,0x38,0x40,0x38,0x20,0x38,0x20,0x30,0x20,0x30,0x20,0x30,0x00,0x30,0x20,0x30,0x00,0x20,0x00,0x18,0x00,0x18,0x00,0x08,0x00,0x00,0x00,0x00,0x00,0x00,0x00,0x00,0x00,0x00,0x00,0x00,0x00,0x00,0x00,0x00,0x00,0x00,0x00,0x00,0x00,0x00,0x00,0x00,0x00,0x00,0x00,0x00,0x00,0x00,0x00,0x00,0x00,0x00,0x00,0x00,0x00,0x00,0x00,0x00,
	0x00,0x00,0x00,0x00,0x00,0x00,0x00,0x00,0x00,0x00,0x00,0x00,0x00,0x00,0x00,0x00,0x00,0x00,0x00,0x00,0x00,0x00,0x00,0x00,0x00,0x00,0x00,0x00,0x00,0x00,0x00,0x00,0x00,0x00,0x00,0x00,0x00,0x00,0x00,0x00,0x00,0x00,0x00,0x00,0x01,0x00,0x00,0x00,0xA3,0x10,0xE7,0x39,0x00,0x00,0x00,0x00,0x00,0x00,0x00,0x00,0x00,0x00,0x00,0x00,
	0xE3,0x18,0x49,0x4A,0xE7,0x39,0x69,0x4A,0x61,0x08,0x49,0x4A,0xE7,0x39,0x41,0x08,0xE7,0x39,0x66,0x29,0xE4,0x18,0x00,0x00,0x00,0x00,0x00,0x00,0x00,0x00,0x40,0x08,0x00,0x00,0x00,0x00,0x00,0x00,0x00,0x00,0x00,0x00,0x00,0x00,0x00,0x00,0x21,0x00,0x05,0x21,0x27,0x21,0xC5,0x18,0x26,0x21,0xE5,0x20,0x00,0x00,0x00,0x00,0x00,0x00,
	0x00,0x00,0x00,0x70,0x00,0xA0,0x00,0xC0,0x00,0xC8,0x00,0xD8,0x00,0x58,0x41,0x00,0x41,0x00,0x21,0x00,0x20,0x00,0xA3,0x10,0x05,0x21,0x45,0x21,0x46,0x29,0x46,0x29,0x66,0x29,0x46,0x29,0x66,0x29,0x66,0x29,0x66,0x29,0x66,0x29,0x66,0x29,0x26,0x21,0x66,0x29,0x46,0x29,0x26,0x31,0x26,0x29,0x26,0x29,0x26,0x29,0x26,0x31,0x46,0x29,
	0x66,0x29,0x46,0x29,0x26,0x21,0x05,0x21,0x05,0x19,0x05,0x19,0xE5,0x18,0x05,0x19,0x05,0x19,0x05,0x19,0x05,0x21,0xE5,0x18,0x05,0x19,0x05,0x19,0xE5,0x18,0x05,0x19,0x04,0x19,0x04,0x19,0x04,0x19,0xE4,0x18,0xE4,0x18,0xE4,0x18,0xC4,0x18,0xA4,0x10,0xC4,0x10,0xA5,0x10,0x84,0x10,0x84,0x10,0x83,0x10,0x63,0x10,0x63,0x08,0x83,0x10,
	0x62,0x08,0x83,0x08,0x63,0x08,0x42,0x08,0x43,0x08,0x42,0x08,0x42,0x08,0x43,0x08,0x42,0x08,0x42,0x08,0x42,0x08,0x01,0x00,0x00,0x00,0x00,0x00,0x00,0x00,0x00,0x00,0x00,0x00,0x00,0x00,0x00,0x00,0x00,0x00,0x00,0x00,0x00,0x00,0x00,0x00,0x00,0x00,0x00,0x00,0x00,0x00,0x00,0x00,0x00,0x00,0x00,0x00,0x00,0x00,0x00,0x00,0x00,0x00,
	0x00,0x00,0x00,0x00,0x00,0x00,0x00,0x00,0x00,0x00,0x00,0x00,0x00,0x00,0x00,0x00,0x00,0x00,0x00,0x00,0x00,0x00,0x00,0x00,0x00,0x00,0x00,0x00,0x00,0x00,0x00,0x00,0x00,0x00,0x00,0x00,0x00,0x00,0x00,0x00,0x00,0x00,0x01,0x00,0x01,0x00,0x01,0x00,0x66,0x31,0x82,0x08,0x00,0x00,0x00,0x00,0x00,0x00,0x00,0x00,0x00,0x00,0x8D,0x6B,
	0x51,0x8C,0x51,0x8C,0x51,0x8C,0x30,0x84,0xE7,0x39,0x10,0x84,0x51,0x8C,0xEB,0x5A,0x00,0x00,0x62,0x08,0xC8,0x41,0x00,0x00,0x00,0x00,0x00,0x00,0x00,0x00,0x40,0x08,0x00,0x00,0x00,0x00,0x00,0x00,0x00,0x00,0x00,0x00,0x00,0x00,0x00,0x00,0x84,0x10,0x06,0x21,0x84,0x10,0x07,0x21,0x46,0x29,0x21,0x00,0x00,0x00,0x00,0x00,0x00,0x00,
	0x00,0x50,0x00,0xA8,0x00,0xC0,0x00,0xD8,0x00,0xD8,0x00,0x58,0x00,0x00,0x40,0x00,0x00,0x00,0x61,0x08,0x67,0x29,0x66,0x29,0x46,0x29,0x66,0x29,0x66,0x29,0x46,0x29,0x46,0x29,0x66,0x29,0x66,0x29,0x66,0x29,0x66,0x29,0x46,0x29,0x66,0x29,0x66,0x29,0x66,0x29,0x66,0x29,0x66,0x29,0x66,0x29,0x66,0x29,0x46,0x29,0x66,0x29,0x46,0x29,
	0x46,0x29,0x66,0x29,0x46,0x29,0x46,0x29,0x46,0x29,0x66,0x29,0x66,0x29,0x46,0x29,0x46,0x29,0x66,0x29,0x46,0x29,0x46,0x29,0x46,0x29,0x46,0x29,0x66,0x29,0x46,0x29,0x46,0x29,0x66,0x29,0x66,0x29,0x46,0x29,0x46,0x29,0x66,0x29,0x46,0x29,0x46,0x29,0x46,0x29,0x46,0x29,0x26,0x21,0x46,0x21,0x06,0x21,0x67,0x29,0x26,0x21,0xE6,0x20,
	0xE6,0x20,0xE6,0x20,0x27,0x21,0xE6,0x20,0x07,0x19,0x07,0x21,0xE6,0x20,0xC5,0x18,0xC6,0x18,0xC5,0x18,0xE6,0x20,0xE5,0x18,0x64,0x10,0x01,0x00,0x00,0x00,0x00,0x00,0x00,0x00,0x00,0x00,0x00,0x00,0x00,0x00,0x00,0x00,0x00,0x00,0x00,0x00,0x00,0x00,0x00,0x00,0x00,0x00,0x00,0x00,0x00,0x00,0x00,0x00,0x00,0x00,0x00,0x00,0x00,0x00,
	0x00,0x00,0x00,0x00,0x00,0x00,0x00,0x00,0x00,0x00,0x00,0x00,0x00,0x00,0x00,0x00,0x00,0x00,0x00,0x00,0x00,0x00,0x00,0x00,0x00,0x00,0x00,0x00,0x00,0x00,0x00,0x00,0x00,0x00,0x00,0x00,0x00,0x00,0x00,0x00,0x01,0x00,0x01,0x00,0x01,0x00,0x01,0x00,0xC7,0x39,0x00,0x00,0x00,0x00,0x00,0x00,0x00,0x00,0x20,0x00,0x0C,0x63,0x10,0x84,
	0x10,0x84,0x10,0x84,0x10,0x84,0x10,0x84,0x10,0x84,0x03,0x19,0x10,0x84,0x10,0x84,0xA2,0x10,0x8E,0x73,0x66,0x29,0x41,0x00,0x00,0x00,0x00,0x00,0x00,0x00,0x00,0x00,0x00,0x00,0x00,0x00,0x00,0x00,0x00,0x00,0x00,0x00,0x00,0x00,0x00,0x00,0x06,0x21,0x06,0x21,0xA5,0x18,0x48,0x21,0xC6,0x18,0x00,0x00,0x00,0x00,0x00,0x00,0x00,0x28,
	0x00,0xA8,0x00,0xC8,0x00,0xD0,0x00,0xE0,0x00,0x70,0x21,0x00,0x01,0x00,0x20,0x00,0xE3,0x18,0x87,0x29,0x47,0x29,0x46,0x29,0x66,0x29,0x46,0x29,0x46,0x29,0x45,0x21,0x45,0x29,0x45,0x21,0x46,0x29,0x46,0x29,0x46,0x29,0x46,0x29,0x66,0x29,0x46,0x29,0x46,0x29,0x66,0x29,0x66,0x29,0x66,0x29,0x46,0x29,0x46,0x29,0x46,0x29,0x66,0x29,
	0x66,0x29,0x66,0x29,0x66,0x29,0x46,0x29,0x66,0x29,0x66,0x29,0x46,0x29,0x66,0x29,0x66,0x29,0x66,0x29,0x66,0x29,0x46,0x29,0x66,0x29,0x46,0x29,0x66,0x29,0x46,0x29,0x66,0x29,0x66,0x29,0x46,0x29,0x66,0x29,0x66,0x29,0x66,0x29,0x66,0x29,0x46,0x29,0x66,0x29,0x66,0x29,0xE6,0x20,0x47,0x29,0x07,0x21,0x46,0x29,0xE6,0x20,0xE6,0x20,
	0xE6,0x20,0xE6,0x20,0xE6,0x20,0xE6,0x20,0x07,0x21,0xA5,0x18,0xA5,0x18,0xC6,0x18,0xC6,0x18,0xC7,0x18,0xA5,0x18,0xA5,0x18,0x84,0x10,0x64,0x10,0x00,0x00,0x00,0x00,0x00,0x00,0x00,0x00,0x00,0x00,0x00,0x00,0x00,0x00,0x00,0x00,0x00,0x00,0x00,0x00,0x00,0x00,0x00,0x00,0x00,0x00,0x00,0x00,0x00,0x00,0x00,0x00,0x00,0x00,0x00,0x00,
	0x00,0x00,0x00,0x00,0x00,0x00,0x00,0x00,0x00,0x00,0x00,0x00,0x00,0x00,0x00,0x00,0x00,0x00,0x00,0x00,0x00,0x00,0x00,0x00,0x00,0x00,0x00,0x00,0x00,0x00,0x00,0x00,0x00,0x00,0x00,0x00,0x01,0x00,0x01,0x00,0x01,0x00,0x01,0x00,0x01,0x00,0x21,0x00,0x45,0x29,0x00,0x08,0x00,0x00,0x00,0x00,0xC7,0x39,0xCE,0x73,0xCF,0x7B,0xCF,0x7B,
	0xCF,0x7B,0xCF,0x7B,0xCF,0x7B,0xCF,0x7B,0xCF,0x7B,0x4D,0x6B,0x0B,0x5B,0x4C,0x63,0x00,0x00,0x00,0x00,0xA3,0x18,0xA2,0x10,0x00,0x00,0x40,0x08,0x40,0x08,0x00,0x00,0x00,0x00,0x00,0x00,0x00,0x00,0x00,0x00,0x00,0x00,0x00,0x00,0x21,0x00,0x06,0x21,0xE5,0x18,0xE6,0x18,0x27,0x21,0x42,0x08,0x00,0x00,0x00,0x00,0x00,0x00,0x00,0x88,
	0x00,0xD0,0x00,0xE0,0x00,0xE0,0x00,0x98,0x00,0x08,0x01,0x00,0x00,0x00,0xC4,0x18,0x87,0x31,0x87,0x29,0x67,0x29,0x46,0x29,0x25,0x21,0x82,0x10,0x21,0x00,0x00,0x00,0x00,0x00,0x00,0x00,0x41,0x00,0xA3,0x10,0x25,0x21,0x46,0x29,0x66,0x29,0x46,0x29,0x46,0x29,0x46,0x29,0x46,0x29,0x46,0x29,0x46,0x29,0x66,0x29,0x46,0x29,0x46,0x29,
	0x46,0x29,0x46,0x29,0x46,0x29,0x46,0x29,0x46,0x29,0x66,0x29,0x46,0x29,0x46,0x29,0x46,0x29,0x46,0x29,0x46,0x29,0x46,0x29,0x46,0x29,0x46,0x29,0x66,0x29,0x46,0x29,0x46,0x29,0x66,0x29,0x46,0x29,0x46,0x29,0x46,0x29,0x46,0x29,0x46,0x29,0x46,0x29,0x46,0x29,0x46,0x29,0x46,0x29,0x26,0x21,0x26,0x21,0x26,0x21,0x06,0x21,0x07,0x21,
	0x07,0x21,0x07,0x21,0xC5,0x18,0xC6,0x18,0xE6,0x20,0xE6,0x20,0xE6,0x18,0xE6,0x18,0xC6,0x18,0xC7,0x18,0xC6,0x18,0xC6,0x18,0xC5,0x18,0xA4,0x18,0x43,0x08,0x00,0x00,0x00,0x00,0x00,0x00,0x00,0x00,0x00,0x00,0x00,0x00,0x00,0x00,0x00,0x00,0x00,0x00,0x00,0x00,0x00,0x00,0x00,0x00,0x00,0x00,0x00,0x00,0x00,0x00,0x00,0x00,0x00,0x00,
	0x00,0x00,0x00,0x00,0x00,0x00,0x00,0x00,0x00,0x00,0x00,0x00,0x00,0x00,0x00,0x00,0x00,0x00,0x00,0x00,0x00,0x00,0x00,0x00,0x00,0x00,0x00,0x00,0x00,0x00,0x00,0x00,0x00,0x00,0x00,0x00,0x01,0x00,0x01,0x00,0x01,0x00,0x01,0x00,0x01,0x00,0x42,0x08,0x25,0x21,0x00,0x00,0x00,0x00,0x24,0x21,0x8E,0x73,0x8E,0x73,0x8E,0x73,0x8E,0x73,
	0x8E,0x73,0x8E,0x73,0x8E,0x73,0x8E,0x73,0x8E,0x73,0x8E,0x73,0x0C,0x63,0x04,0x21,0x20,0x00,0x00,0x00,0x82,0x10,0xE3,0x18,0x00,0x00,0x00,0x00,0x00,0x00,0x00,0x00,0x00,0x00,0x00,0x00,0x00,0x00,0x00,0x00,0x00,0x00,0x00,0x00,0xA4,0x10,0x46,0x29,0xC4,0x18,0x27,0x21,0xE6,0x20,0x00,0x00,0x00,0x00,0x00,0x00,0x00,0x20,0x00,0xC8,
	0x00,0xD8,0x00,0xD0,0x00,0xD0,0x00,0x20,0x20,0x00,0x20,0x00,0xC3,0x10,0x67,0x29,0x67,0x29,0x66,0x29,0x67,0x29,0x82,0x10,0x00,0x00,0x00,0x00,0x00,0x00,0x00,0x00,0x00,0x00,0x00,0x00,0x00,0x00,0x00,0x00,0x00,0x00,0xA3,0x10,0x46,0x29,0x66,0x29,0x46,0x29,0x46,0x29,0x46,0x29,0x46,0x29,0x46,0x29,0x46,0x29,0x66,0x29,0x46,0x29,
	0x46,0x29,0x46,0x29,0x66,0x29,0x66,0x29,0x46,0x29,0x46,0x29,0x66,0x29,0x66,0x29,0x46,0x29,0x46,0x29,0x66,0x29,0x66,0x29,0x46,0x29,0x66,0x29,0x46,0x29,0x66,0x29,0x46,0x29,0x46,0x29,0x66,0x29,0x66,0x29,0x46,0x29,0x46,0x29,0x66,0x29,0x66,0x29,0x46,0x29,0x46,0x29,0x26,0x21,0x46,0x29,0x46,0x21,0x47,0x29,0x06,0x21,0x06,0x21,
	0xE6,0x20,0xE6,0x20,0xE6,0x20,0xE6,0x20,0xE6,0x20,0xC5,0x18,0xE6,0x20,0xC6,0x18,0xC6,0x18,0xC7,0x18,0xE7,0x18,0xA5,0x18,0xC6,0x18,0xC5,0x18,0x84,0x10,0x42,0x08,0x00,0x00,0x00,0x00,0x00,0x00,0x00,0x00,0x00,0x00,0x00,0x00,0x00,0x00,0x00,0x00,0x00,0x00,0x00,0x00,0x00,0x00,0x00,0x00,0x00,0x00,0x00,0x00,0x00,0x00,0x00,0x00,
	0x00,0x00,0x00,0x00,0x00,0x00,0x00,0x00,0x00,0x00,0x00,0x00,0x00,0x00,0x00,0x00,0x00,0x00,0x00,0x00,0x00,0x00,0x00,0x00,0x00,0x00,0x00,0x00,0x00,0x00,0x00,0x00,0x00,0x00,0x01,0x00,0x01,0x00,0x02,0x00,0x02,0x00,0x01,0x00,0x01,0x00,0x41,0x08,0x24,0x21,0x00,0x00,0x00,0x00,0xEB,0x5A,0x4D,0x6B,0x4D,0x6B,0x4D,0x6B,0x4D,0x6B,
	0x4D,0x6B,0x4D,0x6B,0x4D,0x6B,0x4D,0x6B,0x4D,0x6B,0x4D,0x6B,0x4D,0x6B,0x2C,0x63,0x24,0x21,0x00,0x00,0xA1,0x10,0xE3,0x18,0x00,0x00,0x60,0x08,0x00,0x00,0x00,0x00,0x00,0x00,0x00,0x00,0x00,0x00,0x00,0x00,0x00,0x00,0x00,0x00,0xE6,0x20,0x26,0x21,0xA5,0x18,0xE6,0x20,0x83,0x10,0x00,0x00,0x00,0x00,0x00,0x00,0x00,0x70,0x00,0xE0,
	0x00,0xE0,0x00,0xE0,0x00,0x88,0x20,0x00,0x20,0x00,0x41,0x00,0x87,0x29,0x66,0x29,0x66,0x29,0x66,0x29,0x00,0x00,0x00,0x00,0x00,0x00,0x00,0x00,0x00,0x00,0x00,0x00,0x00,0x00,0x00,0x00,0x00,0x00,0x00,0x00,0x00,0x00,0x00,0x00,0x21,0x10,0x46,0x29,0x46,0x29,0x66,0x29,0x66,0x29,0x46,0x29,0x66,0x29,0x46,0x29,0x66,0x29,0x46,0x29,
	0x46,0x29,0x66,0x29,0x46,0x29,0x46,0x29,0x66,0x29,0x66,0x29,0x66,0x29,0x46,0x29,0x46,0x29,0x66,0x29,0x46,0x29,0x46,0x29,0x66,0x29,0x46,0x29,0x46,0x29,0x46,0x29,0x66,0x29,0x66,0x29,0x66,0x29,0x46,0x29,0x46,0x29,0x66,0x29,0x46,0x29,0x46,0x29,0x66,0x29,0x46,0x29,0xE6,0x20,0x06,0x21,0x27,0x21,0x46,0x29,0x46,0x29,0x26,0x21,
	0x46,0x29,0x46,0x29,0x46,0x29,0x46,0x29,0xE6,0x20,0x07,0x21,0xC5,0x18,0xE6,0x20,0xE6,0x20,0xC7,0x18,0xE6,0x18,0xE6,0x20,0xC5,0x18,0xC5,0x18,0xC5,0x18,0x64,0x10,0x00,0x00,0x00,0x00,0x00,0x00,0x00,0x00,0x00,0x00,0x00,0x00,0x00,0x00,0x00,0x00,0x00,0x00,0x00,0x00,0x00,0x00,0x00,0x00,0x00,0x00,0x00,0x00,0x00,0x00,0x00,0x00,
	0x00,0x00,0x00,0x00,0x00,0x00,0x00,0x00,0x00,0x00,0x00,0x00,0x00,0x00,0x00,0x00,0x00,0x00,0x00,0x00,0x00,0x00,0x00,0x00,0x00,0x00,0x00,0x00,0x00,0x00,0x00,0x00,0x00,0x00,0x01,0x00,0x01,0x00,0x01,0x00,0x01,0x00,0x01,0x00,0x01,0x00,0x20,0x00,0x64,0x29,0x00,0x00,0x00,0x00,0x0B,0x5B,0x2C,0x63,0x2C,0x63,0x2C,0x63,0x2C,0x63,
	0x2C,0x63,0x2C,0x63,0x2C,0x63,0x2C,0x63,0x2C,0x63,0x2C,0x63,0x2C,0x63,0x2C,0x63,0x85,0x29,0x00,0x00,0xA2,0x18,0x82,0x08,0x00,0x00,0x00,0x00,0x00,0x00,0x00,0x00,0x00,0x00,0x00,0x00,0x00,0x00,0x00,0x00,0x00,0x00,0x21,0x00,0xE6,0x20,0x05,0x21,0x05,0x21,0x27,0x21,0x43,0x08,0x00,0x00,0x20,0x00,0x00,0x00,0x00,0xB8,0x00,0xD8,
	0x00,0xE0,0x00,0xE0,0x00,0x20,0x00,0x00,0x00,0x00,0xC3,0x10,0x66,0x29,0x66,0x29,0x67,0x29,0x22,0x08,0x00,0x00,0x00,0x00,0x00,0x00,0x00,0x00,0x00,0x00,0x00,0x00,0x00,0x00,0x00,0x00,0x00,0x00,0x00,0x00,0x00,0x00,0x00,0x00,0x00,0x00,0x62,0x08,0x46,0x29,0x66,0x29,0x66,0x29,0x66,0x29,0x46,0x29,0x46,0x29,0x46,0x29,0x66,0x29,
	0x46,0x29,0x66,0x29,0x66,0x29,0x46,0x29,0x46,0x29,0x66,0x29,0x66,0x29,0x46,0x29,0x46,0x29,0x66,0x29,0x66,0x29,0x46,0x29,0x46,0x29,0x66,0x29,0x66,0x29,0x46,0x29,0x46,0x29,0x66,0x29,0x66,0x29,0x46,0x29,0x46,0x29,0x66,0x29,0x66,0x29,0x46,0x29,0x46,0x29,0x47,0x29,0x27,0x21,0x46,0x29,0x46,0x29,0x46,0x29,0x46,0x29,0x46,0x29,
	0x46,0x29,0x46,0x29,0x66,0x29,0x46,0x29,0x27,0x21,0xE6,0x20,0xE6,0x20,0xC6,0x18,0xC7,0x18,0xC7,0x18,0xA5,0x18,0xC5,0x18,0xE6,0x20,0xA5,0x18,0xC5,0x18,0x84,0x10,0x63,0x10,0x00,0x00,0x00,0x00,0x00,0x00,0x00,0x00,0x00,0x00,0x00,0x00,0x00,0x00,0x00,0x00,0x00,0x00,0x00,0x00,0x00,0x00,0x00,0x00,0x00,0x00,0x00,0x00,0x00,0x00,
	0x00,0x00,0x00,0x00,0x00,0x00,0x00,0x00,0x00,0x00,0x00,0x00,0x00,0x00,0x00,0x00,0x00,0x00,0x00,0x00,0x00,0x00,0x00,0x00,0x00,0x00,0x00,0x00,0x00,0x00,0x00,0x00,0x00,0x00,0x01,0x00,0x21,0x00,0x21,0x00,0x21,0x00,0x21,0x00,0x01,0x00,0x00,0x00,0x45,0x21,0x00,0x10,0x00,0x00,0xE7,0x39,0xEB,0x5A,0xEB,0x5A,0xEB,0x5A,0xEB,0x5A,
	0xEB,0x5A,0xEB,0x5A,0xEB,0x5A,0xEB,0x5A,0xEB,0x5A,0xEB,0x5A,0xEB,0x5A,0xEB,0x5A,0x44,0x21,0x00,0x00,0x44,0x29,0x40,0x00,0x00,0x00,0x00,0x00,0x00,0x00,0x00,0x00,0x00,0x00,0x00,0x00,0x00,0x00,0x00,0x00,0x00,0x00,0x41,0x00,0x27,0x21,0xE4,0x18,0x06,0x21,0x48,0x21,0x00,0x00,0x00,0x00,0x00,0x00,0x00,0x10,0x00,0xD8,0x00,0xD8,
	0x00,0xE0,0x00,0xA0,0x00,0x00,0x00,0x00,0x21,0x00,0x67,0x29,0x66,0x29,0x66,0x29,0xC4,0x18,0x00,0x00,0x00,0x00,0x00,0x00,0x00,0x00,0x00,0x00,0x00,0x00,0x00,0x00,0x42,0x08,0x00,0x00,0x00,0x00,0x00,0x00,0x00,0x00,0x00,0x00,0x00,0x00,0x00,0x00,0xC4,0x18,0x66,0x29,0x66,0x29,0x46,0x29,0x86,0x29,0x2C,0x63,0x30,0x84,0x4C,0x63,
	0xA6,0x31,0xA6,0x31,0x0B,0x5B,0xEF,0x7B,0xA6,0x31,0xA6,0x31,0xA6,0x31,0xAE,0x73,0x28,0x42,0xA6,0x31,0x07,0x3A,0x10,0x84,0x10,0x84,0x07,0x3A,0x66,0x29,0x46,0x29,0x46,0x29,0x46,0x29,0x66,0x29,0x66,0x29,0x46,0x29,0x46,0x29,0x66,0x29,0x46,0x29,0x46,0x29,0x46,0x29,0x26,0x21,0x46,0x29,0x46,0x29,0x46,0x29,0x06,0x21,0xE6,0x20,
	0x26,0x21,0x06,0x21,0x46,0x29,0x26,0x21,0xE6,0x20,0x27,0x21,0xE6,0x20,0xC6,0x18,0xE7,0x18,0xC7,0x18,0xC6,0x18,0xE6,0x20,0xC5,0x18,0x68,0x29,0x8A,0x52,0xA4,0x18,0x64,0x10,0x01,0x00,0x00,0x00,0x00,0x00,0x00,0x00,0x00,0x00,0x00,0x00,0x00,0x00,0x00,0x00,0x00,0x00,0x00,0x00,0x00,0x00,0x00,0x00,0x00,0x00,0x00,0x00,0x00,0x00,
	0x00,0x00,0x00,0x00,0x00,0x00,0x00,0x00,0x00,0x00,0x00,0x00,0x00,0x00,0x00,0x00,0x00,0x00,0x00,0x00,0x00,0x00,0x00,0x00,0x00,0x00,0x00,0x00,0x00,0x00,0x00,0x00,0x01,0x00,0x01,0x00,0x01,0x00,0x21,0x00,0x42,0x08,0x01,0x00,0x00,0x00,0x00,0x00,0xC2,0x10,0xC3,0x18,0x00,0x00,0x41,0x08,0x8A,0x52,0xAA,0x52,0xAA,0x52,0xAA,0x52,
	0xAA,0x52,0xAA,0x52,0xAA,0x52,0xAA,0x52,0xAA,0x52,0xAA,0x52,0xAA,0x52,0xAA,0x52,0x20,0x00,0x00,0x08,0x45,0x21,0x00,0x00,0x00,0x00,0x00,0x00,0x00,0x00,0x00,0x00,0x00,0x00,0x00,0x00,0x00,0x00,0x00,0x00,0x00,0x00,0x63,0x10,0xE6,0x20,0xE4,0x18,0x27,0x21,0x06,0x21,0x00,0x00,0x00,0x00,0x00,0x00,0x00,0x30,0x00,0xE0,0x00,0xE8,
	0x00,0xD8,0x00,0x60,0x00,0x00,0x00,0x00,0x82,0x08,0x67,0x29,0x88,0x31,0x46,0x29,0x20,0x00,0x00,0x00,0x00,0x00,0x00,0x00,0x00,0x00,0x00,0x00,0x00,0x00,0x46,0x29,0xAE,0x73,0x00,0x00,0x00,0x00,0x00,0x00,0x00,0x00,0x00,0x00,0x00,0x00,0x00,0x00,0x00,0x00,0x46,0x21,0x46,0x29,0x46,0x29,0x86,0x29,0x50,0x84,0xA6,0x31,0xCF,0x7B,
	0x28,0x42,0xA6,0x31,0x6D,0x6B,0xEF,0x7B,0xA6,0x31,0xA6,0x31,0xC7,0x39,0xEF,0x7B,0xA6,0x31,0xA6,0x31,0x8D,0x6B,0x28,0x42,0x69,0x4A,0xAE,0x73,0x46,0x29,0x46,0x29,0x46,0x29,0x46,0x29,0x46,0x29,0x46,0x29,0x46,0x29,0x46,0x29,0x46,0x29,0x46,0x29,0x46,0x29,0x27,0x21,0x06,0x21,0x46,0x21,0x06,0x21,0x46,0x29,0x26,0x29,0x46,0x29,
	0x26,0x21,0x26,0x21,0x06,0x21,0x06,0x21,0xE6,0x20,0x07,0x21,0xE6,0x20,0xE6,0x20,0xC5,0x18,0xC5,0x18,0xC5,0x18,0xA6,0x18,0xC8,0x39,0x0C,0x63,0x6A,0x52,0xA5,0x18,0xA4,0x18,0x64,0x10,0x00,0x00,0x00,0x00,0x00,0x00,0x00,0x00,0x00,0x00,0x00,0x00,0x00,0x00,0x00,0x00,0x00,0x00,0x00,0x00,0x00,0x00,0x00,0x00,0x00,0x00,0x00,0x00,
	0x00,0x00,0x00,0x00,0x00,0x00,0x00,0x00,0x00,0x00,0x00,0x00,0x00,0x00,0x00,0x00,0x00,0x00,0x00,0x00,0x00,0x00,0x00,0x00,0x00,0x00,0xC7,0x39,0x00,0x00,0x00,0x00,0x00,0x00,0x01,0x00,0x01,0x00,0x41,0x00,0x22,0x00,0x01,0x00,0x00,0x00,0x00,0x00,0x00,0x00,0xE8,0x41,0x00,0x08,0x00,0x00,0x20,0x00,0xA6,0x31,0x69,0x4A,0x69,0x4A,
	0x69,0x4A,0x69,0x4A,0x69,0x4A,0x69,0x4A,0x69,0x4A,0x69,0x4A,0xE7,0x39,0x20,0x00,0x00,0x00,0x04,0x21,0x62,0x08,0x00,0x00,0x00,0x00,0x41,0x00,0x00,0x00,0x00,0x00,0x00,0x00,0x00,0x00,0x00,0x00,0x00,0x00,0x00,0x00,0x84,0x10,0xE6,0x20,0xA5,0x18,0x27,0x21,0xE6,0x20,0x00,0x00,0x00,0x00,0x20,0x00,0x00,0x50,0x00,0xE8,0x00,0xE8,
	0x00,0xD8,0x00,0x50,0x00,0x08,0x20,0x00,0xE4,0x18,0x88,0x39,0x88,0x31,0xC5,0x18,0x00,0x00,0x00,0x00,0x00,0x00,0x00,0x00,0x00,0x00,0x00,0x00,0x01,0x00,0x31,0x84,0x75,0xA5,0xCB,0x52,0x01,0x00,0x00,0x00,0x00,0x00,0x00,0x00,0x00,0x00,0x00,0x00,0x00,0x00,0x25,0x21,0x46,0x29,0x46,0x29,0x86,0x29,0x71,0x8C,0xA6,0x31,0x8D,0x6B,
	0x28,0x42,0xA6,0x31,0xC6,0x31,0xEF,0x7B,0xA6,0x31,0xA6,0x31,0x8E,0x73,0x4D,0x6B,0xA6,0x31,0xA6,0x31,0xA6,0x31,0xE7,0x39,0x8D,0x6B,0xCB,0x5A,0x46,0x29,0x46,0x29,0x66,0x29,0x66,0x29,0x66,0x29,0x66,0x29,0x46,0x29,0x66,0x29,0x66,0x29,0x46,0x29,0x66,0x29,0x47,0x29,0x46,0x29,0x26,0x29,0x26,0x21,0x47,0x29,0x46,0x29,0x46,0x29,
	0x66,0x29,0x26,0x21,0x46,0x29,0x46,0x29,0x46,0x29,0x26,0x21,0x26,0x21,0xE6,0x20,0xE6,0x18,0x07,0x19,0xE6,0x20,0xA5,0x18,0x88,0x29,0x4D,0x6B,0x6A,0x52,0xC5,0x18,0xE4,0x18,0x84,0x10,0x43,0x08,0x00,0x00,0x00,0x00,0x00,0x00,0x00,0x00,0x00,0x00,0x00,0x00,0x00,0x00,0x00,0x00,0x00,0x00,0x00,0x00,0x00,0x00,0x00,0x00,0x00,0x00,
	0x00,0x00,0x00,0x00,0x00,0x00,0x00,0x00,0x00,0x00,0x00,0x00,0x00,0x00,0x00,0x00,0x00,0x00,0x00,0x00,0x00,0x00,0x00,0x00,0x00,0x00,0xA3,0x10,0xEF,0x7B,0x07,0x42,0x00,0x00,0x00,0x00,0x01,0x00,0x41,0x00,0x21,0x00,0x01,0x00,0x00,0x00,0x00,0x00,0x00,0x00,0x41,0x00,0x45,0x29,0x00,0x08,0x00,0x00,0x00,0x00,0x00,0x00,0x00,0x00,
	0x00,0x00,0x00,0x00,0x00,0x00,0x00,0x00,0x00,0x00,0x00,0x00,0x00,0x00,0x00,0x00,0x20,0x18,0x45,0x21,0x00,0x00,0x00,0x00,0x21,0x00,0x23,0x08,0x00,0x00,0x00,0x00,0x00,0x00,0x00,0x00,0x00,0x00,0x00,0x00,0x00,0x00,0xC5,0x18,0xE6,0x20,0xC4,0x18,0x07,0x21,0xE6,0x20,0x00,0x00,0x00,0x00,0x21,0x00,0x00,0x60,0x00,0xE0,0x00,0xE0,
	0x00,0xD8,0x00,0x40,0x00,0x00,0x00,0x00,0x05,0x21,0x88,0x31,0x87,0x29,0xE4,0x18,0x00,0x00,0x00,0x00,0x00,0x00,0x00,0x00,0x00,0x00,0x01,0x00,0xEC,0x5A,0xD2,0x94,0xD6,0xB5,0x91,0x8C,0x8F,0x73,0x02,0x00,0x00,0x00,0x00,0x00,0x00,0x00,0x00,0x00,0x00,0x00,0xC3,0x10,0x66,0x29,0x46,0x29,0x86,0x29,0x71,0x8C,0xA6,0x31,0x8D,0x6B,
	0x28,0x42,0xA6,0x31,0xC6,0x31,0xEF,0x7B,0xA6,0x31,0xA6,0x31,0x50,0x84,0xCB,0x5A,0x50,0x84,0xA6,0x31,0xA6,0x31,0xE7,0x39,0x4C,0x63,0x8D,0x6B,0x66,0x29,0x66,0x29,0x46,0x29,0x66,0x29,0x66,0x29,0x46,0x29,0x66,0x29,0x66,0x29,0x46,0x29,0x66,0x29,0x46,0x29,0x46,0x29,0x47,0x29,0x46,0x29,0x46,0x29,0x46,0x29,0x46,0x29,0x06,0x21,
	0x46,0x29,0x46,0x29,0x46,0x29,0x26,0x29,0xE6,0x20,0x26,0x21,0xE6,0x20,0xE6,0x20,0xE6,0x18,0x07,0x19,0x07,0x19,0xA6,0x18,0xA5,0x18,0x47,0x29,0x4A,0x4A,0xC5,0x18,0xC5,0x18,0xA5,0x18,0x23,0x08,0x21,0x00,0x00,0x00,0x00,0x00,0x00,0x00,0x00,0x00,0x00,0x00,0x00,0x00,0x00,0x00,0x00,0x00,0x00,0x00,0x00,0x00,0x00,0x00,0x00,0x00,
	0x00,0x00,0x00,0x00,0x00,0x00,0x00,0x00,0x00,0x00,0x00,0x00,0x00,0x00,0x00,0x00,0x00,0x00,0x00,0x00,0x00,0x00,0x00,0x00,0x00,0x00,0x00,0x00,0x60,0x08,0x2D,0x63,0x8E,0x73,0xA2,0x10,0x00,0x00,0x00,0x00,0x00,0x00,0x00,0x00,0x00,0x00,0x00,0x00,0x00,0x00,0x00,0x00,0xC3,0x10,0x23,0x29,0x00,0x08,0x00,0x00,0x00,0x00,0x00,0x00,
	0x00,0x00,0x00,0x00,0x00,0x00,0x00,0x00,0x00,0x00,0x00,0x00,0x00,0x00,0x41,0x10,0x85,0x31,0x00,0x00,0x00,0x00,0x00,0x00,0x62,0x08,0x43,0x08,0x00,0x00,0x00,0x00,0x00,0x00,0x00,0x00,0x00,0x00,0x00,0x00,0x00,0x00,0xC5,0x18,0x26,0x21,0xC4,0x18,0x07,0x21,0xE6,0x20,0x00,0x00,0x00,0x00,0x20,0x00,0x00,0x70,0x00,0xE8,0x00,0xE0,
	0x00,0xE8,0x00,0x38,0x41,0x00,0x00,0x00,0x46,0x21,0x88,0x31,0x88,0x31,0xE4,0x18,0x00,0x00,0x00,0x00,0x00,0x00,0x00,0x00,0x00,0x00,0xA4,0x18,0x54,0xA5,0x34,0xA5,0x58,0xC6,0x4D,0x6B,0x6E,0x6B,0xE5,0x20,0x00,0x00,0x00,0x00,0x00,0x00,0x00,0x00,0x00,0x00,0x63,0x10,0x46,0x29,0x46,0x29,0x86,0x29,0x51,0x8C,0xA6,0x31,0xCE,0x73,
	0x28,0x42,0xA6,0x31,0xC6,0x31,0xEF,0x7B,0xA6,0x31,0xA6,0x31,0x0F,0x7C,0xA6,0x31,0x0F,0x7C,0xC6,0x31,0xAE,0x73,0xC7,0x39,0xC7,0x39,0x50,0x84,0x46,0x29,0x46,0x29,0x46,0x29,0x66,0x29,0x46,0x29,0x46,0x29,0x46,0x29,0x66,0x29,0x46,0x29,0x46,0x29,0x46,0x29,0x46,0x29,0x46,0x29,0x46,0x29,0x46,0x29,0x26,0x29,0x26,0x29,0x06,0x21,
	0x46,0x29,0x26,0x21,0x46,0x29,0x06,0x21,0x26,0x21,0x06,0x21,0xE6,0x20,0xE6,0x20,0xE6,0x18,0xE7,0x18,0xC7,0x18,0xA6,0x18,0xC5,0x18,0xA5,0x18,0xC5,0x18,0xA5,0x18,0xC5,0x18,0xC4,0x18,0x84,0x10,0x43,0x08,0x00,0x00,0x00,0x00,0x00,0x00,0x00,0x00,0x00,0x00,0x00,0x00,0x00,0x00,0x00,0x00,0x00,0x00,0x00,0x00,0x00,0x00,0x00,0x00,
	0x00,0x00,0x00,0x00,0x00,0x00,0x00,0x00,0x00,0x00,0x00,0x00,0x00,0x00,0x00,0x00,0x00,0x00,0x00,0x00,0x00,0x00,0x00,0x00,0x00,0x00,0x00,0x00,0x00,0x00,0x00,0x00,0x24,0x21,0x91,0x8C,0xAA,0x52,0x00,0x00,0x00,0x00,0x00,0x00,0x00,0x00,0x01,0x00,0x00,0x00,0x00,0x00,0x00,0x00,0xA2,0x10,0x65,0x31,0x00,0x18,0x00,0x00,0x00,0x00,
	0x00,0x00,0x00,0x00,0x00,0x00,0x00,0x00,0x00,0x00,0x00,0x08,0xE3,0x20,0x45,0x21,0x20,0x00,0x00,0x00,0x00,0x00,0x01,0x00,0x62,0x08,0xA4,0x18,0x20,0x00,0x00,0x00,0x00,0x00,0x00,0x00,0x00,0x00,0x00,0x00,0x00,0x00,0xC5,0x18,0x06,0x21,0xC5,0x18,0x26,0x21,0xE6,0x20,0x00,0x00,0x00,0x00,0x00,0x00,0x00,0x78,0x00,0xE0,0x00,0xE8,
	0x00,0xE0,0x00,0x38,0x00,0x00,0x00,0x00,0x46,0x21,0x88,0x39,0x88,0x31,0x05,0x19,0x00,0x00,0x00,0x00,0x00,0x00,0x00,0x00,0x00,0x00,0xA5,0x18,0xD6,0xB5,0x17,0xBE,0xF6,0xB5,0xCC,0x62,0xE8,0x39,0xE9,0x39,0x00,0x00,0x00,0x00,0x00,0x00,0x00,0x00,0x00,0x00,0x62,0x10,0x66,0x29,0x46,0x29,0x86,0x29,0x8D,0x6B,0xEF,0x7B,0xCE,0x73,
	0xA6,0x31,0xA6,0x31,0xC6,0x31,0xEF,0x7B,0xA6,0x31,0xA6,0x31,0xCE,0x73,0xEF,0x7B,0x6D,0x6B,0xA6,0x31,0x69,0x4A,0x30,0x84,0x30,0x84,0x69,0x4A,0x66,0x29,0x46,0x29,0x46,0x29,0x46,0x29,0x46,0x29,0x66,0x29,0x46,0x29,0x46,0x29,0x66,0x29,0x46,0x29,0x46,0x29,0x46,0x21,0x26,0x21,0x46,0x29,0x46,0x21,0x46,0x29,0x46,0x29,0x26,0x21,
	0x46,0x29,0x26,0x29,0x06,0x21,0x06,0x21,0x26,0x21,0xE6,0x20,0x07,0x21,0xE6,0x20,0xC6,0x18,0xC6,0x18,0xE6,0x20,0xC5,0x18,0xC5,0x18,0xC5,0x18,0xC5,0x18,0xC6,0x18,0xE5,0x18,0xA5,0x18,0xE5,0x18,0x64,0x10,0x21,0x00,0x00,0x00,0x00,0x00,0x00,0x00,0x00,0x00,0x00,0x00,0x00,0x00,0x00,0x00,0x00,0x00,0x00,0x00,0x00,0x00,0x00,0x00,
	0x00,0x00,0x00,0x00,0x00,0x00,0x00,0x00,0x00,0x00,0x00,0x00,0x00,0x00,0x00,0x00,0x00,0x00,0x00,0x00,0x00,0x00,0x00,0x00,0x00,0x00,0x00,0x00,0x60,0x08,0x21,0x00,0x20,0x00,0x20,0x00,0xE8,0x39,0x2C,0x63,0xA3,0x10,0x00,0x00,0x00,0x00,0x00,0x00,0x00,0x00,0x00,0x00,0x00,0x00,0x00,0x00,0x41,0x00,0x45,0x21,0x45,0x21,0xC2,0x18,
	0x20,0x18,0x40,0x18,0x00,0x08,0x61,0x10,0x04,0x21,0x45,0x29,0xC2,0x10,0x00,0x00,0x00,0x00,0x00,0x00,0x01,0x00,0x42,0x08,0xC4,0x10,0xC4,0x18,0x00,0x00,0x00,0x00,0x00,0x00,0x00,0x00,0x00,0x00,0x00,0x00,0x00,0x00,0xC5,0x18,0xE6,0x20,0xA4,0x18,0x07,0x21,0xE6,0x20,0x00,0x00,0x00,0x00,0x00,0x00,0x00,0x60,0x00,0xE8,0x00,0xE8,
	0x00,0xE8,0x00,0x40,0x41,0x08,0x00,0x00,0x05,0x21,0x88,0x31,0x88,0x31,0x05,0x21,0x00,0x00,0x00,0x00,0x00,0x00,0x00,0x00,0x00,0x00,0x03,0x08,0x54,0xA5,0x51,0x8C,0x66,0x29,0x43,0x08,0x92,0x8C,0xA5,0x18,0x00,0x00,0x00,0x00,0x00,0x00,0x00,0x00,0x00,0x00,0x42,0x08,0x66,0x29,0x46,0x29,0x66,0x29,0x66,0x29,0x86,0x29,0x66,0x29,
	0x66,0x29,0x46,0x29,0x66,0x29,0x86,0x29,0x66,0x29,0x66,0x29,0x66,0x29,0x86,0x29,0x66,0x29,0x46,0x29,0x66,0x29,0x66,0x29,0x66,0x29,0x66,0x29,0x66,0x29,0x66,0x29,0x46,0x29,0x66,0x29,0x66,0x29,0x66,0x29,0x66,0x29,0x46,0x29,0x66,0x29,0x66,0x29,0x46,0x29,0x66,0x29,0x47,0x29,0x47,0x29,0x46,0x29,0x46,0x29,0x26,0x21,0x46,0x29,
	0x46,0x29,0x46,0x29,0x46,0x29,0x26,0x21,0x26,0x21,0x46,0x29,0xE6,0x20,0xA5,0x18,0xA5,0x18,0xC5,0x18,0xA5,0x18,0xC6,0x18,0xC5,0x18,0xA5,0x18,0xC5,0x18,0xA5,0x18,0xA5,0x18,0xA5,0x18,0xC5,0x18,0xA4,0x18,0x63,0x08,0x00,0x00,0x00,0x00,0x00,0x00,0x00,0x00,0x00,0x00,0x00,0x00,0x00,0x00,0x00,0x00,0x00,0x00,0x00,0x00,0x00,0x00,
	0x00,0x00,0x00,0x00,0x00,0x00,0x00,0x00,0x00,0x00,0x00,0x00,0x00,0x00,0x00,0x00,0x00,0x00,0x00,0x00,0x00,0x00,0x82,0x08,0x00,0x00,0x00,0x00,0x00,0x00,0x00,0x00,0x00,0x00,0x00,0x00,0x00,0x00,0x61,0x08,0x2C,0x63,0xC7,0x39,0x00,0x00,0x00,0x00,0x00,0x00,0x00,0x00,0x00,0x00,0x00,0x00,0x00,0x00,0x00,0x00,0x00,0x00,0x82,0x08,
	0x43,0x21,0x45,0x21,0x45,0x21,0x03,0x19,0x41,0x00,0x00,0x00,0x00,0x00,0x00,0x00,0x00,0x00,0x01,0x00,0x22,0x08,0xE4,0x18,0xC5,0x18,0xC5,0x18,0x00,0x00,0x00,0x00,0x00,0x00,0x00,0x00,0x00,0x00,0x00,0x00,0x00,0x00,0xC5,0x18,0x26,0x21,0xA4,0x18,0x06,0x21,0xE6,0x20,0x00,0x00,0x00,0x00,0x20,0x00,0x00,0x50,0x00,0xE8,0x00,0xE0,
	0x00,0xE8,0x00,0x60,0x21,0x00,0x40,0x08,0x83,0x10,0x88,0x31,0x66,0x29,0x46,0x29,0x00,0x00,0x00,0x00,0x00,0x00,0x00,0x00,0x00,0x00,0x00,0x00,0x06,0x21,0x51,0x8C,0xCE,0x73,0xD3,0x9C,0xA8,0x39,0x02,0x00,0x00,0x00,0x00,0x00,0x00,0x00,0x00,0x00,0x00,0x00,0x83,0x10,0x46,0x29,0x66,0x29,0x46,0x29,0x66,0x29,0x66,0x29,0x46,0x29,
	0x46,0x29,0x66,0x29,0x46,0x29,0x46,0x29,0x66,0x29,0x46,0x29,0x66,0x29,0x46,0x29,0x46,0x29,0x66,0x29,0x46,0x29,0x46,0x29,0x66,0x29,0x46,0x29,0x46,0x29,0x46,0x29,0x66,0x29,0x46,0x29,0x66,0x29,0x46,0x29,0x46,0x29,0x66,0x29,0x46,0x29,0x46,0x29,0x66,0x29,0x27,0x21,0x47,0x29,0x47,0x29,0x27,0x21,0xE6,0x20,0x26,0x21,0x06,0x21,
	0xE6,0x20,0xE6,0x20,0xE6,0x20,0xE6,0x20,0xE6,0x20,0xE6,0x20,0xE6,0x20,0xC5,0x18,0xE6,0x18,0x07,0x19,0xC6,0x18,0xE6,0x20,0xC5,0x18,0xA5,0x18,0xA5,0x18,0xC5,0x18,0xA5,0x18,0xA5,0x18,0xA5,0x18,0xC5,0x18,0x64,0x10,0x01,0x00,0x00,0x00,0x00,0x00,0x00,0x00,0x00,0x00,0x00,0x00,0x00,0x00,0x00,0x00,0x00,0x00,0x00,0x00,0x00,0x00,
	0x00,0x00,0x00,0x00,0x00,0x00,0x00,0x00,0x00,0x00,0x00,0x00,0x00,0x00,0x00,0x00,0x00,0x00,0x00,0x00,0x00,0x00,0x8A,0x52,0x10,0x84,0xA6,0x31,0x00,0x00,0x00,0x00,0x00,0x00,0x00,0x00,0x00,0x00,0x00,0x00,0x00,0x00,0xC7,0x39,0xC7,0x39,0x21,0x00,0x05,0x21,0x46,0x21,0x46,0x21,0x25,0x21,0x25,0x21,0x25,0x21,0x25,0x21,0x46,0x21,
	0x25,0x21,0x25,0x21,0x25,0x21,0x25,0x21,0x25,0x21,0x64,0x21,0x64,0x21,0x25,0x21,0x25,0x21,0x25,0x21,0x85,0x31,0x65,0x21,0x45,0x29,0xE4,0x18,0x00,0x00,0x00,0x00,0x00,0x00,0x00,0x00,0x00,0x00,0x00,0x00,0x00,0x00,0xA5,0x18,0x06,0x21,0xC4,0x18,0x26,0x21,0x26,0x21,0x00,0x00,0x00,0x00,0x00,0x00,0x00,0x28,0x00,0xE8,0x00,0xE0,
	0x00,0xE8,0x00,0x90,0x01,0x00,0x00,0x00,0x42,0x08,0x88,0x31,0x88,0x31,0x87,0x31,0x21,0x00,0x00,0x00,0x00,0x00,0x00,0x00,0x00,0x00,0x00,0x00,0x00,0x00,0x21,0x00,0xE5,0x18,0x42,0x08,0x01,0x00,0x00,0x00,0x00,0x00,0x00,0x00,0x00,0x00,0x00,0x00,0x00,0x00,0x25,0x21,0x46,0x29,0x46,0x29,0x46,0x29,0x46,0x29,0x46,0x29,0x46,0x29,
	0x46,0x29,0x46,0x29,0x46,0x29,0x46,0x29,0x46,0x29,0x46,0x29,0x46,0x29,0x46,0x29,0x46,0x29,0x46,0x29,0x46,0x29,0x46,0x29,0x46,0x29,0x46,0x29,0x46,0x29,0x46,0x29,0x46,0x29,0x46,0x29,0x46,0x29,0x46,0x29,0x46,0x29,0x46,0x29,0x46,0x29,0x46,0x29,0x46,0x29,0x27,0x21,0x46,0x21,0x46,0x29,0x27,0x21,0x26,0x21,0xE6,0x20,0xE6,0x20,
	0xE6,0x20,0xE6,0x18,0xE6,0x18,0xE6,0x20,0xE6,0x20,0xE7,0x18,0xC6,0x18,0xE6,0x20,0xC6,0x18,0xC5,0x18,0xC6,0x18,0xE6,0x20,0xC5,0x18,0xC5,0x18,0xC5,0x18,0xA5,0x18,0xA5,0x18,0xC5,0x18,0xE5,0x18,0xC5,0x18,0x64,0x10,0x64,0x10,0x00,0x00,0x00,0x00,0x00,0x00,0x00,0x00,0x00,0x00,0x00,0x00,0x00,0x00,0x00,0x00,0x00,0x00,0x00,0x00,
	0x00,0x00,0x00,0x00,0x00,0x00,0x00,0x00,0x00,0x00,0x00,0x00,0x00,0x00,0x00,0x00,0x00,0x00,0x00,0x00,0x00,0x00,0x00,0x00,0xE4,0x18,0xCF,0x7B,0x10,0x84,0x25,0x29,0x20,0x00,0x00,0x00,0x00,0x00,0x00,0x00,0x00,0x00,0x00,0x00,0xEC,0x62,0xA6,0x31,0x66,0x29,0x66,0x29,0x66,0x29,0x66,0x29,0x66,0x29,0x66,0x29,0x66,0x29,0x66,0x29,
	0x66,0x29,0x66,0x29,0x66,0x29,0x66,0x29,0x66,0x29,0x66,0x29,0x66,0x29,0x66,0x29,0x66,0x29,0x66,0x29,0x66,0x29,0x66,0x29,0x66,0x29,0x25,0x21,0x21,0x00,0x00,0x00,0x00,0x00,0x00,0x00,0x00,0x00,0x00,0x00,0x00,0x00,0xC5,0x18,0x26,0x21,0xA4,0x18,0x06,0x21,0x48,0x21,0x01,0x00,0x00,0x00,0x00,0x00,0x00,0x10,0x00,0xD0,0x00,0xE8,
	0x00,0xE0,0x00,0xB0,0x41,0x00,0x00,0x00,0x00,0x00,0x46,0x29,0x88,0x31,0x67,0x29,0xE4,0x18,0x00,0x00,0x00,0x00,0x00,0x00,0x00,0x00,0x00,0x00,0x00,0x00,0x00,0x00,0x00,0x00,0x00,0x00,0x00,0x00,0x00,0x00,0x00,0x00,0x00,0x00,0x00,0x00,0x00,0x00,0x62,0x08,0x66,0x29,0x66,0x29,0x46,0x29,0x46,0x29,0x06,0x21,0x06,0x21,0x46,0x29,
	0x06,0x21,0x04,0x19,0x26,0x21,0x06,0x21,0xE5,0x18,0x06,0x21,0x25,0x21,0x06,0x21,0x06,0x21,0x04,0x19,0x26,0x21,0x06,0x21,0xE5,0x18,0xE6,0x20,0x06,0x19,0x06,0x21,0xE5,0x18,0x06,0x21,0x25,0x21,0x06,0x21,0x06,0x21,0x04,0x19,0x26,0x21,0x06,0x21,0xE5,0x18,0xE6,0x20,0x07,0x21,0xE6,0x20,0xE6,0x20,0x27,0x21,0x06,0x21,0x07,0x21,
	0xE6,0x18,0xE6,0x20,0x07,0x21,0xE6,0x20,0x07,0x21,0xE6,0x18,0xC6,0x18,0xE6,0x20,0xC6,0x18,0xE6,0x18,0xE6,0x18,0xC5,0x18,0xE6,0x20,0xC5,0x18,0xC5,0x18,0xA5,0x18,0xC5,0x18,0xC5,0x18,0xA5,0x18,0xA4,0x18,0xA4,0x18,0x84,0x10,0x00,0x00,0x00,0x00,0x00,0x00,0x00,0x00,0x00,0x00,0x00,0x00,0x00,0x00,0x00,0x00,0x00,0x00,0x00,0x00,
	0x00,0x00,0x00,0x00,0x00,0x00,0x00,0x00,0x00,0x00,0x00,0x00,0x00,0x00,0x00,0x00,0x00,0x00,0x00,0x00,0x00,0x00,0x00,0x00,0x00,0x00,0x00,0x00,0xC1,0x18,0xCE,0x73,0x6D,0x6B,0x62,0x08,0x00,0x00,0x00,0x00,0x00,0x00,0x00,0x00,0x4C,0x63,0x04,0x19,0x66,0x29,0x66,0x29,0x66,0x29,0x66,0x29,0x66,0x29,0x66,0x29,0x66,0x29,0x66,0x29,
	0x66,0x29,0x66,0x29,0x66,0x29,0x66,0x29,0x66,0x29,0x66,0x29,0x66,0x29,0x66,0x29,0x66,0x29,0x66,0x29,0x66,0x29,0x66,0x29,0x66,0x29,0xE4,0x18,0x00,0x00,0x00,0x00,0x00,0x00,0x00,0x00,0x00,0x00,0x00,0x00,0x00,0x00,0xA4,0x10,0x26,0x21,0xA4,0x18,0x06,0x21,0x47,0x29,0x43,0x08,0x00,0x00,0x41,0x00,0x21,0x00,0x00,0x90,0x00,0xE8,
	0x00,0xE8,0x00,0x68,0x01,0x00,0x00,0x00,0x00,0x00,0x63,0x08,0x88,0x31,0x88,0x31,0x68,0x29,0x62,0x08,0x00,0x00,0x00,0x00,0x00,0x00,0x00,0x00,0x00,0x00,0x00,0x00,0x00,0x00,0x00,0x00,0x00,0x00,0x00,0x00,0x00,0x00,0x00,0x00,0x00,0x00,0x20,0x00,0x25,0x21,0x46,0x29,0xE6,0x20,0xA3,0x10,0x00,0x00,0x00,0x00,0x20,0x00,0x21,0x00,
	0x20,0x08,0x20,0x00,0x20,0x00,0x00,0x00,0x22,0x08,0x22,0x08,0x21,0x00,0x21,0x00,0x21,0x00,0x21,0x00,0x21,0x00,0x62,0x00,0x21,0x00,0x62,0x00,0x22,0x08,0x62,0x08,0x42,0x08,0x84,0x10,0x83,0x08,0x82,0x08,0x82,0x08,0x82,0x08,0x62,0x08,0x82,0x08,0x83,0x10,0x82,0x18,0x64,0x10,0x64,0x10,0x84,0x10,0x64,0x10,0x84,0x10,0x64,0x10,
	0xC4,0x10,0x64,0x10,0x64,0x10,0x84,0x10,0x84,0x10,0x64,0x10,0x64,0x10,0x84,0x10,0x64,0x10,0x64,0x10,0xA5,0x18,0xA4,0x18,0x64,0x10,0x64,0x10,0x64,0x10,0xA4,0x18,0x84,0x10,0xA4,0x18,0xA4,0x18,0x64,0x10,0x64,0x10,0x64,0x10,0x22,0x08,0x00,0x00,0x00,0x00,0x00,0x00,0x00,0x00,0x00,0x00,0x00,0x00,0x00,0x00,0x00,0x00,0x00,0x00,
	0x00,0x00,0x00,0x00,0x00,0x00,0x00,0x00,0x00,0x00,0x00,0x00,0x00,0x00,0x00,0x00,0x00,0x00,0x00,0x00,0x01,0x00,0x01,0x00,0x01,0x00,0x01,0x00,0x00,0x00,0x00,0x00,0xE2,0x18,0x2C,0x63,0xAA,0x52,0xA2,0x10,0x81,0x10,0x8A,0x52,0xA6,0x31,0x4D,0x6B,0x30,0x84,0x48,0x42,0xA6,0x31,0xA6,0x31,0x89,0x4A,0x8E,0x73,0xA6,0x31,0xA6,0x31,
	0xA6,0x31,0x8E,0x73,0x4D,0x6B,0x86,0x29,0xEF,0x7B,0x2C,0x63,0xEF,0x7B,0x8D,0x6B,0x8E,0x73,0x6D,0x6B,0x6D,0x6B,0xA6,0x31,0x66,0x29,0xE4,0x18,0x00,0x00,0x00,0x00,0x00,0x00,0x00,0x00,0x00,0x00,0x00,0x00,0x00,0x00,0xC5,0x18,0xE6,0x20,0xA5,0x10,0x26,0x21,0x27,0x21,0xC5,0x18,0x00,0x00,0x40,0x08,0x41,0x00,0x21,0x00,0x00,0x30,
	0x00,0x30,0x01,0x00,0x41,0x00,0x00,0x00,0x00,0x00,0x00,0x00,0xE6,0x20,0x88,0x31,0x66,0x29,0x66,0x29,0x00,0x00,0x00,0x00,0x00,0x00,0x00,0x00,0x00,0x00,0x00,0x00,0x00,0x00,0x00,0x00,0x00,0x00,0x00,0x00,0x00,0x00,0x00,0x00,0x00,0x00,0x04,0x19,0x25,0x29,0x04,0x21,0xC4,0x18,0x00,0x00,0x00,0x00,0x00,0x00,0x00,0x00,0x00,0x00,
	0x00,0x00,0x00,0x08,0x01,0x00,0x00,0x00,0x00,0x00,0x00,0x00,0x00,0x00,0x21,0x00,0x63,0x08,0x63,0x08,0x64,0x10,0x64,0x10,0x62,0x08,0x64,0x10,0x64,0x10,0x64,0x10,0x63,0x08,0x63,0x08,0x63,0x08,0x62,0x08,0x62,0x08,0x62,0x08,0x62,0x08,0x62,0x08,0x62,0x08,0x62,0x08,0x62,0x08,0x62,0x08,0x62,0x08,0x62,0x00,0x42,0x08,0x41,0x00,
	0x01,0x00,0x62,0x08,0x01,0x00,0x21,0x00,0x21,0x00,0x01,0x00,0x21,0x00,0x01,0x00,0x01,0x00,0x01,0x00,0x01,0x00,0x01,0x00,0x01,0x00,0x01,0x00,0x01,0x00,0x01,0x00,0x01,0x00,0x00,0x00,0x01,0x00,0x00,0x08,0x01,0x00,0x01,0x00,0x00,0x00,0x00,0x00,0x00,0x00,0x00,0x00,0x00,0x00,0x00,0x00,0x00,0x00,0x00,0x00,0x00,0x00,0x00,0x00,
	0x00,0x00,0x00,0x00,0x00,0x00,0x00,0x00,0x00,0x00,0x00,0x00,0x00,0x00,0x00,0x00,0x00,0x00,0x01,0x00,0x01,0x00,0x01,0x00,0x21,0x00,0x21,0x00,0x21,0x00,0x00,0x00,0x00,0x00,0x00,0x00,0xA4,0x18,0x89,0x4A,0x49,0x4A,0xE4,0x18,0xE7,0x39,0x8E,0x73,0xA6,0x31,0x50,0x84,0xA6,0x31,0xA6,0x31,0xEF,0x7B,0xC7,0x39,0xA6,0x31,0xA6,0x31,
	0xE7,0x39,0x50,0x84,0xA6,0x31,0x86,0x29,0x30,0x84,0x08,0x42,0x30,0x84,0x8D,0x6B,0x28,0x42,0xC7,0x39,0xC7,0x39,0xA6,0x31,0x66,0x29,0xE4,0x18,0x21,0x00,0x00,0x00,0x00,0x00,0x00,0x00,0x00,0x00,0x00,0x00,0x00,0x00,0xC5,0x18,0x06,0x21,0xA4,0x18,0x26,0x21,0x06,0x21,0x27,0x21,0x00,0x00,0x20,0x00,0x61,0x08,0x61,0x08,0x41,0x00,
	0x21,0x08,0x00,0x70,0x00,0x70,0x20,0x18,0x00,0x00,0x00,0x00,0x00,0x00,0x67,0x29,0x66,0x29,0x67,0x29,0x66,0x29,0x82,0x10,0x00,0x00,0x00,0x00,0x00,0x00,0x00,0x00,0x00,0x00,0x00,0x00,0x00,0x00,0x00,0x00,0x00,0x00,0x20,0x00,0xE4,0x18,0x46,0x29,0x06,0x21,0xE5,0x18,0x21,0x00,0x00,0x00,0x00,0x00,0x00,0x00,0x00,0x00,0x01,0x00,
	0x01,0x00,0x01,0x00,0x01,0x00,0x01,0x00,0x01,0x00,0x00,0x00,0x01,0x00,0x00,0x00,0x40,0x00,0x83,0x10,0x64,0x10,0xA4,0x10,0x84,0x10,0x84,0x10,0x84,0x10,0x84,0x10,0x84,0x10,0x84,0x10,0x84,0x10,0x83,0x10,0x84,0x10,0x82,0x08,0x64,0x10,0x84,0x10,0x84,0x10,0x84,0x10,0x64,0x10,0x64,0x10,0x64,0x10,0x84,0x10,0x64,0x10,0x84,0x10,
	0x64,0x10,0xA2,0x10,0x64,0x10,0x62,0x08,0x64,0x10,0x64,0x10,0x63,0x08,0x63,0x08,0x62,0x08,0x63,0x08,0x63,0x08,0x63,0x08,0x63,0x08,0x62,0x08,0x62,0x08,0x62,0x08,0x63,0x08,0x63,0x08,0x62,0x08,0x63,0x08,0x63,0x08,0x63,0x08,0x42,0x08,0x00,0x00,0x00,0x00,0x00,0x00,0x00,0x00,0x00,0x00,0x00,0x00,0x00,0x00,0x00,0x00,0x00,0x00,
	0x00,0x00,0x00,0x00,0x00,0x00,0x00,0x00,0x00,0x00,0x00,0x00,0x00,0x00,0x00,0x00,0x00,0x00,0x01,0x00,0x01,0x00,0x22,0x08,0x01,0x00,0x43,0x08,0x01,0x00,0x01,0x00,0x01,0x00,0x00,0x00,0x00,0x00,0x00,0x00,0x00,0x00,0x00,0x00,0xE7,0x39,0x4C,0x63,0xA6,0x31,0x30,0x84,0xA6,0x31,0x28,0x42,0x10,0x84,0xC7,0x39,0xA6,0x31,0xA6,0x31,
	0x8D,0x6B,0xEB,0x5A,0xA6,0x31,0x86,0x29,0x48,0x42,0x2C,0x63,0x08,0x42,0x8D,0x6B,0x8E,0x73,0x6D,0x6B,0x2C,0x63,0xA6,0x31,0x66,0x29,0xE4,0x18,0x00,0x00,0x00,0x00,0x00,0x00,0x00,0x00,0x00,0x00,0x00,0x00,0x00,0x00,0xA4,0x18,0x06,0x21,0xC5,0x18,0x26,0x21,0x46,0x21,0x27,0x21,0x83,0x10,0x00,0x00,0x21,0x00,0x41,0x00,0x21,0x00,
	0x00,0x98,0x00,0xE8,0x00,0xE8,0x00,0xB8,0x00,0x08,0x00,0x00,0x00,0x00,0x41,0x00,0x87,0x31,0x87,0x31,0x66,0x29,0x46,0x21,0x05,0x19,0x62,0x08,0x00,0x00,0x00,0x00,0x00,0x00,0x00,0x00,0x00,0x00,0x21,0x08,0xA3,0x10,0x45,0x21,0x46,0x29,0x46,0x29,0xE5,0x18,0x82,0x08,0x00,0x00,0x00,0x00,0x00,0x00,0x00,0x00,0x00,0x00,0x01,0x00,
	0x22,0x08,0x01,0x00,0x01,0x00,0x01,0x00,0x00,0x00,0x00,0x00,0x00,0x00,0x00,0x00,0x00,0x00,0x20,0x00,0xC4,0x18,0xA4,0x18,0xC4,0x18,0xC5,0x18,0xC5,0x18,0xC4,0x18,0xE4,0x18,0xC5,0x18,0xC5,0x18,0xE4,0x18,0xE4,0x18,0xE4,0x18,0xA4,0x18,0xC4,0x18,0xC4,0x18,0xE4,0x18,0xA4,0x10,0xC4,0x18,0xC4,0x18,0xC4,0x18,0xC4,0x18,0xC4,0x10,
	0xC4,0x18,0xA4,0x18,0xA4,0x18,0xA4,0x10,0xA3,0x10,0xA4,0x10,0x84,0x10,0x84,0x10,0x84,0x10,0xC4,0x18,0x64,0x10,0x64,0x10,0x64,0x10,0x63,0x08,0x64,0x10,0x83,0x10,0x84,0x10,0xA4,0x10,0x64,0x10,0x64,0x10,0x64,0x10,0x64,0x10,0x63,0x08,0x42,0x08,0x00,0x00,0x00,0x00,0x00,0x00,0x00,0x00,0x00,0x00,0x00,0x00,0x00,0x00,0x00,0x00,
	0x00,0x00,0x00,0x00,0x00,0x00,0x00,0x00,0x00,0x00,0x00,0x00,0x00,0x00,0x00,0x00,0x00,0x00,0x01,0x00,0x22,0x00,0x22,0x08,0x02,0x00,0x62,0x08,0x01,0x00,0x01,0x00,0x00,0x00,0x00,0x00,0x00,0x00,0x01,0x00,0x00,0x00,0x00,0x00,0xF2,0x9C,0xB4,0xB4,0xB4,0xB4,0x30,0x84,0xA6,0x31,0xAE,0x73,0x4D,0x6B,0x50,0x84,0x07,0x3A,0x28,0x42,
	0x51,0x8C,0xA6,0x31,0x30,0x84,0x86,0x29,0xC7,0x39,0xC7,0x39,0xC7,0x39,0x8D,0x6B,0x69,0x4A,0x07,0x3A,0xE7,0x39,0xA6,0x31,0x66,0x29,0xE4,0x18,0x00,0x00,0x00,0x00,0x00,0x00,0x00,0x00,0x00,0x00,0x00,0x00,0x00,0x00,0x84,0x10,0x26,0x21,0xA5,0x18,0x26,0x21,0x46,0x21,0x27,0x21,0x25,0x21,0x40,0x08,0x00,0x00,0x01,0x00,0x21,0x08,
	0x00,0xC0,0x00,0xE8,0x00,0xE8,0x00,0xE8,0x00,0x80,0x21,0x00,0x00,0x00,0x00,0x00,0x00,0x00,0x46,0x21,0x67,0x29,0x67,0x29,0x06,0x21,0x66,0x29,0x45,0x21,0x25,0x21,0xC4,0x18,0x05,0x21,0x45,0x21,0x46,0x21,0x66,0x29,0x46,0x29,0x46,0x29,0x46,0x29,0xE5,0x18,0x00,0x00,0x00,0x00,0x00,0x00,0x00,0x00,0x00,0x00,0x00,0x00,0x21,0x08,
	0x42,0x08,0x01,0x00,0x01,0x00,0x01,0x00,0x01,0x00,0x01,0x00,0x01,0x00,0x01,0x00,0x01,0x00,0x01,0x00,0x20,0x00,0xE5,0x18,0xE4,0x18,0xE5,0x18,0xA4,0x18,0xC5,0x18,0xE5,0x18,0xC5,0x18,0xA4,0x18,0xC5,0x18,0xC5,0x18,0xE5,0x18,0xA5,0x18,0xC3,0x18,0xC3,0x18,0xC3,0x18,0xC3,0x18,0xC3,0x18,0xC3,0x18,0xC3,0x18,0xC3,0x18,0xA3,0x10,
	0xC3,0x18,0xCB,0x52,0x8E,0x6B,0xE3,0x18,0x24,0x21,0x2C,0x63,0xC3,0x18,0xE4,0x18,0xE4,0x18,0xC4,0x18,0xC4,0x18,0xE4,0x18,0xA4,0x10,0xA4,0x18,0xA4,0x18,0xC5,0x18,0xA5,0x18,0xC4,0x18,0xC4,0x10,0xA4,0x10,0xC4,0x10,0x84,0x10,0xA4,0x18,0x63,0x10,0x21,0x00,0x00,0x00,0x00,0x00,0x00,0x00,0x00,0x00,0x00,0x00,0x00,0x00,0x00,0x00,
	0x00,0x00,0x00,0x00,0x00,0x00,0x00,0x00,0x00,0x00,0x00,0x00,0x00,0x00,0x00,0x00,0x01,0x00,0x21,0x00,0x21,0x00,0x22,0x08,0x43,0x08,0x43,0x08,0x01,0x00,0x01,0x00,0x00,0x00,0x01,0x00,0x01,0x00,0x01,0x00,0x00,0x00,0x00,0x00,0xE7,0x39,0x6D,0x6B,0xA6,0x31,0x30,0x84,0xA6,0x31,0x50,0x84,0xA6,0x31,0x0B,0x5B,0xEB,0x5A,0xAE,0x73,
	0xAE,0x73,0x0B,0x5B,0x50,0x84,0x69,0x4A,0xC7,0x39,0xC7,0x39,0xC7,0x39,0x8D,0x6B,0x28,0x42,0xC7,0x39,0xC7,0x39,0xA6,0x31,0x66,0x29,0xE4,0x18,0x00,0x00,0x00,0x00,0x00,0x00,0x00,0x00,0x00,0x00,0x00,0x00,0x00,0x00,0x83,0x10,0xE6,0x20,0xE5,0x18,0x46,0x21,0x46,0x21,0x27,0x21,0x47,0x21,0x83,0x10,0x00,0x00,0x60,0x08,0x40,0x00,
	0x00,0x68,0x00,0xE0,0x00,0xE8,0x00,0xE8,0x00,0xE8,0x00,0x48,0x00,0x00,0x00,0x00,0x00,0x00,0x00,0x00,0x27,0x21,0x67,0x29,0x66,0x29,0x66,0x29,0x66,0x29,0x66,0x29,0x66,0x29,0x46,0x29,0x46,0x29,0x46,0x29,0x66,0x29,0x66,0x29,0x66,0x29,0x66,0x29,0x04,0x21,0x46,0x29,0x00,0x00,0x00,0x00,0x00,0x00,0x00,0x00,0x01,0x00,0x21,0x00,
	0x42,0x08,0x22,0x08,0x42,0x08,0x42,0x00,0x21,0x00,0x62,0x08,0x62,0x08,0x66,0x29,0x88,0x31,0x01,0x00,0x42,0x00,0x41,0x08,0xE5,0x18,0xE5,0x18,0xC5,0x18,0xE6,0x20,0xE6,0x20,0xE6,0x20,0xE6,0x20,0xE6,0x20,0xE6,0x20,0xE5,0x18,0xE6,0x20,0x24,0x21,0x30,0x84,0x6D,0x6B,0xCF,0x7B,0xC4,0x18,0xC7,0x39,0xAE,0x73,0xEB,0x5A,0xCB,0x5A,
	0xC4,0x18,0xAE,0x73,0x24,0x21,0x69,0x4A,0x6D,0x6B,0x24,0x21,0xC3,0x18,0xE5,0x18,0xC5,0x18,0xC5,0x18,0xE6,0x20,0xE6,0x20,0xC5,0x18,0xE6,0x20,0xC5,0x18,0xE6,0x20,0xC5,0x18,0xE4,0x18,0xA5,0x18,0xA5,0x18,0xA4,0x18,0xC4,0x18,0xA4,0x18,0x05,0x21,0x62,0x08,0x00,0x00,0x00,0x00,0x00,0x00,0x00,0x00,0x00,0x00,0x00,0x00,0x00,0x00,
	0x00,0x00,0x00,0x00,0x00,0x00,0x00,0x00,0x00,0x00,0x00,0x00,0x00,0x00,0x00,0x00,0x01,0x00,0x01,0x00,0x01,0x00,0x02,0x08,0x64,0x10,0x01,0x00,0x01,0x00,0x00,0x00,0x01,0x00,0x02,0x00,0x01,0x00,0x00,0x00,0x00,0x00,0x00,0x00,0xC6,0x31,0x0F,0x7C,0xCE,0x73,0x8E,0x73,0xA6,0x31,0x0B,0x5B,0xCE,0x73,0x30,0x84,0xC6,0x31,0x07,0x3A,
	0x28,0x42,0x28,0x42,0x30,0x84,0xE7,0x39,0xC7,0x39,0xC7,0x39,0xC7,0x39,0x0C,0x63,0x08,0x42,0xC7,0x39,0xC7,0x39,0xA6,0x31,0x66,0x29,0xE4,0x18,0x20,0x00,0x00,0x00,0x00,0x00,0x00,0x00,0x00,0x00,0x00,0x00,0x00,0x00,0x63,0x10,0xE6,0x20,0xE5,0x18,0x07,0x21,0xE6,0x20,0x26,0x21,0x26,0x21,0x46,0x29,0x00,0x00,0x00,0x00,0x20,0x08,
	0x40,0x00,0x00,0xB8,0x00,0xE8,0x00,0xE8,0x00,0xE8,0x00,0xE8,0x00,0x48,0x00,0x00,0x00,0x00,0x00,0x00,0x00,0x00,0xE6,0x20,0x66,0x29,0x46,0x29,0x46,0x29,0x46,0x29,0x46,0x29,0x46,0x29,0x46,0x29,0x66,0x29,0x46,0x29,0x66,0x29,0x66,0x29,0x66,0x29,0x46,0x29,0xE5,0x18,0x45,0x21,0x00,0x00,0x00,0x00,0x00,0x00,0x00,0x00,0x01,0x08,
	0x22,0x08,0x22,0x08,0x42,0x08,0x04,0x19,0x0C,0x63,0x50,0x84,0x74,0xA5,0x95,0xAD,0x4A,0x4A,0x01,0x00,0x01,0x00,0x42,0x08,0x42,0x08,0xE5,0x18,0xC5,0x18,0xE6,0x20,0x06,0x21,0xE6,0x20,0xE6,0x20,0xE6,0x20,0xE6,0x20,0xE6,0x20,0xE6,0x20,0xC7,0x39,0x0C,0x63,0xC3,0x18,0x50,0x84,0xC4,0x18,0xC7,0x39,0x0C,0x63,0x65,0x29,0xC3,0x18,
	0xC4,0x18,0xAE,0x73,0xC6,0x31,0xAA,0x52,0xAE,0x73,0xC3,0x18,0xC3,0x18,0xE6,0x20,0xE6,0x20,0xC5,0x18,0xE6,0x20,0xE6,0x20,0xC5,0x18,0xE6,0x20,0xC5,0x18,0xE6,0x20,0xE5,0x18,0xE6,0x20,0xC5,0x18,0xC5,0x18,0xC4,0x18,0xE4,0x18,0x29,0x42,0x49,0x4A,0x64,0x10,0x21,0x00,0x00,0x00,0x00,0x00,0x00,0x00,0x00,0x00,0x00,0x00,0x00,0x00,
	0x00,0x00,0x00,0x00,0x00,0x00,0x00,0x00,0x00,0x00,0x00,0x00,0x87,0x31,0x29,0x42,0x01,0x00,0x02,0x08,0x01,0x00,0x23,0x08,0x43,0x08,0x01,0x00,0x01,0x00,0x01,0x00,0x01,0x00,0x01,0x00,0x00,0x00,0x00,0x00,0x00,0x00,0x00,0x00,0xC3,0x10,0xA6,0x31,0xC7,0x31,0x66,0x29,0x66,0x29,0x66,0x29,0xA7,0x31,0x86,0x29,0x66,0x29,0x66,0x29,
	0x66,0x29,0x66,0x29,0xC7,0x31,0x66,0x29,0x66,0x29,0x66,0x29,0x66,0x29,0x66,0x29,0x66,0x29,0x66,0x29,0x66,0x29,0x66,0x29,0x66,0x29,0x87,0x31,0x42,0x08,0x00,0x00,0x00,0x00,0x00,0x00,0x00,0x00,0x00,0x00,0x00,0x00,0x64,0x10,0xE6,0x20,0xC5,0x18,0x27,0x21,0x46,0x29,0x46,0x21,0x46,0x29,0x46,0x29,0xC4,0x10,0x00,0x00,0x20,0x00,
	0x21,0x00,0x00,0x18,0x00,0xD0,0x00,0xE8,0x00,0xE8,0x00,0xE8,0x00,0xE0,0x00,0x70,0x00,0x00,0x00,0x00,0x00,0x00,0x00,0x00,0x26,0x21,0x66,0x29,0x66,0x29,0x46,0x29,0x66,0x29,0x46,0x29,0x66,0x29,0x46,0x29,0x46,0x29,0x46,0x29,0x46,0x29,0x46,0x29,0x46,0x29,0x46,0x29,0xE6,0x20,0x25,0x21,0x00,0x00,0x00,0x00,0x00,0x00,0x00,0x00,
	0x01,0x00,0x21,0x00,0x22,0x08,0xA4,0x18,0xF3,0x9C,0xD6,0xAD,0x34,0xA5,0x45,0x29,0x01,0x00,0x22,0x08,0x62,0x08,0x43,0x08,0x22,0x00,0x82,0x08,0xE6,0x20,0xC6,0x18,0xE6,0x20,0x06,0x21,0xE6,0x20,0x07,0x21,0xE6,0x20,0x07,0x21,0xC6,0x18,0xE3,0x18,0x30,0x84,0xEF,0x7B,0x8D,0x6B,0xC4,0x18,0xC7,0x39,0x50,0x84,0x0B,0x5B,0x8D,0x6B,
	0xC4,0x18,0x08,0x42,0x89,0x4A,0x0B,0x5B,0xCA,0x52,0x4C,0x63,0x8D,0x6B,0xE6,0x20,0xE6,0x20,0xE6,0x20,0xE6,0x20,0xE6,0x20,0xE6,0x20,0xE6,0x20,0xE6,0x20,0xE6,0x20,0xE6,0x20,0xE6,0x20,0xC5,0x18,0xA4,0x18,0xC4,0x18,0x49,0x4A,0x2D,0x6B,0x29,0x42,0x84,0x10,0x62,0x08,0x00,0x00,0x00,0x00,0x00,0x00,0x00,0x00,0x00,0x00,0x00,0x00,
	0x00,0x00,0x00,0x00,0x00,0x00,0x00,0x00,0x00,0x00,0x00,0x00,0x4D,0x6B,0x10,0x84,0x42,0x08,0x02,0x00,0x01,0x00,0x64,0x10,0x01,0x00,0x00,0x00,0x00,0x00,0x01,0x00,0x01,0x00,0x00,0x00,0x00,0x00,0x00,0x00,0x00,0x00,0x41,0x00,0x60,0x08,0x40,0x08,0xE3,0x18,0x44,0x19,0x64,0x21,0x45,0x21,0x24,0x21,0x45,0x21,0x45,0x21,0x45,0x21,
	0x45,0x21,0xA5,0x29,0xA5,0x29,0x65,0x29,0x65,0x29,0x65,0x21,0x67,0x29,0x67,0x29,0x66,0x29,0xA5,0x29,0x45,0x21,0x66,0x29,0x24,0x21,0x45,0x21,0xC3,0x10,0x00,0x00,0x00,0x00,0x00,0x00,0x00,0x00,0x00,0x00,0x00,0x00,0x83,0x10,0x07,0x19,0xC5,0x18,0x06,0x21,0x47,0x21,0x27,0x21,0x47,0x21,0x46,0x21,0x67,0x29,0x43,0x08,0x61,0x08,
	0x00,0x00,0x00,0x00,0x00,0x10,0x00,0xC8,0x00,0xE8,0x00,0xE8,0x00,0xE8,0x00,0xE0,0x00,0xA0,0x00,0x20,0x00,0x00,0x00,0x00,0x00,0x00,0x26,0x21,0x66,0x29,0x66,0x29,0x46,0x29,0x66,0x29,0x46,0x29,0x46,0x29,0x46,0x29,0x46,0x29,0x66,0x29,0x46,0x29,0x66,0x29,0x46,0x29,0xE6,0x20,0xE6,0x20,0x04,0x19,0x00,0x00,0x00,0x00,0x00,0x00,
	0x01,0x00,0x01,0x00,0x02,0x00,0x02,0x00,0x04,0x21,0x95,0xAD,0xF3,0x9C,0xE5,0x18,0x01,0x00,0x02,0x08,0x43,0x08,0x43,0x08,0x62,0x08,0x21,0x00,0x81,0x10,0x26,0x21,0xE6,0x20,0x07,0x21,0x46,0x29,0x06,0x21,0x26,0x21,0x26,0x21,0xC5,0x18,0xE7,0x39,0x0C,0x63,0xE3,0x18,0x50,0x84,0xE4,0x18,0xC3,0x18,0xE3,0x18,0xC3,0x18,0x71,0x8C,
	0xC4,0x18,0xC3,0x18,0xE3,0x18,0xAE,0x73,0x0B,0x5B,0x04,0x21,0x50,0x84,0xE6,0x20,0xE6,0x20,0xE6,0x20,0xE6,0x20,0x06,0x21,0xE6,0x20,0xE6,0x20,0xE6,0x20,0xC5,0x18,0xC5,0x18,0xA5,0x18,0xA5,0x18,0xA5,0x18,0xA5,0x18,0x04,0x19,0x2D,0x6B,0x29,0x42,0xC4,0x18,0x64,0x10,0x41,0x00,0x00,0x00,0x00,0x00,0x00,0x00,0x00,0x00,0x00,0x00,
	0x00,0x00,0x00,0x00,0x00,0x00,0x00,0x00,0x00,0x00,0x00,0x00,0x01,0x00,0x83,0x10,0x21,0x00,0x22,0x00,0x23,0x08,0x43,0x08,0x00,0x00,0x00,0x00,0x01,0x00,0x01,0x00,0x00,0x00,0x00,0x00,0x00,0x00,0x00,0x00,0x21,0x00,0x41,0x00,0x41,0x00,0x21,0x00,0x20,0x00,0x00,0x00,0x00,0x00,0x62,0x08,0xE5,0x18,0xE5,0x18,0xE4,0x18,0x66,0x29,
	0x66,0x29,0x66,0x29,0x66,0x29,0x66,0x21,0x67,0x29,0x66,0x29,0x66,0x29,0x66,0x21,0x66,0x29,0x66,0x29,0x66,0x29,0x66,0x29,0x67,0x29,0x66,0x29,0xC3,0x10,0x00,0x00,0x00,0x00,0x00,0x00,0x00,0x00,0x00,0x00,0x00,0x00,0x84,0x10,0xE6,0x20,0xE4,0x18,0x28,0x21,0x27,0x21,0x67,0x29,0x47,0x21,0x06,0x21,0x47,0x29,0x67,0x29,0x41,0x00,
	0x20,0x00,0x00,0x00,0x00,0x00,0x21,0x18,0x00,0xC8,0x00,0xE8,0x00,0xE8,0x00,0xE8,0x00,0xE8,0x00,0xD0,0x00,0x70,0x00,0x10,0x00,0x00,0x00,0x00,0x45,0x21,0x46,0x29,0x46,0x29,0x46,0x29,0x46,0x29,0x46,0x29,0x46,0x29,0x46,0x29,0x66,0x29,0x46,0x29,0x46,0x29,0x66,0x29,0x66,0x29,0x24,0x29,0x05,0x21,0x06,0x21,0x00,0x00,0x00,0x00,
	0x00,0x00,0x01,0x00,0x22,0x00,0x83,0x08,0x91,0x8C,0xD6,0xB5,0xB5,0xAD,0x13,0x9D,0x83,0x10,0x02,0x00,0x23,0x08,0x23,0x08,0x23,0x08,0x23,0x08,0x01,0x00,0x42,0x08,0x05,0x21,0x26,0x21,0xE6,0x20,0x46,0x29,0x06,0x21,0x26,0x21,0xE6,0x20,0xE7,0x39,0x2C,0x63,0x04,0x21,0x50,0x84,0xE4,0x18,0x28,0x42,0x0C,0x63,0x24,0x21,0x30,0x84,
	0xC4,0x18,0xC3,0x18,0xCA,0x52,0xC6,0x31,0x89,0x4A,0x49,0x4A,0x10,0x84,0xE6,0x20,0xE6,0x20,0xE6,0x20,0xE6,0x20,0xE6,0x20,0xE6,0x20,0xE6,0x20,0xE6,0x20,0xE5,0x20,0xC5,0x18,0xE6,0x20,0xC5,0x18,0xC4,0x18,0xA5,0x18,0xC4,0x18,0x06,0x21,0xA8,0x39,0xE5,0x18,0x64,0x10,0x41,0x00,0x00,0x00,0x00,0x00,0x00,0x00,0x00,0x00,0x00,0x00,
	0x00,0x00,0x00,0x00,0x00,0x00,0x00,0x00,0x00,0x00,0x00,0x00,0x01,0x00,0x01,0x00,0x22,0x08,0x22,0x08,0x63,0x08,0x01,0x00,0x01,0x00,0x22,0x00,0x01,0x00,0x00,0x00,0x00,0x00,0x00,0x00,0x00,0x00,0x41,0x00,0x41,0x00,0x21,0x00,0x20,0x00,0x00,0x00,0x00,0x00,0x00,0x00,0x62,0x08,0xE4,0x18,0xE4,0x18,0x04,0x19,0x66,0x29,0x66,0x29,
	0x66,0x29,0x66,0x29,0x66,0x29,0x67,0x29,0x66,0x29,0x66,0x21,0x66,0x21,0x46,0x29,0x25,0x21,0x46,0x21,0x46,0x21,0x06,0x21,0x05,0x21,0x04,0x19,0xC4,0x18,0x00,0x00,0x00,0x00,0x00,0x00,0x00,0x00,0x00,0x00,0x00,0x00,0x64,0x10,0xC5,0x18,0xC5,0x18,0x26,0x21,0x06,0x21,0x06,0x21,0x06,0x21,0x47,0x21,0x06,0x21,0x47,0x29,0x45,0x21,
	0x41,0x08,0x40,0x08,0x20,0x08,0x20,0x00,0x21,0x18,0x00,0xB0,0x00,0xE8,0x00,0xE8,0x00,0xE8,0x00,0xE8,0x00,0xC0,0x00,0x98,0x00,0x68,0x00,0x30,0x00,0x08,0x05,0x21,0x46,0x29,0x46,0x29,0x46,0x29,0x46,0x29,0x46,0x29,0x66,0x29,0x66,0x29,0x66,0x29,0x46,0x29,0x46,0x29,0x66,0x29,0x66,0x29,0xE6,0x20,0xE6,0x20,0x04,0x19,0x00,0x00,
	0x00,0x00,0x00,0x00,0x22,0x00,0x50,0x84,0x71,0x8C,0x4D,0x6B,0x4A,0x4A,0x05,0x21,0x01,0x00,0x22,0x08,0x23,0x08,0x43,0x08,0x43,0x08,0x43,0x08,0x23,0x08,0x01,0x00,0x82,0x08,0x06,0x21,0x07,0x21,0x06,0x21,0xE6,0x20,0x06,0x21,0xE6,0x18,0xC3,0x18,0xAA,0x52,0x6D,0x6B,0xC7,0x39,0xC4,0x18,0xC3,0x18,0x0B,0x5B,0x6D,0x6B,0xA6,0x31,
	0xE5,0x18,0xC4,0x18,0x66,0x29,0xE4,0x18,0xC4,0x18,0x66,0x29,0xC4,0x18,0xE6,0x20,0xC5,0x18,0xC5,0x18,0xE6,0x20,0xE6,0x20,0xC5,0x18,0xE6,0x20,0xE6,0x20,0xC5,0x18,0xC5,0x18,0xE6,0x20,0xC5,0x18,0xA5,0x18,0xA5,0x18,0xE4,0x18,0xC4,0x18,0xA5,0x18,0xE5,0x18,0x84,0x10,0x43,0x08,0x00,0x00,0x00,0x00,0x00,0x00,0x00,0x00,0x00,0x00,
	0x00,0x00,0x00,0x00,0x00,0x00,0x00,0x00,0x00,0x00,0x00,0x00,0x01,0x00,0x01,0x00,0x02,0x08,0x01,0x00,0x43,0x08,0x01,0x00,0x01,0x00,0x01,0x00,0x01,0x00,0x00,0x00,0x00,0x00,0x00,0x00,0x41,0x00,0x41,0x00,0x21,0x00,0x00,0x00,0x21,0x00,0x00,0x00,0x00,0x00,0x41,0x00,0xE4,0x18,0xE5,0x18,0x04,0x19,0x46,0x29,0x67,0x29,0x67,0x29,
	0x86,0x29,0x66,0x21,0xE4,0x18,0xA2,0x10,0x41,0x08,0x20,0x00,0x00,0x00,0x00,0x00,0x00,0x00,0x00,0x00,0x00,0x00,0x00,0x00,0x00,0x00,0x00,0x00,0x00,0x00,0x00,0x00,0x00,0x00,0x00,0x00,0x00,0x00,0x00,0x00,0x00,0x00,0xA4,0x18,0xE6,0x18,0xA5,0x18,0x27,0x21,0x27,0x21,0x26,0x21,0x27,0x21,0x47,0x21,0x66,0x29,0x67,0x29,0x47,0x21,
	0x26,0x21,0x62,0x00,0x20,0x00,0x20,0x00,0x21,0x00,0x21,0x00,0x00,0x60,0x00,0xD8,0x00,0xE8,0x00,0xE8,0x00,0xE0,0x00,0xC0,0x00,0x98,0x00,0x68,0x00,0x40,0x00,0x20,0x25,0x29,0x66,0x29,0x66,0x29,0x46,0x29,0x46,0x29,0x46,0x29,0x66,0x29,0x46,0x29,0x46,0x29,0x46,0x29,0x46,0x29,0x46,0x29,0x46,0x29,0xE5,0x20,0x46,0x29,0x25,0x21,
	0x00,0x00,0x00,0x00,0x01,0x00,0x63,0x08,0x22,0x00,0x02,0x00,0x01,0x00,0x22,0x00,0x02,0x08,0x42,0x08,0x43,0x08,0x43,0x08,0x43,0x08,0x43,0x08,0x43,0x08,0x43,0x08,0x01,0x00,0x83,0x08,0x06,0x21,0xE6,0x20,0xE6,0x20,0x06,0x21,0x07,0x21,0xE6,0x20,0xE7,0x18,0x07,0x21,0xC6,0x18,0xE7,0x18,0xE6,0x20,0x07,0x21,0x07,0x21,0xE6,0x20,
	0xE6,0x20,0x06,0x21,0xE6,0x20,0xE6,0x20,0xE6,0x18,0xE6,0x20,0x06,0x21,0xE6,0x20,0xE6,0x20,0xE6,0x20,0xE6,0x20,0xE6,0x20,0xE6,0x20,0xE6,0x20,0xE6,0x20,0xE6,0x20,0xE5,0x18,0xE5,0x18,0xC4,0x18,0xC5,0x18,0xC5,0x18,0xE5,0x18,0xC4,0x18,0xA5,0x18,0xC5,0x18,0xC4,0x18,0x43,0x08,0x21,0x00,0x00,0x00,0x00,0x00,0x00,0x00,0x00,0x00,
	0x00,0x00,0x00,0x00,0x00,0x00,0x00,0x00,0xE4,0x18,0x4D,0x63,0x63,0x10,0x01,0x00,0x01,0x00,0x02,0x00,0x42,0x08,0x42,0x00,0x21,0x00,0x00,0x00,0x00,0x00,0x00,0x00,0x00,0x00,0x62,0x08,0x61,0x08,0x41,0x00,0x41,0x08,0x00,0x00,0x41,0x00,0x20,0x00,0x41,0x00,0x45,0x19,0xE4,0x18,0xE4,0x18,0x67,0x29,0x86,0x29,0x88,0x31,0xE5,0x18,
	0x21,0x00,0x00,0x00,0x00,0x00,0x00,0x00,0x00,0x00,0x00,0x00,0x00,0x00,0x00,0x00,0x00,0x00,0x00,0x00,0x00,0x00,0x00,0x00,0x00,0x00,0x00,0x00,0x00,0x00,0x00,0x00,0x00,0x00,0x00,0x00,0x00,0x00,0x00,0x00,0x00,0x00,0xC3,0x10,0xE6,0x20,0xC5,0x18,0x27,0x21,0x47,0x21,0x07,0x21,0x27,0x21,0x47,0x29,0x66,0x29,0x66,0x29,0x66,0x29,
	0x66,0x29,0x46,0x21,0x43,0x08,0x40,0x00,0x01,0x00,0x21,0x08,0x00,0x00,0x20,0x10,0x00,0x80,0x00,0xE0,0x00,0xE8,0x00,0xE0,0x00,0xC0,0x00,0xA0,0x00,0x68,0x00,0x38,0x00,0x20,0x45,0x21,0x46,0x29,0x66,0x29,0x46,0x29,0x46,0x29,0x66,0x29,0x46,0x29,0x66,0x29,0x66,0x29,0x46,0x29,0x66,0x29,0x46,0x29,0x46,0x21,0xE6,0x20,0x46,0x29,
	0x05,0x21,0x00,0x00,0x00,0x00,0x00,0x00,0x00,0x00,0x01,0x00,0x21,0x00,0x43,0x08,0x23,0x08,0x43,0x08,0x43,0x08,0x43,0x08,0x43,0x08,0x84,0x10,0x23,0x08,0x43,0x08,0x43,0x08,0x22,0x08,0x83,0x08,0x06,0x21,0xE5,0x18,0xE6,0x20,0xE6,0x20,0xE6,0x20,0x07,0x21,0x07,0x19,0xE6,0x20,0xE6,0x20,0xE6,0x20,0xE6,0x20,0x26,0x21,0xE6,0x20,
	0xE6,0x20,0x26,0x21,0xE6,0x20,0xE6,0x20,0xE6,0x20,0xE6,0x20,0xE6,0x20,0xC5,0x18,0xE6,0x20,0xE6,0x20,0xA5,0x18,0xC5,0x18,0xC5,0x18,0xE6,0x20,0xE4,0x18,0xC5,0x18,0xC5,0x18,0xE4,0x18,0xE6,0x20,0xC5,0x18,0xC5,0x18,0xE5,0x18,0xE4,0x18,0xE4,0x18,0xA5,0x18,0xE4,0x18,0x63,0x08,0x21,0x00,0x00,0x00,0x00,0x00,0x00,0x00,0x00,0x00,
	0x00,0x00,0x00,0x00,0x00,0x00,0x00,0x00,0x45,0x29,0xEF,0x7B,0x04,0x21,0x01,0x00,0x22,0x08,0x43,0x08,0x43,0x08,0x01,0x00,0x00,0x00,0x00,0x00,0x00,0x00,0x00,0x00,0xA2,0x10,0x62,0x08,0x62,0x08,0x20,0x00,0x41,0x00,0x41,0x00,0x41,0x00,0x82,0x08,0xE5,0x18,0xE5,0x20,0x04,0x19,0x66,0x29,0x86,0x29,0xA3,0x10,0x00,0x00,0x00,0x00,
	0x00,0x00,0x00,0x00,0x00,0x00,0x00,0x00,0x00,0x00,0x00,0x00,0x00,0x00,0x00,0x00,0x00,0x00,0x00,0x00,0x00,0x00,0x00,0x00,0x00,0x00,0x00,0x00,0x00,0x00,0x00,0x00,0x00,0x00,0x00,0x00,0x00,0x00,0x00,0x00,0x00,0x00,0xC3,0x10,0xE6,0x20,0xA5,0x18,0x07,0x21,0x67,0x29,0x27,0x21,0x06,0x21,0x46,0x29,0x06,0x21,0x66,0x29,0x66,0x29,
	0x66,0x29,0x66,0x29,0x66,0x29,0xC4,0x10,0x40,0x00,0x00,0x00,0x00,0x00,0x60,0x08,0x21,0x00,0x60,0x08,0x00,0x50,0x00,0xA0,0x00,0xC8,0x00,0xC8,0x00,0xA8,0x00,0x68,0x00,0x40,0x00,0x20,0x25,0x29,0x46,0x29,0x46,0x29,0x46,0x29,0x46,0x29,0x66,0x29,0x66,0x29,0x66,0x29,0x46,0x29,0x66,0x29,0x66,0x29,0x66,0x29,0x46,0x29,0xE6,0x20,
	0x25,0x21,0x04,0x19,0x00,0x00,0x00,0x00,0x00,0x00,0x00,0x00,0x01,0x00,0x01,0x00,0x22,0x00,0x22,0x08,0x43,0x08,0x43,0x08,0x23,0x08,0x23,0x08,0x23,0x08,0x43,0x08,0x43,0x08,0x43,0x08,0x41,0x00,0x41,0x08,0x25,0x21,0x46,0x21,0xE6,0x20,0xE6,0x20,0xE6,0x20,0xE6,0x20,0x07,0x19,0xE6,0x20,0xE5,0x18,0xE5,0x18,0xE4,0x18,0xE4,0x18,
	0xE6,0x20,0xE4,0x18,0xE4,0x18,0xE4,0x18,0xE4,0x18,0xE4,0x18,0xA5,0x18,0x84,0x10,0xC4,0x18,0xC4,0x18,0xA4,0x18,0xE4,0x18,0xE4,0x18,0xC4,0x18,0xE4,0x18,0xE4,0x18,0xE4,0x18,0xC5,0x18,0xC4,0x18,0xA4,0x18,0xE4,0x18,0xE4,0x18,0xA4,0x18,0xC4,0x18,0xC5,0x18,0xE4,0x18,0x63,0x08,0x42,0x08,0x00,0x00,0x00,0x00,0x00,0x00,0x00,0x00,
	0x00,0x00,0x00,0x00,0x00,0x00,0x00,0x00,0x00,0x00,0x61,0x08,0x00,0x00,0x41,0x00,0x21,0x00,0x63,0x08,0x41,0x00,0x00,0x00,0x00,0x00,0x00,0x00,0x00,0x00,0x82,0x08,0xA2,0x10,0x82,0x08,0x82,0x08,0x61,0x08,0x41,0x08,0x20,0x00,0x61,0x10,0x24,0x19,0x44,0x21,0x04,0x19,0xA5,0x29,0x25,0x21,0x01,0x00,0x00,0x00,0x00,0x00,0x00,0x00,
	0x00,0x00,0x00,0x00,0x00,0x00,0x00,0x00,0x00,0x00,0x00,0x00,0x00,0x00,0x00,0x00,0x00,0x00,0x00,0x00,0x00,0x00,0x00,0x00,0x00,0x00,0x00,0x00,0x00,0x00,0x00,0x00,0x00,0x00,0x00,0x00,0x00,0x00,0x00,0x00,0x00,0x00,0xC5,0x18,0xE6,0x18,0xC5,0x18,0x27,0x21,0x06,0x21,0x06,0x21,0x47,0x21,0x26,0x21,0x67,0x29,0x46,0x29,0x27,0x21,
	0x46,0x29,0x66,0x29,0x66,0x29,0x67,0x29,0x25,0x21,0x82,0x08,0x41,0x00,0x41,0x00,0x20,0x00,0x40,0x08,0x42,0x00,0x21,0x00,0x00,0x08,0x00,0x28,0x00,0x30,0x00,0x38,0x00,0x28,0x00,0x10,0x00,0x08,0x05,0x21,0x46,0x29,0x46,0x29,0x46,0x29,0x46,0x29,0x66,0x29,0x46,0x29,0x25,0x21,0x46,0x29,0x46,0x29,0x46,0x29,0x66,0x29,0x26,0x21,
	0x25,0x29,0x46,0x29,0x05,0x21,0x00,0x00,0x00,0x00,0x00,0x00,0x00,0x00,0x00,0x00,0x00,0x00,0x00,0x00,0x00,0x00,0x01,0x00,0x00,0x00,0x01,0x00,0x43,0x08,0x43,0x08,0x43,0x08,0x43,0x08,0x43,0x08,0x22,0x00,0x00,0x00,0x41,0x00,0xE4,0x18,0x25,0x21,0x26,0x21,0x26,0x21,0x46,0x21,0x46,0x21,0x46,0x21,0x46,0x29,0x67,0x21,0x87,0x29,
	0x46,0x21,0x46,0x21,0x46,0x29,0x46,0x29,0x87,0x21,0x67,0x21,0x87,0x31,0x66,0x31,0x67,0x29,0x47,0x31,0x46,0x21,0x46,0x21,0x46,0x21,0x67,0x21,0x46,0x21,0x46,0x21,0x46,0x29,0x46,0x21,0x46,0x21,0x46,0x29,0x46,0x29,0x47,0x29,0x45,0x21,0x26,0x21,0x25,0x21,0x25,0x21,0xA5,0x18,0x43,0x08,0x00,0x00,0x00,0x00,0x00,0x00,0x00,0x00,
	0x00,0x00,0x00,0x00,0x00,0x00,0x00,0x00,0x01,0x00,0x01,0x00,0x42,0x08,0x62,0x08,0x62,0x08,0x62,0x08,0x00,0x00,0x00,0x00,0x00,0x00,0x00,0x00,0xA2,0x10,0xE3,0x18,0xA2,0x10,0xA2,0x10,0xA2,0x10,0x62,0x08,0x40,0x00,0x61,0x08,0xE5,0x18,0x04,0x19,0x04,0x19,0x66,0x29,0x83,0x08,0x00,0x00,0x00,0x00,0x00,0x00,0x00,0x00,0x00,0x00,
	0x00,0x00,0x00,0x00,0x00,0x00,0x00,0x00,0x00,0x00,0x00,0x00,0x00,0x00,0x00,0x00,0x00,0x00,0x00,0x00,0x00,0x00,0x00,0x00,0x00,0x00,0x00,0x00,0x00,0x00,0x00,0x00,0x00,0x00,0x00,0x00,0x00,0x00,0x00,0x00,0x63,0x08,0x05,0x21,0xC5,0x18,0x06,0x21,0x46,0x21,0x26,0x21,0x27,0x21,0x46,0x29,0x46,0x29,0x47,0x29,0x66,0x29,0x46,0x29,
	0x46,0x29,0x66,0x29,0x66,0x29,0x66,0x29,0x67,0x29,0x67,0x21,0xE5,0x18,0x62,0x08,0x21,0x00,0x00,0x00,0x41,0x00,0x20,0x00,0x20,0x00,0x00,0x00,0x20,0x00,0x20,0x00,0x00,0x00,0x00,0x00,0x00,0x00,0x00,0x00,0x05,0x21,0x66,0x29,0x66,0x29,0x46,0x29,0x46,0x29,0x46,0x29,0x45,0x21,0x82,0x08,0x05,0x21,0x46,0x29,0x66,0x29,0x46,0x29,
	0x46,0x29,0x05,0x21,0x06,0x21,0xE4,0x18,0x00,0x00,0x00,0x00,0x00,0x00,0x01,0x00,0x01,0x00,0x22,0x00,0x02,0x08,0x23,0x08,0x23,0x08,0x43,0x08,0x43,0x08,0x43,0x08,0x23,0x08,0x64,0x10,0x43,0x08,0x43,0x08,0x23,0x08,0x22,0x08,0x02,0x00,0x22,0x08,0x02,0x00,0x22,0x08,0x02,0x00,0x02,0x00,0x02,0x00,0x02,0x00,0x22,0x08,0x02,0x08,
	0x02,0x00,0x02,0x00,0x42,0x08,0x42,0x08,0x22,0x08,0x43,0x08,0x22,0x08,0x42,0x08,0x01,0x00,0x22,0x00,0x22,0x00,0x22,0x00,0x42,0x00,0x21,0x00,0x01,0x00,0x01,0x00,0x22,0x00,0x01,0x00,0x02,0x00,0x01,0x08,0x01,0x00,0x21,0x08,0x01,0x00,0x21,0x00,0x21,0x00,0x21,0x00,0x41,0x00,0x00,0x00,0x00,0x00,0x00,0x00,0x00,0x00,0x00,0x00,
	0x00,0x00,0x00,0x00,0x00,0x00,0x00,0x00,0x00,0x00,0x01,0x00,0x61,0x08,0x41,0x00,0x62,0x08,0x01,0x00,0x00,0x00,0x00,0x00,0x00,0x00,0x41,0x00,0xE3,0x18,0xC3,0x10,0x82,0x10,0x62,0x08,0x62,0x08,0x40,0x08,0x61,0x08,0xE5,0x18,0xE4,0x18,0x04,0x19,0x66,0x29,0x21,0x00,0x00,0x00,0x00,0x00,0x00,0x00,0x00,0x00,0x00,0x00,0x00,0x00,
	0x00,0x00,0x00,0x00,0x00,0x00,0x00,0x00,0x00,0x00,0x00,0x00,0x00,0x00,0x00,0x00,0x00,0x00,0x00,0x00,0x00,0x00,0x00,0x00,0x00,0x00,0x00,0x00,0x00,0x00,0x00,0x00,0x00,0x00,0x00,0x00,0x00,0x00,0x62,0x08,0x07,0x21,0xE6,0x20,0x64,0x10,0x26,0x21,0x27,0x21,0x26,0x21,0x26,0x21,0x26,0x21,0x46,0x29,0x66,0x29,0x87,0x31,0xC8,0x41,
	0xE9,0x41,0xC9,0x39,0x67,0x29,0x66,0x29,0x87,0x29,0x66,0x29,0x88,0x31,0x87,0x29,0x46,0x29,0xC3,0x18,0x41,0x00,0x41,0x00,0x20,0x00,0x00,0x00,0x00,0x00,0x20,0x00,0x40,0x08,0x00,0x00,0x00,0x00,0x00,0x00,0x00,0x00,0xC4,0x18,0x46,0x29,0x46,0x29,0x46,0x29,0x66,0x29,0x66,0x29,0x45,0x21,0x82,0x08,0x25,0x21,0x46,0x29,0x46,0x29,
	0x46,0x29,0x46,0x29,0xC5,0x18,0x06,0x21,0xE4,0x18,0x00,0x00,0x00,0x00,0x00,0x00,0x01,0x00,0x01,0x00,0x22,0x00,0x23,0x08,0x63,0x08,0x43,0x08,0x23,0x08,0x64,0x10,0x23,0x08,0x64,0x10,0x43,0x08,0x43,0x08,0x23,0x08,0x23,0x08,0x43,0x08,0x43,0x08,0x23,0x08,0x64,0x10,0x43,0x08,0x43,0x08,0x64,0x10,0x23,0x08,0x64,0x10,0x23,0x08,
	0x43,0x08,0x64,0x10,0x64,0x10,0x23,0x08,0x43,0x08,0x64,0x10,0x43,0x08,0x43,0x08,0x64,0x10,0x64,0x10,0x23,0x08,0x43,0x08,0x43,0x08,0x64,0x10,0x43,0x08,0x43,0x08,0x64,0x10,0x43,0x08,0x43,0x08,0x23,0x08,0x43,0x08,0x23,0x08,0x23,0x08,0x43,0x08,0x64,0x10,0x43,0x08,0x43,0x08,0x02,0x00,0x01,0x00,0x00,0x00,0x00,0x00,0x00,0x00,
	0x00,0x00,0x00,0x00,0x00,0x00,0x66,0x31,0xAB,0x5A,0x01,0x00,0x01,0x00,0x21,0x00,0x42,0x08,0x01,0x00,0x01,0x00,0x00,0x00,0x00,0x00,0xE4,0x18,0xE4,0x18,0xE3,0x18,0xA2,0x10,0x62,0x08,0x61,0x08,0x21,0x00,0xE5,0x18,0xE5,0x18,0x04,0x19,0x85,0x29,0x20,0x00,0x00,0x00,0x00,0x00,0x00,0x00,0x00,0x00,0x00,0x00,0x00,0x00,0x00,0x00,
	0x00,0x00,0x00,0x00,0x00,0x00,0x00,0x00,0x00,0x00,0x00,0x00,0x00,0x00,0x00,0x00,0x00,0x00,0x00,0x00,0x00,0x00,0x00,0x00,0x00,0x00,0x00,0x00,0x00,0x00,0x00,0x00,0x00,0x00,0x00,0x00,0x62,0x08,0xE6,0x20,0xE5,0x18,0xA4,0x18,0x27,0x21,0x27,0x29,0x06,0x21,0xE6,0x20,0x26,0x21,0x06,0x21,0x26,0x21,0x68,0x31,0xA3,0x10,0x00,0x00,
	0x00,0x00,0x00,0x00,0xC4,0x18,0xC9,0x39,0x48,0x21,0x27,0x21,0x48,0x29,0x28,0x21,0x48,0x29,0x48,0x29,0x48,0x29,0x47,0x29,0x46,0x29,0xE6,0x18,0x82,0x08,0x83,0x10,0x64,0x10,0x62,0x08,0x62,0x08,0x62,0x08,0x21,0x00,0x01,0x00,0xC3,0x18,0x46,0x29,0x46,0x29,0x46,0x29,0x46,0x29,0x46,0x29,0x46,0x29,0x82,0x08,0xE5,0x18,0x46,0x29,
	0x46,0x29,0x46,0x29,0xE6,0x20,0xC5,0x18,0x05,0x21,0x04,0x19,0x00,0x00,0x00,0x00,0x00,0x00,0x01,0x00,0x02,0x00,0x02,0x00,0x23,0x08,0x23,0x08,0x43,0x08,0x43,0x08,0x23,0x08,0x23,0x08,0x64,0x10,0x64,0x10,0x64,0x10,0x23,0x08,0x23,0x08,0x64,0x10,0x23,0x08,0x23,0x08,0x64,0x10,0x64,0x10,0x64,0x10,0x23,0x08,0x84,0x10,0x64,0x10,
	0x64,0x10,0x64,0x10,0x84,0x10,0x64,0x10,0x64,0x10,0x64,0x10,0x23,0x08,0x64,0x10,0x64,0x10,0x64,0x10,0x23,0x08,0x64,0x10,0x43,0x00,0x43,0x08,0x00,0x00,0x23,0x08,0x01,0x00,0x00,0x00,0x43,0x08,0x00,0x00,0x01,0x00,0x23,0x08,0x00,0x00,0x23,0x08,0x01,0x00,0x00,0x00,0x43,0x08,0x00,0x00,0x00,0x00,0x00,0x00,0x00,0x00,0x00,0x00,
	0x00,0x00,0x00,0x00,0x00,0x00,0x49,0x4A,0x10,0x7C,0x21,0x00,0x21,0x00,0x41,0x00,0x62,0x08,0x01,0x00,0x00,0x00,0x00,0x00,0xC3,0x10,0x04,0x19,0xE4,0x18,0xE3,0x18,0xA2,0x10,0x62,0x08,0x20,0x00,0xE4,0x18,0x25,0x21,0x04,0x19,0x85,0x29,0x20,0x00,0x00,0x00,0x00,0x00,0x00,0x00,0x00,0x00,0x00,0x00,0x00,0x00,0x00,0x00,0x00,0x00,
	0x00,0x00,0x00,0x00,0x00,0x00,0x00,0x00,0x00,0x00,0x00,0x00,0x00,0x00,0x00,0x00,0x00,0x00,0x00,0x00,0x00,0x00,0x00,0x00,0x00,0x00,0x00,0x00,0x00,0x00,0x00,0x00,0x00,0x00,0x62,0x08,0xE6,0x20,0xC5,0x18,0x84,0x10,0x06,0x21,0x07,0x21,0x06,0x21,0x46,0x21,0x26,0x29,0x26,0x21,0x47,0x29,0x68,0x29,0x41,0x08,0x84,0x10,0x26,0x21,
	0xE6,0x18,0xA4,0x10,0x84,0x10,0x42,0x08,0x46,0x29,0xA8,0x39,0x46,0x29,0x28,0x21,0x48,0x29,0x48,0x29,0x48,0x29,0x48,0x29,0x48,0x29,0x48,0x29,0x67,0x29,0x67,0x29,0xE6,0x20,0xE6,0x20,0xA4,0x18,0x84,0x10,0x63,0x08,0x42,0x08,0x00,0x00,0xA4,0x18,0x46,0x29,0x46,0x29,0x46,0x29,0x26,0x21,0x46,0x29,0x46,0x21,0x63,0x08,0xC5,0x18,
	0x26,0x21,0x46,0x29,0x27,0x21,0x26,0x21,0xE6,0x20,0x26,0x21,0xE4,0x18,0x00,0x00,0x00,0x00,0x00,0x00,0x01,0x00,0x01,0x00,0x02,0x08,0x23,0x08,0x43,0x08,0x43,0x08,0x43,0x08,0x64,0x10,0x64,0x10,0x43,0x08,0x64,0x10,0x43,0x08,0x64,0x10,0x64,0x10,0x43,0x08,0x64,0x10,0x64,0x10,0x43,0x08,0x43,0x08,0x43,0x08,0x43,0x08,0x64,0x10,
	0x43,0x08,0x43,0x08,0x43,0x08,0x64,0x10,0x43,0x08,0x43,0x08,0x64,0x10,0x64,0x10,0x43,0x08,0x43,0x08,0x64,0x10,0x43,0x08,0x01,0x00,0x00,0x00,0x43,0x08,0x00,0x00,0x01,0x00,0x43,0x08,0x00,0x00,0x43,0x08,0x02,0x00,0x00,0x00,0x23,0x08,0x00,0x00,0x02,0x00,0x23,0x08,0x00,0x00,0x02,0x08,0x00,0x00,0x00,0x00,0x00,0x00,0x00,0x00,
	0x00,0x00,0x00,0x00,0x00,0x00,0x20,0x00,0x41,0x08,0x01,0x00,0x21,0x00,0x21,0x00,0x62,0x08,0x41,0x00,0x00,0x00,0x81,0x08,0x25,0x21,0x44,0x21,0x23,0x19,0xE3,0x18,0xC2,0x10,0x20,0x00,0xA3,0x10,0x05,0x19,0x04,0x19,0x88,0x31,0x40,0x08,0x00,0x00,0x00,0x00,0x00,0x00,0x00,0x00,0x00,0x00,0x00,0x00,0x00,0x00,0x00,0x00,0x00,0x00,
	0x00,0x00,0x00,0x00,0x00,0x00,0x00,0x00,0x00,0x00,0x00,0x00,0x00,0x00,0x00,0x00,0x00,0x00,0x00,0x00,0x00,0x00,0x00,0x00,0x00,0x00,0x00,0x00,0x00,0x00,0x00,0x00,0x62,0x08,0xE6,0x20,0xE6,0x18,0x84,0x10,0x06,0x21,0x07,0x21,0x06,0x21,0x26,0x21,0x06,0x21,0x06,0x21,0x46,0x29,0xA8,0x39,0x41,0x00,0xA4,0x10,0xA4,0x18,0xC4,0x18,
	0xC5,0x18,0xC5,0x18,0x84,0x10,0xE5,0x20,0x83,0x10,0x41,0x08,0x46,0x29,0xC9,0x39,0x48,0x29,0x28,0x31,0x48,0x29,0x68,0x29,0x68,0x29,0x48,0x29,0x68,0x29,0x47,0x29,0x48,0x29,0x26,0x21,0xE6,0x20,0xC5,0x18,0xC4,0x10,0x63,0x08,0x42,0x08,0x00,0x00,0xC5,0x18,0x67,0x29,0x26,0x29,0x27,0x21,0x46,0x29,0x47,0x29,0x27,0x29,0x82,0x08,
	0x06,0x19,0x46,0x29,0x66,0x21,0x26,0x21,0x26,0x21,0xC5,0x18,0x06,0x21,0xE4,0x18,0x00,0x00,0x00,0x00,0x00,0x00,0x01,0x00,0x01,0x00,0x23,0x08,0x23,0x08,0x43,0x08,0x43,0x08,0x43,0x08,0x64,0x10,0x64,0x10,0x64,0x10,0x64,0x10,0x43,0x08,0x64,0x10,0x43,0x08,0x43,0x08,0x64,0x10,0x64,0x10,0x43,0x08,0x64,0x10,0x64,0x10,0x43,0x08,
	0x43,0x08,0x43,0x08,0x64,0x10,0x43,0x08,0x43,0x08,0x43,0x08,0x43,0x08,0x43,0x08,0x64,0x10,0x64,0x10,0x64,0x10,0x43,0x08,0x02,0x00,0x42,0x08,0x00,0x00,0x02,0x00,0x02,0x00,0x01,0x00,0x22,0x08,0x00,0x00,0x01,0x00,0x42,0x08,0x00,0x00,0x02,0x00,0x01,0x00,0x00,0x00,0x22,0x08,0x00,0x00,0x00,0x00,0x00,0x00,0x00,0x00,0x00,0x00,
	0x00,0x00,0x00,0x00,0x00,0x00,0x00,0x00,0x01,0x00,0x01,0x00,0x21,0x00,0x62,0x08,0x63,0x08,0x00,0x00,0x00,0x00,0x85,0x31,0x64,0x29,0x45,0x21,0x44,0x21,0xE4,0x18,0x62,0x08,0x41,0x08,0x65,0x21,0x04,0x19,0xA7,0x29,0x21,0x00,0x00,0x00,0x00,0x00,0x00,0x00,0x00,0x00,0x00,0x00,0x00,0x00,0x00,0x00,0x00,0x00,0x00,0x00,0x00,0x00,
	0x00,0x00,0x00,0x00,0x00,0x00,0x00,0x00,0x00,0x00,0x00,0x00,0x00,0x00,0x00,0x00,0x00,0x00,0x00,0x00,0x00,0x00,0x00,0x00,0x00,0x00,0x00,0x00,0x00,0x00,0x62,0x08,0x07,0x21,0xA5,0x18,0x64,0x10,0x07,0x21,0x06,0x21,0xE6,0x20,0xE6,0x20,0xE6,0x20,0x27,0x29,0xE6,0x20,0x88,0x39,0x21,0x00,0xA3,0x10,0xE6,0x20,0x07,0x19,0x40,0x08,
	0x00,0x00,0x62,0x08,0xC5,0x18,0xA4,0x18,0xC5,0x18,0x27,0x21,0x63,0x10,0x01,0x00,0x83,0x10,0x27,0x39,0xAA,0x51,0xA9,0x31,0x89,0x29,0x68,0x29,0x48,0x29,0x48,0x29,0x48,0x29,0x27,0x21,0x26,0x21,0xE5,0x20,0xC5,0x18,0xC4,0x10,0x62,0x08,0x41,0x00,0x00,0x00,0xE5,0x20,0xE6,0x20,0x26,0x21,0x46,0x21,0x46,0x29,0x46,0x29,0x26,0x21,
	0x63,0x08,0xE5,0x18,0x27,0x21,0x26,0x29,0x46,0x29,0xE6,0x20,0xE6,0x20,0x26,0x21,0xA4,0x10,0x00,0x00,0x00,0x00,0x01,0x00,0x01,0x00,0x22,0x08,0x23,0x08,0x43,0x08,0x43,0x08,0x43,0x08,0x43,0x08,0x43,0x08,0x64,0x10,0x43,0x08,0x43,0x08,0x64,0x10,0x43,0x08,0x43,0x08,0x43,0x08,0x43,0x08,0x64,0x10,0x43,0x08,0x64,0x10,0x64,0x10,
	0x23,0x08,0x64,0x10,0x64,0x10,0x64,0x10,0x23,0x08,0x64,0x10,0x43,0x08,0x43,0x08,0x43,0x08,0x64,0x10,0x43,0x08,0x43,0x08,0x23,0x08,0x43,0x08,0x00,0x00,0x43,0x08,0x23,0x08,0x02,0x00,0x64,0x10,0x01,0x00,0x43,0x08,0x43,0x08,0x01,0x00,0x43,0x08,0x23,0x08,0x02,0x00,0x64,0x10,0x02,0x00,0x02,0x00,0x00,0x00,0x00,0x00,0x00,0x00,
	0x00,0x00,0x00,0x00,0x00,0x00,0x01,0x00,0x01,0x00,0x42,0x00,0x41,0x00,0x42,0x08,0x42,0x08,0x00,0x00,0xA2,0x08,0x09,0x4A,0x09,0x4A,0x66,0x29,0x65,0x29,0xC3,0x10,0x20,0x00,0xE4,0x18,0xE4,0x18,0x87,0x29,0x05,0x19,0x00,0x00,0x00,0x00,0x00,0x00,0x00,0x00,0x00,0x00,0x00,0x00,0x00,0x00,0x00,0x00,0x00,0x00,0x00,0x00,0x00,0x00,
	0x00,0x00,0x00,0x00,0x00,0x00,0x00,0x00,0x00,0x00,0x00,0x00,0x00,0x00,0x00,0x00,0x00,0x00,0x00,0x00,0x00,0x00,0x00,0x00,0x00,0x00,0x00,0x00,0x62,0x08,0xE6,0x20,0xA5,0x18,0x64,0x10,0xE6,0x20,0x07,0x21,0xE6,0x20,0xE6,0x20,0x46,0x29,0x06,0x21,0x26,0x21,0x89,0x29,0x41,0x00,0xA5,0x18,0xE4,0x18,0xA4,0x10,0xE5,0x18,0x00,0x00,
	0x00,0x00,0x00,0x00,0x47,0x21,0xE6,0x18,0xA4,0x18,0x07,0x21,0x27,0x21,0xE6,0x20,0x84,0x10,0x22,0x08,0x22,0x08,0x42,0x08,0xA5,0x18,0x47,0x29,0x89,0x29,0xA9,0x39,0xC9,0x41,0xC9,0x41,0xE9,0x41,0xC8,0x39,0xA8,0x39,0x67,0x29,0x45,0x21,0xC5,0x18,0x84,0x10,0x62,0x00,0x26,0x21,0x46,0x29,0x46,0x29,0x27,0x21,0x27,0x21,0x46,0x29,
	0x66,0x29,0x62,0x08,0x25,0x21,0x27,0x29,0x46,0x29,0x66,0x29,0x66,0x29,0xE6,0x20,0xE6,0x20,0x62,0x08,0x00,0x00,0x00,0x00,0x00,0x00,0x01,0x00,0x43,0x08,0x43,0x08,0x23,0x08,0x23,0x08,0x23,0x08,0x23,0x08,0x43,0x08,0x43,0x08,0x43,0x08,0x43,0x08,0x64,0x10,0x23,0x08,0x23,0x08,0x43,0x08,0x43,0x08,0x43,0x08,0x43,0x08,0x43,0x08,
	0x43,0x08,0x43,0x08,0x43,0x08,0x43,0x08,0x43,0x08,0x43,0x08,0x23,0x08,0x23,0x08,0x43,0x08,0x43,0x08,0x43,0x08,0x64,0x10,0x64,0x10,0x64,0x10,0x43,0x08,0x64,0x10,0x23,0x08,0x84,0x10,0x43,0x08,0x43,0x08,0x23,0x08,0x23,0x08,0x84,0x10,0x64,0x10,0x43,0x08,0x23,0x08,0x23,0x08,0x43,0x08,0x02,0x00,0x01,0x00,0x00,0x00,0x00,0x00,
	0x00,0x00,0x00,0x00,0x00,0x00,0x00,0x00,0x41,0x00,0x21,0x00,0x01,0x00,0x62,0x08,0x00,0x00,0x00,0x00,0x07,0x4A,0x49,0x4A,0x08,0x4A,0x09,0x4A,0x66,0x29,0x03,0x19,0x82,0x10,0x65,0x21,0x04,0x19,0xA6,0x31,0x00,0x00,0x00,0x00,0x00,0x00,0x00,0x00,0x00,0x00,0x00,0x00,0x00,0x00,0x00,0x00,0x00,0x00,0x00,0x00,0x00,0x00,0x00,0x00,
	0x00,0x00,0x00,0x00,0x00,0x00,0x00,0x00,0x00,0x00,0x21,0x00,0x83,0x10,0x83,0x10,0x83,0x10,0x63,0x10,0x83,0x10,0x63,0x08,0x63,0x08,0x64,0x10,0xE6,0x20,0xE6,0x18,0xA5,0x18,0xC5,0x18,0x06,0x21,0xE6,0x20,0x06,0x21,0x26,0x21,0x06,0x21,0x27,0x21,0x47,0x29,0x01,0x00,0x64,0x10,0xC5,0x18,0x06,0x21,0xC5,0x18,0x84,0x10,0xA5,0x18,
	0x42,0x08,0x64,0x10,0xA5,0x18,0x28,0x21,0x06,0x21,0x84,0x10,0xE6,0x20,0x27,0x21,0xA5,0x18,0xA4,0x18,0xE6,0x38,0xE5,0x20,0xA4,0x18,0x84,0x10,0xC5,0x18,0x83,0x08,0x42,0x08,0x42,0x08,0xC4,0x10,0x62,0x08,0x42,0x08,0xA4,0x10,0x83,0x10,0x21,0x00,0x22,0x00,0x22,0x00,0x00,0x00,0x25,0x21,0x46,0x29,0x26,0x29,0x46,0x29,0x06,0x21,
	0x46,0x29,0x06,0x21,0x63,0x08,0x06,0x21,0x26,0x21,0x46,0x29,0x46,0x29,0x46,0x29,0xE5,0x18,0x84,0x10,0x00,0x00,0x00,0x00,0x00,0x00,0x20,0x00,0x20,0x00,0x20,0x00,0x20,0x00,0x20,0x00,0x20,0x00,0x20,0x00,0x20,0x00,0x20,0x00,0x20,0x00,0x20,0x00,0x20,0x00,0x20,0x00,0x20,0x00,0x20,0x00,0x20,0x00,0x20,0x00,0x20,0x00,0x20,0x00,
	0x20,0x00,0x20,0x00,0x20,0x00,0x20,0x00,0x20,0x00,0x21,0x00,0x21,0x00,0x21,0x00,0x21,0x00,0x21,0x00,0x20,0x00,0x20,0x00,0x20,0x00,0x20,0x00,0x20,0x00,0x20,0x00,0x20,0x00,0x20,0x00,0x20,0x00,0x20,0x00,0x20,0x00,0x20,0x00,0x20,0x00,0x00,0x00,0x00,0x00,0x00,0x00,0x00,0x00,0x00,0x00,0x00,0x00,0x00,0x00,0x00,0x00,0x00,0x00,
	0x00,0x00,0x00,0x00,0x00,0x00,0x00,0x00,0x41,0x00,0x21,0x00,0x01,0x00,0x21,0x00,0x00,0x00,0x21,0x00,0x69,0x4A,0x49,0x4A,0x09,0x4A,0x09,0x4A,0x86,0x31,0x41,0x00,0x24,0x21,0xE4,0x18,0xA5,0x29,0x62,0x08,0x00,0x00,0x00,0x00,0x00,0x00,0x00,0x00,0x00,0x00,0x00,0x00,0x00,0x00,0x00,0x00,0x00,0x00,0x00,0x00,0x00,0x00,0x00,0x00,
	0x00,0x00,0x00,0x00,0x01,0x00,0xA3,0x10,0xC5,0x18,0xE6,0x20,0x84,0x10,0x84,0x10,0x84,0x10,0xA4,0x18,0x84,0x10,0xA5,0x18,0xC6,0x18,0x07,0x21,0xE6,0x20,0x07,0x21,0x06,0x21,0x27,0x21,0x07,0x21,0x06,0x21,0x26,0x21,0x07,0x21,0x27,0x21,0x27,0x21,0x41,0x00,0xA5,0x18,0xE6,0x18,0xA4,0x18,0xC5,0x18,0x27,0x21,0xC5,0x18,0xA4,0x18,
	0x27,0x21,0x27,0x21,0xA4,0x18,0xA5,0x18,0x48,0x29,0xC5,0x18,0x84,0x10,0x06,0x21,0x27,0x21,0xC4,0x18,0xA5,0x18,0xC6,0x40,0xE6,0x20,0xC5,0x18,0x06,0x21,0x47,0x29,0xE5,0x18,0xA4,0x18,0x26,0x21,0x07,0x21,0xA4,0x18,0xE5,0x18,0x26,0x29,0xA4,0x18,0x84,0x10,0xA4,0x18,0x83,0x10,0x21,0x00,0xE5,0x18,0x46,0x29,0x26,0x21,0x46,0x21,
	0x26,0x21,0x46,0x29,0x45,0x21,0x83,0x10,0xE5,0x18,0x46,0x29,0x46,0x29,0x46,0x29,0x06,0x21,0x64,0x10,0x21,0x00,0x00,0x00,0x41,0x00,0x61,0x08,0x61,0x08,0x61,0x08,0x61,0x08,0x61,0x08,0x61,0x08,0x61,0x08,0x61,0x08,0x61,0x08,0x61,0x08,0x61,0x08,0xA2,0x10,0xC6,0x31,0x69,0x4A,0xA2,0x10,0x81,0x08,0xA2,0x10,0x89,0x4A,0x04,0x21,
	0x61,0x08,0x61,0x08,0x61,0x08,0x61,0x08,0x61,0x08,0x61,0x08,0x61,0x08,0xA2,0x10,0x69,0x4A,0xCA,0x52,0xA2,0x10,0x61,0x08,0xEB,0x5A,0xEB,0x5A,0xEB,0x5A,0x81,0x08,0x61,0x08,0x61,0x08,0x61,0x08,0x61,0x08,0x61,0x08,0x61,0x08,0x61,0x08,0x41,0x08,0x41,0x08,0x41,0x08,0x41,0x08,0x40,0x00,0x20,0x00,0x20,0x00,0x00,0x00,0x00,0x00,
	0x00,0x00,0x00,0x00,0x00,0x00,0x01,0x00,0x01,0x00,0x22,0x00,0x02,0x00,0x41,0x00,0x00,0x00,0x25,0x21,0x08,0x4A,0x09,0x4A,0x09,0x4A,0x09,0x4A,0x44,0x21,0x62,0x08,0x05,0x21,0x45,0x19,0xA5,0x29,0x00,0x00,0x00,0x00,0x00,0x00,0x00,0x00,0x00,0x00,0x00,0x00,0x00,0x00,0x00,0x00,0x00,0x00,0x00,0x00,0x00,0x00,0x00,0x00,0x00,0x00,
	0x00,0x00,0x43,0x08,0xE6,0x18,0xA5,0x18,0x64,0x10,0xC4,0x10,0xC6,0x18,0xC5,0x18,0xE6,0x20,0xE6,0x20,0xE6,0x18,0xC5,0x18,0xC4,0x10,0xA4,0x18,0xE6,0x20,0x07,0x21,0x06,0x21,0x26,0x21,0x46,0x29,0x06,0x21,0x06,0x21,0xE6,0x20,0x46,0x21,0x83,0x10,0x62,0x08,0xA5,0x18,0x06,0x21,0xE5,0x18,0x64,0x10,0xE5,0x18,0x27,0x21,0xE5,0x18,
	0xA5,0x18,0x27,0x21,0x27,0x21,0x84,0x10,0xC5,0x18,0x68,0x29,0xC5,0x18,0x84,0x10,0x27,0x21,0x27,0x21,0xC5,0x18,0xA5,0x18,0xA5,0x38,0xE6,0x20,0xA5,0x18,0x06,0x21,0x89,0x29,0xC5,0x18,0xA4,0x18,0x46,0x29,0x27,0x21,0xA4,0x18,0xE6,0x20,0x47,0x29,0x84,0x10,0x84,0x10,0xE4,0x18,0xA3,0x10,0x01,0x00,0x07,0x21,0x46,0x29,0x46,0x29,
	0x26,0x21,0x47,0x29,0xE6,0x20,0x25,0x21,0x82,0x08,0x26,0x21,0x46,0x29,0x46,0x29,0x06,0x21,0xA4,0x18,0x41,0x00,0x01,0x00,0x61,0x08,0x61,0x08,0x61,0x08,0x61,0x08,0x61,0x08,0x61,0x08,0x61,0x08,0x61,0x08,0x61,0x08,0x61,0x08,0x61,0x08,0x61,0x08,0x03,0x19,0xEF,0x7B,0x8E,0x73,0xA2,0x10,0x81,0x08,0xA2,0x10,0x30,0x84,0xA2,0x10,
	0x61,0x08,0x61,0x08,0x61,0x08,0x61,0x08,0x61,0x08,0x61,0x08,0x61,0x08,0xE7,0x39,0xAA,0x52,0x08,0x42,0x2C,0x63,0x61,0x08,0xEF,0x7B,0xE3,0x18,0x10,0x84,0x81,0x08,0x61,0x08,0x61,0x08,0x61,0x08,0x61,0x08,0x61,0x08,0x61,0x08,0x61,0x08,0x41,0x08,0x41,0x08,0x41,0x08,0x41,0x08,0x40,0x00,0x40,0x00,0x20,0x00,0x20,0x00,0x00,0x00,
	0x00,0x00,0x00,0x00,0x01,0x00,0x01,0x00,0x02,0x00,0x22,0x00,0x01,0x00,0x00,0x00,0x00,0x00,0x45,0x21,0x66,0x29,0xC7,0x41,0xE7,0x41,0xC5,0x29,0x41,0x08,0x04,0x19,0xE4,0x18,0x66,0x29,0xA1,0x10,0x00,0x00,0x00,0x00,0x00,0x00,0x00,0x00,0x00,0x00,0x00,0x00,0x00,0x00,0x00,0x00,0x00,0x00,0x00,0x00,0x00,0x00,0x00,0x00,0x20,0x00,
	0xC5,0x18,0xC5,0x18,0x64,0x10,0x84,0x10,0x07,0x21,0xE6,0x20,0xE6,0x20,0x07,0x19,0xE6,0x20,0x28,0x21,0x28,0x21,0x07,0x21,0xE6,0x20,0xE6,0x20,0xA5,0x18,0x84,0x10,0x05,0x21,0xE6,0x20,0xE6,0x20,0x06,0x21,0x27,0x21,0xE6,0x20,0x27,0x21,0x21,0x00,0xE6,0x20,0xA5,0x18,0xC4,0x18,0xE6,0x20,0xE6,0x20,0x84,0x10,0xE6,0x20,0x27,0x29,
	0x84,0x10,0xA4,0x18,0x27,0x21,0x27,0x21,0xA4,0x18,0xC5,0x18,0x47,0x29,0xC5,0x18,0xC4,0x18,0x27,0x21,0x27,0x21,0xC5,0x18,0xA4,0x18,0x07,0x39,0x07,0x21,0xC4,0x18,0x07,0x21,0x48,0x29,0xA5,0x18,0xC5,0x18,0x47,0x29,0x28,0x21,0xE4,0x18,0x05,0x21,0xE6,0x20,0xA4,0x18,0x64,0x10,0xC4,0x10,0x64,0x10,0x00,0x00,0xE5,0x18,0x27,0x21,
	0x46,0x29,0x67,0x29,0x67,0x29,0x46,0x29,0x06,0x21,0x62,0x08,0x46,0x21,0x46,0x29,0x06,0x21,0xA4,0x18,0x21,0x00,0x00,0x00,0x61,0x08,0x61,0x08,0x61,0x08,0x61,0x08,0x61,0x08,0x61,0x08,0x61,0x08,0x61,0x08,0x61,0x08,0x61,0x08,0x61,0x08,0x61,0x08,0xA2,0x10,0xA2,0x10,0x8E,0x73,0xA2,0x10,0x81,0x08,0xEB,0x5A,0x8A,0x52,0xC2,0x10,
	0x61,0x08,0x61,0x08,0xC2,0x10,0x50,0x84,0x50,0x84,0xC2,0x10,0x61,0x08,0x07,0x3A,0xE7,0x39,0xA2,0x10,0x8E,0x73,0x61,0x08,0xA2,0x10,0x69,0x4A,0x8A,0x52,0x81,0x08,0x61,0x08,0x61,0x08,0x61,0x08,0x61,0x08,0x61,0x08,0x61,0x08,0x61,0x08,0x41,0x08,0x41,0x08,0x41,0x08,0x41,0x08,0x40,0x00,0x40,0x00,0x20,0x00,0x20,0x00,0x00,0x00,
	0x00,0x00,0x00,0x00,0x00,0x00,0x01,0x00,0x01,0x00,0x01,0x00,0x01,0x00,0x00,0x00,0x00,0x00,0x65,0x29,0xA5,0x29,0xC5,0x31,0x66,0x29,0x25,0x21,0x61,0x08,0x24,0x21,0xE4,0x18,0x05,0x3A,0x00,0x00,0x00,0x00,0x00,0x00,0x00,0x00,0x00,0x00,0x00,0x00,0x00,0x00,0x00,0x00,0x00,0x00,0x00,0x00,0x00,0x00,0x00,0x00,0x00,0x00,0xE5,0x18,
	0xC5,0x18,0x64,0x10,0xE4,0x18,0xE6,0x20,0xE6,0x20,0xC7,0x18,0xE6,0x18,0xE6,0x18,0x06,0x21,0xE6,0x20,0xE6,0x20,0xE7,0x18,0xE6,0x20,0xE6,0x20,0x07,0x21,0xE6,0x18,0x84,0x10,0x07,0x21,0x06,0x21,0xE6,0x20,0x26,0x21,0x06,0x21,0x27,0x21,0x62,0x08,0xC5,0x18,0x26,0x21,0xA4,0x18,0xC4,0x18,0x27,0x21,0xE6,0x20,0x84,0x10,0xE6,0x18,
	0x47,0x29,0xA4,0x18,0x84,0x10,0x07,0x21,0x06,0x21,0xA5,0x18,0xE6,0x20,0x47,0x29,0xC5,0x18,0xA4,0x18,0xE6,0x20,0x27,0x21,0xC5,0x18,0xC5,0x18,0x46,0x29,0xE6,0x20,0xA5,0x18,0x07,0x21,0x47,0x29,0xC5,0x18,0xC5,0x18,0x47,0x29,0x07,0x19,0xE4,0x18,0x05,0x21,0x46,0x29,0x84,0x10,0x64,0x10,0xA4,0x10,0xA3,0x10,0x21,0x00,0x46,0x21,
	0x27,0x21,0x27,0x21,0x46,0x29,0x46,0x21,0x26,0x21,0x62,0x08,0xE6,0x20,0x46,0x29,0x27,0x21,0xA4,0x10,0x42,0x00,0x00,0x00,0x61,0x08,0x61,0x08,0x61,0x08,0x61,0x08,0x61,0x08,0x61,0x08,0x61,0x08,0x61,0x08,0x61,0x08,0x61,0x08,0x61,0x08,0x61,0x08,0xA2,0x10,0xA2,0x10,0x8E,0x73,0xA2,0x10,0x81,0x08,0x50,0x84,0x48,0x42,0xCE,0x73,
	0x61,0x08,0x61,0x08,0x61,0x08,0x61,0x08,0x61,0x08,0x61,0x08,0x61,0x08,0x07,0x3A,0xE7,0x39,0xA2,0x10,0x8E,0x73,0x61,0x08,0xA2,0x10,0x0F,0x7C,0xA2,0x10,0x81,0x08,0x61,0x08,0x61,0x08,0x61,0x08,0x61,0x08,0x61,0x08,0x61,0x08,0x61,0x08,0x41,0x08,0x41,0x08,0x41,0x08,0x41,0x08,0x41,0x08,0x40,0x00,0x20,0x00,0x20,0x00,0x00,0x00,
	0x00,0x00,0x00,0x00,0x01,0x00,0x01,0x00,0x02,0x00,0x01,0x00,0x01,0x00,0x00,0x00,0x61,0x08,0x04,0x19,0x24,0x19,0x04,0x19,0x24,0x19,0x82,0x08,0x62,0x08,0x45,0x21,0x45,0x21,0x25,0x21,0x00,0x00,0x00,0x00,0x00,0x00,0x00,0x00,0x00,0x00,0x00,0x00,0x00,0x00,0x00,0x00,0x00,0x00,0x00,0x00,0x00,0x00,0x00,0x08,0xA5,0x18,0xE6,0x20,
	0x84,0x10,0xE5,0x20,0x07,0x21,0x07,0x21,0xE6,0x20,0xE6,0x20,0xE6,0x20,0xE6,0x20,0xE6,0x20,0x06,0x21,0x07,0x21,0xE6,0x18,0x26,0x21,0x07,0x21,0x07,0x21,0x07,0x21,0xE6,0x20,0x84,0x10,0x06,0x21,0x06,0x21,0x27,0x21,0x06,0x21,0x06,0x21,0x83,0x10,0x84,0x10,0xC5,0x18,0x07,0x21,0xA5,0x18,0xA5,0x18,0x27,0x21,0xC5,0x18,0xA4,0x10,
	0xE6,0x20,0x27,0x21,0xC5,0x18,0xA4,0x18,0x27,0x21,0xE6,0x20,0xC4,0x18,0xC5,0x18,0x48,0x29,0xE6,0x20,0xA4,0x18,0x06,0x21,0x28,0x21,0xC5,0x18,0xA4,0x18,0x05,0x29,0xE6,0x20,0xA5,0x18,0x06,0x21,0x27,0x21,0xA5,0x18,0xC4,0x18,0x26,0x21,0xC5,0x18,0xA4,0x10,0xC5,0x18,0x07,0x21,0x84,0x10,0x64,0x10,0x64,0x10,0x43,0x08,0x21,0x00,
	0x26,0x21,0x46,0x29,0x46,0x29,0x26,0x21,0x46,0x29,0x62,0x08,0xE6,0x20,0x46,0x29,0x06,0x21,0xA4,0x18,0x01,0x00,0x00,0x00,0x61,0x08,0x61,0x08,0x61,0x08,0x61,0x08,0x61,0x08,0x61,0x08,0x61,0x08,0x61,0x08,0x61,0x08,0x61,0x08,0x61,0x08,0x61,0x08,0xA2,0x10,0xA2,0x10,0x8E,0x73,0xA2,0x10,0x81,0x08,0x30,0x84,0xA2,0x10,0x30,0x84,
	0x61,0x08,0x61,0x08,0x61,0x08,0x61,0x08,0x61,0x08,0x61,0x08,0x61,0x08,0xE7,0x39,0xE7,0x39,0x03,0x19,0x6D,0x6B,0x61,0x08,0xE3,0x18,0x30,0x84,0xA2,0x10,0x81,0x08,0x61,0x08,0x61,0x08,0x61,0x08,0x61,0x08,0x61,0x08,0x61,0x08,0x61,0x08,0x41,0x08,0x41,0x08,0x41,0x08,0x41,0x08,0x41,0x08,0x40,0x00,0x20,0x00,0x20,0x00,0x00,0x00,
	0x00,0x00,0x00,0x00,0x00,0x00,0x01,0x00,0x02,0x00,0x01,0x00,0x00,0x00,0x00,0x00,0x81,0x08,0xE3,0x18,0xE4,0x18,0xE3,0x18,0xE2,0x18,0x62,0x08,0x44,0x21,0x25,0x21,0xC7,0x39,0x82,0x08,0x00,0x00,0x00,0x00,0x00,0x00,0x00,0x00,0x00,0x00,0x00,0x00,0x00,0x00,0x00,0x00,0x00,0x00,0x00,0x00,0x00,0x00,0x43,0x08,0xE6,0x20,0x84,0x10,
	0xC5,0x18,0xE6,0x20,0x07,0x21,0xC6,0x18,0x07,0x21,0xE6,0x20,0xC7,0x18,0x07,0x21,0xC6,0x18,0xE6,0x20,0x07,0x21,0xC7,0x18,0x07,0x21,0x07,0x21,0xE6,0x20,0x07,0x21,0xE6,0x20,0xE5,0x20,0x84,0x10,0xE6,0x20,0x06,0x21,0x46,0x29,0x26,0x21,0x63,0x10,0xC5,0x18,0xC4,0x10,0xE6,0x20,0x07,0x21,0xA4,0x18,0xC5,0x18,0x48,0x29,0xC5,0x18,
	0x84,0x10,0xE6,0x20,0x27,0x21,0xC5,0x18,0xC5,0x18,0x27,0x21,0xE6,0x20,0x84,0x10,0xC5,0x18,0x48,0x21,0xE5,0x18,0xA4,0x18,0x07,0x21,0x27,0x21,0xC5,0x18,0xA4,0x18,0x05,0x29,0xE6,0x20,0xC5,0x18,0x06,0x21,0x27,0x21,0xC5,0x18,0xA5,0x18,0xE6,0x20,0x84,0x10,0x64,0x10,0xE6,0x20,0xE6,0x20,0x84,0x10,0x62,0x08,0x64,0x10,0x22,0x08,
	0x21,0x00,0x27,0x21,0xE6,0x20,0x06,0x21,0x06,0x21,0x62,0x08,0x27,0x21,0x46,0x29,0x06,0x21,0xA4,0x18,0x42,0x00,0x01,0x00,0x61,0x08,0x61,0x08,0x61,0x08,0x61,0x08,0x61,0x08,0x61,0x08,0x61,0x08,0x61,0x08,0x61,0x08,0x61,0x08,0x61,0x08,0x61,0x08,0xA2,0x10,0xA2,0x10,0x8E,0x73,0xA2,0x10,0x81,0x08,0x6D,0x6B,0x30,0x84,0x69,0x4A,
	0x61,0x08,0x61,0x08,0x61,0x08,0x61,0x08,0x61,0x08,0x61,0x08,0x61,0x08,0xE3,0x18,0x0F,0x7C,0x50,0x84,0xC3,0x18,0x61,0x08,0x89,0x4A,0xE7,0x39,0xA2,0x10,0x81,0x08,0x61,0x08,0x61,0x08,0x61,0x08,0x61,0x08,0x61,0x08,0x61,0x08,0x61,0x08,0x61,0x08,0x41,0x08,0x41,0x08,0x41,0x08,0x41,0x08,0x40,0x00,0x40,0x00,0x20,0x00,0x00,0x00,
	0x00,0x00,0x00,0x00,0x00,0x00,0x01,0x00,0x01,0x00,0x00,0x00,0x00,0x00,0x00,0x00,0x61,0x08,0x62,0x08,0x62,0x08,0xA2,0x10,0x62,0x08,0x60,0x08,0x84,0x29,0xE4,0x18,0xE6,0x41,0x20,0x00,0x00,0x00,0x00,0x00,0x00,0x00,0x00,0x00,0x00,0x00,0x00,0x00,0x00,0x00,0x00,0x00,0x00,0x00,0x00,0x00,0x00,0x00,0xC5,0x18,0xE5,0x18,0xA5,0x18,
	0x06,0x21,0xE6,0x20,0xE6,0x20,0xC6,0x18,0x07,0x21,0x26,0x21,0xE6,0x20,0xC6,0x18,0xE6,0x18,0x07,0x19,0x07,0x19,0x06,0x21,0x06,0x21,0x07,0x21,0xA5,0x18,0x26,0x21,0x06,0x21,0xE6,0x20,0xA5,0x18,0xC5,0x18,0x46,0x21,0x47,0x29,0xE6,0x20,0x62,0x08,0xE6,0x20,0xE6,0x20,0xA4,0x18,0x06,0x21,0x26,0x21,0xA4,0x18,0xC5,0x18,0x47,0x29,
	0xE6,0x20,0xC5,0x18,0x27,0x21,0xE6,0x20,0x84,0x10,0xC5,0x18,0x47,0x29,0xE6,0x20,0xC4,0x18,0xC5,0x18,0x47,0x29,0xC5,0x18,0xC4,0x18,0x27,0x21,0x48,0x21,0xC5,0x18,0xA4,0x18,0x25,0x21,0xE6,0x20,0xC5,0x18,0xE6,0x18,0x48,0x29,0xA5,0x18,0xA5,0x18,0xE6,0x20,0xA4,0x18,0x64,0x10,0xE5,0x18,0xE6,0x20,0xA4,0x18,0x63,0x08,0x63,0x08,
	0x00,0x00,0xE6,0x18,0x46,0x29,0x66,0x29,0x06,0x21,0x62,0x08,0xE6,0x20,0x26,0x21,0x06,0x21,0xA5,0x18,0x42,0x08,0x00,0x00,0x61,0x08,0x61,0x08,0x61,0x08,0x61,0x08,0x61,0x08,0x61,0x08,0x61,0x08,0x61,0x08,0x61,0x08,0x61,0x08,0x61,0x08,0x61,0x08,0x61,0x08,0x61,0x08,0x61,0x08,0x61,0x08,0x61,0x08,0x61,0x08,0x61,0x08,0x61,0x08,
	0x61,0x08,0x61,0x08,0x61,0x08,0x61,0x08,0x61,0x08,0x61,0x08,0x61,0x08,0x61,0x08,0x61,0x08,0x61,0x08,0x61,0x08,0x61,0x08,0x61,0x08,0x61,0x08,0x61,0x08,0x61,0x08,0x61,0x08,0x61,0x08,0x61,0x08,0x61,0x08,0x61,0x08,0x61,0x08,0x61,0x08,0x61,0x08,0x41,0x08,0x41,0x08,0x41,0x08,0x41,0x08,0x40,0x00,0x40,0x00,0x20,0x00,0x00,0x00,
	0x00,0x00,0x00,0x00,0x00,0x00,0x00,0x00,0x00,0x00,0x00,0x00,0x00,0x00,0x00,0x00,0x41,0x00,0x61,0x08,0x61,0x08,0x40,0x08,0x41,0x00,0x41,0x00,0x65,0x29,0x04,0x19,0xA6,0x31,0x00,0x00,0x00,0x00,0x00,0x00,0x00,0x00,0x00,0x00,0x00,0x00,0x00,0x00,0x00,0x00,0x00,0x00,0x00,0x00,0x00,0x00,0x63,0x08,0xE6,0x20,0xA4,0x10,0xE6,0x20,
	0x06,0x21,0xE6,0x20,0x27,0x21,0xE6,0x20,0x07,0x21,0x07,0x19,0x07,0x21,0xE6,0x18,0xE6,0x20,0xE6,0x18,0xE6,0x18,0x07,0x19,0xE7,0x18,0xE6,0x20,0x07,0x21,0x07,0x21,0x06,0x21,0x06,0x21,0x06,0x21,0xA4,0x18,0x26,0x21,0x47,0x29,0x06,0x21,0x62,0x08,0xA5,0x18,0x06,0x21,0xC5,0x18,0xA4,0x18,0x26,0x21,0x06,0x21,0xA4,0x18,0xC5,0x18,
	0x27,0x21,0xC4,0x18,0xA4,0x18,0x27,0x21,0x06,0x21,0x84,0x10,0xC5,0x18,0x28,0x21,0x06,0x21,0x84,0x10,0xC5,0x18,0x28,0x21,0xE5,0x18,0xA4,0x18,0xE6,0x20,0x28,0x21,0xC5,0x18,0xA4,0x18,0x05,0x21,0xE6,0x20,0xC5,0x18,0xC5,0x18,0x27,0x21,0xA5,0x18,0xA4,0x18,0xE6,0x20,0x64,0x10,0xA4,0x18,0xA5,0x18,0xE6,0x20,0x63,0x08,0x21,0x00,
	0x00,0x00,0xE5,0x18,0x06,0x21,0x46,0x29,0x07,0x21,0x62,0x08,0xE6,0x20,0x46,0x29,0x26,0x21,0x84,0x10,0x43,0x08,0x01,0x00,0x61,0x08,0x61,0x08,0x61,0x08,0x61,0x08,0x61,0x08,0x61,0x08,0x61,0x08,0x61,0x08,0x61,0x08,0x61,0x08,0x61,0x08,0x61,0x08,0x61,0x08,0x61,0x08,0x61,0x08,0x61,0x08,0x61,0x08,0x61,0x08,0x61,0x08,0x61,0x08,
	0x61,0x08,0x61,0x08,0x61,0x08,0x61,0x08,0x61,0x08,0x61,0x08,0x61,0x08,0x61,0x08,0x61,0x08,0x61,0x08,0x61,0x08,0x61,0x08,0x61,0x08,0x61,0x08,0x61,0x08,0x61,0x08,0x61,0x08,0x61,0x08,0x61,0x08,0x61,0x08,0x61,0x08,0x61,0x08,0x61,0x08,0x61,0x08,0x41,0x08,0x41,0x08,0x41,0x08,0x41,0x08,0x40,0x00,0x40,0x00,0x20,0x00,0x00,0x00,
	0x00,0x00,0x00,0x00,0x00,0x00,0x00,0x00,0x00,0x00,0x00,0x00,0x00,0x00,0x00,0x00,0x00,0x00,0x00,0x00,0x00,0x00,0x00,0x00,0x20,0x00,0x41,0x00,0x65,0x29,0x44,0x21,0x65,0x29,0x00,0x00,0x00,0x00,0x00,0x00,0x00,0x00,0x00,0x00,0x00,0x00,0x00,0x00,0x00,0x00,0x00,0x00,0x00,0x00,0x00,0x00,0xC5,0x18,0xE6,0x20,0xC4,0x18,0xE6,0x20,
	0x06,0x21,0x07,0x21,0x06,0x21,0x07,0x21,0xE7,0x18,0xC5,0x18,0xC8,0x18,0xE7,0x18,0xE6,0x18,0x07,0x21,0xE8,0x18,0xE6,0x20,0xE6,0x18,0xE6,0x18,0xE6,0x20,0x26,0x21,0x07,0x21,0x06,0x21,0x06,0x21,0x84,0x10,0xE6,0x20,0x46,0x29,0xE6,0x20,0x83,0x08,0xA4,0x10,0xA5,0x18,0x27,0x21,0xC5,0x18,0xA4,0x18,0x27,0x21,0x27,0x29,0xA4,0x10,
	0xE6,0x18,0x27,0x21,0xA4,0x18,0xA5,0x18,0x28,0x21,0x27,0x21,0xC4,0x18,0xC5,0x18,0x28,0x21,0x27,0x21,0x84,0x10,0xC5,0x18,0x27,0x21,0xC5,0x18,0xA4,0x18,0x85,0x10,0x83,0x28,0x84,0x28,0xA4,0x10,0xA5,0x18,0xE5,0x18,0xA5,0x18,0xC4,0x18,0x26,0x21,0xA4,0x18,0xA4,0x18,0xC5,0x18,0x84,0x10,0x84,0x10,0xC4,0x18,0xC4,0x18,0x42,0x08,
	0x00,0x00,0xC5,0x18,0x47,0x29,0x46,0x29,0x06,0x21,0x42,0x00,0xE6,0x20,0x26,0x21,0x06,0x21,0xA4,0x18,0x22,0x08,0x00,0x00,0x61,0x08,0x61,0x08,0x61,0x08,0x61,0x08,0x81,0x08,0x81,0x08,0x81,0x08,0x81,0x08,0x81,0x08,0x81,0x08,0x81,0x08,0x61,0x08,0x61,0x08,0x81,0x08,0x81,0x08,0x81,0x08,0x81,0x08,0x81,0x08,0x81,0x08,0x81,0x08,
	0x61,0x08,0x61,0x08,0x61,0x08,0x61,0x08,0x61,0x08,0x61,0x08,0x61,0x08,0x81,0x08,0x81,0x08,0x81,0x08,0x81,0x08,0x81,0x08,0x81,0x08,0x81,0x08,0x61,0x08,0x61,0x08,0x81,0x08,0x81,0x08,0x81,0x08,0x81,0x08,0x81,0x08,0x81,0x08,0x81,0x08,0x61,0x08,0x41,0x08,0x41,0x08,0x41,0x08,0x41,0x08,0x40,0x00,0x40,0x00,0x20,0x00,0x00,0x00,
	0x00,0x00,0xE8,0x41,0x2D,0x6B,0xEF,0x7B,0x8D,0x6B,0x8D,0x6B,0x41,0x00,0x00,0x00,0x40,0x08,0x00,0x00,0x01,0x00,0x00,0x00,0x00,0x00,0x42,0x08,0x45,0x21,0x85,0x29,0x43,0x29,0x00,0x00,0x00,0x00,0x00,0x00,0x00,0x00,0x00,0x00,0x00,0x00,0x00,0x00,0x00,0x00,0x00,0x00,0x00,0x00,0x20,0x00,0xC5,0x18,0xA5,0x18,0xA5,0x18,0x07,0x21,
	0x07,0x21,0x07,0x21,0x07,0x19,0xE7,0x18,0xC7,0x18,0x07,0x21,0x07,0x19,0xE6,0x18,0xE6,0x18,0xE6,0x20,0x07,0x21,0xC7,0x18,0xE7,0x18,0x07,0x19,0xC7,0x18,0xE7,0x18,0xE6,0x20,0x26,0x21,0x07,0x21,0xE5,0x20,0xC5,0x18,0x26,0x21,0x26,0x21,0x82,0x08,0xC5,0x18,0xA4,0x18,0xA5,0x18,0x07,0x21,0xA5,0x18,0xA5,0x18,0xE6,0x20,0x07,0x21,
	0xA4,0x18,0xE6,0x20,0x27,0x21,0xC5,0x18,0xC5,0x18,0xE6,0x20,0x07,0x21,0xC5,0x18,0xC5,0x18,0x27,0x21,0xE6,0x20,0xA4,0x18,0xC5,0x18,0x46,0x21,0xC3,0x18,0x02,0xA8,0x02,0xB8,0x02,0xB0,0x02,0xB0,0x42,0x18,0xA5,0x18,0xE6,0x20,0xA4,0x18,0xA4,0x18,0x07,0x21,0xA5,0x18,0xA4,0x18,0xC5,0x18,0xC5,0x18,0x64,0x10,0x64,0x10,0x63,0x10,
	0x00,0x00,0xC5,0x18,0x26,0x21,0x26,0x21,0xE6,0x20,0x62,0x08,0xE6,0x20,0x46,0x29,0x06,0x21,0x84,0x10,0x22,0x08,0x00,0x00,0x61,0x08,0x61,0x08,0x61,0x08,0x61,0x08,0xA2,0x10,0xA2,0x10,0xA6,0x31,0x71,0x8C,0x24,0x21,0xA2,0x10,0x81,0x08,0x61,0x08,0x61,0x08,0x69,0x4A,0x71,0x8C,0x71,0x8C,0x71,0x8C,0x71,0x8C,0x30,0x84,0xA2,0x10,
	0x61,0x08,0x61,0x08,0x61,0x08,0x61,0x08,0x61,0x08,0x61,0x08,0x61,0x08,0x4C,0x63,0x71,0x8C,0x71,0x8C,0x71,0x8C,0x71,0x8C,0x30,0x84,0xC2,0x10,0x61,0x08,0x61,0x08,0xA2,0x10,0x0F,0x7C,0x71,0x8C,0x71,0x8C,0x71,0x8C,0x71,0x8C,0x0B,0x5B,0x61,0x08,0x41,0x08,0x41,0x08,0x41,0x08,0x41,0x08,0x41,0x08,0x40,0x00,0x20,0x00,0x20,0x00,
	0x00,0x00,0x00,0x00,0x00,0x00,0x00,0x00,0x00,0x00,0x00,0x00,0x00,0x00,0x00,0x00,0x00,0x00,0x00,0x00,0x00,0x00,0x00,0x00,0x00,0x00,0xC2,0x10,0x45,0x21,0xA6,0x31,0x03,0x21,0x00,0x00,0x00,0x00,0x00,0x00,0x00,0x00,0x00,0x00,0x00,0x00,0x00,0x00,0x00,0x00,0x00,0x00,0x00,0x00,0x21,0x00,0x07,0x21,0xA4,0x18,0xE6,0x20,0x26,0x21,
	0x06,0x21,0x07,0x21,0x07,0x19,0xE7,0x18,0x06,0x21,0xE6,0x20,0xE6,0x20,0x07,0x21,0xE6,0x20,0xE6,0x20,0x07,0x19,0xE6,0x18,0xE6,0x20,0x07,0x19,0x08,0x19,0xE7,0x18,0x07,0x21,0x26,0x21,0x26,0x21,0x06,0x21,0xC4,0x18,0x27,0x21,0x25,0x21,0x62,0x08,0x07,0x21,0xE6,0x20,0x84,0x10,0x06,0x21,0xE6,0x20,0xA5,0x18,0xA5,0x18,0x27,0x21,
	0xA5,0x18,0x64,0x10,0x27,0x21,0xE6,0x20,0xA5,0x18,0xA5,0x18,0x07,0x21,0xC5,0x18,0xA5,0x18,0xC5,0x18,0x27,0x21,0xC5,0x18,0xA4,0x18,0xE6,0x20,0x02,0x70,0x01,0x60,0x00,0x08,0x00,0x08,0x01,0x58,0x02,0xA0,0x84,0x10,0xA5,0x18,0xA4,0x10,0x84,0x10,0xA4,0x10,0xE6,0x20,0x64,0x10,0xA4,0x18,0xC5,0x18,0xE4,0x18,0x62,0x08,0x82,0x08,
	0x20,0x00,0xC5,0x18,0xE6,0x20,0x26,0x21,0x46,0x21,0x63,0x10,0x46,0x21,0x46,0x29,0x06,0x21,0x64,0x10,0x22,0x08,0x00,0x00,0x61,0x08,0x61,0x08,0x61,0x08,0x61,0x08,0xA2,0x10,0xA2,0x10,0x6D,0x6B,0x71,0x8C,0x24,0x21,0xA2,0x10,0x81,0x08,0x61,0x08,0x61,0x08,0x0B,0x5B,0x71,0x8C,0xA2,0x10,0xA2,0x10,0x89,0x4A,0x71,0x8C,0xA2,0x10,
	0x61,0x08,0x61,0x08,0x61,0x08,0x61,0x08,0x61,0x08,0x61,0x08,0x61,0x08,0xCE,0x73,0x71,0x8C,0xA2,0x10,0xA2,0x10,0xEB,0x5A,0x71,0x8C,0xC2,0x10,0x61,0x08,0x61,0x08,0xA2,0x10,0x50,0x84,0xEF,0x7B,0xA2,0x10,0xA2,0x10,0x50,0x84,0x6D,0x6B,0x61,0x08,0x41,0x08,0x41,0x08,0x41,0x08,0x41,0x08,0x41,0x08,0x40,0x00,0x20,0x00,0x20,0x00,
	0x00,0x00,0x00,0x00,0x00,0x00,0x00,0x00,0x00,0x00,0x00,0x00,0x00,0x00,0x00,0x00,0x00,0x00,0x00,0x00,0x00,0x00,0x00,0x00,0x00,0x00,0xC1,0x10,0x45,0x21,0xA5,0x31,0xE3,0x18,0x00,0x00,0x00,0x00,0x00,0x00,0x00,0x00,0x00,0x00,0x00,0x00,0x00,0x00,0x00,0x00,0x00,0x00,0x00,0x00,0x21,0x08,0xE6,0x20,0x84,0x10,0xE6,0x20,0x06,0x21,
	0x26,0x21,0x27,0x21,0x07,0x19,0x07,0x19,0xE7,0x18,0xE6,0x18,0xC5,0x18,0x07,0x19,0xE6,0x20,0xE6,0x20,0xE6,0x20,0x07,0x21,0xE6,0x20,0xE6,0x18,0x07,0x19,0xE7,0x18,0x07,0x21,0x46,0x29,0x06,0x21,0x06,0x21,0x84,0x10,0x26,0x21,0x06,0x21,0x62,0x08,0x84,0x10,0x07,0x21,0xC5,0x18,0xC5,0x18,0x84,0x10,0xE6,0x20,0x27,0x21,0xC5,0x18,
	0xA5,0x18,0x06,0x21,0x27,0x21,0xC5,0x18,0xE5,0x18,0x28,0x21,0xC5,0x18,0xA5,0x18,0xE6,0x20,0x46,0x29,0xA5,0x18,0xA5,0x18,0xA5,0x18,0xA4,0x10,0x03,0xD0,0x00,0x08,0x02,0xC0,0x03,0xD8,0x00,0x00,0x02,0xC0,0x42,0x18,0xA4,0x18,0x84,0x10,0x64,0x10,0x84,0x10,0x64,0x10,0xC5,0x18,0x84,0x10,0xA4,0x18,0xE6,0x20,0x83,0x10,0x41,0x00,
	0x00,0x00,0xE6,0x18,0x46,0x29,0x26,0x21,0x26,0x21,0x62,0x08,0xE6,0x20,0x26,0x21,0x06,0x21,0x64,0x10,0x42,0x00,0x00,0x00,0x61,0x08,0x61,0x08,0x61,0x08,0x61,0x08,0xA2,0x10,0xA2,0x10,0x71,0x8C,0x71,0x8C,0x24,0x21,0xA2,0x10,0x81,0x08,0x61,0x08,0x61,0x08,0x0B,0x5B,0x71,0x8C,0xA2,0x10,0xA2,0x10,0x89,0x4A,0x71,0x8C,0xA2,0x10,
	0x61,0x08,0x61,0x08,0xE7,0x39,0xC6,0x31,0x61,0x08,0x61,0x08,0x61,0x08,0xCE,0x73,0x71,0x8C,0xA2,0x10,0xA2,0x10,0xEB,0x5A,0x71,0x8C,0xC2,0x10,0x61,0x08,0x61,0x08,0xA2,0x10,0x50,0x84,0xEF,0x7B,0xA2,0x10,0xA2,0x10,0x50,0x84,0x6D,0x6B,0x61,0x08,0x41,0x08,0x41,0x08,0x41,0x08,0x41,0x08,0x41,0x08,0x40,0x00,0x20,0x00,0x20,0x00,
	0x00,0x00,0x00,0x00,0x00,0x00,0x20,0x00,0x00,0x00,0x00,0x00,0x00,0x00,0x00,0x00,0x20,0x00,0x00,0x00,0x00,0x00,0x00,0x00,0x00,0x00,0xC1,0x10,0x64,0x21,0xC4,0x31,0x03,0x21,0x00,0x00,0x00,0x00,0x00,0x00,0x00,0x00,0x00,0x00,0x00,0x00,0x00,0x00,0x00,0x00,0x00,0x00,0x00,0x00,0x21,0x00,0xE6,0x20,0xA4,0x18,0x27,0x21,0x06,0x21,
	0x07,0x21,0xC5,0x18,0x07,0x21,0x07,0x19,0xC5,0x18,0x07,0x21,0xC6,0x18,0xC6,0x18,0xC7,0x18,0xE6,0x18,0xC5,0x18,0xC6,0x18,0xE6,0x20,0xE6,0x20,0xC6,0x18,0xE6,0x18,0xE6,0x18,0x07,0x21,0xE6,0x20,0x26,0x21,0x84,0x10,0x27,0x21,0xC5,0x18,0x83,0x10,0xA4,0x18,0xE5,0x20,0xC5,0x18,0xA4,0x18,0x06,0x21,0x48,0x29,0xA5,0x18,0xA4,0x18,
	0xE6,0x20,0x06,0x21,0xA5,0x18,0xA5,0x18,0x27,0x21,0xC5,0x18,0xA5,0x18,0xE6,0x20,0x47,0x29,0xA5,0x18,0xA4,0x18,0xE6,0x20,0xE6,0x20,0x84,0x10,0x02,0xB8,0x00,0x10,0x01,0x80,0x01,0xA0,0x00,0x10,0x02,0xC0,0x42,0x10,0x64,0x10,0x64,0x10,0xC5,0x18,0x84,0x10,0x64,0x10,0xA5,0x18,0x84,0x10,0xA4,0x18,0xA4,0x10,0xA4,0x18,0x42,0x08,
	0x00,0x00,0xE5,0x18,0x46,0x29,0x46,0x29,0x27,0x21,0x62,0x08,0x26,0x21,0x26,0x21,0x06,0x21,0x84,0x10,0x22,0x08,0x00,0x00,0x61,0x08,0x61,0x08,0x61,0x08,0x61,0x08,0xA2,0x10,0xA2,0x10,0xCA,0x52,0x71,0x8C,0x24,0x21,0xA2,0x10,0x81,0x08,0x61,0x08,0x61,0x08,0x48,0x42,0x2C,0x63,0xA2,0x10,0xA2,0x10,0x89,0x4A,0x71,0x8C,0xA2,0x10,
	0x61,0x08,0x61,0x08,0x71,0x8C,0x0F,0x7C,0x61,0x08,0x61,0x08,0x61,0x08,0xCE,0x73,0x71,0x8C,0xA2,0x10,0xA2,0x10,0xEB,0x5A,0x71,0x8C,0xC2,0x10,0x61,0x08,0x61,0x08,0xA2,0x10,0x50,0x84,0xEF,0x7B,0xA2,0x10,0xA2,0x10,0x44,0x21,0x24,0x21,0x61,0x08,0x41,0x08,0x41,0x08,0x41,0x08,0x41,0x08,0x41,0x08,0x40,0x00,0x20,0x00,0x20,0x00,
	0x00,0x00,0x00,0x00,0x00,0x00,0x00,0x00,0x00,0x00,0x00,0x00,0x00,0x00,0x00,0x00,0x20,0x00,0x00,0x00,0x00,0x00,0x00,0x00,0x00,0x00,0xC3,0x10,0x64,0x21,0xA6,0x31,0x03,0x21,0x00,0x00,0x00,0x00,0x00,0x00,0x00,0x00,0x00,0x00,0x00,0x00,0x00,0x00,0x00,0x00,0x00,0x00,0x00,0x00,0x21,0x00,0xE6,0x20,0x64,0x10,0x07,0x21,0xE6,0x20,
	0x06,0x21,0xA5,0x18,0xA5,0x18,0x07,0x21,0x07,0x21,0xC7,0x18,0x07,0x21,0xC5,0x18,0xC6,0x18,0xC5,0x18,0xE6,0x20,0xC6,0x18,0xE6,0x20,0x07,0x21,0xE6,0x18,0xE6,0x18,0xC6,0x18,0x26,0x21,0xE6,0x20,0x06,0x21,0x84,0x10,0x26,0x21,0xE6,0x20,0x64,0x10,0xE6,0x20,0xE6,0x20,0xA4,0x18,0xE6,0x20,0x28,0x21,0xA5,0x18,0xA5,0x18,0x06,0x21,
	0x06,0x21,0xA5,0x18,0xA5,0x18,0x07,0x21,0x84,0x10,0xA4,0x18,0x26,0x21,0x05,0x21,0xC4,0x18,0xC5,0x18,0x67,0x29,0xC5,0x18,0xA4,0x18,0xC5,0x18,0x64,0x58,0x03,0xC0,0x00,0x18,0x00,0x08,0x02,0xA8,0x01,0x70,0x83,0x10,0xA4,0x18,0xE6,0x20,0xC4,0x18,0x84,0x10,0xC5,0x18,0xC5,0x18,0x84,0x10,0xC5,0x18,0xA4,0x18,0x62,0x08,0x62,0x08,
	0x00,0x00,0xC5,0x18,0x66,0x29,0x46,0x29,0x46,0x21,0x62,0x08,0xE6,0x20,0x46,0x29,0xE6,0x20,0x64,0x10,0x22,0x00,0x00,0x00,0x61,0x08,0x61,0x08,0x61,0x08,0x61,0x08,0xA2,0x10,0xA2,0x10,0x69,0x4A,0x71,0x8C,0x24,0x21,0xA2,0x10,0x81,0x08,0x61,0x08,0x61,0x08,0xA2,0x10,0xA2,0x10,0xA2,0x10,0xAA,0x52,0x50,0x84,0x0F,0x7C,0xA2,0x10,
	0x61,0x08,0x61,0x08,0xC2,0x10,0xC2,0x10,0x61,0x08,0x61,0x08,0x61,0x08,0xCE,0x73,0x71,0x8C,0xA2,0x10,0xA2,0x10,0xEB,0x5A,0x71,0x8C,0xC2,0x10,0x61,0x08,0x61,0x08,0xA2,0x10,0x50,0x84,0xEF,0x7B,0xA2,0x10,0xA2,0x10,0xA2,0x10,0xA2,0x10,0x61,0x08,0x61,0x08,0x41,0x08,0x41,0x08,0x41,0x08,0x41,0x08,0x40,0x00,0x20,0x00,0x20,0x00,
	0x00,0x00,0xA1,0x10,0x45,0x21,0xA7,0x31,0xA7,0x31,0xC7,0x31,0x00,0x00,0x00,0x00,0x41,0x00,0x00,0x00,0x00,0x00,0x40,0x08,0x00,0x00,0xC1,0x10,0x45,0x21,0x65,0x31,0x04,0x21,0x00,0x00,0x00,0x00,0x00,0x00,0x00,0x00,0x00,0x00,0x00,0x00,0x00,0x00,0x00,0x00,0x00,0x00,0x00,0x00,0x00,0x00,0xC5,0x18,0xE6,0x20,0xE6,0x20,0xE6,0x20,
	0x06,0x21,0x07,0x21,0xE6,0x20,0xE6,0x20,0x07,0x21,0x07,0x19,0x07,0x19,0x07,0x21,0xE6,0x18,0x07,0x19,0xE6,0x20,0xE6,0x20,0xC6,0x18,0xC5,0x18,0xA5,0x18,0x07,0x21,0xE6,0x20,0xE6,0x20,0xE6,0x20,0xE5,0x20,0x84,0x10,0xE6,0x20,0xE6,0x20,0x83,0x10,0xC5,0x18,0x84,0x10,0xE6,0x20,0x47,0x29,0xA5,0x18,0xC5,0x18,0x28,0x21,0x07,0x21,
	0xA4,0x18,0xA5,0x18,0x48,0x21,0x07,0x19,0xA5,0x18,0x27,0x21,0x07,0x21,0xA4,0x18,0xC5,0x18,0x28,0x21,0xE6,0x20,0xA4,0x18,0xA5,0x18,0x27,0x21,0x84,0x10,0x63,0x38,0x02,0xA0,0x02,0xB8,0x02,0x50,0x84,0x10,0xC5,0x18,0xE6,0x20,0xC4,0x10,0xA4,0x18,0xE6,0x20,0xA4,0x18,0xA5,0x18,0xA5,0x18,0xA5,0x18,0x64,0x10,0x84,0x10,0x63,0x10,
	0x00,0x00,0xC5,0x18,0x46,0x29,0x46,0x21,0x06,0x21,0x62,0x08,0xE6,0x20,0x46,0x29,0x46,0x21,0x64,0x10,0x22,0x08,0x00,0x00,0x61,0x08,0x61,0x08,0x61,0x08,0x61,0x08,0xA2,0x10,0xA2,0x10,0x69,0x4A,0x71,0x8C,0x24,0x21,0xA2,0x10,0x81,0x08,0x61,0x08,0x61,0x08,0xA2,0x10,0xA2,0x10,0xAE,0x73,0x71,0x8C,0x48,0x42,0xA2,0x10,0xA2,0x10,
	0x61,0x08,0x61,0x08,0xA2,0x10,0xA2,0x10,0x61,0x08,0x61,0x08,0x61,0x08,0xCE,0x73,0x71,0x8C,0xA2,0x10,0xA2,0x10,0xEB,0x5A,0x71,0x8C,0xC2,0x10,0x61,0x08,0x61,0x08,0xA2,0x10,0x50,0x84,0x50,0x84,0x30,0x84,0x30,0x84,0x71,0x8C,0xAE,0x73,0x61,0x08,0x61,0x08,0x41,0x08,0x41,0x08,0x41,0x08,0x41,0x08,0x40,0x00,0x20,0x00,0x20,0x00,
	0x00,0x00,0x46,0x29,0xC7,0x39,0x07,0x42,0x45,0x29,0x44,0x29,0x00,0x00,0x00,0x00,0x21,0x00,0x21,0x00,0x41,0x00,0x40,0x00,0x20,0x00,0xC1,0x10,0x45,0x21,0x44,0x21,0x65,0x29,0x00,0x00,0x00,0x00,0x00,0x00,0x00,0x00,0x00,0x00,0x00,0x00,0x00,0x00,0x00,0x00,0x00,0x00,0x00,0x00,0x00,0x00,0xA4,0x18,0xE6,0x20,0xA4,0x10,0x06,0x21,
	0xE6,0x20,0x07,0x21,0xE7,0x18,0xE6,0x18,0xE7,0x18,0x07,0x19,0xE7,0x18,0xE7,0x18,0xE7,0x18,0xE6,0x20,0xE7,0x18,0x07,0x21,0xE6,0x18,0x07,0x19,0xE7,0x18,0x07,0x19,0xE6,0x20,0xE6,0x20,0x06,0x21,0xA5,0x18,0xE6,0x18,0x06,0x21,0x05,0x21,0x83,0x10,0x84,0x10,0xA5,0x18,0x27,0x21,0xC5,0x18,0xA5,0x18,0x27,0x21,0x07,0x21,0xA4,0x18,
	0xE5,0x20,0x27,0x21,0x06,0x21,0xA4,0x18,0x27,0x21,0x27,0x21,0xC5,0x18,0xE5,0x18,0x27,0x21,0x06,0x21,0x84,0x10,0xE6,0x20,0x27,0x21,0xC4,0x10,0x84,0x10,0xA5,0x18,0xE6,0x18,0xE6,0x20,0x84,0x10,0xA4,0x18,0x06,0x21,0xA4,0x18,0xC4,0x18,0xE6,0x20,0xA5,0x18,0xA4,0x18,0xC5,0x18,0xA4,0x10,0x84,0x10,0xC4,0x18,0xC4,0x18,0x42,0x08,
	0x00,0x00,0xC5,0x18,0x27,0x21,0x46,0x29,0x06,0x21,0x62,0x08,0x26,0x21,0x46,0x21,0x06,0x21,0xA4,0x18,0x22,0x08,0x01,0x00,0x61,0x08,0x61,0x08,0x61,0x08,0x61,0x08,0xA2,0x10,0xA2,0x10,0x69,0x4A,0x71,0x8C,0x24,0x21,0xA2,0x10,0x81,0x08,0x61,0x08,0x61,0x08,0xA2,0x10,0xA2,0x10,0xC2,0x10,0x2C,0x63,0x71,0x8C,0x4C,0x63,0xA2,0x10,
	0x61,0x08,0x61,0x08,0xA2,0x10,0xA2,0x10,0x61,0x08,0x61,0x08,0x61,0x08,0xCE,0x73,0x71,0x8C,0xA2,0x10,0xA2,0x10,0xEB,0x5A,0x71,0x8C,0xC2,0x10,0x61,0x08,0x61,0x08,0xA2,0x10,0x50,0x84,0xEF,0x7B,0xA2,0x10,0xA2,0x10,0x50,0x84,0xEF,0x7B,0x61,0x08,0x61,0x08,0x41,0x08,0x41,0x08,0x41,0x08,0x41,0x08,0x40,0x00,0x20,0x00,0x20,0x00,
	0x00,0x00,0x00,0x00,0x00,0x00,0x00,0x00,0x00,0x00,0x00,0x00,0x00,0x00,0x00,0x00,0x41,0x00,0x20,0x00,0x41,0x00,0x41,0x00,0x20,0x00,0x41,0x00,0xE5,0x39,0x25,0x21,0xE6,0x41,0x00,0x00,0x00,0x00,0x00,0x00,0x00,0x00,0x00,0x00,0x00,0x00,0x00,0x00,0x00,0x00,0x00,0x00,0x00,0x00,0x00,0x00,0x42,0x08,0x07,0x21,0x64,0x10,0xE6,0x20,
	0x06,0x21,0xE6,0x20,0xE7,0x18,0xE7,0x18,0xE6,0x18,0xE7,0x18,0xE6,0x18,0x07,0x21,0x07,0x21,0xC6,0x18,0x07,0x19,0xC6,0x18,0xE7,0x18,0xE6,0x18,0xE7,0x18,0x07,0x19,0x07,0x21,0x07,0x21,0x06,0x21,0xA4,0x18,0xE6,0x20,0x46,0x29,0x07,0x21,0x82,0x08,0xA5,0x18,0x26,0x21,0xA5,0x18,0xA5,0x18,0x27,0x21,0x06,0x21,0xA4,0x18,0xE6,0x20,
	0x47,0x29,0xE6,0x20,0xA4,0x18,0xE6,0x20,0x07,0x21,0xA4,0x18,0xE6,0x20,0x47,0x29,0x06,0x21,0xA4,0x18,0xE6,0x20,0x48,0x29,0xC5,0x18,0xA4,0x18,0xE5,0x18,0x07,0x21,0xC5,0x18,0xA4,0x18,0xC5,0x18,0x26,0x21,0xA4,0x18,0xC5,0x18,0x07,0x21,0xA4,0x18,0xC5,0x18,0xE6,0x20,0xA4,0x18,0xA4,0x18,0xC5,0x18,0xC5,0x18,0x62,0x08,0x21,0x00,
	0x00,0x00,0xC5,0x18,0x46,0x29,0x26,0x21,0x27,0x21,0x62,0x08,0xE6,0x20,0x46,0x29,0x06,0x21,0x84,0x10,0x42,0x00,0x01,0x00,0x61,0x08,0x61,0x08,0x61,0x08,0x61,0x08,0xA2,0x10,0xA2,0x10,0x69,0x4A,0x71,0x8C,0x24,0x21,0xA2,0x10,0x81,0x08,0x61,0x08,0x61,0x08,0xA2,0x10,0xA2,0x10,0xA2,0x10,0xA2,0x10,0xEB,0x5A,0x71,0x8C,0xE3,0x18,
	0x61,0x08,0x61,0x08,0xEB,0x5A,0xCA,0x52,0x61,0x08,0x61,0x08,0x61,0x08,0xCE,0x73,0x71,0x8C,0xA2,0x10,0xA2,0x10,0xEB,0x5A,0x71,0x8C,0xC2,0x10,0x61,0x08,0x61,0x08,0xA2,0x10,0x50,0x84,0xEF,0x7B,0xA2,0x10,0xA2,0x10,0x50,0x84,0xEF,0x7B,0x61,0x08,0x61,0x08,0x41,0x08,0x41,0x08,0x41,0x08,0x41,0x08,0x40,0x00,0x20,0x00,0x20,0x00,
	0x00,0x00,0x00,0x00,0x00,0x00,0x00,0x00,0x00,0x00,0x00,0x00,0x00,0x00,0x00,0x00,0x21,0x00,0x60,0x08,0x61,0x08,0x61,0x08,0x40,0x08,0x60,0x08,0x84,0x29,0x44,0x21,0x07,0x4A,0x20,0x00,0x00,0x00,0x00,0x00,0x00,0x00,0x00,0x00,0x00,0x00,0x00,0x00,0x00,0x00,0x00,0x00,0x00,0x00,0x00,0x00,0x00,0x00,0xC5,0x18,0xC5,0x18,0xC4,0x18,
	0x27,0x21,0x07,0x21,0xE6,0x20,0xE6,0x18,0xE6,0x20,0x28,0x21,0xE6,0x20,0xE6,0x20,0xE6,0x20,0xE6,0x20,0xE6,0x20,0xE6,0x20,0xE6,0x20,0x07,0x21,0x28,0x21,0x07,0x21,0xE6,0x20,0x07,0x21,0xC5,0x18,0xC4,0x18,0x06,0x21,0x26,0x21,0x26,0x21,0x82,0x08,0xE6,0x20,0xE6,0x20,0xA4,0x18,0x06,0x21,0x06,0x21,0xA5,0x18,0xC5,0x18,0x27,0x21,
	0xE6,0x20,0xA4,0x18,0xE6,0x20,0x47,0x29,0xA4,0x18,0xC5,0x18,0x48,0x21,0xE6,0x20,0xA5,0x18,0xC5,0x18,0x48,0x21,0xC5,0x18,0xC4,0x18,0x26,0x21,0x47,0x29,0x26,0x21,0xA4,0x18,0xC5,0x18,0xE6,0x20,0xA4,0x18,0xC5,0x18,0xE6,0x20,0xA5,0x18,0xC5,0x18,0xC5,0x18,0x64,0x10,0xA4,0x18,0x05,0x21,0xE6,0x20,0x64,0x10,0x62,0x08,0x62,0x08,
	0x00,0x00,0xC5,0x18,0xE6,0x20,0x46,0x29,0x06,0x21,0x62,0x08,0xE6,0x20,0x47,0x29,0x06,0x21,0x64,0x10,0x42,0x08,0x00,0x00,0x61,0x08,0x61,0x08,0x61,0x08,0x61,0x08,0xA2,0x10,0xA2,0x10,0x69,0x4A,0x71,0x8C,0x24,0x21,0xA2,0x10,0x81,0x08,0x61,0x08,0x61,0x08,0x0B,0x5B,0x71,0x8C,0xA2,0x10,0xA2,0x10,0x89,0x4A,0x71,0x8C,0xE3,0x18,
	0x61,0x08,0x61,0x08,0x71,0x8C,0x0F,0x7C,0x61,0x08,0x61,0x08,0x61,0x08,0xCE,0x73,0x71,0x8C,0xA2,0x10,0xA2,0x10,0xEB,0x5A,0x71,0x8C,0xC2,0x10,0x61,0x08,0x61,0x08,0xA2,0x10,0x50,0x84,0xEF,0x7B,0xA2,0x10,0xA2,0x10,0x50,0x84,0xEF,0x7B,0x61,0x08,0x41,0x08,0x41,0x08,0x41,0x08,0x41,0x08,0x41,0x08,0x40,0x00,0x20,0x00,0x20,0x00,
	0x00,0x00,0x00,0x00,0x01,0x00,0x00,0x00,0x00,0x00,0x00,0x00,0x00,0x00,0x00,0x00,0x41,0x00,0x62,0x08,0x62,0x08,0x62,0x08,0x62,0x08,0x41,0x00,0x63,0x21,0x65,0x29,0xC7,0x39,0x82,0x08,0x00,0x00,0x00,0x00,0x00,0x00,0x00,0x00,0x00,0x00,0x00,0x00,0x00,0x00,0x00,0x00,0x00,0x00,0x00,0x00,0x00,0x00,0x43,0x08,0xE6,0x20,0x84,0x10,
	0xE5,0x20,0x28,0x21,0xC5,0x18,0x07,0x19,0xE7,0x18,0x07,0x21,0xE6,0x20,0x07,0x21,0x06,0x21,0xE6,0x20,0x07,0x21,0x07,0x21,0xE6,0x20,0x28,0x21,0xC5,0x18,0x07,0x19,0xE6,0x18,0x26,0x21,0x64,0x10,0x46,0x29,0x26,0x21,0x26,0x21,0x27,0x21,0x83,0x10,0xA4,0x18,0xC4,0x18,0xE6,0x20,0x07,0x21,0xA4,0x18,0xE6,0x20,0x48,0x29,0xC5,0x18,
	0xA4,0x18,0xC5,0x18,0x48,0x29,0xC5,0x18,0xE6,0x20,0x27,0x21,0xE6,0x20,0xA4,0x18,0xE6,0x20,0x67,0x29,0xC5,0x18,0xC4,0x18,0xE6,0x20,0x48,0x21,0x25,0x21,0xA5,0x18,0x07,0x21,0x26,0x21,0xA4,0x18,0xC5,0x18,0x26,0x21,0xA5,0x18,0xA5,0x18,0x06,0x21,0x84,0x10,0x64,0x10,0xE6,0x20,0x26,0x21,0x64,0x10,0x62,0x08,0x84,0x10,0x41,0x00,
	0x00,0x00,0xC5,0x18,0x46,0x29,0x46,0x21,0x27,0x21,0x62,0x08,0xE6,0x20,0x67,0x29,0x06,0x21,0x64,0x10,0x43,0x08,0x01,0x00,0x61,0x08,0x61,0x08,0x61,0x08,0x61,0x08,0xA2,0x10,0xA2,0x10,0x69,0x4A,0x71,0x8C,0x24,0x21,0xA2,0x10,0x81,0x08,0x61,0x08,0x61,0x08,0x0B,0x5B,0x71,0x8C,0xA2,0x10,0xA2,0x10,0x89,0x4A,0x71,0x8C,0xE3,0x18,
	0x61,0x08,0x61,0x08,0x61,0x08,0x61,0x08,0x61,0x08,0x61,0x08,0x61,0x08,0xCE,0x73,0x71,0x8C,0xA2,0x10,0xA2,0x10,0xEB,0x5A,0x71,0x8C,0xC2,0x10,0x61,0x08,0x61,0x08,0xA2,0x10,0x50,0x84,0xEF,0x7B,0xA2,0x10,0xA2,0x10,0x50,0x84,0xEF,0x7B,0x61,0x08,0x41,0x08,0x41,0x08,0x41,0x08,0x41,0x08,0x41,0x08,0x40,0x00,0x20,0x00,0x20,0x00,
	0x00,0x00,0x00,0x00,0x01,0x00,0x00,0x00,0x01,0x00,0x00,0x00,0x00,0x00,0x00,0x00,0x40,0x00,0x82,0x08,0x62,0x08,0x82,0x10,0x62,0x08,0x60,0x08,0xC2,0x10,0x84,0x29,0xA5,0x31,0x65,0x29,0x00,0x00,0x00,0x00,0x00,0x00,0x00,0x00,0x00,0x00,0x00,0x00,0x00,0x00,0x00,0x00,0x00,0x00,0x00,0x00,0x00,0x00,0x00,0x00,0x84,0x10,0xC5,0x18,
	0x84,0x10,0xE6,0x20,0xE6,0x18,0x06,0x21,0xE6,0x20,0xE7,0x18,0xC6,0x18,0xE6,0x20,0x28,0x21,0x07,0x21,0x06,0x21,0x08,0x19,0xE7,0x18,0x07,0x21,0x07,0x21,0x07,0x19,0xE6,0x20,0x84,0x10,0xE6,0x20,0x06,0x21,0x06,0x21,0x26,0x21,0x06,0x21,0x62,0x08,0xA4,0x10,0xE6,0x20,0xE5,0x20,0x84,0x10,0xC5,0x18,0x06,0x21,0xC5,0x18,0xA4,0x18,
	0xE6,0x20,0x47,0x29,0xC5,0x18,0xA4,0x18,0x27,0x21,0xC5,0x18,0xA4,0x18,0x06,0x21,0x28,0x21,0xE6,0x20,0x84,0x10,0x27,0x21,0x28,0x21,0xE6,0x18,0xC5,0x18,0x06,0x21,0x06,0x21,0xA5,0x18,0xE6,0x20,0x27,0x21,0xA5,0x18,0xE5,0x18,0x27,0x29,0xC5,0x18,0xA4,0x10,0xE5,0x20,0x07,0x21,0x84,0x10,0x64,0x10,0xC4,0x18,0x43,0x08,0x00,0x00,
	0xA4,0x10,0x46,0x29,0x27,0x21,0x26,0x21,0x46,0x29,0x62,0x08,0xE6,0x20,0x46,0x29,0x06,0x21,0xA4,0x18,0x23,0x08,0x00,0x00,0x61,0x08,0x61,0x08,0x61,0x08,0x61,0x08,0xA2,0x10,0xA2,0x10,0x69,0x4A,0x71,0x8C,0x24,0x21,0xA2,0x10,0x81,0x08,0x61,0x08,0x61,0x08,0x0B,0x5B,0x71,0x8C,0x07,0x3A,0x07,0x3A,0x4C,0x63,0x71,0x8C,0xE3,0x18,
	0x61,0x08,0x61,0x08,0x61,0x08,0x61,0x08,0x61,0x08,0x61,0x08,0x61,0x08,0xCE,0x73,0x71,0x8C,0x07,0x3A,0x07,0x3A,0x8D,0x6B,0x71,0x8C,0xC2,0x10,0x61,0x08,0x61,0x08,0xA2,0x10,0x50,0x84,0x0F,0x7C,0x07,0x3A,0x07,0x3A,0x50,0x84,0xEF,0x7B,0x61,0x08,0x41,0x08,0x41,0x08,0x41,0x08,0x41,0x08,0x41,0x08,0x40,0x00,0x20,0x00,0x00,0x00,
	0x00,0x00,0x00,0x00,0x00,0x00,0x00,0x00,0x01,0x00,0x00,0x00,0x00,0x00,0x00,0x00,0x00,0x00,0x63,0x10,0x82,0x08,0xA2,0x10,0xA2,0x10,0x62,0x08,0x61,0x00,0xA5,0x31,0x44,0x21,0x07,0x4A,0x21,0x00,0x00,0x00,0x00,0x00,0x00,0x00,0x00,0x00,0x00,0x00,0x00,0x00,0x00,0x00,0x00,0x00,0x00,0x00,0x00,0x00,0x00,0x00,0x00,0x00,0x84,0x10,
	0xC5,0x18,0x84,0x10,0xE6,0x20,0x06,0x21,0x06,0x21,0x07,0x21,0x07,0x21,0xE6,0x18,0x08,0x19,0x07,0x21,0xE6,0x18,0xE6,0x18,0xE6,0x18,0x06,0x21,0xE6,0x20,0xE6,0x20,0x84,0x10,0xC5,0x18,0xE6,0x20,0x06,0x21,0x06,0x21,0x26,0x21,0x06,0x21,0x62,0x08,0xC5,0x18,0x28,0x21,0xA4,0x18,0xC4,0x18,0x07,0x21,0xC5,0x18,0xA4,0x18,0xE6,0x18,
	0x27,0x21,0x84,0x10,0x84,0x10,0x07,0x21,0x06,0x21,0xA5,0x18,0xE6,0x20,0x47,0x29,0xE5,0x18,0xA5,0x18,0x27,0x21,0x48,0x29,0xE6,0x18,0xA5,0x18,0x26,0x21,0xE6,0x20,0xC5,0x18,0x07,0x21,0x47,0x29,0xC5,0x18,0xC4,0x18,0x67,0x29,0x07,0x19,0xA4,0x10,0x05,0x21,0x46,0x29,0x84,0x10,0x64,0x10,0xA4,0x10,0x64,0x10,0x00,0x00,0x83,0x10,
	0x26,0x21,0x46,0x29,0x46,0x29,0x26,0x21,0x26,0x21,0x62,0x08,0x06,0x21,0x46,0x29,0x06,0x21,0xA4,0x18,0x43,0x08,0x01,0x00,0x61,0x08,0x61,0x08,0x61,0x08,0x61,0x08,0xA2,0x10,0xA2,0x10,0xC6,0x31,0x2C,0x63,0x03,0x19,0xA2,0x10,0x81,0x08,0x61,0x08,0x61,0x08,0x24,0x21,0x2C,0x63,0x2C,0x63,0x2C,0x63,0x2C,0x63,0xCA,0x52,0xA2,0x10,
	0x61,0x08,0x61,0x08,0x61,0x08,0x61,0x08,0x61,0x08,0x61,0x08,0x61,0x08,0xA6,0x31,0x2C,0x63,0x2C,0x63,0x2C,0x63,0x2C,0x63,0x69,0x4A,0xA2,0x10,0x61,0x08,0x61,0x08,0xA2,0x10,0x69,0x4A,0x2C,0x63,0x2C,0x63,0x2C,0x63,0x2C,0x63,0x44,0x21,0x61,0x08,0x41,0x08,0x41,0x08,0x41,0x08,0x41,0x08,0x41,0x08,0x40,0x00,0x20,0x00,0x00,0x00,
	0x00,0x00,0x00,0x00,0x00,0x00,0x01,0x00,0x21,0x00,0x00,0x00,0x00,0x00,0x00,0x00,0x00,0x00,0xC2,0x10,0xC3,0x10,0xE3,0x18,0xC3,0x10,0x82,0x08,0x20,0x00,0x43,0x21,0x04,0x19,0xE8,0x41,0x23,0x21,0x00,0x00,0x00,0x00,0x00,0x00,0x00,0x00,0x00,0x00,0x00,0x00,0x00,0x00,0x00,0x00,0x00,0x00,0x00,0x00,0x00,0x00,0x00,0x00,0x00,0x00,
	0xA4,0x10,0xE5,0x18,0x84,0x10,0xC5,0x18,0x07,0x21,0x26,0x21,0xE6,0x20,0xC7,0x18,0xE6,0x20,0xC7,0x18,0x07,0x19,0x07,0x21,0x06,0x21,0x27,0x21,0xC5,0x18,0x84,0x10,0xC5,0x18,0xE6,0x20,0xE6,0x20,0x06,0x21,0x26,0x21,0x26,0x21,0xE6,0x20,0x01,0x00,0xE6,0x20,0x84,0x10,0xE4,0x18,0x07,0x21,0xC4,0x18,0x84,0x10,0xE6,0x20,0x27,0x21,
	0x84,0x10,0xA4,0x18,0x28,0x21,0x27,0x21,0xA4,0x18,0xC5,0x18,0x47,0x29,0xC5,0x18,0x84,0x10,0x27,0x21,0x48,0x29,0xC5,0x18,0xA4,0x18,0x47,0x29,0xE6,0x20,0xC5,0x18,0x07,0x21,0x48,0x29,0xC5,0x18,0xC4,0x18,0x47,0x29,0x28,0x21,0xE4,0x18,0x06,0x21,0x06,0x21,0xA4,0x18,0xC4,0x10,0xA4,0x18,0x64,0x10,0x00,0x00,0x64,0x10,0x27,0x21,
	0x46,0x29,0xE6,0x20,0x46,0x29,0x26,0x21,0x46,0x29,0x62,0x08,0x27,0x21,0x46,0x29,0x06,0x21,0xA4,0x18,0x42,0x08,0x00,0x00,0x61,0x08,0x61,0x08,0x61,0x08,0x61,0x08,0x61,0x08,0x61,0x08,0x61,0x08,0x61,0x08,0x61,0x08,0x61,0x08,0x61,0x08,0x61,0x08,0x61,0x08,0x61,0x08,0x61,0x08,0x61,0x08,0x61,0x08,0x61,0x08,0x61,0x08,0x61,0x08,
	0x61,0x08,0x61,0x08,0x61,0x08,0x61,0x08,0x61,0x08,0x61,0x08,0x61,0x08,0x61,0x08,0x61,0x08,0x61,0x08,0x61,0x08,0x61,0x08,0x61,0x08,0x61,0x08,0x61,0x08,0x61,0x08,0x61,0x08,0x61,0x08,0x61,0x08,0x61,0x08,0x61,0x08,0x61,0x08,0x61,0x08,0x61,0x08,0x41,0x08,0x41,0x08,0x41,0x08,0x41,0x08,0x40,0x00,0x40,0x00,0x20,0x00,0x00,0x00,
	0x00,0x00,0x00,0x00,0x00,0x00,0x00,0x00,0x00,0x00,0x00,0x00,0x00,0x00,0x00,0x00,0x00,0x00,0x41,0x00,0xE3,0x18,0xE3,0x18,0xE3,0x18,0xC2,0x10,0x61,0x08,0xA2,0x10,0x65,0x29,0x45,0x21,0x06,0x42,0x00,0x00,0x00,0x00,0x00,0x00,0x00,0x00,0x00,0x00,0x00,0x00,0x00,0x00,0x00,0x00,0x00,0x00,0x00,0x00,0x00,0x00,0x00,0x00,0x00,0x00,
	0x00,0x00,0x84,0x10,0xE6,0x20,0xA5,0x18,0xA4,0x18,0xA4,0x10,0xE5,0x20,0x06,0x21,0x06,0x21,0xE6,0x20,0x26,0x21,0xC5,0x18,0xA5,0x18,0x84,0x10,0xA5,0x18,0xE6,0x20,0x06,0x21,0xE6,0x20,0x27,0x21,0x26,0x21,0x26,0x29,0x26,0x21,0x26,0x21,0x84,0x10,0x42,0x08,0xA5,0x18,0x27,0x21,0xC5,0x18,0x84,0x10,0xE5,0x20,0x27,0x21,0xC5,0x18,
	0x84,0x10,0x27,0x21,0x27,0x21,0x64,0x10,0xC5,0x18,0x27,0x21,0xC5,0x18,0x84,0x10,0x27,0x21,0x27,0x21,0xC5,0x18,0xA4,0x18,0x06,0x29,0xE6,0x20,0xA5,0x18,0x06,0x21,0x68,0x29,0xA5,0x18,0xA4,0x18,0x46,0x29,0x06,0x21,0xC4,0x18,0xE6,0x20,0x27,0x21,0xA4,0x18,0x64,0x10,0xE4,0x18,0x63,0x10,0x00,0x00,0x62,0x08,0x06,0x21,0x06,0x21,
	0x47,0x29,0x46,0x29,0x26,0x21,0x46,0x29,0xC4,0x18,0x64,0x10,0x06,0x21,0x46,0x29,0x06,0x21,0xA4,0x18,0x43,0x08,0x01,0x00,0x61,0x08,0x61,0x08,0x61,0x08,0x61,0x08,0x61,0x08,0x61,0x08,0x61,0x08,0x61,0x08,0x61,0x08,0x61,0x08,0x61,0x08,0x61,0x08,0x61,0x08,0x61,0x08,0x61,0x08,0x61,0x08,0x61,0x08,0x61,0x08,0x61,0x08,0x61,0x08,
	0x61,0x08,0x61,0x08,0x61,0x08,0x61,0x08,0x61,0x08,0x61,0x08,0x61,0x08,0x61,0x08,0x61,0x08,0x61,0x08,0x61,0x08,0x61,0x08,0x61,0x08,0x61,0x08,0x61,0x08,0x61,0x08,0x61,0x08,0x61,0x08,0x61,0x08,0x61,0x08,0x61,0x08,0x61,0x08,0x61,0x08,0x61,0x08,0x41,0x08,0x41,0x08,0x41,0x08,0x41,0x08,0x40,0x00,0x40,0x00,0x20,0x00,0x00,0x00,
	0x00,0x00,0x00,0x00,0x01,0x00,0x00,0x00,0x00,0x00,0x01,0x00,0x00,0x00,0x00,0x00,0x00,0x00,0x00,0x00,0xE3,0x18,0xE3,0x18,0xE3,0x18,0xE3,0x18,0x82,0x08,0x60,0x08,0xC5,0x31,0x24,0x21,0x26,0x4A,0xA3,0x10,0x00,0x00,0x00,0x00,0x00,0x00,0x00,0x00,0x00,0x00,0x00,0x00,0x00,0x00,0x00,0x00,0x00,0x00,0x00,0x00,0x00,0x00,0x00,0x00,
	0x00,0x00,0x00,0x00,0x41,0x00,0x84,0x10,0xC5,0x18,0xE6,0x20,0x84,0x10,0x84,0x10,0xA4,0x18,0x84,0x10,0x64,0x10,0xA5,0x18,0xC5,0x18,0xE6,0x20,0x07,0x21,0x07,0x21,0x07,0x21,0x26,0x21,0x26,0x29,0x06,0x21,0x26,0x21,0x06,0x21,0x06,0x21,0x47,0x29,0x41,0x08,0xC4,0x18,0xC5,0x18,0xA4,0x18,0xC5,0x18,0x27,0x21,0xC5,0x18,0xA4,0x18,
	0x27,0x21,0x07,0x21,0x84,0x10,0xA5,0x18,0x27,0x21,0xC5,0x18,0xA5,0x18,0x06,0x21,0x27,0x21,0xC4,0x18,0xC4,0x18,0xE6,0x38,0xE6,0x20,0xA5,0x18,0xE5,0x20,0x48,0x29,0xC5,0x18,0xA4,0x18,0x48,0x29,0x27,0x21,0xA5,0x18,0xE4,0x18,0x46,0x29,0xA5,0x18,0x84,0x10,0x84,0x10,0x83,0x10,0x00,0x00,0x63,0x08,0x27,0x21,0x46,0x29,0x46,0x29,
	0x26,0x21,0x27,0x21,0x46,0x29,0xC5,0x18,0x82,0x08,0x67,0x29,0x46,0x29,0x46,0x21,0x06,0x21,0x84,0x10,0x42,0x08,0x00,0x00,0x41,0x00,0x61,0x08,0x61,0x08,0x61,0x08,0x61,0x08,0x61,0x08,0x61,0x08,0x61,0x08,0x61,0x08,0x61,0x08,0x61,0x08,0x61,0x08,0x61,0x08,0x61,0x08,0x61,0x08,0x61,0x08,0x61,0x08,0x61,0x08,0x61,0x08,0x61,0x08,
	0x61,0x08,0x61,0x08,0x61,0x08,0x61,0x08,0x61,0x08,0x61,0x08,0x61,0x08,0x61,0x08,0x61,0x08,0x61,0x08,0x61,0x08,0x61,0x08,0x61,0x08,0x61,0x08,0x61,0x08,0x61,0x08,0x61,0x08,0x61,0x08,0x61,0x08,0x61,0x08,0x61,0x08,0x61,0x08,0x61,0x08,0x61,0x08,0x41,0x08,0x41,0x08,0x41,0x08,0x41,0x08,0x40,0x00,0x40,0x00,0x20,0x00,0x00,0x00,
	0x00,0x00,0x00,0x00,0x00,0x00,0x00,0x00,0x00,0x00,0x00,0x00,0x00,0x00,0x00,0x00,0x00,0x00,0x00,0x00,0xA2,0x18,0xE3,0x18,0xE3,0x18,0xE2,0x18,0x82,0x08,0x61,0x08,0xC2,0x10,0x85,0x29,0x24,0x21,0xE5,0x41,0x00,0x00,0x00,0x00,0x00,0x00,0x00,0x00,0x00,0x00,0x00,0x00,0x00,0x00,0x00,0x00,0x00,0x00,0x00,0x00,0x00,0x00,0x00,0x00,
	0x00,0x00,0x00,0x00,0x00,0x00,0x00,0x00,0x20,0x00,0x21,0x08,0x83,0x08,0xA4,0x10,0x84,0x10,0x84,0x10,0xA5,0x10,0x85,0x10,0xA4,0x10,0x84,0x10,0xC5,0x18,0xE6,0x20,0xC5,0x18,0xC6,0x18,0x26,0x21,0x06,0x21,0x26,0x21,0x46,0x29,0x46,0x29,0x46,0x29,0x67,0x29,0x21,0x08,0x43,0x08,0xE5,0x20,0x07,0x21,0xC5,0x18,0xA4,0x18,0x84,0x10,
	0x42,0x08,0x63,0x10,0x05,0x21,0x27,0x21,0xE5,0x20,0xA4,0x18,0x26,0x21,0x26,0x21,0xC4,0x18,0xA4,0x18,0xC5,0x38,0xA4,0x28,0x63,0x10,0x63,0x10,0x83,0x10,0x42,0x08,0x21,0x00,0x21,0x08,0xA3,0x10,0x21,0x00,0x22,0x08,0x63,0x10,0x42,0x08,0x21,0x00,0x21,0x08,0x21,0x00,0x00,0x00,0x82,0x08,0x26,0x21,0x47,0x29,0x46,0x29,0x46,0x29,
	0x46,0x29,0x46,0x29,0xE5,0x20,0x83,0x10,0x47,0x29,0x46,0x29,0x46,0x29,0x46,0x29,0x06,0x21,0xA4,0x18,0x42,0x08,0x00,0x00,0x00,0x00,0x20,0x00,0x20,0x00,0x21,0x00,0x21,0x00,0x21,0x08,0x21,0x08,0x21,0x00,0x41,0x08,0x22,0x08,0x41,0x08,0x21,0x00,0x22,0x08,0x21,0x00,0x22,0x08,0x22,0x08,0x22,0x08,0x22,0x08,0x22,0x08,0x22,0x08,
	0x22,0x08,0x62,0x08,0x42,0x08,0x22,0x08,0x62,0x08,0x62,0x08,0x62,0x08,0x42,0x08,0x42,0x08,0x22,0x08,0x62,0x08,0x42,0x08,0x62,0x08,0x22,0x08,0x42,0x08,0x62,0x08,0x62,0x08,0x42,0x08,0x62,0x08,0x42,0x08,0x42,0x08,0x62,0x08,0x62,0x08,0x42,0x08,0x22,0x08,0x41,0x08,0x42,0x08,0x42,0x08,0x22,0x00,0x00,0x00,0x00,0x00,0x00,0x00,
	0x00,0x00,0x00,0x00,0x00,0x00,0x66,0x29,0xA3,0x10,0x00,0x00,0x00,0x00,0x00,0x00,0x00,0x00,0x00,0x00,0x20,0x00,0xE3,0x18,0xE3,0x18,0xE3,0x18,0xA3,0x10,0xA2,0x10,0x40,0x00,0xC4,0x31,0x64,0x21,0x06,0x3A,0x84,0x29,0x00,0x00,0x00,0x00,0x00,0x00,0x00,0x00,0x00,0x00,0x00,0x00,0x00,0x00,0x00,0x00,0x00,0x00,0x00,0x00,0x00,0x00,
	0x00,0x00,0x00,0x00,0x00,0x00,0x00,0x00,0x00,0x00,0x00,0x00,0x00,0x00,0x00,0x00,0x00,0x00,0x00,0x00,0x00,0x00,0x00,0x00,0x00,0x00,0x00,0x00,0x00,0x00,0xC4,0x18,0xE6,0x20,0xA5,0x18,0xA5,0x18,0x27,0x21,0x26,0x21,0x46,0x29,0x46,0x29,0x46,0x29,0x47,0x29,0xA9,0x39,0x41,0x00,0xA5,0x18,0xC4,0x18,0xA4,0x18,0x25,0x21,0x00,0x00,
	0x00,0x00,0x00,0x00,0x48,0x29,0xA5,0x18,0xC5,0x18,0x07,0x21,0x47,0x29,0xC5,0x18,0x84,0x10,0x22,0x08,0x22,0x08,0x82,0x10,0x05,0x21,0x68,0x31,0xC9,0x41,0xE9,0x41,0xE9,0x41,0xE9,0x41,0xE9,0x41,0x2A,0x4A,0x09,0x42,0xA8,0x39,0x88,0x39,0x67,0x29,0x45,0x21,0xC3,0x10,0x62,0x08,0x27,0x21,0x46,0x29,0x46,0x29,0x06,0x41,0x46,0x29,
	0x46,0x29,0x46,0x29,0x42,0x08,0x47,0x29,0x46,0x29,0x46,0x29,0x66,0x29,0x46,0x29,0xE5,0x18,0xC4,0x18,0x00,0x00,0x00,0x00,0x21,0x00,0x02,0x00,0x01,0x00,0x43,0x08,0x43,0x08,0x23,0x00,0x23,0x08,0x43,0x08,0x64,0x10,0x64,0x10,0x64,0x10,0x64,0x10,0x43,0x08,0x64,0x10,0x64,0x10,0x64,0x10,0x64,0x10,0x64,0x10,0x64,0x10,0x43,0x08,
	0x64,0x10,0x64,0x10,0x64,0x10,0x64,0x10,0x64,0x10,0x64,0x10,0x64,0x10,0x43,0x08,0x64,0x10,0x64,0x10,0x43,0x08,0x64,0x10,0x23,0x08,0x43,0x08,0x64,0x10,0x43,0x00,0x43,0x08,0x43,0x08,0x43,0x08,0x43,0x08,0x64,0x10,0x64,0x10,0x43,0x08,0x43,0x08,0x64,0x10,0x84,0x10,0x43,0x08,0x64,0x10,0x43,0x08,0x01,0x00,0x00,0x00,0x00,0x00,
	0x00,0x00,0x00,0x00,0xA3,0x10,0x50,0x84,0xEC,0x5A,0x00,0x00,0x00,0x00,0x00,0x00,0x00,0x00,0x00,0x00,0x00,0x00,0xE3,0x18,0xE3,0x18,0xE2,0x18,0xE2,0x18,0x82,0x08,0x62,0x08,0xA1,0x10,0x06,0x42,0x04,0x19,0x67,0x4A,0xA2,0x08,0x00,0x00,0x00,0x00,0x00,0x00,0x00,0x00,0x00,0x00,0x00,0x00,0x00,0x00,0x00,0x00,0x00,0x00,0x00,0x00,
	0x00,0x00,0x00,0x00,0x00,0x00,0x00,0x00,0x00,0x00,0x00,0x00,0x00,0x00,0x00,0x00,0x00,0x00,0x00,0x00,0x00,0x00,0x00,0x00,0x00,0x00,0x00,0x00,0x00,0x00,0x00,0x00,0xC5,0x18,0xE6,0x20,0xA5,0x18,0xA5,0x18,0x46,0x29,0x47,0x29,0x26,0x29,0x47,0x29,0x47,0x29,0x46,0x29,0x88,0x39,0x41,0x08,0x63,0x10,0x46,0x29,0x07,0x19,0x41,0x00,
	0x00,0x00,0x62,0x08,0xC5,0x18,0xA4,0x18,0x27,0x21,0x27,0x21,0x01,0x00,0x21,0x00,0xC5,0x20,0xA8,0x49,0x89,0x39,0x89,0x31,0x48,0x21,0x68,0x29,0x47,0x29,0x46,0x29,0x46,0x29,0x46,0x29,0x46,0x29,0x46,0x29,0x26,0x21,0xE6,0x20,0xC4,0x18,0x84,0x10,0x42,0x08,0x63,0x10,0x46,0x29,0x46,0x29,0x46,0x29,0xE6,0x40,0x46,0x29,0x46,0x29,
	0x25,0x21,0x62,0x08,0x47,0x29,0x46,0x29,0x46,0x29,0x46,0x29,0x46,0x29,0xA5,0x18,0xE4,0x18,0x00,0x00,0x00,0x00,0x00,0x00,0x01,0x00,0x22,0x00,0x23,0x08,0x23,0x08,0x43,0x08,0x64,0x10,0x64,0x10,0x64,0x08,0x64,0x10,0x64,0x10,0x64,0x10,0x43,0x08,0x43,0x08,0x23,0x08,0x43,0x08,0x64,0x10,0x64,0x08,0x64,0x10,0x64,0x10,0x64,0x08,
	0x64,0x10,0x64,0x10,0x64,0x10,0x64,0x10,0x43,0x08,0x64,0x10,0x43,0x08,0x64,0x10,0x64,0x10,0x64,0x10,0x64,0x10,0x43,0x08,0x00,0x00,0x02,0x00,0x02,0x00,0x00,0x00,0x43,0x08,0x00,0x00,0x01,0x00,0x22,0x08,0x00,0x00,0x43,0x08,0x02,0x00,0x00,0x00,0x43,0x08,0x00,0x00,0x02,0x00,0x22,0x08,0x00,0x00,0x01,0x00,0x00,0x00,0x00,0x00,
	0x00,0x00,0x00,0x00,0x00,0x00,0x86,0x31,0x62,0x08,0x01,0x00,0x00,0x00,0x00,0x00,0x00,0x00,0x00,0x00,0x00,0x00,0x61,0x08,0xE3,0x18,0xE2,0x18,0xC2,0x10,0xC2,0x18,0x62,0x08,0x00,0x00,0x43,0x21,0xA4,0x29,0xA4,0x31,0x46,0x4A,0x81,0x10,0x00,0x00,0x00,0x00,0x00,0x00,0x00,0x00,0x00,0x00,0x00,0x00,0x00,0x00,0x00,0x00,0x00,0x00,
	0x00,0x00,0x00,0x00,0x00,0x00,0x00,0x00,0x00,0x00,0x00,0x00,0x00,0x00,0x00,0x00,0x00,0x00,0x00,0x00,0x00,0x00,0x00,0x00,0x00,0x00,0x00,0x00,0x00,0x00,0x00,0x00,0x00,0x00,0xA5,0x18,0xE6,0x20,0xA4,0x18,0xE5,0x18,0x46,0x29,0x46,0x29,0x46,0x29,0x47,0x29,0x47,0x29,0x47,0x29,0xA8,0x39,0x42,0x08,0xC4,0x18,0xA4,0x18,0xE4,0x18,
	0xE5,0x18,0xC5,0x18,0xA4,0x18,0xC5,0x18,0x83,0x10,0x42,0x08,0x87,0x31,0xCA,0x39,0x48,0x31,0x48,0x39,0x47,0x29,0x68,0x29,0x48,0x29,0x46,0x29,0x46,0x29,0x46,0x29,0x46,0x29,0x46,0x29,0x46,0x29,0x26,0x21,0x05,0x21,0xC5,0x18,0xA4,0x18,0x42,0x08,0x42,0x08,0x46,0x21,0x26,0x29,0x46,0x29,0x46,0x29,0x46,0x29,0x46,0x29,0x25,0x21,
	0x62,0x08,0x46,0x21,0x46,0x29,0x46,0x29,0x46,0x29,0x46,0x29,0xE5,0x18,0x26,0x21,0x20,0x00,0x00,0x00,0x00,0x00,0x01,0x00,0x02,0x00,0x02,0x00,0x43,0x08,0x43,0x08,0x43,0x08,0x43,0x08,0x43,0x08,0x64,0x10,0x64,0x10,0x43,0x08,0x64,0x10,0x64,0x10,0x64,0x10,0x64,0x10,0x43,0x08,0x43,0x08,0x64,0x10,0x43,0x08,0x43,0x08,0x64,0x10,
	0x64,0x10,0x43,0x08,0x64,0x10,0x43,0x08,0x43,0x08,0x43,0x00,0x64,0x10,0x43,0x08,0x64,0x10,0x64,0x10,0x64,0x10,0x43,0x08,0x01,0x00,0x01,0x00,0x02,0x00,0x01,0x00,0x01,0x00,0x01,0x00,0x02,0x08,0x02,0x00,0x02,0x00,0x00,0x00,0x02,0x00,0x01,0x00,0x01,0x00,0x01,0x00,0x01,0x00,0x21,0x00,0x01,0x00,0x00,0x00,0x00,0x00,0x00,0x00,
	0x00,0x00,0x00,0x00,0x00,0x00,0x00,0x00,0x00,0x00,0x01,0x00,0x01,0x00,0x00,0x00,0x00,0x00,0x00,0x00,0x00,0x00,0x00,0x00,0xC2,0x10,0xA2,0x10,0xA3,0x10,0xC2,0x10,0xA2,0x10,0x62,0x08,0x40,0x08,0xA4,0x31,0x84,0x29,0x86,0x31,0x26,0x3A,0x41,0x00,0x00,0x00,0x00,0x00,0x00,0x00,0x00,0x00,0x00,0x00,0x00,0x00,0x00,0x00,0x00,0x00,
	0x00,0x00,0x00,0x00,0x00,0x00,0x00,0x00,0x00,0x00,0x00,0x00,0x00,0x00,0x00,0x00,0x00,0x00,0x00,0x00,0x00,0x00,0x00,0x00,0x00,0x00,0x00,0x00,0x00,0x00,0x00,0x00,0x00,0x00,0x00,0x00,0x84,0x10,0xE6,0x20,0xC4,0x18,0xE5,0x20,0x46,0x29,0x46,0x29,0x46,0x29,0x46,0x29,0x46,0x29,0x47,0x29,0x88,0x31,0x61,0x08,0x83,0x10,0x47,0x29,
	0xE5,0x18,0xC4,0x18,0x82,0x08,0x42,0x08,0x87,0x31,0xA8,0x39,0x48,0x29,0x48,0x29,0x48,0x29,0x47,0x29,0x48,0x29,0x48,0x29,0x48,0x29,0x48,0x29,0x46,0x29,0x46,0x29,0x47,0x29,0x46,0x29,0x46,0x29,0x06,0x21,0xE4,0x18,0xA4,0x18,0x42,0x08,0x62,0x08,0x46,0x29,0x46,0x29,0x46,0x29,0x46,0x29,0x46,0x29,0x47,0x29,0xE5,0x20,0x62,0x08,
	0x27,0x21,0x47,0x29,0x66,0x29,0x46,0x29,0x46,0x29,0xC5,0x20,0x46,0x21,0x00,0x00,0x00,0x00,0x00,0x00,0x01,0x00,0x01,0x00,0x22,0x08,0x23,0x08,0x23,0x08,0x43,0x08,0x43,0x08,0x43,0x08,0x64,0x10,0x64,0x10,0x64,0x10,0x64,0x10,0x43,0x08,0x64,0x10,0x64,0x10,0x43,0x08,0x43,0x08,0x64,0x10,0x64,0x10,0x43,0x08,0x64,0x10,0x64,0x10,
	0x64,0x10,0x64,0x10,0x43,0x08,0x43,0x08,0x64,0x10,0x64,0x10,0x23,0x08,0x43,0x08,0x43,0x08,0x64,0x10,0x43,0x08,0x64,0x10,0x64,0x10,0x01,0x00,0x01,0x00,0x23,0x08,0x00,0x00,0x23,0x08,0x02,0x00,0x01,0x00,0x02,0x08,0x00,0x00,0x02,0x00,0x23,0x08,0x00,0x00,0x23,0x08,0x02,0x00,0x01,0x00,0x01,0x00,0x00,0x00,0x00,0x00,0x00,0x00,
	0x00,0x00,0x00,0x00,0x00,0x00,0x00,0x00,0x00,0x00,0x00,0x00,0x01,0x00,0x00,0x00,0x00,0x00,0x00,0x00,0x00,0x00,0x00,0x00,0x41,0x00,0xC3,0x10,0xC2,0x10,0xA2,0x10,0xA2,0x10,0x62,0x08,0x41,0x00,0x61,0x10,0xE5,0x39,0x84,0x29,0x46,0x4A,0x26,0x42,0x80,0x10,0x00,0x00,0x00,0x00,0x00,0x00,0x00,0x00,0x00,0x00,0x00,0x00,0x00,0x00,
	0x00,0x00,0x00,0x00,0x00,0x00,0x00,0x00,0x00,0x00,0x00,0x00,0x00,0x00,0x00,0x00,0x00,0x00,0x00,0x00,0x00,0x00,0x00,0x00,0x00,0x00,0x00,0x00,0x00,0x00,0x00,0x00,0x00,0x00,0x00,0x00,0x00,0x00,0xC4,0x18,0x26,0x21,0xA4,0x18,0xA4,0x18,0x46,0x29,0x46,0x29,0x46,0x29,0x46,0x29,0x46,0x29,0x46,0x29,0x88,0x39,0x04,0x21,0x21,0x00,
	0x00,0x00,0x41,0x08,0x45,0x21,0x88,0x39,0x48,0x29,0x47,0x29,0x46,0x29,0x48,0x29,0x48,0x29,0x48,0x29,0x46,0x29,0xE6,0x20,0xA4,0x18,0x42,0x08,0x00,0x00,0x00,0x00,0x00,0x00,0x00,0x00,0x00,0x00,0x00,0x00,0x22,0x08,0x22,0x08,0x62,0x08,0x26,0x21,0x46,0x29,0xE6,0x40,0x46,0x29,0x46,0x29,0x46,0x29,0x46,0x29,0x62,0x08,0x67,0x29,
	0x46,0x29,0x26,0x29,0x46,0x29,0x26,0x21,0xE6,0x20,0x46,0x21,0x00,0x00,0x00,0x00,0x00,0x00,0x00,0x00,0x01,0x00,0x22,0x00,0x22,0x08,0x23,0x08,0x23,0x08,0x23,0x08,0x43,0x08,0x43,0x08,0x23,0x08,0x43,0x08,0x43,0x08,0x64,0x10,0x64,0x10,0x64,0x10,0x64,0x08,0x64,0x10,0x43,0x00,0x43,0x08,0x64,0x10,0x43,0x08,0x23,0x08,0x43,0x08,
	0x43,0x08,0x64,0x10,0x23,0x08,0x43,0x08,0x64,0x10,0x64,0x10,0x23,0x08,0x64,0x10,0x43,0x08,0x03,0x08,0x23,0x08,0x23,0x08,0x43,0x08,0x64,0x10,0x22,0x00,0x00,0x00,0x43,0x08,0x00,0x00,0x01,0x00,0x43,0x08,0x00,0x00,0x22,0x08,0x01,0x00,0x01,0x00,0x43,0x08,0x00,0x00,0x01,0x00,0x02,0x00,0x00,0x00,0x00,0x00,0x00,0x00,0x00,0x00,
	0x00,0x00,0x00,0x00,0x00,0x00,0x00,0x00,0x04,0x19,0x42,0x08,0x00,0x00,0x00,0x00,0x00,0x00,0x00,0x00,0x00,0x00,0x00,0x00,0x00,0x00,0x41,0x00,0xA2,0x10,0x82,0x08,0x62,0x08,0x62,0x08,0x41,0x08,0x40,0x08,0x81,0x08,0x06,0x42,0x64,0x21,0x05,0x42,0x26,0x4A,0x21,0x00,0x00,0x00,0x00,0x00,0x00,0x00,0x00,0x00,0x00,0x00,0x00,0x00,
	0x00,0x00,0x00,0x00,0x00,0x00,0x00,0x00,0x00,0x00,0x00,0x00,0x00,0x00,0x00,0x00,0x00,0x00,0x00,0x00,0x00,0x00,0x00,0x00,0x00,0x00,0x00,0x00,0x00,0x00,0x00,0x00,0x00,0x00,0x00,0x00,0x00,0x00,0x00,0x00,0xA4,0x18,0x26,0x21,0xA5,0x18,0xE5,0x18,0x66,0x29,0x46,0x29,0x66,0x29,0x66,0x29,0x47,0x29,0x66,0x29,0x87,0x31,0xE9,0x41,
	0x0A,0x4A,0xE9,0x41,0x67,0x29,0x46,0x29,0x67,0x29,0x87,0x31,0x66,0x29,0x46,0x31,0x45,0x29,0x83,0x10,0x00,0x00,0x00,0x00,0x00,0x00,0x00,0x00,0x00,0x00,0x00,0x00,0x00,0x00,0x00,0x00,0x00,0x00,0x00,0x00,0x00,0x00,0x62,0x08,0x66,0x29,0x46,0x29,0x66,0x29,0x46,0x29,0x66,0x29,0x66,0x29,0x25,0x21,0x80,0x10,0x67,0x29,0x46,0x29,
	0x66,0x29,0x66,0x29,0x26,0x21,0x05,0x21,0x45,0x21,0x00,0x00,0x00,0x00,0x00,0x00,0x00,0x00,0x00,0x00,0x22,0x08,0x02,0x08,0x03,0x08,0x63,0x08,0x23,0x08,0x43,0x08,0x23,0x08,0x64,0x08,0x64,0x10,0x44,0x10,0x43,0x08,0x43,0x08,0x43,0x08,0x43,0x08,0x43,0x00,0x43,0x08,0x43,0x08,0x43,0x08,0x43,0x00,0x43,0x08,0x43,0x08,0x23,0x08,
	0x43,0x08,0x43,0x08,0x63,0x08,0x43,0x08,0x23,0x08,0x43,0x08,0x63,0x10,0x43,0x00,0x43,0x08,0x43,0x08,0x23,0x08,0x43,0x08,0x43,0x08,0x43,0x08,0x43,0x08,0x43,0x08,0x43,0x08,0x43,0x08,0x43,0x08,0x43,0x08,0x43,0x08,0x63,0x08,0x43,0x08,0x43,0x08,0x23,0x08,0x43,0x08,0x23,0x08,0x22,0x00,0x01,0x00,0x00,0x00,0x00,0x00,0x00,0x00,
	0x00,0x00,0x00,0x00,0x00,0x00,0x62,0x08,0x0F,0x7C,0x2D,0x6B,0x00,0x00,0x00,0x00,0x00,0x00,0x00,0x00,0x00,0x00,0x00,0x00,0x00,0x00,0x00,0x00,0xA2,0x10,0x62,0x08,0x62,0x08,0x62,0x08,0x41,0x00,0x21,0x00,0x00,0x00,0xA1,0x10,0xE5,0x39,0x44,0x21,0x05,0x42,0x46,0x4A,0xE3,0x18,0x20,0x00,0x00,0x00,0x00,0x00,0x00,0x00,0x00,0x00,
	0x00,0x00,0x00,0x00,0x00,0x00,0x00,0x00,0x00,0x00,0x00,0x00,0x00,0x00,0x00,0x00,0x00,0x00,0x00,0x00,0x00,0x00,0x00,0x00,0x00,0x00,0x00,0x00,0x00,0x00,0x00,0x00,0x00,0x00,0x00,0x00,0x00,0x00,0x00,0x00,0x00,0x00,0xA4,0x18,0x25,0x21,0xC4,0x18,0x46,0x29,0x66,0x29,0x66,0x29,0x66,0x29,0x66,0x29,0x46,0x29,0x66,0x29,0x46,0x29,
	0x66,0x29,0x66,0x29,0x66,0x29,0x67,0x29,0x67,0x31,0x67,0x29,0xE4,0x20,0x20,0x00,0x00,0x00,0x00,0x00,0x00,0x00,0x00,0x00,0x00,0x08,0x00,0x08,0x00,0x10,0x00,0x18,0x00,0x18,0x00,0x18,0x00,0x18,0x00,0x10,0x41,0x18,0x46,0x21,0x66,0x21,0x46,0x21,0x46,0x21,0x66,0x29,0x66,0x29,0x25,0x21,0x83,0x08,0x67,0x29,0x46,0x29,0x46,0x29,
	0x46,0x29,0x46,0x29,0xA5,0x18,0x25,0x21,0x21,0x00,0x00,0x00,0x00,0x00,0x00,0x00,0x00,0x00,0x00,0x00,0x02,0x00,0x01,0x00,0x01,0x00,0x02,0x00,0x23,0x08,0x43,0x08,0x43,0x08,0x64,0x10,0x64,0x10,0x43,0x08,0x43,0x08,0x22,0x08,0x22,0x08,0x01,0x00,0x21,0x00,0x21,0x00,0x21,0x00,0x22,0x00,0x21,0x00,0x22,0x08,0x22,0x00,0x21,0x00,
	0x21,0x00,0x21,0x00,0x22,0x00,0x41,0x08,0x22,0x00,0x62,0x08,0x42,0x08,0x42,0x08,0x41,0x08,0x42,0x08,0x42,0x08,0x41,0x08,0x41,0x08,0x42,0x08,0x62,0x08,0x42,0x08,0x42,0x08,0x42,0x08,0x42,0x08,0x42,0x08,0x42,0x08,0x42,0x08,0x42,0x08,0x42,0x08,0x22,0x00,0x42,0x08,0x41,0x08,0x21,0x00,0x00,0x00,0x00,0x00,0x00,0x00,0x00,0x00,
	0x00,0x00,0x00,0x00,0x00,0x00,0x00,0x00,0x66,0x29,0xA3,0x10,0x00,0x00,0x01,0x00,0x00,0x00,0x00,0x00,0x00,0x00,0x00,0x00,0x00,0x00,0x00,0x00,0x20,0x00,0x62,0x08,0x61,0x08,0x60,0x08,0x60,0x08,0x20,0x00,0x00,0x00,0x00,0x00,0xA1,0x10,0xC5,0x39,0xA4,0x29,0xA4,0x31,0x26,0x4A,0xA4,0x31,0x40,0x00,0x00,0x00,0x00,0x00,0x00,0x00,
	0x00,0x00,0x00,0x00,0x00,0x00,0x00,0x00,0x00,0x00,0x00,0x00,0x00,0x00,0x00,0x00,0x00,0x00,0x00,0x00,0x00,0x00,0x00,0x00,0x00,0x00,0x00,0x00,0x00,0x00,0x00,0x00,0x00,0x00,0x00,0x00,0x00,0x00,0x00,0x00,0x00,0x00,0x20,0x00,0x46,0x29,0xA5,0x18,0x46,0x29,0x46,0x29,0x66,0x29,0x66,0x29,0x46,0x29,0x47,0x29,0x46,0x29,0x47,0x29,
	0x47,0x29,0x67,0x29,0x87,0x31,0x86,0x31,0x26,0x21,0x61,0x08,0x00,0x00,0x00,0x00,0x00,0x00,0x00,0x08,0x00,0x18,0x00,0x18,0x00,0x20,0x00,0x18,0x00,0x30,0x00,0x38,0x00,0x40,0x00,0x40,0x00,0x40,0x41,0x28,0x66,0x21,0x66,0x21,0x66,0x21,0x46,0x21,0x66,0x21,0x26,0x21,0x45,0x21,0x62,0x08,0x45,0x21,0x46,0x29,0x66,0x29,0x46,0x29,
	0x46,0x29,0xE5,0x20,0x45,0x21,0x21,0x08,0x00,0x00,0x00,0x00,0x00,0x00,0x00,0x00,0x00,0x00,0x00,0x00,0x00,0x00,0x01,0x00,0x01,0x00,0x01,0x00,0x02,0x00,0x43,0x08,0x43,0x08,0x43,0x08,0x43,0x08,0x22,0x08,0x01,0x00,0x41,0x00,0x04,0x19,0x66,0x29,0x66,0x29,0x87,0x29,0x66,0x29,0x67,0x29,0x66,0x29,0x67,0x29,0x66,0x29,0x67,0x29,
	0x87,0x29,0x88,0x31,0x68,0x29,0x67,0x29,0x66,0x29,0x67,0x31,0x27,0x29,0x46,0x29,0x66,0x29,0x66,0x29,0x66,0x21,0x46,0x29,0x26,0x21,0x46,0x29,0x66,0x29,0x46,0x29,0x46,0x21,0x46,0x29,0x87,0x21,0x26,0x21,0x26,0x21,0x26,0x21,0x06,0x21,0x06,0x21,0x05,0x21,0x04,0x19,0x04,0x19,0xA4,0x10,0x22,0x08,0x00,0x00,0x00,0x00,0x00,0x00,
	0x00,0x00,0x00,0x00,0x00,0x00,0x00,0x00,0x00,0x00,0x00,0x00,0x01,0x00,0x01,0x00,0x00,0x00,0x01,0x00,0x00,0x00,0x00,0x00,0x00,0x00,0x00,0x00,0x00,0x00,0x00,0x00,0x62,0x08,0x61,0x08,0x41,0x00,0x40,0x08,0x21,0x00,0x41,0x00,0x00,0x00,0x41,0x00,0xC4,0x29,0xC5,0x31,0x04,0x21,0x26,0x4A,0x87,0x52,0x63,0x21,0x60,0x08,0x00,0x00,
	0x00,0x00,0x00,0x00,0x00,0x00,0x00,0x00,0x00,0x00,0x00,0x00,0x00,0x00,0x00,0x00,0x00,0x00,0x00,0x00,0x00,0x00,0x00,0x00,0x00,0x00,0x00,0x00,0x00,0x00,0x00,0x00,0x00,0x00,0x00,0x00,0x00,0x00,0x00,0x00,0x00,0x00,0x00,0x00,0x47,0x29,0xA5,0x18,0x46,0x29,0x46,0x29,0x66,0x29,0x46,0x29,0x46,0x29,0x67,0x29,0x46,0x29,0x47,0x29,
	0x46,0x29,0x67,0x29,0x66,0x29,0xC4,0x18,0x00,0x00,0x00,0x00,0x00,0x00,0x00,0x08,0x00,0x18,0x00,0x10,0x00,0x28,0x00,0x60,0x00,0x90,0x00,0x98,0x00,0xA8,0x00,0xA8,0x00,0xA8,0x20,0x98,0x80,0x68,0x67,0x29,0x66,0x21,0x66,0x21,0x66,0x21,0x46,0x21,0x46,0x21,0x66,0x21,0x66,0x21,0x66,0x21,0x66,0x21,0x66,0x29,0x66,0x29,0x26,0x29,
	0xE5,0x20,0x46,0x29,0x00,0x00,0x00,0x00,0x00,0x00,0x01,0x00,0x01,0x00,0x01,0x00,0x22,0x08,0x22,0x08,0x43,0x08,0x43,0x08,0x43,0x08,0x64,0x10,0x64,0x10,0x64,0x10,0x43,0x08,0x43,0x08,0x01,0x00,0x20,0x00,0x25,0x21,0x06,0x21,0xE6,0x20,0xE6,0x20,0xE6,0x20,0xE4,0x18,0xC5,0x18,0xA5,0x18,0xE4,0x18,0xC4,0x18,0xA5,0x18,0xE5,0x18,
	0xE5,0x18,0xE5,0x18,0xA5,0x18,0xE4,0x18,0xC5,0x18,0xE5,0x18,0xE5,0x18,0xC5,0x18,0xE4,0x18,0xE5,0x18,0xE5,0x18,0xC4,0x18,0xE5,0x18,0xE5,0x18,0xE5,0x18,0xE4,0x18,0xE5,0x18,0xC5,0x18,0xE5,0x18,0xE4,0x18,0xC4,0x18,0xA5,0x18,0xE4,0x18,0xE4,0x18,0xA5,0x18,0xA5,0x18,0xC4,0x10,0x63,0x08,0x01,0x00,0x00,0x00,0x00,0x00,0x00,0x00,
	0x00,0x00,0x00,0x00,0x00,0x00,0x00,0x00,0x00,0x00,0x00,0x00,0x00,0x00,0x01,0x00,0x01,0x00,0x00,0x00,0x00,0x00,0x00,0x00,0x00,0x00,0x00,0x00,0x00,0x00,0x00,0x00,0x40,0x08,0x41,0x00,0x41,0x00,0x40,0x08,0x41,0x00,0x00,0x00,0x00,0x00,0x20,0x00,0x21,0x00,0x43,0x21,0xE5,0x41,0x84,0x29,0xC5,0x39,0x87,0x4A,0x87,0x4A,0x64,0x21,
	0x82,0x10,0x21,0x00,0x00,0x00,0x00,0x00,0x00,0x00,0x00,0x00,0x00,0x00,0x00,0x00,0x00,0x00,0x00,0x00,0x00,0x00,0x00,0x00,0x00,0x00,0x00,0x00,0x00,0x00,0x00,0x00,0x00,0x00,0x00,0x00,0x00,0x00,0x00,0x00,0x00,0x00,0x00,0x00,0x47,0x29,0xA5,0x18,0x46,0x29,0x46,0x29,0x66,0x29,0x46,0x29,0x46,0x29,0x67,0x29,0x47,0x29,0x66,0x29,
	0x66,0x29,0x47,0x29,0xA3,0x10,0x00,0x00,0x00,0x00,0x00,0x00,0x00,0x10,0x00,0x18,0x00,0x30,0x00,0x90,0x20,0xD8,0x20,0xD8,0x20,0xD8,0x00,0xD0,0x00,0xD0,0x00,0xD0,0x20,0xC8,0xE0,0x88,0x66,0x21,0x66,0x21,0x66,0x21,0x66,0x21,0x66,0x21,0x66,0x21,0x46,0x29,0x66,0x21,0x66,0x21,0x66,0x21,0x46,0x21,0x66,0x21,0x46,0x21,0xE4,0x18,
	0x45,0x21,0x60,0x08,0x00,0x00,0x00,0x00,0x01,0x00,0x01,0x00,0x01,0x00,0x22,0x08,0x22,0x08,0x21,0x00,0x22,0x08,0x43,0x08,0x64,0x10,0x23,0x08,0x23,0x08,0x23,0x08,0x43,0x08,0x22,0x00,0x21,0x10,0x46,0x21,0xE6,0x20,0xE4,0x18,0xE6,0x20,0x07,0x21,0xE6,0x20,0xC4,0x18,0xC5,0x18,0xE4,0x18,0xC4,0x18,0xA4,0x18,0xE4,0x18,0xC5,0x18,
	0xC4,0x18,0xE4,0x18,0xE4,0x18,0xA5,0x18,0xE4,0x18,0xE5,0x18,0xC5,0x18,0xC5,0x18,0xE4,0x18,0xE5,0x18,0xC5,0x18,0xE4,0x18,0xC4,0x18,0xA4,0x18,0xE4,0x18,0xE4,0x18,0xC5,0x18,0xE6,0x20,0xE5,0x18,0xC5,0x18,0xC5,0x18,0xE4,0x18,0xE4,0x18,0xC4,0x18,0xA5,0x18,0xC5,0x18,0xC4,0x10,0x43,0x08,0x00,0x00,0x00,0x00,0x00,0x00,0x00,0x00,
	0x00,0x00,0x00,0x00,0x00,0x00,0x00,0x00,0x00,0x00,0x62,0x08,0xC7,0x31,0x01,0x00,0x01,0x00,0x01,0x00,0x00,0x00,0x00,0x00,0x00,0x00,0x00,0x00,0x00,0x00,0x00,0x00,0x00,0x00,0x00,0x00,0x21,0x00,0x00,0x00,0x00,0x00,0x21,0x00,0x20,0x00,0x00,0x00,0x00,0x00,0x40,0x08,0x81,0x10,0x84,0x29,0xC4,0x31,0x24,0x21,0xA5,0x31,0x67,0x42,
	0x67,0x4A,0x26,0x3A,0x83,0x29,0xA2,0x10,0x41,0x08,0x20,0x00,0x20,0x00,0x20,0x00,0x00,0x00,0x00,0x00,0x00,0x00,0x00,0x00,0x20,0x00,0x40,0x08,0x81,0x08,0x00,0x00,0x00,0x00,0x00,0x00,0x00,0x00,0x00,0x00,0x00,0x00,0x00,0x00,0x47,0x29,0xA4,0x18,0x46,0x29,0x66,0x29,0x66,0x29,0x46,0x29,0x46,0x29,0x47,0x29,0x47,0x29,0x46,0x29,
	0x67,0x29,0x61,0x10,0x00,0x00,0x00,0x00,0x00,0x10,0x00,0x18,0x00,0x20,0x00,0x70,0x00,0xD0,0x40,0xE8,0x00,0xE8,0x00,0xE8,0x00,0xE8,0x00,0xE0,0x00,0xD0,0x20,0xA8,0x00,0x90,0x45,0x21,0x66,0x21,0x66,0x21,0x66,0x21,0x66,0x21,0x66,0x21,0x66,0x21,0x66,0x21,0x46,0x21,0x26,0x21,0x66,0x21,0x66,0x21,0x26,0x21,0xE5,0x18,0x45,0x21,
	0x61,0x08,0x00,0x00,0x00,0x00,0xC6,0x39,0xF3,0x94,0xEF,0x7B,0xC3,0x10,0x2C,0x63,0xF3,0x9C,0x49,0x42,0x21,0x00,0x23,0x08,0x64,0x10,0x43,0x08,0x23,0x08,0x43,0x08,0x22,0x08,0x20,0x00,0x46,0x21,0xE6,0x20,0xE5,0x18,0xC5,0x18,0xC5,0x18,0xC5,0x18,0xE6,0x20,0xC5,0x18,0xC5,0x18,0xC5,0x18,0xC5,0x18,0xC5,0x18,0xC5,0x18,0xC5,0x18,
	0xA5,0x18,0xC4,0x18,0xE4,0x18,0xE5,0x18,0xC4,0x18,0xC4,0x18,0xE4,0x18,0xC4,0x18,0xC5,0x18,0xE4,0x18,0xE5,0x18,0xC5,0x18,0xE5,0x18,0xC4,0x18,0xE4,0x18,0xE5,0x18,0xC4,0x18,0xC4,0x18,0xE5,0x20,0xC4,0x18,0xA5,0x18,0xA4,0x18,0xE4,0x18,0xA5,0x18,0xA5,0x18,0xA4,0x18,0xA4,0x10,0x62,0x08,0x00,0x00,0x00,0x00,0x00,0x00,0x00,0x00,
	0x00,0x00,0x00,0x00,0x00,0x00,0x00,0x00,0x00,0x00,0xCB,0x5A,0x91,0x8C,0xE4,0x10,0x01,0x00,0x01,0x00,0x00,0x00,0x00,0x00,0x00,0x00,0x00,0x00,0x00,0x00,0x00,0x00,0x00,0x00,0x00,0x00,0x00,0x00,0x20,0x00,0x20,0x00,0x00,0x00,0x00,0x00,0x00,0x00,0x00,0x00,0x00,0x00,0x00,0x00,0x20,0x00,0xC2,0x10,0xA4,0x31,0xE5,0x39,0xA4,0x29,
	0x45,0x21,0xC6,0x31,0x05,0x5A,0x67,0x4A,0x46,0x4A,0x26,0x42,0x26,0x42,0xE5,0x39,0x25,0x3A,0xE6,0x39,0x26,0x3A,0x26,0x42,0x06,0x42,0x26,0x4A,0xE5,0x41,0x00,0x00,0x00,0x00,0x00,0x00,0x00,0x00,0x00,0x00,0x00,0x00,0x00,0x00,0x46,0x29,0xC5,0x18,0x46,0x29,0x46,0x29,0x66,0x29,0x46,0x29,0x46,0x29,0x46,0x29,0x46,0x29,0x66,0x29,
	0x82,0x10,0x00,0x00,0x00,0x00,0x00,0x10,0x00,0x20,0x00,0x48,0x20,0xB8,0x00,0xE8,0x20,0xE8,0x61,0xF0,0x00,0xE8,0x00,0xD0,0x40,0x90,0x00,0x78,0x00,0x60,0x00,0x50,0x04,0x31,0x66,0x21,0x66,0x21,0x66,0x21,0x66,0x21,0x66,0x21,0x46,0x21,0x26,0x21,0x46,0x21,0x66,0x21,0x66,0x21,0x66,0x21,0x66,0x21,0xE5,0x18,0x45,0x19,0x41,0x00,
	0x00,0x00,0x00,0x00,0x41,0x08,0x95,0xAD,0xD6,0xB5,0xD6,0xB5,0x34,0xA5,0x54,0xA5,0xD6,0xB5,0xF6,0xAD,0x66,0x31,0x43,0x08,0x43,0x08,0x43,0x08,0x64,0x10,0x23,0x08,0x21,0x00,0x45,0x21,0xE6,0x20,0xE6,0x20,0xE6,0x20,0xA5,0x18,0xE6,0x20,0xC5,0x18,0xC5,0x18,0xE6,0x20,0xC5,0x18,0xC5,0x18,0xC5,0x18,0xC5,0x18,0xE4,0x18,0xC5,0x18,
	0xC4,0x18,0xC4,0x18,0xE5,0x18,0xC5,0x18,0xC4,0x18,0xE5,0x18,0xC5,0x18,0xC4,0x18,0xC4,0x18,0xC5,0x18,0xC4,0x18,0xC4,0x18,0xC5,0x18,0xC4,0x18,0xC4,0x18,0xC4,0x18,0xC4,0x18,0xE4,0x18,0xC4,0x18,0xC5,0x18,0xA5,0x18,0xC5,0x18,0xE4,0x18,0xC5,0x18,0xC5,0x18,0xE4,0x18,0x63,0x10,0x21,0x00,0x00,0x00,0x00,0x00,0x00,0x00,0x00,0x00,
	0x00,0x00,0x00,0x00,0x00,0x00,0x00,0x00,0x00,0x00,0x82,0x08,0x87,0x31,0x01,0x00,0x01,0x00,0x21,0x00,0x01,0x00,0x01,0x00,0x00,0x00,0x00,0x00,0x00,0x00,0x00,0x00,0x00,0x00,0x00,0x00,0x00,0x00,0x00,0x00,0x40,0x08,0x60,0x08,0x60,0x08,0x00,0x00,0x20,0x00,0x20,0x00,0x00,0x00,0x00,0x00,0x00,0x00,0x00,0x00,0xA0,0x10,0x44,0x21,
	0x05,0x3A,0x05,0x42,0x65,0x21,0xE4,0x18,0x85,0x29,0x86,0x29,0xE5,0x31,0x05,0x3A,0x26,0x4A,0x26,0x4A,0x26,0x42,0x05,0x3A,0x85,0x29,0x04,0x21,0xE3,0x18,0x00,0x00,0x00,0x00,0x00,0x00,0x00,0x00,0x00,0x00,0x00,0x00,0x00,0x00,0x47,0x29,0xA4,0x18,0x46,0x29,0x66,0x29,0x46,0x29,0x66,0x29,0x66,0x29,0x46,0x29,0x46,0x29,0xA3,0x10,
	0x00,0x00,0x00,0x00,0x00,0x10,0x00,0x20,0x00,0x50,0x00,0xD8,0x00,0xE8,0x00,0xE8,0x00,0xE8,0x00,0xE8,0x00,0xA0,0x00,0x50,0x00,0x50,0x00,0x58,0x20,0x50,0x45,0x29,0x66,0x21,0x66,0x21,0x46,0x21,0x46,0x29,0x66,0x21,0x66,0x21,0x46,0x21,0x66,0x21,0x26,0x21,0x46,0x21,0x66,0x21,0x26,0x21,0x04,0x19,0x67,0x29,0x00,0x00,0x00,0x00,
	0x00,0x00,0x00,0x00,0x62,0x08,0xD6,0xB5,0x74,0xA5,0xC7,0x31,0x2B,0x6B,0xCF,0x7B,0x75,0xAD,0xD6,0xB5,0x4A,0x4A,0x43,0x08,0x64,0x10,0x43,0x08,0x43,0x08,0x20,0x00,0xE5,0x20,0xE5,0x18,0x07,0x21,0xC3,0x18,0xEB,0x5A,0xAE,0x73,0x03,0x19,0xA3,0x18,0x49,0x4A,0xEF,0x7B,0xEF,0x7B,0xCE,0x73,0xA4,0x18,0xC3,0x18,0x6D,0x6B,0x6D,0x6B,
	0x04,0x21,0xA4,0x18,0xE5,0x18,0xA5,0x18,0xA5,0x18,0xE5,0x18,0xA4,0x18,0xA5,0x18,0xE5,0x18,0xA5,0x18,0xA5,0x18,0xC5,0x18,0xC5,0x18,0xA5,0x18,0xA5,0x18,0xC5,0x18,0xA5,0x18,0xA5,0x18,0xE4,0x18,0xC5,0x18,0xA5,0x18,0xA5,0x18,0xE4,0x18,0x8A,0x4A,0x47,0x29,0xC4,0x18,0x63,0x10,0x00,0x00,0x00,0x00,0x00,0x00,0x00,0x00,0x00,0x00,
	0x00,0x00,0x00,0x00,0x00,0x00,0x00,0x00,0x00,0x00,0x00,0x00,0x00,0x00,0x01,0x00,0x41,0x00,0x01,0x00,0x01,0x00,0x00,0x00,0x00,0x00,0x00,0x00,0x00,0x00,0x00,0x00,0x00,0x00,0x00,0x00,0x00,0x00,0x00,0x00,0x00,0x00,0x60,0x08,0x00,0x00,0x00,0x00,0x20,0x00,0x60,0x08,0x21,0x00,0x00,0x00,0x00,0x00,0x00,0x00,0x00,0x00,0x00,0x00,
	0x20,0x00,0xA1,0x10,0xC2,0x10,0x63,0x21,0xE5,0x39,0x05,0x42,0x05,0x42,0xC4,0x29,0x84,0x29,0x84,0x41,0xA4,0x29,0xA5,0x31,0xE5,0x39,0xC4,0x31,0x43,0x21,0x00,0x00,0x00,0x00,0x00,0x00,0x00,0x00,0x00,0x00,0x00,0x00,0x00,0x00,0x46,0x29,0xA4,0x18,0x46,0x29,0x66,0x29,0x46,0x29,0x46,0x29,0x46,0x29,0x66,0x29,0x25,0x21,0x00,0x00,
	0x00,0x00,0x00,0x10,0x00,0x20,0x00,0x58,0x00,0xD8,0xA1,0xF0,0xA1,0xF0,0x61,0xF0,0x00,0xB8,0x00,0x60,0x00,0x58,0x00,0x50,0x00,0x30,0x62,0x08,0x66,0x21,0x66,0x21,0x66,0x21,0x66,0x21,0x66,0x21,0x46,0x21,0x66,0x21,0x66,0x21,0x66,0x21,0x66,0x21,0x66,0x21,0x66,0x21,0x46,0x21,0xE4,0x18,0x45,0x19,0x41,0x00,0x00,0x00,0x00,0x00,
	0x01,0x00,0x01,0x00,0x21,0x00,0x86,0x31,0x0C,0x63,0xE9,0x5A,0x29,0x4A,0xA5,0x31,0x4D,0x6B,0xAE,0x73,0x22,0x00,0x63,0x10,0x43,0x08,0x22,0x08,0x00,0x00,0x06,0x21,0xE5,0x20,0xE6,0x20,0x26,0x21,0xE7,0x39,0xEB,0x5A,0xC3,0x18,0x30,0x84,0xC4,0x18,0x69,0x4A,0x28,0x42,0x24,0x21,0xCE,0x73,0xA3,0x18,0x8E,0x73,0xE7,0x39,0xC7,0x39,
	0x0C,0x63,0xE5,0x18,0xE5,0x18,0xE4,0x18,0xA5,0x18,0xE5,0x18,0xE4,0x18,0xA5,0x18,0xE5,0x18,0xE4,0x18,0xC5,0x18,0xC5,0x18,0xE4,0x18,0xA5,0x18,0xA5,0x18,0xE5,0x18,0xC5,0x18,0xA5,0x18,0xE4,0x18,0xE4,0x18,0xA6,0x18,0xC5,0x18,0xCB,0x5A,0x6D,0x6B,0x27,0x29,0xC4,0x10,0x62,0x08,0x00,0x00,0x00,0x00,0x00,0x00,0x00,0x00,0x00,0x00,
	0x00,0x00,0x00,0x00,0x00,0x00,0x00,0x00,0x00,0x00,0x00,0x00,0x00,0x00,0x01,0x00,0x41,0x00,0x41,0x00,0x01,0x00,0x01,0x00,0x00,0x00,0x00,0x00,0x00,0x00,0x00,0x00,0x00,0x00,0x00,0x00,0x00,0x00,0x00,0x00,0x00,0x00,0x00,0x00,0x00,0x00,0x00,0x00,0x00,0x00,0x00,0x00,0x00,0x08,0x00,0x00,0x00,0x00,0x21,0x00,0x20,0x00,0x20,0x00,
	0x00,0x00,0x00,0x00,0x00,0x00,0x20,0x00,0x00,0x00,0x81,0x08,0x61,0x10,0x81,0x08,0x81,0x08,0xA1,0x08,0x61,0x08,0x41,0x00,0x60,0x08,0x00,0x00,0x00,0x00,0x00,0x00,0x00,0x00,0x00,0x00,0x00,0x00,0x00,0x00,0x00,0x00,0x00,0x00,0x26,0x29,0xA4,0x18,0x46,0x29,0x66,0x29,0x66,0x29,0x46,0x29,0x47,0x29,0x46,0x29,0x00,0x08,0x00,0x00,
	0x00,0x08,0x00,0x20,0x00,0x50,0x00,0xE0,0x40,0xE8,0xE2,0xF8,0x81,0xF0,0x00,0xA8,0x00,0x60,0x00,0x58,0x00,0x30,0x00,0x00,0x42,0x00,0x45,0x21,0x66,0x21,0x66,0x21,0x66,0x21,0x66,0x21,0x66,0x21,0x66,0x21,0x46,0x21,0x66,0x21,0x66,0x21,0x66,0x21,0x66,0x21,0x46,0x21,0x26,0x21,0x45,0x21,0x42,0x00,0x00,0x00,0x00,0x00,0x00,0x00,
	0x01,0x00,0x21,0x00,0x21,0x00,0x62,0x08,0x50,0x84,0x75,0xAD,0x91,0x94,0x6D,0x6B,0x13,0x9D,0xE4,0x18,0x63,0x08,0x22,0x08,0x22,0x08,0x20,0x00,0x04,0x19,0xE6,0x20,0xE6,0x20,0x26,0x21,0xE6,0x20,0x28,0x42,0x28,0x42,0xC3,0x18,0x30,0x84,0xC4,0x18,0xC3,0x18,0xC3,0x18,0x0C,0x63,0x69,0x4A,0xA4,0x18,0xC3,0x18,0xC3,0x18,0x28,0x42,
	0xCB,0x5A,0xC5,0x18,0xE4,0x18,0xC4,0x18,0xC5,0x18,0xE4,0x18,0xA4,0x18,0xC5,0x18,0xE5,0x18,0xE5,0x18,0xA5,0x18,0xE5,0x18,0xE5,0x18,0xA5,0x18,0xC5,0x18,0xE4,0x18,0xC5,0x18,0xC5,0x18,0xE5,0x18,0xC5,0x18,0xC5,0x18,0xE5,0x18,0x4A,0x4A,0x6D,0x6B,0x47,0x29,0x64,0x10,0x41,0x00,0x00,0x00,0x00,0x00,0x00,0x00,0x00,0x00,0x00,0x00,
	0x00,0x00,0x00,0x00,0x00,0x00,0x00,0x00,0x00,0x00,0x00,0x00,0x00,0x00,0x01,0x00,0x21,0x00,0x21,0x00,0x21,0x00,0x21,0x00,0x01,0x00,0x00,0x00,0x00,0x00,0x00,0x00,0x00,0x00,0x00,0x00,0x00,0x00,0x00,0x00,0x00,0x00,0x00,0x00,0x00,0x00,0x00,0x00,0x00,0x00,0x20,0x00,0x21,0x00,0x20,0x00,0x00,0x00,0x00,0x00,0x21,0x00,0x00,0x00,
	0x00,0x00,0x00,0x00,0x20,0x00,0x00,0x00,0x00,0x00,0x00,0x00,0x00,0x00,0x00,0x00,0x00,0x00,0x00,0x00,0x00,0x00,0x00,0x00,0x00,0x00,0x00,0x00,0x00,0x00,0x00,0x00,0x00,0x00,0x00,0x00,0x00,0x00,0x00,0x00,0x00,0x00,0x00,0x00,0x26,0x29,0xE4,0x18,0x46,0x29,0x46,0x29,0x46,0x29,0x66,0x29,0x46,0x29,0xA3,0x10,0x00,0x00,0x00,0x00,
	0x00,0x20,0x00,0x48,0x00,0xD8,0xE2,0xF8,0x61,0xF0,0x40,0xE8,0x00,0x90,0x00,0x60,0x00,0x50,0x00,0x18,0x00,0x00,0x83,0x10,0x46,0x21,0x66,0x21,0x66,0x21,0x66,0x21,0x66,0x21,0x66,0x21,0x66,0x21,0x66,0x21,0x66,0x21,0x66,0x21,0x46,0x21,0x66,0x21,0x46,0x21,0x64,0x21,0x65,0x21,0x61,0x08,0x00,0x00,0x00,0x00,0x00,0x00,0x00,0x00,
	0x21,0x00,0x62,0x00,0x22,0x00,0x22,0x00,0x41,0x00,0x0F,0x7C,0xD6,0xB5,0x74,0xA5,0x04,0x19,0x63,0x08,0x41,0x00,0x42,0x08,0x21,0x00,0x25,0x21,0xE6,0x20,0xE6,0x20,0x06,0x21,0xE6,0x20,0x06,0x21,0x28,0x42,0x28,0x42,0xC3,0x18,0x30,0x84,0xC3,0x18,0xC3,0x18,0xC3,0x18,0x50,0x84,0xC3,0x18,0xC3,0x18,0xC3,0x18,0x04,0x21,0x0F,0x7C,
	0x04,0x21,0xE3,0x18,0xE4,0x18,0xE4,0x18,0xE4,0x18,0xE4,0x18,0xE4,0x18,0xE4,0x18,0xE4,0x18,0xA4,0x18,0xE4,0x18,0xE4,0x18,0xC4,0x18,0xE4,0x18,0xE4,0x18,0xC4,0x18,0xE4,0x18,0xE5,0x18,0xE5,0x18,0xE4,0x18,0xE4,0x18,0xC4,0x18,0xE4,0x18,0x08,0x3A,0x06,0x21,0x62,0x08,0x20,0x00,0x00,0x00,0x00,0x00,0x00,0x00,0x00,0x00,0x00,0x00,
	0x00,0x00,0x00,0x00,0x00,0x00,0x00,0x00,0x00,0x00,0x00,0x00,0x00,0x00,0x01,0x00,0x21,0x00,0x62,0x08,0x22,0x00,0x21,0x00,0x01,0x00,0x01,0x00,0x01,0x00,0x00,0x00,0x00,0x00,0x00,0x00,0x00,0x00,0x00,0x00,0x00,0x00,0x00,0x00,0x00,0x00,0x00,0x00,0x00,0x00,0x00,0x00,0x00,0x00,0x40,0x08,0x21,0x00,0x00,0x00,0x00,0x00,0x20,0x00,
	0x20,0x00,0x00,0x00,0x20,0x00,0x41,0x00,0x00,0x00,0x00,0x08,0x21,0x00,0x20,0x00,0x20,0x00,0x00,0x00,0x00,0x00,0x21,0x00,0x00,0x00,0x60,0x08,0x00,0x00,0x00,0x00,0x00,0x00,0x00,0x00,0x00,0x00,0x00,0x00,0x00,0x00,0x00,0x00,0x46,0x29,0xA4,0x18,0x26,0x29,0x66,0x29,0x66,0x29,0x46,0x29,0x46,0x29,0x00,0x00,0x00,0x00,0x00,0x10,
	0x00,0x28,0x00,0xD0,0xE2,0xF8,0xE2,0xF8,0x60,0xE8,0xE0,0xA0,0x00,0x60,0x00,0x58,0x00,0x08,0x00,0x00,0xC3,0x10,0x67,0x21,0x66,0x21,0x66,0x29,0x66,0x21,0x26,0x21,0x66,0x21,0x66,0x21,0x66,0x21,0x66,0x21,0x66,0x21,0x66,0x21,0x06,0x21,0x66,0x21,0x26,0x21,0x04,0x19,0x62,0x08,0x00,0x00,0x00,0x00,0x00,0x00,0x01,0x00,0x01,0x00,
	0x42,0x00,0x22,0x00,0x42,0x00,0x21,0x00,0x41,0x00,0x62,0x08,0x8E,0x73,0xE4,0x18,0x21,0x00,0x01,0x00,0x22,0x08,0x21,0x00,0xC5,0x18,0xE5,0x18,0xE4,0x18,0xE6,0x20,0xE6,0x20,0xE6,0x20,0xE6,0x20,0x28,0x42,0x28,0x42,0xC3,0x18,0x30,0x84,0xC3,0x18,0xC3,0x18,0xA6,0x31,0xCE,0x73,0xC3,0x18,0xA3,0x18,0xC3,0x18,0x30,0x84,0x86,0x31,
	0xC3,0x18,0xC4,0x18,0xA4,0x10,0xA4,0x18,0xC4,0x18,0x64,0x10,0xA4,0x18,0xC4,0x18,0x84,0x10,0xA4,0x18,0xA4,0x18,0xC4,0x18,0x84,0x10,0xA4,0x18,0xC4,0x18,0xC4,0x18,0xA4,0x18,0xC5,0x18,0xC4,0x18,0x84,0x10,0xA4,0x18,0xA4,0x18,0xE4,0x18,0xC4,0x18,0x64,0x10,0x01,0x00,0x00,0x00,0x00,0x00,0x00,0x00,0x00,0x00,0x00,0x00,0x00,0x00,
	0x00,0x00,0x00,0x00,0x00,0x00,0x00,0x00,0x00,0x00,0x00,0x00,0x00,0x00,0x00,0x00,0x21,0x00,0x41,0x00,0x22,0x08,0x42,0x00,0x01,0x00,0x21,0x00,0x00,0x00,0x00,0x00,0x00,0x00,0x00,0x00,0x00,0x00,0x00,0x00,0x00,0x00,0x00,0x00,0x00,0x00,0x00,0x00,0x00,0x00,0x00,0x00,0x00,0x00,0x00,0x00,0x00,0x00,0x60,0x08,0x00,0x00,0x00,0x00,
	0x00,0x00,0x00,0x00,0x00,0x00,0x20,0x00,0x00,0x00,0x00,0x00,0x41,0x00,0x00,0x00,0x21,0x00,0x00,0x00,0x60,0x08,0x00,0x00,0x00,0x00,0x00,0x00,0x00,0x00,0x00,0x00,0x00,0x00,0x00,0x00,0x00,0x00,0x00,0x00,0x00,0x00,0x00,0x00,0x46,0x29,0xA4,0x18,0x46,0x29,0x66,0x29,0x66,0x29,0x47,0x29,0x62,0x08,0x00,0x00,0x00,0x00,0x00,0x20,
	0x00,0x70,0xC1,0xF0,0xE2,0xF8,0xE2,0xF8,0x00,0xC8,0x00,0x60,0x00,0x50,0x00,0x10,0x00,0x00,0xE5,0x18,0x66,0x21,0x66,0x29,0x66,0x21,0x66,0x21,0x66,0x21,0x45,0x19,0x25,0x19,0xC5,0x18,0x25,0x19,0x45,0x21,0x46,0x21,0x66,0x21,0x66,0x21,0x66,0x21,0x06,0x21,0xE4,0x18,0x00,0x00,0x00,0x00,0x00,0x00,0x00,0x00,0x01,0x00,0x21,0x00,
	0x01,0x00,0x41,0x00,0x42,0x00,0x42,0x00,0x43,0x00,0x22,0x08,0x01,0x00,0x22,0x00,0x21,0x00,0x43,0x08,0x01,0x00,0xE4,0x18,0xE4,0x18,0xE4,0x18,0xE4,0x18,0xC5,0x18,0xE4,0x18,0xE5,0x18,0xE5,0x18,0x65,0x29,0x30,0x84,0x6D,0x6B,0x8D,0x6B,0xC3,0x18,0xC3,0x18,0xCE,0x73,0x86,0x31,0xC3,0x18,0x83,0x10,0x6D,0x6B,0xEF,0x7B,0xCA,0x52,
	0x28,0x42,0xA3,0x10,0x64,0x10,0xC4,0x10,0x84,0x10,0x64,0x10,0x64,0x10,0xA4,0x10,0x84,0x10,0x64,0x10,0x64,0x10,0x64,0x10,0xA4,0x10,0xC4,0x10,0x84,0x10,0xA4,0x18,0xA4,0x18,0xA4,0x10,0xC4,0x10,0x84,0x10,0x84,0x10,0x64,0x10,0x64,0x10,0x64,0x10,0x62,0x08,0x00,0x00,0x00,0x00,0x00,0x00,0x00,0x00,0x00,0x00,0x00,0x00,0x00,0x00,
	0x00,0x00,0x00,0x00,0x00,0x00,0x00,0x00,0x00,0x00,0x00,0x00,0x00,0x00,0x00,0x00,0x00,0x00,0x21,0x00,0x62,0x08,0x21,0x00,0x21,0x00,0x01,0x00,0x01,0x00,0x01,0x00,0x00,0x00,0x00,0x00,0x00,0x00,0x00,0x00,0x00,0x00,0x00,0x00,0x00,0x00,0x00,0x00,0x00,0x00,0x00,0x00,0x00,0x00,0x00,0x00,0x00,0x00,0x00,0x00,0x00,0x00,0x00,0x00,
	0x00,0x00,0x00,0x00,0x20,0x00,0x00,0x00,0x20,0x08,0x00,0x00,0x20,0x00,0x21,0x00,0x20,0x00,0x00,0x00,0x20,0x00,0x40,0x08,0x21,0x00,0x00,0x00,0x00,0x00,0x00,0x00,0x00,0x00,0x00,0x00,0x00,0x00,0x00,0x00,0x00,0x00,0x00,0x00,0x26,0x29,0xE4,0x18,0x26,0x21,0x66,0x29,0x66,0x29,0x46,0x29,0x00,0x00,0x00,0x00,0x00,0x10,0x00,0x30,
	0x20,0xC8,0xE2,0xF8,0xE2,0xF8,0x81,0xF0,0x40,0x80,0x00,0x58,0x00,0x10,0x00,0x00,0x25,0x21,0x66,0x29,0x66,0x21,0x66,0x21,0x66,0x21,0xE4,0x10,0x21,0x00,0x00,0x00,0x00,0x00,0x00,0x00,0x00,0x00,0x00,0x00,0x20,0x00,0x82,0x08,0x26,0x21,0x66,0x21,0x46,0x21,0x04,0x19,0xC2,0x10,0x00,0x00,0x00,0x00,0x00,0x00,0x00,0x00,0x01,0x00,
	0x21,0x00,0x01,0x00,0x21,0x00,0x22,0x00,0x22,0x00,0x02,0x00,0x01,0x00,0x01,0x00,0x01,0x00,0x00,0x00,0xC4,0x18,0xA4,0x10,0x84,0x10,0xC4,0x18,0xA4,0x18,0xA4,0x18,0xA4,0x10,0xC4,0x18,0xA4,0x18,0xA3,0x10,0xC3,0x18,0x66,0x29,0xA3,0x10,0xA3,0x10,0xA3,0x10,0x66,0x29,0xA3,0x10,0xA3,0x10,0x83,0x10,0x46,0x29,0x66,0x29,0x66,0x29,
	0x45,0x29,0x63,0x10,0x64,0x10,0x63,0x08,0x64,0x10,0x63,0x10,0x63,0x08,0x63,0x08,0x64,0x10,0x63,0x10,0x62,0x08,0x63,0x08,0x63,0x08,0x62,0x08,0x83,0x10,0x83,0x10,0x63,0x08,0x83,0x10,0x63,0x10,0x62,0x08,0x63,0x08,0x64,0x10,0x83,0x10,0x62,0x08,0x01,0x00,0x00,0x00,0x00,0x00,0x00,0x00,0x00,0x00,0x00,0x00,0x00,0x00,0x00,0x00,
	0x00,0x00,0x00,0x00,0x00,0x00,0x00,0x00,0x00,0x00,0x00,0x00,0x00,0x00,0x00,0x00,0x00,0x00,0x01,0x00,0x01,0x00,0x62,0x08,0x22,0x00,0x01,0x00,0x21,0x00,0x00,0x00,0x00,0x00,0x00,0x00,0x00,0x00,0x00,0x00,0x41,0x00,0x00,0x00,0x00,0x00,0x00,0x00,0x00,0x00,0x00,0x00,0x00,0x00,0x41,0x08,0x41,0x08,0x00,0x00,0x00,0x00,0x00,0x00,
	0x00,0x00,0x00,0x00,0x00,0x00,0x00,0x00,0x00,0x00,0x00,0x00,0x00,0x00,0x20,0x00,0x00,0x00,0x20,0x00,0x40,0x08,0x00,0x00,0x00,0x00,0x00,0x00,0x00,0x00,0x00,0x00,0x00,0x00,0x00,0x00,0x00,0x00,0x00,0x00,0x00,0x00,0x00,0x00,0x26,0x21,0xC5,0x18,0x46,0x29,0x46,0x29,0x66,0x29,0x04,0x19,0x00,0x00,0x00,0x00,0x00,0x28,0x00,0x60,
	0xC1,0xF0,0xE2,0xF8,0xE2,0xF8,0x00,0xB0,0x00,0x58,0x00,0x38,0x00,0x00,0xC3,0x10,0x66,0x21,0x66,0x21,0x66,0x21,0x26,0x19,0x61,0x08,0x00,0x00,0x00,0x00,0x00,0x00,0x00,0x00,0x00,0x00,0x00,0x00,0x00,0x00,0x00,0x00,0x00,0x00,0x20,0x00,0x05,0x19,0x66,0x21,0x26,0x21,0x25,0x19,0x42,0x08,0x00,0x00,0x00,0x00,0x00,0x00,0x00,0x00,
	0x00,0x00,0x00,0x00,0x01,0x00,0x01,0x00,0x01,0x00,0x01,0x00,0x00,0x00,0x01,0x00,0x20,0x00,0x83,0x10,0x64,0x10,0x64,0x10,0x64,0x10,0x64,0x10,0x64,0x10,0x64,0x10,0x64,0x10,0x84,0x10,0x84,0x10,0x64,0x10,0x62,0x08,0x62,0x08,0x62,0x08,0x64,0x10,0x63,0x08,0x62,0x08,0x62,0x08,0x63,0x08,0x63,0x10,0x82,0x10,0x62,0x08,0x63,0x10,
	0x62,0x08,0x64,0x10,0x83,0x10,0x63,0x08,0x63,0x10,0x83,0x10,0x63,0x08,0x63,0x08,0x62,0x08,0x63,0x08,0x62,0x08,0x62,0x08,0x62,0x08,0x62,0x08,0x62,0x08,0x62,0x08,0x62,0x08,0x62,0x08,0x62,0x08,0x62,0x08,0x62,0x08,0x62,0x08,0x62,0x08,0x01,0x00,0x00,0x00,0x00,0x00,0x00,0x00,0x00,0x00,0x00,0x00,0x00,0x00,0x00,0x00,0x00,0x00,
	0x00,0x00,0x00,0x00,0x00,0x00,0x00,0x00,0x00,0x00,0x00,0x00,0x00,0x00,0x00,0x00,0x00,0x00,0x01,0x00,0x01,0x00,0x41,0x00,0x22,0x00,0x01,0x00,0x01,0x00,0x00,0x00,0x00,0x00,0x00,0x00,0xC8,0x41,0xC7,0x39,0xE3,0x18,0x45,0x21,0xA3,0x10,0x00,0x00,0x00,0x00,0x00,0x00,0x00,0x00,0x85,0x29,0x29,0x4A,0x09,0x4A,0xE8,0x41,0xA5,0x31,
	0x82,0x08,0x00,0x00,0x00,0x00,0x00,0x00,0x00,0x00,0x00,0x00,0x00,0x00,0x00,0x00,0x00,0x00,0x00,0x00,0x00,0x00,0x00,0x00,0x00,0x00,0x00,0x00,0x00,0x00,0x00,0x00,0x00,0x00,0x00,0x00,0x00,0x00,0x00,0x00,0x00,0x00,0x00,0x00,0x46,0x29,0xC5,0x18,0x46,0x29,0x66,0x29,0x66,0x29,0x42,0x08,0x00,0x00,0x00,0x08,0x00,0x40,0x40,0xA8,
	0xE2,0xF8,0xE2,0xF8,0xC1,0xF0,0x00,0x68,0x00,0x58,0x00,0x08,0x62,0x08,0x66,0x21,0x66,0x29,0x66,0x21,0x45,0x21,0x00,0x00,0x00,0x00,0x00,0x00,0x00,0x00,0x00,0x00,0x00,0x00,0x00,0x00,0x00,0x08,0x00,0x00,0x00,0x00,0x00,0x00,0x00,0x00,0x00,0x00,0x04,0x19,0x66,0x21,0x45,0x19,0xE5,0x18,0x00,0x00,0x00,0x00,0x00,0x00,0x00,0x00,
	0x00,0x00,0x00,0x00,0x00,0x00,0x00,0x00,0x00,0x00,0x00,0x00,0x00,0x00,0x00,0x00,0x01,0x00,0x00,0x00,0x00,0x00,0x00,0x00,0x00,0x00,0x01,0x00,0x00,0x00,0x00,0x00,0x00,0x00,0x00,0x00,0x00,0x00,0x00,0x00,0x00,0x00,0x00,0x00,0x00,0x00,0x00,0x00,0x00,0x00,0x00,0x00,0x00,0x00,0x00,0x00,0x00,0x00,0x00,0x00,0x00,0x00,0x00,0x00,
	0x00,0x00,0x00,0x00,0x00,0x00,0x00,0x00,0x00,0x00,0x00,0x00,0x00,0x00,0x00,0x00,0x00,0x00,0x00,0x00,0x00,0x00,0x00,0x00,0x00,0x00,0x00,0x00,0x00,0x00,0x00,0x00,0x00,0x00,0x00,0x00,0x00,0x00,0x00,0x00,0x00,0x00,0x00,0x00,0x00,0x00,0x00,0x00,0x00,0x00,0x00,0x00,0x00,0x00,0x00,0x00,0x00,0x00,0x00,0x00,0x00,0x00,0x00,0x00,
	0x00,0x00,0x00,0x00,0x00,0x00,0x00,0x00,0x00,0x00,0x00,0x00,0x00,0x00,0x00,0x00,0x00,0x00,0x00,0x00,0x01,0x00,0x21,0x00,0x00,0x00,0x00,0x00,0x00,0x00,0x20,0x00,0xC8,0x39,0x88,0x5A,0xA3,0x10,0x00,0x00,0x00,0x00,0x00,0x00,0x45,0x21,0x40,0x08,0x00,0x00,0x00,0x00,0x00,0x00,0x45,0x21,0x4A,0x4A,0x2A,0x4A,0x09,0x4A,0x4A,0x4A,
	0xA7,0x31,0xC2,0x10,0x62,0x08,0x41,0x00,0x00,0x00,0x00,0x00,0x00,0x00,0x00,0x00,0x00,0x00,0x00,0x00,0x00,0x00,0x00,0x00,0x00,0x00,0x00,0x00,0x00,0x00,0x00,0x00,0x00,0x00,0x00,0x00,0x00,0x00,0x00,0x00,0x00,0x00,0x00,0x00,0x46,0x29,0xC5,0x18,0x26,0x21,0x46,0x29,0x46,0x29,0x00,0x00,0x00,0x00,0x00,0x18,0x00,0x48,0x40,0xE0,
	0xE2,0xF8,0xE2,0xF8,0x20,0xC8,0x00,0x60,0x00,0x30,0x00,0x00,0x66,0x21,0x66,0x21,0x66,0x21,0x46,0x21,0x00,0x00,0x00,0x00,0x00,0x00,0x00,0x00,0x00,0x00,0x00,0x00,0x00,0x00,0x00,0x00,0x00,0x00,0x00,0x00,0x00,0x00,0x00,0x00,0x00,0x00,0x00,0x00,0x20,0x00,0x45,0x19,0x66,0x21,0x46,0x21,0x06,0x21,0xE4,0x18,0xE4,0x18,0xE4,0x18,
	0xE4,0x18,0xC4,0x18,0xC5,0x18,0xC4,0x18,0xC4,0x18,0xC5,0x18,0xE4,0x18,0xE5,0x18,0xE5,0x18,0xE5,0x18,0xE6,0x20,0x26,0x21,0x26,0x21,0xE6,0x20,0x26,0x21,0x27,0x19,0x46,0x21,0x66,0x21,0x66,0x21,0x66,0x21,0x46,0x21,0x46,0x21,0x06,0x21,0xE5,0x18,0xE6,0x20,0xE6,0x20,0xE6,0x20,0x26,0x21,0x26,0x29,0x46,0x29,0x06,0x21,0x27,0x21,
	0x06,0x21,0x26,0x21,0x26,0x21,0x26,0x21,0x26,0x21,0xE6,0x20,0x25,0x21,0xE6,0x20,0x06,0x21,0xE6,0x20,0xE6,0x18,0xE6,0x20,0xE6,0x20,0xC5,0x18,0xC5,0x18,0xE6,0x20,0xC5,0x18,0xE6,0x20,0xC5,0x18,0xC5,0x18,0xC5,0x18,0xC4,0x18,0x64,0x10,0x22,0x08,0x00,0x00,0x00,0x00,0x00,0x00,0x00,0x00,0x00,0x00,0x00,0x00,0x00,0x00,0x00,0x00,
	0x00,0x00,0x00,0x00,0x00,0x00,0x00,0x00,0x00,0x00,0x00,0x00,0x00,0x00,0x00,0x00,0x00,0x00,0x00,0x00,0x00,0x00,0x00,0x00,0x00,0x00,0x21,0x00,0x69,0x4A,0x50,0x84,0xC7,0x39,0x00,0x00,0x00,0x00,0x00,0x00,0x00,0x00,0x00,0x00,0xC2,0x10,0x82,0x08,0x00,0x00,0x00,0x00,0x00,0x00,0x25,0x21,0xAB,0x5A,0xAB,0x5A,0xAA,0x52,0xAB,0x5A,
	0x07,0x42,0x82,0x10,0x62,0x08,0x82,0x08,0x00,0x00,0x00,0x00,0x00,0x00,0x00,0x00,0x00,0x00,0x00,0x00,0x00,0x00,0x00,0x00,0x00,0x00,0x00,0x00,0x00,0x00,0x00,0x00,0x00,0x00,0x00,0x00,0x00,0x00,0x00,0x00,0x00,0x00,0x00,0x00,0x06,0x21,0xC5,0x18,0x46,0x21,0x46,0x29,0x25,0x21,0x00,0x00,0x00,0x00,0x00,0x28,0x00,0x60,0xE2,0xF8,
	0xE2,0xF8,0xE2,0xF8,0x00,0x80,0x00,0x58,0x00,0x18,0x00,0x00,0x67,0x21,0x66,0x21,0x66,0x21,0xA3,0x10,0x00,0x00,0x00,0x00,0x00,0x00,0x00,0x00,0x00,0x00,0x00,0x00,0x20,0x00,0x6D,0x73,0xE8,0x39,0x00,0x00,0x00,0x00,0x00,0x00,0x00,0x00,0x00,0x00,0x00,0x00,0x82,0x08,0x66,0x21,0x66,0x21,0x46,0x21,0x06,0x21,0x46,0x21,0x65,0x21,
	0x46,0x21,0x06,0x21,0x26,0x21,0x46,0x21,0x46,0x21,0x65,0x21,0x06,0x21,0x06,0x21,0x46,0x21,0x27,0x21,0x46,0x21,0x65,0x21,0x46,0x21,0x06,0x21,0x26,0x21,0x46,0x21,0x66,0x21,0x65,0x21,0x66,0x21,0x65,0x21,0x66,0x21,0x66,0x21,0x06,0x21,0x26,0x21,0x26,0x21,0x66,0x21,0x46,0x21,0x46,0x29,0x46,0x29,0x46,0x29,0x46,0x21,0x46,0x29,
	0xE6,0x20,0x07,0x21,0x07,0x21,0xE6,0x18,0xE6,0x20,0xE6,0x20,0x07,0x19,0xC5,0x18,0xE6,0x20,0xE7,0x18,0xC5,0x18,0xA5,0x18,0xC5,0x18,0xC7,0x18,0xA5,0x18,0xA5,0x18,0xA5,0x18,0xC6,0x18,0xC5,0x18,0xE4,0x18,0xA4,0x18,0xA5,0x18,0x23,0x08,0x00,0x00,0x00,0x00,0x00,0x00,0x00,0x00,0x00,0x00,0x00,0x00,0x00,0x00,0x00,0x00,0x00,0x00,
	0x00,0x00,0x00,0x00,0x00,0x00,0x00,0x00,0x00,0x00,0x00,0x00,0x00,0x00,0x00,0x00,0x00,0x00,0x00,0x00,0x00,0x00,0x00,0x00,0xAA,0x52,0x91,0x8C,0x08,0x3A,0x21,0x00,0x00,0x00,0x00,0x00,0x00,0x00,0x00,0x00,0x00,0x00,0x00,0x00,0xA7,0x39,0x00,0x00,0x00,0x00,0x00,0x00,0x00,0x00,0x03,0x19,0x0C,0x63,0xEB,0x5A,0xAB,0x5A,0xAB,0x5A,
	0x6A,0x52,0xC2,0x10,0x62,0x08,0xA2,0x10,0x20,0x00,0x00,0x00,0x00,0x00,0x00,0x00,0x00,0x00,0x00,0x00,0x00,0x00,0x00,0x00,0x00,0x00,0x00,0x00,0x00,0x00,0x00,0x00,0x00,0x00,0x00,0x00,0x00,0x00,0x00,0x00,0x00,0x00,0x00,0x00,0x46,0x29,0xC4,0x18,0x46,0x29,0x66,0x29,0x25,0x21,0x00,0x00,0x00,0x08,0x00,0x40,0x00,0x70,0xC1,0xF0,
	0xE2,0xF8,0xE2,0xF8,0x00,0x60,0x00,0x58,0x00,0x08,0x04,0x19,0x67,0x21,0x66,0x21,0x66,0x29,0x00,0x00,0x00,0x00,0x00,0x00,0x00,0x00,0x00,0x00,0x00,0x00,0x00,0x00,0x00,0x00,0x0F,0x7C,0x49,0x42,0x00,0x00,0x00,0x00,0x00,0x00,0x00,0x00,0x00,0x00,0x00,0x00,0x00,0x00,0x64,0x21,0x66,0x21,0x66,0x21,0x66,0x21,0x66,0x21,0x66,0x21,
	0x66,0x21,0x66,0x21,0x66,0x21,0x66,0x21,0x66,0x21,0x66,0x21,0x66,0x21,0x66,0x21,0x66,0x21,0x66,0x21,0x66,0x21,0x66,0x21,0x66,0x21,0x66,0x21,0x66,0x21,0x66,0x21,0x66,0x21,0x66,0x21,0x66,0x21,0x66,0x21,0x46,0x21,0x66,0x21,0x66,0x21,0x66,0x21,0x66,0x21,0x66,0x21,0x66,0x21,0x46,0x29,0x66,0x29,0x46,0x29,0x27,0x21,0x46,0x29,
	0xE6,0x20,0xC6,0x18,0x06,0x21,0xE7,0x18,0xE7,0x18,0xE6,0x18,0xC6,0x18,0xC6,0x18,0xC6,0x18,0xC5,0x18,0xA6,0x18,0xC6,0x18,0xC5,0x18,0xA5,0x18,0xA5,0x18,0xC5,0x18,0xC5,0x18,0xC4,0x18,0xA5,0x18,0xC4,0x18,0xA4,0x18,0x64,0x10,0x22,0x00,0x00,0x00,0x00,0x00,0x00,0x00,0x00,0x00,0x00,0x00,0x00,0x00,0x00,0x00,0x00,0x00,0x00,0x00,
	0x00,0x00,0x00,0x00,0x00,0x00,0x00,0x00,0x00,0x00,0x00,0x00,0x00,0x00,0x00,0x00,0x00,0x00,0x00,0x00,0x82,0x08,0x6D,0x6B,0x49,0x4A,0x41,0x00,0x00,0x00,0x20,0x00,0x00,0x00,0x00,0x00,0x00,0x00,0x00,0x00,0x00,0x00,0x29,0x4A,0xE8,0x41,0x00,0x00,0x00,0x00,0x01,0x00,0x00,0x00,0x82,0x10,0x2D,0x6B,0x2D,0x6B,0x2D,0x6B,0x0C,0x5B,
	0xEC,0x62,0x04,0x19,0xC2,0x10,0xC2,0x10,0x60,0x08,0x00,0x00,0x00,0x00,0x00,0x00,0x00,0x00,0x00,0x00,0x00,0x00,0x00,0x00,0x00,0x00,0x00,0x00,0x00,0x00,0x00,0x00,0x00,0x00,0x00,0x00,0x00,0x00,0x00,0x00,0x00,0x00,0x00,0x00,0x25,0x21,0xC4,0x18,0x45,0x29,0x46,0x29,0xC3,0x10,0x00,0x00,0x00,0x08,0x00,0x48,0x00,0x88,0xE2,0xF8,
	0xE2,0xF8,0x20,0xE8,0x00,0x60,0x00,0x48,0x00,0x00,0x45,0x21,0x67,0x21,0x67,0x21,0x04,0x19,0x00,0x00,0x00,0x00,0x00,0x00,0x00,0x00,0x00,0x00,0x00,0x00,0x20,0x00,0xEC,0x62,0xF6,0xBD,0xA7,0x39,0x00,0x00,0x00,0x00,0x00,0x00,0x00,0x00,0x00,0x00,0x00,0x00,0x00,0x00,0x82,0x08,0x66,0x21,0x06,0x21,0x66,0x21,0x66,0x21,0x66,0x21,
	0x66,0x21,0x66,0x21,0x66,0x21,0x67,0x21,0x66,0x21,0x66,0x21,0x66,0x29,0x66,0x21,0x66,0x21,0x67,0x21,0x66,0x21,0x66,0x21,0x66,0x21,0x66,0x21,0x66,0x21,0x67,0x21,0x66,0x21,0x66,0x21,0x66,0x21,0x66,0x21,0x66,0x21,0x66,0x21,0x66,0x21,0x66,0x21,0x66,0x21,0x06,0x21,0x06,0x21,0x47,0x29,0x46,0x29,0x46,0x29,0xE6,0x20,0x26,0x21,
	0x06,0x21,0xE6,0x20,0xE6,0x20,0x26,0x21,0x26,0x21,0xE6,0x20,0x07,0x21,0xE6,0x20,0xC5,0x18,0xA5,0x18,0xA5,0x18,0xC5,0x18,0xE6,0x20,0xA5,0x18,0xA5,0x18,0xC5,0x18,0xA5,0x18,0xC5,0x18,0xA5,0x18,0xA5,0x18,0x84,0x10,0x62,0x08,0x00,0x00,0x00,0x00,0x00,0x00,0x00,0x00,0x00,0x00,0x00,0x00,0x00,0x00,0x00,0x00,0x00,0x00,0x00,0x00,
	0x00,0x00,0x00,0x00,0x00,0x00,0x00,0x00,0x00,0x00,0x00,0x00,0x00,0x00,0x00,0x00,0x00,0x00,0x00,0x00,0x00,0x00,0x00,0x00,0x00,0x00,0x60,0x08,0x60,0x08,0x20,0x00,0x00,0x00,0x00,0x00,0x00,0x00,0x45,0x29,0x4D,0x6B,0xC4,0x18,0x00,0x00,0x00,0x00,0x00,0x00,0x00,0x00,0x01,0x00,0x21,0x00,0x2C,0x63,0xAE,0x73,0xAE,0x73,0x6D,0x6B,
	0x2D,0x6B,0x4A,0x52,0xE2,0x18,0xE2,0x18,0x82,0x08,0x00,0x00,0x00,0x00,0x00,0x00,0x00,0x00,0x00,0x00,0x00,0x00,0x00,0x00,0x00,0x00,0x00,0x00,0x00,0x00,0x00,0x00,0x00,0x00,0x00,0x00,0x00,0x00,0x00,0x00,0x00,0x00,0x00,0x00,0xE6,0x20,0xA5,0x18,0x25,0x21,0x46,0x29,0x83,0x10,0x00,0x00,0x00,0x10,0x00,0x48,0x00,0xA8,0x40,0xF1,
	0xE2,0xF8,0x20,0xE8,0x00,0x58,0x00,0x40,0x00,0x00,0x45,0x21,0x66,0x29,0x66,0x21,0xC3,0x10,0x00,0x00,0x00,0x00,0x00,0x00,0x00,0x00,0x00,0x00,0x00,0x00,0x4D,0x6B,0x34,0xA5,0xD6,0xB5,0x75,0xAD,0x20,0x00,0x00,0x00,0x00,0x00,0x00,0x00,0x00,0x00,0x00,0x00,0x00,0x00,0x20,0x00,0x46,0x21,0x26,0x21,0x66,0x21,0x66,0x21,0x66,0x21,
	0x66,0x21,0x66,0x21,0x46,0x21,0x66,0x21,0x66,0x21,0x66,0x21,0x66,0x21,0x66,0x21,0x46,0x21,0x66,0x21,0x66,0x21,0x66,0x21,0x66,0x21,0x66,0x21,0x46,0x21,0x66,0x21,0x66,0x21,0x66,0x21,0x66,0x21,0x66,0x21,0x66,0x21,0x46,0x21,0x27,0x21,0x66,0x21,0x66,0x21,0x66,0x21,0x27,0x21,0x46,0x29,0x46,0x29,0xE6,0x20,0x66,0x29,0x07,0x21,
	0xE6,0x20,0x26,0x21,0x26,0x21,0xE6,0x20,0x26,0x21,0xE6,0x20,0xE6,0x20,0xE6,0x18,0xC6,0x18,0xC6,0x18,0x07,0x19,0xE6,0x20,0xA6,0x18,0xE6,0x20,0xC5,0x18,0xE6,0x20,0xA5,0x18,0xA5,0x18,0xA5,0x18,0xA4,0x18,0x64,0x10,0x03,0x08,0x00,0x00,0x00,0x00,0x00,0x00,0x00,0x00,0x00,0x00,0x00,0x00,0x00,0x00,0x00,0x00,0x00,0x00,0x00,0x00,
	0x00,0x00,0x00,0x00,0x00,0x00,0x00,0x00,0x00,0x00,0x00,0x00,0x00,0x00,0x00,0x00,0x00,0x00,0x00,0x00,0x00,0x00,0x00,0x00,0x00,0x00,0x00,0x00,0x00,0x00,0x20,0x00,0x00,0x00,0xA3,0x18,0xAE,0x73,0xAA,0x5A,0x21,0x00,0x00,0x00,0x00,0x00,0x01,0x00,0x01,0x00,0x21,0x00,0x21,0x00,0x00,0x00,0x8A,0x52,0x30,0x84,0xCE,0x73,0xCE,0x73,
	0xAE,0x73,0xAE,0x73,0x45,0x29,0xE4,0x18,0xE4,0x18,0x82,0x08,0x00,0x00,0x00,0x00,0x00,0x00,0x00,0x00,0x00,0x00,0x01,0x00,0x00,0x00,0x00,0x00,0x00,0x00,0x00,0x00,0x00,0x00,0x00,0x00,0x00,0x00,0x00,0x00,0x00,0x00,0x00,0x00,0x46,0x29,0xC4,0x18,0x46,0x29,0x46,0x29,0x83,0x10,0x00,0x00,0x00,0x18,0x00,0x50,0x00,0xA8,0xE2,0xF8,
	0xE2,0xF8,0x40,0xD8,0x00,0x58,0x00,0x38,0x00,0x00,0x46,0x29,0x66,0x29,0x66,0x21,0xA3,0x08,0x00,0x00,0x00,0x00,0x00,0x00,0x00,0x00,0x00,0x00,0x41,0x08,0x91,0x8C,0xEF,0x7B,0xD6,0xB5,0x8E,0x6B,0x91,0x8C,0x66,0x29,0x00,0x00,0x00,0x00,0x00,0x00,0x00,0x00,0x00,0x00,0x20,0x00,0x66,0x21,0x66,0x21,0x66,0x21,0x66,0x21,0x66,0x21,
	0x46,0x21,0x66,0x21,0x66,0x21,0x66,0x21,0x46,0x21,0x66,0x21,0x66,0x21,0x66,0x21,0x66,0x21,0x66,0x21,0x66,0x21,0x66,0x21,0x46,0x21,0x66,0x21,0x66,0x21,0x46,0x21,0x66,0x21,0x26,0x21,0x66,0x21,0x46,0x21,0x66,0x21,0x66,0x21,0x66,0x21,0x66,0x21,0x66,0x21,0x66,0x21,0x06,0x21,0x46,0x29,0x46,0x29,0x46,0x29,0x46,0x29,0x26,0x21,
	0x26,0x21,0x26,0x29,0xE6,0x20,0x06,0x21,0x46,0x29,0xE6,0x20,0xE6,0x18,0xE6,0x18,0xE6,0x20,0xC6,0x18,0xC7,0x18,0xA5,0x18,0xA5,0x18,0xC5,0x18,0xA5,0x18,0xA5,0x18,0xC5,0x18,0xC4,0x18,0xA5,0x18,0x64,0x10,0x43,0x08,0x00,0x00,0x00,0x00,0x00,0x00,0x00,0x00,0x00,0x00,0x00,0x00,0x00,0x00,0x00,0x00,0x00,0x00,0x00,0x00,0x00,0x00,
	0x00,0x00,0x00,0x00,0x00,0x00,0x00,0x00,0x00,0x00,0x00,0x00,0x00,0x00,0x00,0x00,0x00,0x00,0x00,0x00,0x00,0x00,0x00,0x00,0x00,0x00,0x00,0x00,0x40,0x08,0x00,0x00,0x49,0x4A,0xD2,0x94,0x45,0x29,0x00,0x00,0x00,0x00,0x00,0x00,0x41,0x00,0x01,0x00,0x21,0x00,0x42,0x00,0x41,0x00,0x01,0x00,0xE4,0x18,0x91,0x8C,0x91,0x8C,0x50,0x84,
	0x30,0x84,0x30,0x84,0x0C,0x63,0x64,0x21,0x45,0x29,0x25,0x21,0x41,0x00,0x00,0x00,0x00,0x00,0x21,0x00,0x00,0x00,0x21,0x00,0x01,0x00,0x01,0x00,0x00,0x00,0x00,0x00,0x00,0x00,0x00,0x00,0x00,0x00,0x00,0x00,0x00,0x00,0x00,0x00,0x46,0x29,0xC4,0x18,0x45,0x21,0x66,0x29,0xA3,0x10,0x00,0x00,0x00,0x18,0x00,0x50,0x20,0xC8,0xE2,0xF8,
	0xE2,0xF8,0x40,0xD8,0x00,0x58,0x00,0x38,0x00,0x00,0x25,0x21,0x66,0x29,0x67,0x21,0xA3,0x08,0x00,0x00,0x00,0x00,0x00,0x00,0x00,0x00,0x00,0x00,0x00,0x00,0x20,0x00,0x91,0x8C,0xD6,0xB5,0xCB,0x52,0x21,0x00,0x20,0x00,0x00,0x00,0x00,0x00,0x00,0x00,0x00,0x00,0x00,0x00,0x20,0x00,0x66,0x21,0x66,0x21,0x66,0x21,0x66,0x21,0x46,0x21,
	0x46,0x21,0x66,0x21,0x66,0x21,0x66,0x21,0x66,0x21,0x66,0x29,0x06,0x21,0x66,0x21,0x66,0x21,0x66,0x21,0x66,0x21,0x46,0x21,0x46,0x21,0x66,0x21,0x66,0x21,0x66,0x21,0x66,0x21,0x66,0x21,0x66,0x21,0x66,0x21,0x46,0x21,0x66,0x21,0x66,0x21,0x66,0x21,0x66,0x21,0x67,0x21,0x66,0x21,0x46,0x29,0x46,0x29,0x46,0x29,0x46,0x29,0x26,0x21,
	0x26,0x21,0x46,0x29,0xE6,0x20,0xE6,0x20,0xE6,0x20,0xE6,0x20,0x06,0x21,0xE6,0x20,0xC5,0x18,0xA5,0x18,0xC7,0x18,0xA6,0x18,0xA6,0x18,0xC5,0x18,0xC5,0x18,0x06,0x21,0xC5,0x18,0xA5,0x18,0xC4,0x18,0x64,0x10,0x01,0x00,0x00,0x00,0x00,0x00,0x00,0x00,0x00,0x00,0x00,0x00,0x00,0x00,0x00,0x00,0x00,0x00,0x00,0x00,0x00,0x00,0x00,0x00,
	0x00,0x00,0x00,0x00,0x00,0x00,0x00,0x00,0x00,0x00,0x00,0x00,0x00,0x00,0x00,0x00,0x00,0x00,0x00,0x00,0x00,0x00,0x00,0x00,0x00,0x00,0x00,0x00,0x82,0x08,0x30,0x84,0x0C,0x63,0x20,0x00,0x00,0x00,0x01,0x00,0x21,0x00,0x41,0x00,0x41,0x00,0x01,0x00,0x62,0x08,0x62,0x08,0x41,0x00,0x41,0x00,0x00,0x00,0xEF,0x7B,0x13,0x9D,0xB2,0x94,
	0xB2,0x94,0xB2,0x94,0x91,0x8C,0x68,0x52,0x65,0x29,0x65,0x29,0x65,0x29,0x81,0x10,0x00,0x00,0x00,0x00,0x01,0x00,0x01,0x00,0x01,0x00,0x21,0x00,0x21,0x00,0x00,0x00,0x00,0x00,0x00,0x00,0x00,0x00,0x00,0x00,0x00,0x00,0x00,0x00,0xE6,0x20,0xE5,0x18,0x25,0x21,0x46,0x29,0xC3,0x10,0x00,0x00,0x00,0x10,0x00,0x50,0x00,0xA8,0xE2,0xF8,
	0xE2,0xF8,0x20,0xE8,0x00,0x58,0x00,0x40,0x00,0x00,0x45,0x21,0x67,0x21,0x67,0x29,0xC4,0x10,0x00,0x00,0x00,0x00,0x00,0x00,0x00,0x00,0x00,0x00,0x00,0x00,0x20,0x00,0x13,0x9D,0x04,0x21,0xB5,0xAD,0x86,0x31,0x00,0x00,0x00,0x00,0x00,0x00,0x00,0x00,0x00,0x00,0x00,0x00,0x61,0x00,0x67,0x21,0x66,0x29,0x06,0x21,0x8A,0x52,0xAE,0x73,
	0x10,0x84,0x66,0x29,0x86,0x21,0x0F,0x7C,0xAE,0x73,0x69,0x4A,0x66,0x21,0x30,0x84,0xCA,0x52,0x50,0x84,0x66,0x21,0x66,0x21,0x0F,0x7C,0xEF,0x7B,0x65,0x21,0x66,0x21,0x4C,0x63,0xCB,0x5A,0xAA,0x52,0x66,0x21,0x06,0x21,0x66,0x21,0x06,0x21,0x67,0x21,0x46,0x21,0x46,0x21,0x46,0x21,0x67,0x29,0x46,0x29,0x46,0x29,0x26,0x21,0x26,0x21,
	0x46,0x29,0x26,0x21,0x26,0x21,0xE6,0x20,0x46,0x29,0x26,0x21,0xE6,0x20,0x07,0x21,0xE6,0x20,0xC7,0x18,0xC7,0x18,0xE6,0x18,0xC5,0x18,0x25,0x21,0x0C,0x63,0x87,0x39,0xC5,0x18,0xE5,0x18,0x84,0x10,0x63,0x08,0x00,0x00,0x00,0x00,0x00,0x00,0x00,0x00,0x00,0x00,0x00,0x00,0x00,0x00,0x00,0x00,0x00,0x00,0x00,0x00,0x00,0x00,0x00,0x00,
	0x00,0x00,0x00,0x00,0x00,0x00,0x00,0x00,0x00,0x00,0x00,0x00,0x00,0x00,0x00,0x00,0x00,0x00,0x00,0x00,0x00,0x00,0x00,0x00,0x00,0x00,0x82,0x08,0xCE,0x73,0x25,0x29,0x00,0x00,0x00,0x00,0x01,0x00,0x42,0x08,0x40,0x08,0x01,0x00,0x01,0x00,0x41,0x00,0x62,0x08,0x41,0x00,0x01,0x00,0x22,0x00,0x01,0x00,0xA7,0x39,0xB5,0xAD,0x34,0xA5,
	0xB2,0x94,0x30,0x84,0x0F,0x7C,0xAF,0x73,0xA6,0x31,0xC5,0x29,0xC5,0x31,0xC6,0x39,0xA3,0x10,0x00,0x00,0x00,0x00,0x00,0x00,0x01,0x00,0x01,0x00,0x00,0x00,0x00,0x00,0x00,0x00,0x00,0x00,0x00,0x00,0x00,0x00,0x00,0x00,0x00,0x00,0xE5,0x20,0xE5,0x18,0x25,0x21,0x46,0x29,0xC4,0x18,0x00,0x00,0x00,0x08,0x00,0x50,0x00,0x88,0xE2,0xF8,
	0xE2,0xF8,0x20,0xE8,0x00,0x60,0x00,0x40,0x00,0x00,0xC5,0x18,0x66,0x29,0x66,0x21,0x06,0x21,0x00,0x00,0x00,0x00,0x00,0x00,0x00,0x00,0x00,0x00,0x00,0x00,0xE7,0x39,0x91,0x8C,0x00,0x00,0xCE,0x73,0xE8,0x41,0x00,0x00,0x00,0x00,0x00,0x00,0x00,0x00,0x00,0x00,0x00,0x00,0x84,0x10,0x66,0x21,0x66,0x21,0x46,0x21,0x50,0x84,0x06,0x21,
	0x4C,0x63,0xA7,0x31,0x86,0x29,0x28,0x3A,0x66,0x21,0xEF,0x7B,0x66,0x21,0xC7,0x31,0xE4,0x18,0xCE,0x73,0x66,0x21,0xA8,0x39,0x08,0x3A,0x65,0x29,0xCB,0x5A,0x66,0x21,0x4C,0x63,0xE7,0x31,0x86,0x21,0x46,0x21,0x66,0x21,0x46,0x21,0x66,0x21,0x67,0x21,0x06,0x21,0x66,0x21,0x06,0x21,0x46,0x29,0x46,0x29,0x46,0x29,0x46,0x29,0x06,0x21,
	0x26,0x29,0x26,0x21,0x07,0x21,0x06,0x21,0x26,0x21,0x26,0x21,0xE6,0x20,0xE6,0x20,0x07,0x21,0x07,0x19,0xE6,0x20,0xC7,0x18,0xE6,0x20,0xEC,0x62,0x4D,0x6B,0x88,0x39,0xA5,0x18,0xA5,0x18,0x43,0x08,0x00,0x00,0x00,0x00,0x00,0x00,0x00,0x00,0x00,0x00,0x00,0x00,0x00,0x00,0x00,0x00,0x00,0x00,0x00,0x00,0x00,0x00,0x00,0x00,0x00,0x00,
	0x00,0x00,0x00,0x00,0x00,0x00,0x00,0x00,0x00,0x00,0x00,0x00,0x00,0x00,0x00,0x00,0x00,0x00,0x00,0x00,0x00,0x00,0x00,0x00,0x00,0x00,0xE4,0x18,0x00,0x00,0x00,0x00,0x01,0x00,0x01,0x00,0x01,0x00,0x21,0x00,0x41,0x00,0x42,0x08,0xA3,0x10,0x42,0x00,0x42,0x00,0x61,0x08,0x20,0x00,0x41,0x00,0x01,0x00,0x20,0x00,0xCF,0x7B,0x13,0x9D,
	0x50,0x84,0x71,0x8C,0x0A,0x94,0x0E,0x8C,0xEF,0x7B,0xA7,0x39,0x07,0x3A,0xE7,0x39,0xE8,0x41,0xA6,0x31,0xA2,0x10,0x20,0x00,0x00,0x00,0x00,0x00,0x00,0x00,0x00,0x00,0x00,0x00,0x00,0x00,0x00,0x00,0x00,0x00,0x00,0x00,0x00,0x00,0x84,0x10,0x25,0x21,0x05,0x21,0x46,0x29,0x25,0x21,0x00,0x00,0x00,0x00,0x00,0x40,0x00,0x68,0x40,0xE8,
	0xE2,0xF8,0x60,0xE8,0x20,0x60,0x00,0x58,0x00,0x08,0x21,0x00,0x67,0x21,0x66,0x29,0x66,0x29,0x21,0x00,0x00,0x00,0x00,0x00,0x00,0x00,0x00,0x00,0x82,0x10,0x95,0xAD,0xE3,0x18,0x00,0x00,0xEF,0x7B,0x08,0x42,0x00,0x00,0x00,0x00,0x00,0x00,0x00,0x00,0x00,0x00,0x00,0x00,0x66,0x21,0x66,0x21,0x66,0x21,0x66,0x21,0x50,0x84,0x26,0x21,
	0x4C,0x63,0xA7,0x29,0x66,0x21,0x66,0x21,0x4C,0x63,0xC7,0x31,0x46,0x21,0x46,0x21,0xCB,0x5A,0xA6,0x31,0x06,0x21,0x26,0x21,0x04,0x19,0xCF,0x7B,0x86,0x29,0x66,0x21,0xEB,0x5A,0x8A,0x4A,0x30,0x84,0x66,0x21,0x26,0x21,0x66,0x21,0x66,0x21,0x66,0x21,0x46,0x21,0x26,0x21,0x66,0x21,0x46,0x29,0x46,0x29,0x46,0x29,0x06,0x21,0x26,0x21,
	0x26,0x21,0x06,0x21,0x07,0x21,0x06,0x21,0xE6,0x20,0xE6,0x20,0xE6,0x20,0xE6,0x20,0xE6,0x20,0x07,0x19,0x07,0x19,0xE6,0x18,0xA5,0x18,0x27,0x29,0x4D,0x63,0x88,0x39,0xA5,0x18,0x64,0x10,0x22,0x08,0x00,0x00,0x00,0x00,0x00,0x00,0x00,0x00,0x00,0x00,0x00,0x00,0x00,0x00,0x00,0x00,0x00,0x00,0x00,0x00,0x00,0x00,0x00,0x00,0x00,0x00,
	0x00,0x00,0x00,0x00,0x00,0x00,0x00,0x00,0x00,0x00,0x00,0x00,0x00,0x00,0x00,0x00,0x00,0x00,0x00,0x00,0x00,0x00,0x00,0x00,0x00,0x00,0x00,0x00,0x00,0x00,0x00,0x00,0x01,0x00,0x01,0x00,0x01,0x00,0x22,0x08,0x42,0x08,0x62,0x08,0x62,0x08,0x62,0x08,0x42,0x00,0x43,0x08,0x62,0x00,0x62,0x08,0x41,0x00,0x01,0x00,0xA3,0x10,0x71,0x8C,
	0xD2,0x94,0x85,0xBC,0xA4,0xFD,0x44,0xED,0xB0,0x9C,0xEF,0x73,0x4A,0x4A,0x08,0x4A,0x08,0x4A,0xE9,0x41,0x08,0x4A,0x86,0x31,0x00,0x58,0x00,0x28,0x00,0x18,0x00,0x00,0x00,0x00,0x00,0x00,0x00,0x00,0x00,0x00,0x00,0x00,0x00,0x00,0x43,0x08,0x26,0x21,0xC5,0x18,0x46,0x29,0x45,0x21,0x00,0x00,0x00,0x00,0x00,0x40,0x00,0x60,0x40,0xE8,
	0xE2,0xF8,0xE2,0xF8,0x00,0xA0,0x00,0x58,0x00,0x18,0x00,0x00,0x66,0x21,0x66,0x21,0x66,0x29,0x05,0x19,0x00,0x00,0x00,0x00,0x00,0x00,0x00,0x00,0x40,0x08,0xC3,0x18,0x00,0x00,0x00,0x00,0xC3,0x18,0x41,0x08,0x00,0x00,0x00,0x00,0x00,0x00,0x00,0x00,0x00,0x00,0x84,0x10,0x66,0x21,0x66,0x21,0x66,0x21,0x66,0x21,0x50,0x84,0x66,0x21,
	0x4C,0x63,0xA7,0x29,0x66,0x21,0x49,0x42,0xCB,0x5A,0x46,0x21,0x66,0x21,0x46,0x21,0xEF,0x7B,0x66,0x29,0x46,0x21,0x66,0x21,0x25,0x19,0x86,0x31,0x2C,0x63,0x66,0x21,0xE4,0x18,0x66,0x21,0x50,0x84,0x66,0x21,0x46,0x21,0x06,0x21,0x66,0x21,0x66,0x21,0x66,0x21,0x66,0x21,0x66,0x29,0x46,0x29,0x46,0x29,0x46,0x29,0x46,0x29,0x46,0x29,
	0xE6,0x20,0x06,0x21,0xE6,0x20,0x26,0x21,0xE6,0x20,0xA6,0x18,0xC7,0x18,0xE7,0x18,0xE6,0x20,0xA6,0x18,0xC6,0x18,0xC6,0x18,0xA5,0x18,0xC5,0x18,0x68,0x29,0x67,0x31,0x84,0x10,0x62,0x08,0x00,0x00,0x00,0x00,0x00,0x00,0x00,0x00,0x00,0x00,0x00,0x00,0x00,0x00,0x00,0x00,0x00,0x00,0x00,0x00,0x00,0x00,0x00,0x00,0x00,0x00,0x00,0x00,
	0x00,0x00,0x00,0x00,0x00,0x00,0x00,0x00,0x00,0x00,0x00,0x00,0x00,0x00,0x00,0x00,0x00,0x00,0x00,0x00,0x00,0x00,0x00,0x00,0x00,0x00,0x00,0x00,0x00,0x00,0x00,0x00,0x01,0x00,0x02,0x00,0x01,0x00,0x22,0x08,0x22,0x08,0x41,0x00,0x42,0x08,0x42,0x00,0x22,0x00,0x62,0x00,0x62,0x08,0x62,0x08,0x21,0x00,0x02,0x00,0x00,0x00,0xA6,0x31,
	0xD2,0x94,0xA2,0xDC,0x01,0xF5,0xC0,0xEC,0xAF,0xA4,0x71,0x84,0x95,0xAD,0x8E,0x73,0x08,0x4A,0x09,0x4A,0x09,0x42,0x04,0x61,0x01,0x98,0x00,0x90,0x00,0x80,0x00,0x38,0x00,0x00,0x00,0x00,0x00,0x00,0x00,0x00,0x00,0x00,0x00,0x00,0x22,0x08,0x06,0x21,0xC4,0x18,0x66,0x29,0x46,0x29,0x42,0x08,0x00,0x00,0x00,0x28,0x00,0x58,0x00,0xC8,
	0xE2,0xF8,0xE2,0xF8,0xA1,0xE0,0x00,0x58,0x00,0x38,0x00,0x00,0x82,0x08,0x66,0x29,0x67,0x21,0x67,0x21,0x83,0x10,0x00,0x00,0x00,0x00,0x00,0x00,0x00,0x00,0x00,0x00,0x00,0x00,0x00,0x00,0x00,0x00,0x00,0x00,0x00,0x00,0x00,0x00,0x00,0x00,0x00,0x00,0x21,0x00,0x46,0x21,0x66,0x21,0x66,0x21,0x66,0x21,0x46,0x21,0x4D,0x6B,0xCB,0x52,
	0x0F,0x7C,0x66,0x21,0x26,0x29,0x10,0x84,0x86,0x29,0x65,0x29,0x06,0x21,0xA7,0x31,0x6D,0x6B,0x66,0x21,0x66,0x21,0x28,0x42,0x6D,0x6B,0xEB,0x5A,0xAA,0x52,0x66,0x21,0x4C,0x63,0x28,0x42,0x30,0x84,0x66,0x21,0x46,0x21,0x66,0x21,0x46,0x21,0x66,0x21,0x46,0x21,0x46,0x21,0x46,0x29,0x46,0x29,0x46,0x29,0x46,0x29,0x26,0x21,0x46,0x21,
	0xE6,0x20,0xE6,0x20,0xE6,0x20,0x06,0x21,0xE6,0x20,0xE6,0x20,0x07,0x21,0xC5,0x18,0xE6,0x20,0xE6,0x18,0x07,0x19,0xA6,0x18,0xC5,0x18,0xA5,0x18,0xC5,0x18,0xC5,0x18,0x84,0x10,0x01,0x00,0x00,0x00,0x00,0x00,0x00,0x00,0x00,0x00,0x00,0x00,0x00,0x00,0x00,0x00,0x00,0x00,0x00,0x00,0x00,0x00,0x00,0x00,0x00,0x00,0x00,0x00,0x00,0x00,
	0x00,0x00,0x00,0x00,0x00,0x00,0x00,0x00,0x00,0x00,0x00,0x00,0x00,0x00,0x00,0x00,0x00,0x00,0x00,0x00,0x00,0x00,0x00,0x00,0x00,0x00,0x00,0x00,0x00,0x00,0x00,0x00,0x00,0x00,0x01,0x00,0x02,0x00,0x22,0x08,0x62,0x08,0x62,0x08,0x62,0x08,0x62,0x08,0x62,0x08,0x43,0x08,0x62,0x08,0x63,0x08,0x22,0x08,0x03,0x08,0x01,0x00,0x00,0x00,
	0x69,0x4A,0x2B,0x73,0x02,0xC4,0x85,0x9B,0x92,0x8C,0xB2,0x94,0xD6,0xB5,0xD6,0xB5,0x33,0x9D,0x0C,0x63,0x29,0x4A,0x62,0x78,0x00,0x90,0x00,0x90,0x00,0x78,0x01,0x40,0x00,0x00,0x00,0x00,0x00,0x00,0x00,0x00,0x00,0x00,0x00,0x00,0x00,0x00,0x05,0x21,0x04,0x19,0x25,0x21,0x46,0x29,0x84,0x10,0x00,0x00,0x00,0x18,0x00,0x58,0x00,0x98,
	0xE2,0xF8,0xE2,0xF8,0xE2,0xF8,0x00,0x80,0x00,0x58,0x00,0x18,0x00,0x00,0x04,0x19,0x66,0x29,0x67,0x21,0x66,0x21,0x41,0x00,0x00,0x00,0x00,0x00,0x00,0x00,0x00,0x00,0x00,0x00,0x00,0x00,0x00,0x00,0x00,0x00,0x00,0x00,0x00,0x00,0x00,0x00,0x00,0x00,0x25,0x19,0x66,0x21,0x66,0x21,0x66,0x21,0x06,0x21,0x66,0x21,0x66,0x21,0x44,0x21,
	0x45,0x21,0x46,0x21,0x66,0x21,0x86,0x29,0x86,0x29,0x65,0x29,0x66,0x21,0x05,0x21,0x66,0x21,0x66,0x29,0x66,0x21,0x66,0x21,0x24,0x21,0x24,0x21,0x66,0x21,0x66,0x29,0x66,0x21,0x65,0x29,0x66,0x21,0x66,0x21,0x66,0x21,0x66,0x21,0x66,0x21,0x66,0x21,0x67,0x21,0xE6,0x20,0x46,0x29,0x46,0x29,0x46,0x29,0x47,0x29,0xE6,0x20,0x26,0x21,
	0x26,0x21,0x26,0x21,0xE6,0x20,0x26,0x29,0x06,0x21,0xE6,0x20,0xC6,0x18,0xE6,0x20,0xE6,0x18,0xE6,0x18,0xA5,0x18,0xE6,0x18,0xC5,0x18,0xE6,0x20,0xE5,0x18,0x64,0x10,0x22,0x00,0x00,0x00,0x00,0x00,0x00,0x00,0x00,0x00,0x00,0x00,0x00,0x00,0x00,0x00,0x00,0x00,0x00,0x00,0x00,0x00,0x00,0x00,0x00,0x00,0x00,0x00,0x00,0x00,0x00,0x00,
	0x00,0x00,0x00,0x00,0x00,0x00,0x00,0x00,0x00,0x00,0x00,0x00,0x00,0x00,0x00,0x00,0x00,0x00,0x00,0x00,0x00,0x00,0x00,0x00,0x00,0x00,0x00,0x00,0x00,0x00,0x00,0x00,0x00,0x00,0x01,0x00,0x02,0x00,0x00,0x00,0x62,0x08,0x62,0x08,0x62,0x08,0x42,0x00,0x22,0x00,0x42,0x00,0x62,0x08,0x23,0x08,0x62,0x08,0x42,0x08,0x43,0x08,0x21,0x00,
	0x20,0x00,0x89,0x4A,0x75,0xAD,0xF2,0x94,0xB2,0x94,0xB5,0xAD,0xD6,0xB5,0xD6,0xB5,0xD6,0xB5,0xF6,0xB5,0x95,0xAD,0x03,0xE0,0x02,0xD0,0x01,0xB0,0x01,0x90,0x00,0x60,0x00,0x00,0x00,0x00,0x00,0x00,0x00,0x00,0x00,0x00,0x00,0x00,0x00,0x00,0xC4,0x18,0x25,0x21,0xE5,0x18,0x66,0x29,0x46,0x21,0x00,0x00,0x01,0x00,0x00,0x58,0x00,0x68,
	0x81,0xE8,0xE2,0xF8,0xE2,0xF8,0x40,0xD0,0x00,0x58,0x00,0x48,0x00,0x00,0x00,0x00,0x45,0x21,0x66,0x29,0x66,0x29,0x66,0x21,0x82,0x08,0x00,0x00,0x00,0x00,0x00,0x00,0x00,0x00,0x00,0x00,0x00,0x00,0x00,0x00,0x00,0x00,0x00,0x00,0x41,0x08,0x25,0x21,0x66,0x21,0x46,0x21,0x66,0x21,0x26,0x21,0x46,0x21,0x66,0x21,0x66,0x21,0x46,0x21,
	0x66,0x21,0x26,0x21,0x46,0x21,0x66,0x21,0x66,0x21,0x26,0x21,0x66,0x21,0x46,0x21,0x46,0x21,0x66,0x21,0x66,0x21,0x46,0x21,0x66,0x21,0x26,0x21,0x46,0x21,0x66,0x21,0x66,0x21,0x46,0x21,0x66,0x21,0x26,0x21,0x66,0x21,0x06,0x21,0x47,0x21,0x66,0x21,0x46,0x21,0x66,0x21,0x46,0x29,0x26,0x31,0x46,0x29,0x46,0x29,0x46,0x29,0x26,0x21,
	0x46,0x29,0x26,0x21,0x26,0x21,0x26,0x21,0x06,0x21,0xE6,0x20,0xE6,0x20,0xE6,0x18,0xC6,0x18,0xE6,0x18,0xC5,0x18,0xC6,0x18,0xC6,0x18,0xC5,0x18,0xA4,0x18,0x43,0x08,0x00,0x00,0x00,0x00,0x00,0x00,0x00,0x00,0x00,0x00,0x00,0x00,0x00,0x00,0x00,0x00,0x00,0x00,0x00,0x00,0x00,0x00,0x00,0x00,0x00,0x00,0x00,0x00,0x00,0x00,0x00,0x00,
	0x00,0x00,0x00,0x00,0x00,0x00,0x00,0x00,0x00,0x00,0x00,0x00,0x00,0x00,0x00,0x00,0x00,0x00,0x00,0x00,0x00,0x00,0x00,0x00,0x00,0x00,0x00,0x00,0x00,0x00,0x00,0x00,0x00,0x00,0x00,0x00,0x01,0x00,0x62,0x08,0x42,0x08,0x42,0x08,0x62,0x08,0x62,0x08,0x42,0x00,0x42,0x00,0x62,0x08,0x22,0x00,0x42,0x00,0x62,0x08,0x62,0x08,0x42,0x08,
	0x41,0x00,0x20,0x00,0x07,0x42,0xD2,0x94,0x95,0xAD,0xD6,0xB5,0xD6,0xB5,0xD6,0xB5,0xD6,0xB5,0xD6,0xB5,0x4E,0xE3,0x01,0xE8,0x00,0xE8,0x00,0xE8,0x01,0xC8,0x00,0xA0,0x00,0x10,0x00,0x00,0x00,0x00,0x00,0x00,0x00,0x00,0x00,0x00,0x00,0x00,0x42,0x10,0x46,0x29,0xC4,0x18,0x46,0x29,0x46,0x29,0x21,0x00,0x00,0x00,0x00,0x28,0x00,0x60,
	0x20,0xA0,0xE2,0xF8,0xE2,0xF8,0xE2,0xF8,0x20,0xA0,0x00,0x58,0x00,0x20,0x00,0x00,0x21,0x00,0x45,0x21,0x66,0x21,0x66,0x21,0x66,0x21,0x25,0x21,0x83,0x10,0x01,0x00,0x00,0x00,0x00,0x00,0x00,0x00,0x00,0x00,0x62,0x08,0xE5,0x18,0x66,0x21,0x66,0x21,0x66,0x21,0x46,0x21,0x66,0x21,0x66,0x21,0x46,0x21,0x66,0x21,0x66,0x21,0x66,0x21,
	0x66,0x21,0x46,0x21,0x66,0x21,0x66,0x21,0x66,0x21,0x66,0x21,0x66,0x21,0x46,0x21,0x46,0x21,0x66,0x21,0x66,0x21,0x66,0x21,0x66,0x21,0x46,0x21,0x66,0x21,0x66,0x21,0x66,0x21,0x66,0x21,0x66,0x21,0x66,0x21,0x66,0x21,0x66,0x21,0x66,0x21,0x66,0x21,0x46,0x21,0x47,0x29,0x47,0x29,0x46,0x29,0x46,0x29,0x46,0x29,0x26,0x29,0x26,0x21,
	0xE6,0x20,0x07,0x21,0xE6,0x18,0xE6,0x20,0xE7,0x18,0xE6,0x18,0xC6,0x18,0xC6,0x18,0xE6,0x20,0xE7,0x18,0xC6,0x18,0xC5,0x18,0xA5,0x18,0xA4,0x18,0x63,0x08,0x00,0x00,0x00,0x00,0x00,0x00,0x00,0x00,0x00,0x00,0x00,0x00,0x00,0x00,0x00,0x00,0x00,0x00,0x00,0x00,0x00,0x00,0x00,0x00,0x00,0x00,0x00,0x00,0x00,0x00,0x00,0x00,0x00,0x00,
	0x00,0x00,0x00,0x00,0x00,0x00,0x00,0x00,0x00,0x00,0x00,0x00,0x00,0x00,0x00,0x00,0x00,0x00,0x00,0x00,0x00,0x00,0x00,0x00,0x00,0x00,0x00,0x00,0x00,0x00,0x00,0x00,0x00,0x00,0x00,0x00,0x01,0x00,0x01,0x00,0x21,0x00,0x62,0x08,0x22,0x08,0x43,0x08,0x62,0x08,0x42,0x00,0x42,0x08,0x42,0x00,0x42,0x00,0x63,0x08,0x62,0x08,0x62,0x08,
	0x62,0x08,0x62,0x08,0x00,0x00,0x86,0x31,0x34,0xA5,0xD6,0xB5,0xD6,0xB5,0xD6,0xB5,0xD6,0xB5,0xF6,0xB5,0x89,0xF1,0x01,0xE8,0x00,0xE8,0x03,0xE8,0x00,0xC8,0x00,0xA8,0x00,0x28,0x00,0x00,0x00,0x00,0x00,0x00,0x00,0x00,0x00,0x00,0x00,0x00,0x00,0x00,0x25,0x21,0xE4,0x18,0xE6,0x20,0x66,0x29,0xA3,0x10,0x00,0x00,0x00,0x08,0x00,0x58,
	0x20,0x58,0xC1,0xF0,0xE2,0xF8,0xE2,0xF8,0xC1,0xF0,0x00,0x68,0x00,0x50,0x00,0x10,0x00,0x00,0x00,0x00,0x64,0x21,0x66,0x21,0x66,0x21,0x67,0x21,0x67,0x21,0x66,0x21,0x45,0x21,0x45,0x19,0x45,0x19,0x46,0x21,0x66,0x21,0x66,0x21,0x66,0x21,0x66,0x21,0x66,0x21,0x66,0x21,0x66,0x21,0x66,0x21,0x06,0x21,0x66,0x21,0x66,0x21,0x66,0x29,
	0x66,0x21,0x66,0x21,0x66,0x21,0x66,0x21,0x66,0x21,0x66,0x29,0x66,0x21,0x66,0x21,0x66,0x21,0x66,0x21,0x66,0x21,0x66,0x29,0x66,0x21,0x66,0x21,0x66,0x21,0x66,0x21,0x66,0x21,0x66,0x21,0x66,0x21,0x66,0x21,0x66,0x21,0x66,0x21,0x66,0x21,0x66,0x21,0x66,0x21,0x46,0x29,0x47,0x29,0x46,0x29,0x47,0x29,0x46,0x29,0x46,0x29,0x46,0x29,
	0xE6,0x20,0xE6,0x20,0xA5,0x18,0xE6,0x20,0xE6,0x20,0xA5,0x18,0xE6,0x20,0xE6,0x20,0xA6,0x18,0xA7,0x18,0xC5,0x18,0xC5,0x18,0xE4,0x18,0xA4,0x18,0x01,0x00,0x00,0x00,0x00,0x00,0x00,0x00,0x00,0x00,0x00,0x00,0x00,0x00,0x00,0x00,0x00,0x00,0x00,0x00,0x00,0x00,0x00,0x00,0x00,0x00,0x00,0x00,0x00,0x00,0x00,0x00,0x00,0x00,0x00,0x00,
	0x00,0x00,0x00,0x00,0x00,0x00,0x00,0x00,0x00,0x00,0x00,0x00,0x00,0x00,0x00,0x00,0x00,0x00,0x00,0x00,0x00,0x00,0x00,0x00,0x00,0x00,0x00,0x00,0x00,0x00,0x00,0x00,0x00,0x00,0x00,0x00,0x00,0x00,0x00,0x00,0x21,0x00,0x41,0x00,0x01,0x00,0x42,0x08,0x42,0x08,0x41,0x00,0x42,0x00,0x62,0x08,0x62,0x08,0x62,0x08,0x03,0x08,0x42,0x00,
	0x43,0x08,0x62,0x08,0x62,0x08,0x00,0x00,0x21,0x00,0x0C,0x63,0xB5,0xAD,0xD6,0xB5,0xD6,0xB5,0x17,0xAE,0x03,0xE8,0x02,0xE8,0x01,0xE8,0x00,0xE8,0x00,0xD0,0x01,0xA8,0x00,0x50,0x00,0x00,0x00,0x00,0x00,0x00,0x00,0x00,0x00,0x00,0x00,0x00,0x00,0x00,0x83,0x10,0x46,0x29,0x84,0x28,0x46,0x29,0x46,0x29,0x21,0x00,0x00,0x00,0x00,0x30,
	0x00,0x58,0x00,0x90,0xE2,0xF8,0xE2,0xF8,0xE2,0xF8,0x20,0xE8,0x00,0x60,0x00,0x50,0x00,0x18,0x00,0x00,0x00,0x00,0x41,0x08,0x45,0x21,0x67,0x21,0x66,0x21,0x66,0x21,0x66,0x21,0x67,0x21,0x67,0x21,0x66,0x21,0x66,0x21,0x66,0x21,0x66,0x21,0x66,0x21,0x66,0x21,0x66,0x21,0x66,0x21,0x66,0x21,0x66,0x21,0x66,0x21,0x66,0x21,0x66,0x21,
	0x66,0x21,0x66,0x21,0x66,0x21,0x66,0x21,0x66,0x21,0x66,0x21,0x66,0x21,0x66,0x21,0x66,0x21,0x66,0x21,0x66,0x21,0x66,0x21,0x66,0x21,0x66,0x21,0x66,0x21,0x66,0x21,0x66,0x21,0x66,0x21,0x66,0x21,0x66,0x21,0x66,0x29,0x46,0x21,0x67,0x21,0x67,0x21,0x46,0x21,0x26,0x21,0x27,0x21,0x26,0x21,0x26,0x21,0xE6,0x20,0x26,0x21,0x26,0x21,
	0x05,0x21,0x25,0x21,0x07,0x19,0xE5,0x18,0xE6,0x18,0xC5,0x18,0xC6,0x18,0xC6,0x18,0xC5,0x18,0xA5,0x18,0xC5,0x18,0xC5,0x18,0x83,0x10,0x42,0x08,0x00,0x00,0x00,0x00,0x00,0x00,0x00,0x00,0x00,0x00,0x00,0x00,0x00,0x00,0x00,0x00,0x00,0x00,0x00,0x00,0x00,0x00,0x00,0x00,0x00,0x00,0x00,0x00,0x00,0x00,0x00,0x00,0x00,0x00,0x00,0x00,
	0x00,0x00,0x00,0x00,0x00,0x00,0x00,0x00,0x00,0x00,0x00,0x00,0x00,0x00,0x00,0x00,0x00,0x00,0x00,0x00,0x00,0x00,0x00,0x00,0x00,0x00,0x00,0x00,0x00,0x00,0x00,0x00,0x00,0x00,0x00,0x00,0x00,0x00,0x00,0x00,0x00,0x00,0x41,0x00,0x01,0x00,0x42,0x00,0x21,0x00,0x42,0x00,0x42,0x08,0x42,0x08,0x42,0x08,0x42,0x08,0x63,0x08,0x42,0x08,
	0x22,0x08,0x42,0x00,0x62,0x08,0x62,0x08,0x42,0x08,0x00,0x00,0xA3,0x10,0x2C,0x63,0x13,0x9D,0xF1,0xD3,0x03,0xE8,0x01,0xE8,0x01,0xE8,0x01,0xE8,0x01,0xD0,0x01,0xB0,0x00,0x80,0x00,0x00,0x00,0x00,0x00,0x00,0x00,0x00,0x00,0x00,0x00,0x00,0x00,0x00,0x01,0x00,0x25,0x21,0x04,0x21,0x05,0x29,0x46,0x29,0x06,0x21,0x00,0x00,0x00,0x08,
	0x00,0x48,0x20,0x58,0x20,0xB8,0xE2,0xF8,0xE2,0xF8,0xE2,0xF8,0x00,0xE0,0x00,0x68,0x00,0x48,0x00,0x18,0x00,0x00,0x00,0x00,0x00,0x00,0x61,0x08,0xE3,0x10,0xE4,0x10,0x25,0x19,0x24,0x21,0x05,0x19,0x04,0x11,0x04,0x11,0x04,0x11,0x04,0x19,0xC4,0x10,0x04,0x11,0xA4,0x10,0x04,0x11,0xE4,0x18,0xE4,0x18,0xE3,0x20,0xE3,0x20,0xE4,0x18,
	0xC3,0x18,0xE3,0x18,0xC3,0x18,0x84,0x10,0x63,0x10,0x62,0x08,0x62,0x08,0x62,0x08,0x62,0x08,0x42,0x08,0x42,0x08,0x42,0x08,0x42,0x08,0x42,0x08,0x42,0x08,0x21,0x00,0x41,0x00,0x41,0x00,0x42,0x08,0x41,0x00,0x21,0x00,0x21,0x00,0x00,0x08,0x01,0x08,0x00,0x08,0x21,0x08,0x20,0x08,0x21,0x08,0x00,0x10,0x00,0x10,0x00,0x08,0x00,0x08,
	0x00,0x08,0x00,0x08,0x00,0x08,0x00,0x08,0x00,0x08,0x00,0x08,0x00,0x08,0x00,0x08,0x00,0x08,0x00,0x00,0x00,0x08,0x00,0x08,0x00,0x00,0x00,0x00,0x00,0x00,0x00,0x00,0x00,0x00,0x00,0x00,0x00,0x00,0x00,0x00,0x00,0x00,0x00,0x00,0x00,0x00,0x00,0x00,0x00,0x00,0x00,0x00,0x00,0x00,0x00,0x00,0x00,0x00,0x00,0x00,0x00,0x00,0x00,0x00,
	0x00,0x00,0x00,0x00,0x00,0x00,0x00,0x00,0x00,0x00,0x00,0x00,0x00,0x00,0x00,0x00,0x00,0x00,0x00,0x00,0x00,0x00,0x00,0x00,0x00,0x00,0x00,0x00,0x00,0x00,0x00,0x00,0x00,0x00,0x00,0x00,0x00,0x00,0x00,0x00,0x00,0x00,0x01,0x00,0x21,0x00,0x62,0x08,0x42,0x08,0x62,0x08,0x42,0x08,0x42,0x08,0x42,0x00,0x42,0x00,0x42,0x00,0x62,0x08,
	0x22,0x00,0x42,0x08,0x42,0x00,0x62,0x08,0x62,0x08,0x62,0x08,0x41,0x00,0x00,0x00,0x61,0x08,0x82,0x48,0x02,0xB8,0x02,0xE8,0x03,0xE8,0x00,0xE8,0x02,0xE8,0x01,0xB8,0x00,0x88,0x00,0x20,0x00,0x00,0x00,0x00,0x00,0x00,0x00,0x00,0x00,0x00,0x00,0x00,0x00,0x00,0x20,0x10,0x45,0x29,0xA4,0x18,0x46,0x29,0x66,0x29,0xA3,0x10,0x00,0x00,
	0x00,0x10,0x00,0x58,0x00,0x60,0x40,0xD8,0xE2,0xF8,0x60,0xE8,0x40,0xE8,0x00,0xE0,0x00,0x88,0x20,0x40,0x00,0x28,0x00,0x10,0x00,0x00,0x00,0x00,0x00,0x00,0x00,0x00,0x00,0x00,0x00,0x00,0x00,0x00,0x00,0x00,0x00,0x00,0x00,0x00,0x00,0x00,0x00,0x00,0x00,0x00,0x00,0x00,0x00,0x00,0x00,0x18,0x00,0x20,0x00,0x20,0x00,0x20,0x00,0x18,
	0x00,0x08,0x00,0x08,0x00,0x00,0x00,0x00,0x01,0x00,0x01,0x00,0x01,0x00,0x21,0x00,0x00,0x00,0x01,0x00,0x00,0x00,0x00,0x00,0x00,0x00,0x00,0x00,0x00,0x00,0x00,0x00,0x00,0x00,0x00,0x00,0x00,0x00,0x00,0x08,0xA0,0x70,0xE0,0x88,0xC0,0x80,0xC0,0x78,0xC0,0x78,0xA0,0x70,0xA0,0x70,0x80,0x68,0xA0,0x68,0x80,0x60,0x80,0x60,0x80,0x60,
	0x60,0x50,0x40,0x50,0x40,0x50,0x40,0x40,0x40,0x38,0x20,0x38,0x00,0x38,0x00,0x28,0x20,0x28,0x00,0x20,0x00,0x18,0x00,0x18,0x00,0x00,0x00,0x00,0x00,0x00,0x00,0x00,0x00,0x00,0x00,0x00,0x00,0x00,0x00,0x00,0x00,0x00,0x00,0x00,0x00,0x00,0x00,0x00,0x00,0x00,0x00,0x00,0x00,0x00,0x00,0x00,0x00,0x00,0x00,0x00,0x00,0x00,0x00,0x00,
	0x00,0x00,0x00,0x00,0x00,0x00,0x00,0x00,0x00,0x00,0x00,0x00,0x00,0x00,0x00,0x00,0x00,0x00,0x00,0x00,0x00,0x00,0x00,0x00,0x00,0x00,0x00,0x00,0x00,0x00,0x00,0x00,0x00,0x00,0x00,0x00,0x00,0x00,0x00,0x00,0x00,0x00,0x00,0x00,0x01,0x00,0x01,0x00,0x21,0x00,0x62,0x00,0x62,0x08,0x42,0x00,0x43,0x08,0x62,0x00,0x42,0x00,0x22,0x08,
	0x42,0x00,0x01,0x00,0x62,0x08,0x43,0x00,0x42,0x00,0x62,0x08,0x62,0x08,0x62,0x08,0x41,0x00,0x01,0x00,0x21,0x00,0x41,0x08,0x21,0x08,0x22,0x10,0x41,0x18,0x00,0x18,0x00,0x00,0x00,0x00,0x00,0x00,0x00,0x00,0x00,0x00,0x00,0x00,0x00,0x00,0x00,0x00,0x00,0x00,0x00,0x00,0xE4,0x18,0x05,0x21,0x05,0x21,0x66,0x29,0x46,0x29,0x82,0x10,
	0x20,0x00,0x00,0x20,0x00,0x60,0x00,0x60,0x00,0xD0,0xC1,0xF0,0x23,0xF0,0x42,0xF0,0x00,0xE8,0x00,0xC0,0x00,0x68,0x20,0x38,0x00,0x20,0x00,0x18,0x00,0x08,0x00,0x00,0x00,0x00,0x00,0x00,0x00,0x00,0x00,0x00,0x00,0x00,0x00,0x08,0x00,0x08,0x00,0x08,0x00,0x08,0x00,0x28,0x00,0x40,0x00,0x40,0x00,0x40,0x00,0x40,0x00,0x40,0x00,0x18,
	0x00,0x08,0x00,0x00,0x00,0x00,0x42,0x08,0x42,0x00,0x62,0x08,0x22,0x08,0x00,0x00,0x41,0x00,0x01,0x00,0x00,0x00,0x00,0x00,0x00,0x00,0x00,0x00,0x00,0x00,0x00,0x00,0x00,0x00,0x00,0x00,0x00,0x20,0x20,0x99,0x40,0x30,0x00,0x08,0x00,0x00,0x00,0x00,0x00,0x00,0x00,0x00,0x00,0x00,0x00,0x00,0x00,0x00,0x00,0x00,0x00,0x00,0x00,0x00,
	0x00,0x00,0x00,0x00,0x00,0x00,0x00,0x00,0x00,0x00,0x00,0x00,0x00,0x00,0x00,0x00,0x00,0x00,0x00,0x00,0x00,0x00,0x00,0x00,0x00,0x00,0x00,0x00,0x00,0x00,0x00,0x00,0x00,0x00,0x00,0x00,0x00,0x00,0x00,0x00,0x00,0x00,0x00,0x00,0x00,0x00,0x00,0x00,0x00,0x00,0x00,0x00,0x00,0x00,0x00,0x00,0x00,0x00,0x00,0x00,0x00,0x00,0x00,0x00,
	0x00,0x00,0x00,0x00,0x00,0x00,0x00,0x00,0x00,0x00,0x00,0x00,0x00,0x00,0x00,0x00,0x00,0x00,0x00,0x00,0x00,0x00,0x00,0x00,0x00,0x00,0x00,0x00,0x00,0x00,0x00,0x00,0x00,0x00,0x00,0x00,0x00,0x00,0x00,0x00,0x00,0x00,0x00,0x00,0x00,0x00,0x00,0x00,0x21,0x00,0x42,0x00,0x42,0x00,0x41,0x00,0x42,0x08,0x22,0x08,0x62,0x08,0x62,0x08,
	0x42,0x00,0x62,0x00,0x62,0x08,0x62,0x08,0x42,0x08,0x62,0x00,0x62,0x08,0x62,0x08,0x62,0x08,0x62,0x08,0x62,0x08,0x62,0x08,0x21,0x00,0x42,0x00,0x42,0x00,0x01,0x00,0x01,0x00,0x00,0x00,0x00,0x00,0x00,0x00,0x00,0x00,0x00,0x00,0x00,0x00,0x00,0x00,0x00,0x00,0x00,0x00,0x01,0x00,0x46,0x21,0xC4,0x18,0x46,0x29,0x47,0x29,0x25,0x21,
	0x21,0x00,0x01,0x00,0x00,0x30,0x00,0x58,0x00,0x68,0x00,0xD8,0x00,0xE8,0x40,0xE8,0x82,0xF0,0x00,0xE8,0x00,0xE0,0x00,0xA8,0x20,0x68,0x40,0x48,0x00,0x20,0x00,0x20,0x00,0x20,0x00,0x18,0x00,0x10,0x00,0x18,0x00,0x20,0x00,0x18,0x00,0x20,0x00,0x38,0x00,0x50,0x00,0x60,0x00,0x60,0x00,0x60,0x00,0x68,0x00,0x60,0x00,0x28,0x00,0x18,
	0x00,0x08,0x00,0x00,0x62,0x08,0x64,0x10,0x64,0x10,0x64,0x10,0x42,0x08,0x62,0x08,0x42,0x08,0x00,0x00,0x00,0x00,0x00,0x00,0x00,0x00,0x00,0x00,0x00,0x00,0x00,0x00,0x00,0x00,0x00,0x18,0x20,0xA9,0x00,0x18,0x00,0x00,0x00,0x00,0x00,0x00,0x00,0x00,0x01,0x00,0x00,0x00,0x00,0x00,0x00,0x00,0x00,0x00,0x00,0x00,0x00,0x00,0x00,0x00,
	0x21,0x00,0x00,0x00,0x00,0x00,0x00,0x00,0x00,0x00,0x00,0x00,0x01,0x00,0x00,0x00,0x00,0x00,0x00,0x00,0x00,0x00,0x00,0x00,0x00,0x00,0x00,0x00,0x00,0x00,0x00,0x00,0x00,0x00,0x00,0x00,0x00,0x00,0x00,0x00,0x00,0x00,0x00,0x00,0x00,0x00,0x00,0x00,0x00,0x00,0x00,0x00,0x00,0x00,0x00,0x00,0x00,0x00,0x00,0x00,0x00,0x00,0x00,0x00,
	0x00,0x00,0x00,0x00,0x00,0x00,0x00,0x00,0x00,0x00,0x00,0x00,0x00,0x00,0x00,0x00,0x00,0x00,0x00,0x00,0x00,0x00,0x00,0x00,0x00,0x00,0x00,0x00,0x00,0x00,0x00,0x00,0x00,0x00,0x00,0x00,0x00,0x00,0x00,0x00,0x00,0x00,0x00,0x00,0x00,0x00,0x00,0x00,0x00,0x00,0x21,0x00,0x62,0x08,0x41,0x00,0x42,0x00,0x42,0x00,0x63,0x08,0x62,0x08,
	0x42,0x08,0x62,0x08,0x62,0x08,0x43,0x08,0x62,0x08,0x42,0x00,0x62,0x08,0x62,0x08,0x62,0x08,0x42,0x08,0x62,0x08,0x42,0x00,0x42,0x08,0x62,0x08,0x22,0x08,0x21,0x00,0x00,0x00,0x00,0x00,0x00,0x00,0x00,0x00,0x00,0x00,0x00,0x00,0x00,0x00,0x00,0x00,0x00,0x00,0x00,0x00,0x00,0x00,0xE3,0x18,0x45,0x29,0xC4,0x18,0x46,0x29,0x66,0x29,
	0x26,0x21,0x41,0x00,0x40,0x00,0x00,0x28,0x00,0x58,0x00,0x60,0x00,0xB8,0x00,0xE8,0x20,0xE8,0x00,0xE8,0x20,0xE8,0x00,0xE8,0x40,0xE0,0x00,0xC8,0x20,0xA8,0x00,0x78,0x00,0x60,0x00,0x48,0x00,0x40,0x00,0x48,0x00,0x60,0x00,0x70,0x00,0x90,0x00,0x98,0x00,0xA0,0x00,0xA0,0x00,0x90,0x00,0x90,0x00,0x78,0x00,0x30,0x00,0x28,0x00,0x10,
	0x00,0x00,0x83,0x10,0xC5,0x18,0xA4,0x18,0xC4,0x18,0x62,0x08,0x84,0x10,0x83,0x10,0x00,0x00,0x00,0x00,0x00,0x00,0x00,0x00,0x00,0x00,0x00,0x00,0x00,0x00,0x00,0x00,0x20,0x18,0x40,0xA9,0x20,0x28,0x00,0x00,0x00,0x00,0x00,0x00,0x00,0x00,0x01,0x00,0x01,0x00,0x41,0x00,0x01,0x00,0x01,0x00,0x21,0x00,0x21,0x00,0x01,0x00,0x21,0x00,
	0x21,0x00,0x01,0x00,0x21,0x00,0x21,0x00,0x21,0x00,0x01,0x00,0x01,0x00,0x00,0x00,0x00,0x00,0x00,0x00,0x00,0x00,0x00,0x00,0x00,0x00,0x00,0x00,0x00,0x00,0x00,0x00,0x00,0x00,0x00,0x00,0x00,0x00,0x00,0x00,0x00,0x00,0x00,0x00,0x00,0x00,0x00,0x00,0x00,0x00,0x00,0x00,0x00,0x00,0x00,0x00,0x00,0x00,0x00,0x00,0x00,0x00,0x00,0x00,
	0x00,0x00,0x00,0x00,0x00,0x00,0x00,0x00,0x00,0x00,0x00,0x00,0x00,0x00,0x00,0x00,0x00,0x00,0x00,0x00,0x00,0x00,0x00,0x00,0x00,0x00,0x00,0x00,0x00,0x00,0x00,0x00,0x00,0x00,0x00,0x00,0x00,0x00,0x00,0x00,0x00,0x00,0x00,0x00,0x00,0x00,0x00,0x00,0x00,0x00,0x00,0x00,0x21,0x00,0x42,0x08,0x42,0x00,0x43,0x08,0x62,0x00,0x42,0x08,
	0x42,0x00,0x42,0x00,0x22,0x00,0x42,0x00,0x62,0x08,0x62,0x08,0x62,0x08,0x62,0x08,0x42,0x00,0x63,0x08,0x62,0x08,0x22,0x00,0x42,0x00,0x01,0x00,0x01,0x00,0x00,0x00,0x00,0x00,0x00,0x00,0x00,0x00,0x00,0x00,0x00,0x00,0x00,0x00,0x00,0x00,0x00,0x00,0x00,0x00,0x00,0x00,0x00,0x00,0x00,0x00,0x05,0x19,0xE4,0x18,0xA3,0x18,0x46,0x29,
	0x67,0x29,0x25,0x21,0x41,0x08,0x00,0x00,0x00,0x20,0x00,0x58,0x00,0x58,0x20,0x80,0x00,0xD0,0x00,0xE8,0x61,0xF0,0x00,0xE8,0x00,0xE8,0x00,0xE8,0x00,0xE0,0x20,0xD8,0x00,0xC8,0x00,0xC0,0x00,0xB8,0x00,0xC0,0x00,0xC0,0x00,0xC8,0x00,0xC8,0x00,0xC0,0x00,0xC0,0x00,0xB8,0x00,0xA8,0x00,0x80,0x00,0x48,0x00,0x30,0x00,0x10,0x00,0x00,
	0xE4,0x18,0x45,0x29,0x25,0x21,0x06,0x21,0x84,0x10,0xA4,0x18,0xC4,0x18,0x00,0x00,0x00,0x00,0x00,0x00,0x00,0x00,0x00,0x00,0x00,0x00,0x21,0x00,0x00,0x00,0x20,0x18,0x20,0xA9,0x40,0x38,0x00,0x00,0x00,0x00,0x01,0x00,0x01,0x00,0x01,0x00,0x21,0x00,0x21,0x00,0x41,0x00,0x21,0x00,0x21,0x00,0x21,0x00,0x42,0x08,0x62,0x08,0x21,0x00,
	0x21,0x00,0x21,0x00,0x41,0x00,0x21,0x00,0x21,0x00,0x42,0x08,0x01,0x00,0x00,0x00,0x00,0x00,0x00,0x00,0x00,0x00,0x00,0x00,0x00,0x00,0x00,0x00,0x00,0x00,0x00,0x00,0x00,0x00,0x00,0x00,0x00,0x00,0x00,0x00,0x00,0x00,0x00,0x00,0x00,0x00,0x00,0x00,0x00,0x00,0x00,0x00,0x00,0x00,0x00,0x00,0x00,0x00,0x00,0x00,0x00,0x00,0x00,0x00,
	0x00,0x00,0x00,0x00,0x00,0x00,0x00,0x00,0x00,0x00,0x00,0x00,0x00,0x00,0x00,0x00,0x00,0x00,0x00,0x00,0x00,0x00,0x00,0x00,0x00,0x00,0x00,0x00,0x00,0x00,0x00,0x00,0x00,0x00,0x00,0x00,0x00,0x00,0x00,0x00,0x00,0x00,0x00,0x00,0x00,0x00,0x00,0x00,0x00,0x00,0x00,0x00,0x01,0x00,0x01,0x00,0x42,0x08,0x62,0x00,0x42,0x00,0x41,0x00,
	0x62,0x08,0x01,0x00,0x62,0x08,0x62,0x08,0x42,0x00,0x01,0x00,0x62,0x08,0x62,0x08,0x63,0x08,0x42,0x00,0x22,0x08,0x01,0x00,0x20,0x00,0x00,0x00,0x00,0x00,0x00,0x00,0x00,0x00,0x00,0x00,0x00,0x00,0x00,0x00,0x00,0x00,0x00,0x00,0x00,0x00,0x00,0x00,0x00,0x00,0x00,0x00,0x00,0x00,0x00,0x00,0x21,0x00,0xE4,0x18,0xE5,0x18,0xE4,0x18,
	0x66,0x29,0x46,0x29,0x47,0x29,0x62,0x08,0x41,0x00,0x21,0x08,0x00,0x48,0x00,0x60,0x40,0x58,0x80,0x78,0x00,0xD0,0x00,0xE8,0x00,0xE8,0x00,0xE8,0x00,0xE8,0x00,0xE0,0x00,0xD8,0x00,0xE0,0x00,0xE0,0x00,0xD8,0x00,0xD0,0x00,0xD0,0x00,0xD0,0x00,0xC8,0x00,0xC8,0x00,0x98,0x00,0x58,0x00,0x50,0x00,0x38,0x00,0x00,0x21,0x00,0x45,0x29,
	0x46,0x29,0x66,0x29,0x47,0x29,0xC3,0x18,0xE5,0x20,0x46,0x29,0x00,0x00,0x00,0x00,0x00,0x00,0x01,0x00,0x00,0x00,0x00,0x00,0x00,0x00,0x00,0x00,0x00,0x08,0x60,0xB9,0x60,0x48,0x00,0x00,0x00,0x00,0x01,0x00,0x01,0x00,0x21,0x00,0x41,0x00,0x01,0x00,0x62,0x08,0x01,0x00,0x01,0x00,0x01,0x00,0x00,0x00,0x01,0x00,0x00,0x00,0x01,0x00,
	0x01,0x00,0x00,0x00,0x01,0x00,0x01,0x00,0x01,0x00,0x01,0x00,0x00,0x00,0x00,0x00,0x00,0x00,0x00,0x00,0x00,0x00,0x00,0x00,0x00,0x00,0x00,0x00,0x00,0x00,0x00,0x00,0x00,0x00,0x00,0x00,0x00,0x00,0x00,0x00,0x00,0x00,0x00,0x00,0x00,0x00,0x00,0x00,0x00,0x00,0x00,0x00,0x00,0x00,0x00,0x00,0x00,0x00,0x00,0x00,0x00,0x00,0x00,0x00,
	0x00,0x00,0x00,0x00,0x00,0x00,0x00,0x00,0x00,0x00,0x00,0x00,0x00,0x00,0x00,0x00,0x00,0x00,0x00,0x00,0x00,0x00,0x00,0x00,0x00,0x00,0x00,0x00,0x00,0x00,0x00,0x00,0x00,0x00,0x00,0x00,0x00,0x00,0x00,0x00,0x00,0x00,0x00,0x00,0x00,0x00,0x00,0x00,0x00,0x00,0x00,0x00,0x00,0x00,0x00,0x00,0x01,0x00,0x42,0x00,0x22,0x00,0x43,0x08,
	0x62,0x08,0x62,0x08,0x42,0x08,0x62,0x08,0x42,0x08,0x62,0x08,0x62,0x08,0x42,0x00,0x43,0x08,0x62,0x08,0x01,0x00,0x01,0x00,0x00,0x00,0x25,0x21,0x29,0x4A,0x89,0x52,0x62,0x08,0x00,0x00,0x00,0x00,0x00,0x00,0x00,0x00,0x00,0x00,0x00,0x08,0x00,0x00,0x00,0x00,0x00,0x00,0x00,0x00,0x00,0x00,0x00,0x00,0x00,0x08,0x25,0x21,0x25,0x21,
	0xC5,0x18,0x67,0x29,0x46,0x29,0x46,0x29,0xA3,0x10,0x41,0x00,0x21,0x00,0x00,0x18,0x00,0x48,0x60,0x58,0x60,0x60,0x40,0x68,0x00,0x90,0x00,0xC0,0x00,0xC8,0x00,0xD8,0x00,0xE0,0x00,0xE0,0x00,0xE0,0x00,0xD0,0x00,0xD8,0x00,0xC0,0x00,0xA0,0x00,0x70,0x00,0x58,0x00,0x58,0x00,0x48,0x00,0x10,0x41,0x00,0x62,0x08,0x46,0x29,0x68,0x31,
	0x87,0x31,0x87,0x31,0x84,0x10,0xE5,0x18,0x25,0x21,0x00,0x08,0x01,0x00,0x00,0x00,0x00,0x08,0x41,0x00,0x01,0x00,0x01,0x00,0x00,0x00,0x00,0x10,0x80,0xB9,0x40,0x40,0x00,0x00,0x00,0x00,0x01,0x00,0x21,0x00,0x21,0x00,0x41,0x00,0x41,0x00,0x00,0x00,0x00,0x00,0x41,0x00,0x00,0x00,0x20,0x00,0x21,0x00,0x00,0x00,0x41,0x00,0x00,0x00,
	0x00,0x00,0x41,0x00,0x00,0x00,0x00,0x00,0x21,0x00,0x00,0x00,0x00,0x00,0x00,0x00,0x00,0x00,0x00,0x00,0x00,0x00,0x00,0x00,0x00,0x00,0x00,0x00,0x00,0x00,0x00,0x00,0x00,0x00,0x00,0x00,0x00,0x00,0x00,0x00,0x00,0x00,0x00,0x00,0x00,0x00,0x00,0x00,0x00,0x00,0x00,0x00,0x00,0x00,0x00,0x00,0x00,0x00,0x00,0x00,0x00,0x00,0x00,0x00,
	0x00,0x00,0x00,0x00,0x00,0x00,0x00,0x00,0x00,0x00,0x00,0x00,0x00,0x00,0x00,0x00,0x00,0x00,0x00,0x00,0x00,0x00,0x00,0x00,0x00,0x00,0x00,0x00,0x00,0x00,0x00,0x00,0x00,0x00,0x00,0x00,0x00,0x00,0x00,0x00,0x00,0x00,0x00,0x00,0x00,0x00,0x00,0x00,0x00,0x00,0x00,0x00,0x00,0x00,0x00,0x00,0x00,0x00,0x01,0x00,0x62,0x08,0x42,0x08,
	0x22,0x00,0x42,0x00,0x62,0x00,0x42,0x08,0x62,0x08,0x62,0x08,0x62,0x08,0x62,0x08,0x42,0x08,0x01,0x00,0x01,0x00,0x00,0x00,0x29,0x42,0x49,0x4A,0x82,0x08,0xE4,0x20,0xEB,0x5A,0x20,0x00,0x00,0x00,0x00,0x00,0x00,0x00,0x00,0x00,0x00,0x00,0x00,0x00,0x00,0x00,0x00,0x00,0x00,0x00,0x00,0x00,0x01,0x00,0x00,0x00,0x21,0x00,0x25,0x21,
	0x25,0x21,0xC4,0x18,0x67,0x29,0x66,0x29,0x66,0x29,0x25,0x21,0x62,0x08,0x21,0x00,0x41,0x00,0x40,0x10,0x00,0x38,0x00,0x50,0x00,0x58,0x00,0x58,0x00,0x58,0x00,0x58,0x00,0x70,0x00,0x78,0x00,0x68,0x00,0x58,0x00,0x58,0x00,0x58,0x00,0x58,0x00,0x50,0x00,0x40,0x00,0x10,0x20,0x08,0x42,0x08,0x25,0x21,0xA8,0x39,0x68,0x31,0x68,0x31,
	0x88,0x39,0x05,0x21,0x06,0x21,0x06,0x21,0x01,0x08,0x01,0x00,0x01,0x00,0x01,0x00,0x00,0x08,0x01,0x00,0x00,0x00,0x00,0x00,0x00,0x10,0x60,0xB9,0xA0,0x60,0x00,0x00,0x00,0x00,0x01,0x00,0x21,0x00,0x21,0x00,0x41,0x00,0x62,0x08,0x00,0x00,0x00,0x00,0x01,0x00,0x00,0x00,0x21,0x00,0x00,0x00,0x00,0x00,0x22,0x00,0x00,0x00,0x00,0x00,
	0x01,0x00,0x00,0x00,0x21,0x00,0x00,0x00,0x00,0x00,0x00,0x00,0x00,0x00,0x00,0x00,0x00,0x00,0x00,0x00,0x00,0x00,0x00,0x00,0x00,0x00,0x00,0x00,0x00,0x00,0x00,0x00,0x00,0x00,0x00,0x00,0x00,0x00,0x00,0x00,0x00,0x00,0x00,0x00,0x00,0x00,0x00,0x00,0x00,0x00,0x00,0x00,0x00,0x00,0x00,0x00,0x00,0x00,0x00,0x00,0x00,0x00,0x00,0x00,
	0x00,0x00,0x00,0x00,0x00,0x00,0x00,0x00,0x00,0x00,0x00,0x00,0x00,0x00,0x00,0x00,0x00,0x00,0x00,0x00,0x00,0x00,0x00,0x00,0x00,0x00,0x00,0x00,0x00,0x00,0x00,0x00,0x00,0x00,0x00,0x00,0x00,0x00,0x00,0x00,0x00,0x00,0x00,0x00,0x00,0x00,0x00,0x00,0x00,0x00,0x00,0x00,0x00,0x00,0x00,0x00,0x00,0x00,0x00,0x00,0x01,0x00,0x01,0x00,
	0x21,0x00,0x22,0x00,0x22,0x08,0x62,0x08,0x43,0x08,0x42,0x00,0x42,0x00,0x22,0x00,0x21,0x00,0x01,0x00,0x00,0x00,0x04,0x21,0xAB,0x52,0x00,0x00,0x00,0x00,0x00,0x00,0x25,0x21,0xE5,0x18,0x00,0x00,0x00,0x00,0x00,0x00,0x00,0x00,0x00,0x00,0x00,0x00,0x00,0x00,0x00,0x00,0x01,0x00,0x01,0x00,0x01,0x00,0x01,0x00,0x00,0x00,0x21,0x00,
	0x05,0x19,0x46,0x29,0xE4,0x18,0x25,0x21,0x66,0x29,0x68,0x29,0x67,0x29,0x06,0x21,0x83,0x10,0x60,0x08,0x20,0x00,0x20,0x08,0x00,0x10,0x00,0x20,0x00,0x38,0x00,0x40,0x00,0x40,0x00,0x50,0x00,0x48,0x00,0x48,0x00,0x38,0x00,0x28,0x00,0x18,0x21,0x08,0x41,0x08,0x82,0x08,0x05,0x21,0x88,0x39,0x68,0x31,0x88,0x39,0x87,0x31,0x46,0x29,
	0xA4,0x18,0x25,0x21,0xA4,0x18,0x21,0x00,0x41,0x00,0x22,0x08,0x01,0x00,0x61,0x08,0x61,0x08,0x01,0x00,0x00,0x00,0x00,0x10,0x60,0xB9,0xA0,0x58,0x00,0x00,0x00,0x00,0x01,0x00,0x21,0x00,0x22,0x00,0x42,0x08,0x21,0x00,0x00,0x00,0x00,0x00,0x00,0x00,0x00,0x00,0x00,0x00,0x00,0x00,0x01,0x00,0x00,0x00,0x00,0x00,0x41,0x00,0x00,0x00,
	0x01,0x00,0x00,0x00,0x00,0x00,0x00,0x00,0x00,0x00,0x00,0x00,0x00,0x00,0x00,0x00,0x00,0x00,0x00,0x00,0x00,0x00,0x00,0x00,0x00,0x00,0x00,0x00,0x00,0x00,0x00,0x00,0x00,0x00,0x00,0x00,0x00,0x00,0x00,0x00,0x00,0x00,0x00,0x00,0x00,0x00,0x00,0x00,0x00,0x00,0x00,0x00,0x00,0x00,0x00,0x00,0x00,0x00,0x00,0x00,0x00,0x00,0x00,0x00,
	0x00,0x00,0x00,0x00,0x00,0x00,0x00,0x00,0x00,0x00,0x00,0x00,0x00,0x00,0x00,0x00,0x00,0x00,0x00,0x00,0x00,0x00,0x00,0x00,0x00,0x00,0x00,0x00,0x00,0x00,0x00,0x00,0x00,0x00,0x00,0x00,0x00,0x00,0x00,0x00,0x00,0x00,0x00,0x00,0x00,0x00,0x00,0x00,0x00,0x00,0x00,0x00,0x00,0x00,0x00,0x00,0x00,0x00,0x00,0x00,0x00,0x00,0x01,0x00,
	0x42,0x00,0x02,0x08,0x42,0x00,0x63,0x08,0x62,0x08,0x62,0x08,0x01,0x00,0x22,0x00,0x01,0x00,0x00,0x00,0x00,0x00,0x2D,0x6B,0x62,0x08,0x00,0x00,0x00,0x00,0x00,0x00,0x43,0x29,0x86,0x31,0x00,0x00,0x00,0x00,0x00,0x00,0x00,0x00,0x00,0x00,0x00,0x00,0x00,0x00,0x00,0x00,0x01,0x00,0x21,0x00,0x01,0x00,0x01,0x00,0x01,0x00,0x21,0x00,
	0x20,0x00,0xE4,0x18,0x46,0x29,0xC5,0x18,0xE5,0x18,0x66,0x29,0x68,0x29,0x66,0x29,0x67,0x29,0x46,0x21,0x03,0x21,0x61,0x10,0x41,0x08,0x42,0x00,0x00,0x00,0x20,0x00,0x21,0x00,0x21,0x00,0x01,0x00,0x41,0x00,0x42,0x00,0x00,0x00,0x62,0x08,0xE4,0x18,0x65,0x31,0xA6,0x39,0xA9,0x41,0x88,0x31,0x88,0x31,0x68,0x29,0x24,0x29,0xE4,0x18,
	0x45,0x29,0x42,0x08,0x21,0x00,0x41,0x00,0x42,0x08,0x62,0x08,0x42,0x08,0x61,0x08,0x60,0x08,0x00,0x00,0x00,0x08,0x60,0xB9,0x80,0x68,0x00,0x00,0x00,0x00,0x01,0x00,0x22,0x00,0x22,0x08,0x42,0x08,0x22,0x00,0x21,0x00,0x00,0x00,0x22,0x00,0x00,0x00,0x00,0x00,0x43,0x08,0x00,0x00,0x00,0x00,0x21,0x00,0x01,0x00,0x00,0x00,0x42,0x08,
	0x00,0x00,0x00,0x00,0x00,0x00,0x00,0x00,0x00,0x00,0x00,0x00,0x00,0x00,0x00,0x00,0x00,0x00,0x00,0x00,0x00,0x00,0x00,0x00,0x00,0x00,0x00,0x00,0x00,0x00,0x00,0x00,0x00,0x00,0x00,0x00,0x00,0x00,0x00,0x00,0x00,0x00,0x00,0x00,0x00,0x00,0x00,0x00,0x00,0x00,0x00,0x00,0x00,0x00,0x00,0x00,0x00,0x00,0x00,0x00,0x00,0x00,0x00,0x00,
	0x00,0x00,0x00,0x00,0x00,0x00,0x00,0x00,0x00,0x00,0x00,0x00,0x00,0x00,0x00,0x00,0x00,0x00,0x00,0x00,0x00,0x00,0x00,0x00,0x00,0x00,0x00,0x00,0x00,0x00,0x00,0x00,0x00,0x00,0x00,0x00,0x00,0x00,0x00,0x00,0x00,0x00,0x00,0x00,0x00,0x00,0x00,0x00,0x00,0x00,0x00,0x00,0x00,0x00,0x00,0x00,0x00,0x00,0x00,0x00,0x00,0x00,0x00,0x00,
	0x01,0x00,0x41,0x00,0x01,0x00,0x22,0x00,0x62,0x08,0x22,0x08,0x02,0x08,0x21,0x00,0x00,0x08,0x00,0x00,0xE7,0x39,0xA7,0x31,0x00,0x00,0x00,0x00,0x00,0x00,0x00,0x00,0xCB,0x52,0xA3,0x10,0x00,0x00,0x00,0x00,0x00,0x00,0x00,0x00,0x00,0x00,0x00,0x00,0x00,0x00,0x00,0x00,0x01,0x00,0x01,0x00,0x41,0x00,0x62,0x08,0x41,0x00,0x62,0x08,
	0x62,0x08,0x00,0x00,0x42,0x08,0xE5,0x20,0x06,0x21,0x84,0x10,0xC5,0x18,0x47,0x29,0x48,0x29,0x48,0x29,0x48,0x29,0x48,0x29,0x48,0x29,0x48,0x29,0x46,0x29,0xE6,0x20,0xE5,0x18,0xE6,0x20,0xE4,0x18,0xE6,0x20,0x46,0x29,0x68,0x29,0x68,0x29,0x48,0x29,0x48,0x21,0x48,0x29,0x48,0x29,0x67,0x29,0x25,0x21,0xA4,0x18,0x46,0x29,0x04,0x19,
	0x20,0x00,0x62,0x08,0x64,0x10,0x62,0x08,0x63,0x08,0x62,0x08,0x62,0x08,0x62,0x08,0x00,0x00,0x00,0x00,0x60,0xB9,0xA0,0x70,0x00,0x00,0x00,0x00,0x01,0x00,0x41,0x00,0x42,0x08,0x43,0x08,0x62,0x08,0x00,0x00,0x00,0x00,0x01,0x00,0x00,0x00,0x00,0x00,0x22,0x00,0x00,0x00,0x01,0x00,0x01,0x00,0x01,0x00,0x00,0x00,0x00,0x00,0x00,0x00,
	0x21,0x00,0x00,0x00,0x00,0x00,0x00,0x00,0x00,0x00,0x00,0x00,0x00,0x00,0x00,0x00,0x00,0x00,0x00,0x00,0x00,0x00,0x00,0x00,0x00,0x00,0x00,0x00,0x00,0x00,0x00,0x00,0x00,0x00,0x00,0x00,0x00,0x00,0x00,0x00,0x00,0x00,0x00,0x00,0x00,0x00,0x00,0x00,0x00,0x00,0x00,0x00,0x00,0x00,0x00,0x00,0x00,0x00,0x00,0x00,0x00,0x00,0x00,0x00,
	0x00,0x00,0x00,0x00,0x00,0x00,0x00,0x00,0x00,0x00,0x00,0x00,0x00,0x00,0x00,0x00,0x00,0x00,0x00,0x00,0x00,0x00,0x00,0x00,0x00,0x00,0x00,0x00,0x00,0x00,0x00,0x00,0x00,0x00,0x00,0x00,0x00,0x00,0x00,0x00,0x00,0x00,0x00,0x00,0x00,0x00,0x00,0x00,0x00,0x00,0x00,0x00,0x00,0x00,0x00,0x00,0x00,0x00,0x00,0x00,0x00,0x00,0x00,0x00,
	0x00,0x00,0x00,0x00,0x01,0x00,0x21,0x00,0x42,0x08,0x42,0x08,0x21,0x00,0x01,0x00,0x00,0x00,0x83,0x08,0xB2,0x94,0x20,0x00,0x00,0x00,0x00,0x00,0x00,0x00,0xC3,0x10,0xAB,0x52,0x00,0x00,0x00,0x00,0x00,0x00,0x00,0x00,0x00,0x00,0x00,0x00,0x00,0x00,0x00,0x00,0x00,0x00,0x00,0x00,0x42,0x08,0x42,0x08,0x42,0x08,0x62,0x08,0x62,0x08,
	0x83,0x10,0x64,0x10,0x42,0x08,0x00,0x00,0x83,0x10,0x06,0x19,0x06,0x21,0xA5,0x18,0xC5,0x18,0x07,0x21,0x28,0x21,0x48,0x21,0x69,0x29,0x48,0x29,0x68,0x29,0x48,0x29,0x48,0x29,0x68,0x29,0x68,0x29,0x68,0x29,0x48,0x29,0x48,0x29,0x89,0x29,0x68,0x29,0x48,0x29,0x47,0x29,0x06,0x19,0xE4,0x18,0xE6,0x20,0xC6,0x18,0x81,0x10,0x21,0x00,
	0xA3,0x10,0x64,0x10,0x83,0x10,0xA3,0x10,0x83,0x10,0xA2,0x10,0x62,0x08,0x21,0x00,0x00,0x10,0x80,0xB1,0xC0,0x80,0x00,0x00,0x00,0x00,0x01,0x00,0x01,0x00,0x42,0x00,0x42,0x08,0x42,0x08,0x00,0x00,0x00,0x00,0x01,0x00,0x00,0x00,0x21,0x00,0x01,0x00,0x00,0x00,0x01,0x00,0x00,0x00,0x01,0x00,0x00,0x00,0x00,0x00,0x01,0x00,0x01,0x00,
	0x00,0x00,0x00,0x00,0x00,0x00,0x00,0x00,0x00,0x00,0x00,0x00,0x00,0x00,0x00,0x00,0x00,0x00,0x00,0x00,0x00,0x00,0x00,0x00,0x00,0x00,0x00,0x00,0x00,0x00,0x00,0x00,0x00,0x00,0x00,0x00,0x00,0x00,0x00,0x00,0x00,0x00,0x00,0x00,0x00,0x00,0x00,0x00,0x00,0x00,0x00,0x00,0x00,0x00,0x00,0x00,0x00,0x00,0x00,0x00,0x00,0x00,0x00,0x00,
	0x00,0x00,0x00,0x00,0x00,0x00,0x00,0x00,0x00,0x00,0x00,0x00,0x00,0x00,0x00,0x00,0x00,0x00,0x00,0x00,0x00,0x00,0x00,0x00,0x00,0x00,0x00,0x00,0x00,0x00,0x00,0x00,0x00,0x00,0x00,0x00,0x00,0x00,0x00,0x00,0x00,0x00,0x00,0x00,0x00,0x00,0x00,0x00,0x00,0x00,0x00,0x00,0x00,0x00,0x00,0x00,0x00,0x00,0x00,0x00,0x00,0x00,0x00,0x00,
	0x00,0x00,0x00,0x00,0x20,0x00,0x01,0x00,0x21,0x00,0x42,0x08,0x01,0x00,0x21,0x00,0x00,0x00,0x50,0x84,0x05,0x21,0x00,0x00,0x00,0x00,0x00,0x00,0x00,0x00,0xAB,0x52,0xE3,0x18,0x00,0x00,0x01,0x00,0x01,0x00,0x00,0x00,0x00,0x00,0x00,0x00,0x00,0x00,0x00,0x00,0x00,0x00,0x00,0x00,0x00,0x00,0x42,0x08,0x62,0x08,0x62,0x08,0x62,0x08,
	0x83,0x10,0x64,0x10,0xC4,0x10,0xA3,0x10,0x41,0x00,0x00,0x00,0x43,0x08,0x06,0x21,0x26,0x21,0xA5,0x18,0xA5,0x18,0xC6,0x18,0xE7,0x18,0x06,0x21,0x28,0x21,0x48,0x21,0x48,0x21,0x68,0x21,0x48,0x21,0x89,0x29,0x28,0x21,0x28,0x21,0x06,0x21,0xE5,0x18,0xE5,0x18,0xE5,0x18,0x07,0x21,0xE5,0x20,0x82,0x10,0x21,0x00,0xA3,0x10,0xE4,0x18,
	0xE4,0x18,0xE4,0x18,0xE4,0x18,0xC3,0x18,0x83,0x10,0x83,0x10,0x21,0x00,0x00,0x10,0x60,0xC1,0xE0,0x88,0x00,0x00,0x00,0x00,0x01,0x00,0x21,0x00,0x41,0x00,0x62,0x08,0x42,0x00,0x21,0x00,0x00,0x00,0x01,0x00,0x01,0x00,0x00,0x00,0x01,0x00,0x01,0x00,0x00,0x00,0x00,0x00,0x42,0x08,0x00,0x00,0x00,0x00,0x21,0x00,0x00,0x00,0x00,0x00,
	0x00,0x00,0x00,0x00,0x00,0x00,0x00,0x00,0x00,0x00,0x00,0x00,0x00,0x00,0x00,0x00,0x00,0x00,0x00,0x00,0x00,0x00,0x00,0x00,0x00,0x00,0x00,0x00,0x00,0x00,0x00,0x00,0x00,0x00,0x00,0x00,0x00,0x00,0x00,0x00,0x00,0x00,0x00,0x00,0x00,0x00,0x00,0x00,0x00,0x00,0x00,0x00,0x00,0x00,0x00,0x00,0x00,0x00,0x00,0x00,0x00,0x00,0x00,0x00,
	0x00,0x00,0x00,0x00,0x00,0x00,0x00,0x00,0x00,0x00,0x00,0x00,0x00,0x00,0x00,0x00,0x00,0x00,0x00,0x00,0x00,0x00,0x00,0x00,0x00,0x00,0x00,0x00,0x00,0x00,0x00,0x00,0x00,0x00,0x00,0x00,0x00,0x00,0x00,0x00,0x00,0x00,0x00,0x00,0x00,0x00,0x00,0x00,0x00,0x00,0x00,0x00,0x00,0x00,0x00,0x00,0x00,0x00,0x00,0x00,0x00,0x00,0x00,0x00,
	0x00,0x00,0x00,0x00,0x00,0x00,0x00,0x00,0x00,0x00,0x41,0x00,0x01,0x00,0x00,0x00,0xE8,0x39,0xAC,0x7B,0x00,0x00,0x40,0x08,0x40,0x08,0x20,0x00,0x04,0x21,0x6D,0x6B,0x00,0x00,0x00,0x00,0x62,0x08,0x01,0x00,0x41,0x00,0x01,0x00,0x00,0x00,0x00,0x00,0x00,0x00,0x00,0x00,0x00,0x00,0x00,0x00,0x00,0x00,0x43,0x08,0x62,0x08,0x62,0x08,
	0x84,0x10,0xA4,0x10,0xE4,0x18,0xC4,0x18,0xE4,0x18,0xC3,0x18,0x43,0x08,0x01,0x00,0x60,0x08,0x64,0x10,0xE6,0x20,0x27,0x21,0x27,0x21,0xE6,0x18,0xE6,0x20,0xC5,0x18,0xC5,0x18,0xA5,0x18,0xA5,0x18,0xE4,0x18,0xC5,0x18,0xE6,0x20,0x26,0x21,0x27,0x21,0xE4,0x18,0x82,0x08,0x42,0x08,0x62,0x00,0xC3,0x10,0xE4,0x18,0xE4,0x18,0xE4,0x18,
	0xE5,0x18,0xE4,0x18,0xE4,0x18,0xC3,0x18,0xA2,0x18,0x00,0x00,0x00,0x18,0xA0,0xD1,0xA0,0x70,0x00,0x00,0x01,0x00,0x01,0x00,0x22,0x00,0x41,0x00,0x42,0x00,0x62,0x08,0x42,0x00,0x00,0x00,0x01,0x00,0x00,0x00,0x00,0x00,0x41,0x00,0x00,0x00,0x00,0x00,0x00,0x00,0x21,0x00,0x00,0x00,0x00,0x00,0x21,0x00,0x00,0x00,0x00,0x00,0x00,0x00,
	0x00,0x00,0x00,0x00,0x00,0x00,0x00,0x00,0x00,0x00,0x00,0x00,0x00,0x00,0x00,0x00,0x00,0x00,0x00,0x00,0x00,0x00,0x00,0x00,0x00,0x00,0x00,0x00,0x00,0x00,0x00,0x00,0x00,0x00,0x00,0x00,0x00,0x00,0x00,0x00,0x00,0x00,0x00,0x00,0x00,0x00,0x00,0x00,0x00,0x00,0x00,0x00,0x00,0x00,0x00,0x00,0x00,0x00,0x00,0x00,0x00,0x00,0x00,0x00,
	0x00,0x00,0x00,0x00,0x00,0x00,0x00,0x00,0x00,0x00,0x00,0x00,0x00,0x00,0x00,0x00,0x00,0x00,0x00,0x00,0x00,0x00,0x00,0x00,0x00,0x00,0x00,0x00,0x00,0x00,0x00,0x00,0x00,0x00,0x00,0x00,0x00,0x00,0x00,0x00,0x00,0x00,0x00,0x00,0x00,0x00,0x00,0x00,0x00,0x00,0x00,0x00,0x00,0x00,0x00,0x00,0x00,0x00,0x00,0x00,0x00,0x00,0x00,0x00,
	0x00,0x00,0x00,0x00,0x00,0x00,0x00,0x00,0x00,0x00,0x00,0x00,0x00,0x00,0x61,0x08,0xB3,0x94,0x40,0x08,0x00,0x00,0x20,0x00,0x20,0x00,0x00,0x00,0xEF,0x7B,0xC3,0x10,0x00,0x00,0x01,0x00,0x42,0x00,0x21,0x00,0x42,0x08,0x01,0x00,0x00,0x00,0x00,0x00,0x00,0x00,0x00,0x00,0x00,0x00,0x00,0x00,0x00,0x00,0x00,0x00,0x63,0x08,0x82,0x10,
	0x84,0x10,0xC4,0x10,0xE3,0x18,0xE4,0x18,0xE4,0x18,0xE4,0x18,0xE4,0x18,0xE4,0x18,0x82,0x08,0x01,0x00,0x41,0x00,0x00,0x00,0x41,0x00,0x83,0x10,0xC5,0x18,0xC5,0x18,0xE5,0x18,0xC5,0x18,0xC5,0x18,0xC5,0x18,0xC3,0x10,0x43,0x08,0x41,0x08,0x00,0x08,0x00,0x00,0x62,0x08,0xE4,0x18,0xE4,0x18,0xE4,0x18,0xE4,0x18,0x04,0x19,0x24,0x19,
	0xE5,0x18,0xE4,0x18,0xE4,0x18,0xA3,0x10,0x00,0x00,0x20,0x38,0xE0,0xE9,0xC0,0x60,0x00,0x00,0x00,0x00,0x01,0x00,0x21,0x00,0x62,0x08,0x62,0x08,0x43,0x08,0x21,0x00,0x00,0x00,0x41,0x00,0x00,0x00,0x00,0x00,0x21,0x00,0x01,0x00,0x01,0x00,0x21,0x00,0x00,0x00,0x21,0x00,0x00,0x00,0x00,0x00,0x00,0x00,0x00,0x00,0x00,0x00,0x00,0x00,
	0x00,0x00,0x00,0x00,0x00,0x00,0x00,0x00,0x00,0x00,0x00,0x00,0x00,0x00,0x00,0x00,0x00,0x00,0x00,0x00,0x00,0x00,0x00,0x00,0x00,0x00,0x00,0x00,0x00,0x00,0x00,0x00,0x00,0x00,0x00,0x00,0x00,0x00,0x00,0x00,0x00,0x00,0x00,0x00,0x00,0x00,0x00,0x00,0x00,0x00,0x00,0x00,0x00,0x00,0x00,0x00,0x00,0x00,0x00,0x00,0x00,0x00,0x00,0x00,
	0x00,0x00,0x00,0x00,0x00,0x00,0x00,0x00,0x00,0x00,0x00,0x00,0x00,0x00,0x00,0x00,0x00,0x00,0x00,0x00,0x00,0x00,0x00,0x00,0x00,0x00,0x00,0x00,0x00,0x00,0x00,0x00,0x00,0x00,0x00,0x00,0x00,0x00,0x00,0x00,0x00,0x00,0x00,0x00,0x00,0x00,0x00,0x00,0x00,0x00,0x00,0x00,0x00,0x00,0x00,0x00,0x00,0x00,0x00,0x00,0x00,0x00,0x00,0x00,
	0x00,0x00,0x00,0x00,0x00,0x00,0x00,0x00,0x00,0x00,0x00,0x00,0x00,0x00,0x08,0x42,0x65,0x29,0x00,0x00,0x20,0x00,0x00,0x00,0x20,0x00,0x44,0x21,0x0F,0x7C,0x00,0x00,0x01,0x00,0x21,0x00,0x43,0x08,0x22,0x08,0x22,0x00,0x43,0x08,0x01,0x00,0x00,0x00,0x00,0x00,0x00,0x00,0x00,0x00,0x00,0x00,0x00,0x00,0x00,0x00,0x00,0x00,0x01,0x00,
	0xA3,0x10,0xE3,0x18,0xE4,0x18,0xE4,0x18,0xE4,0x18,0x24,0x19,0xE4,0x18,0xC4,0x18,0xC4,0x18,0xA4,0x10,0x62,0x08,0x62,0x08,0x41,0x00,0x01,0x00,0x00,0x00,0x00,0x00,0x00,0x00,0x00,0x00,0x00,0x00,0x00,0x00,0x00,0x00,0x01,0x00,0x62,0x08,0x62,0x08,0x83,0x10,0xA4,0x10,0xE4,0x18,0xE4,0x18,0x04,0x19,0xE4,0x18,0x45,0x21,0x25,0x21,
	0x05,0x21,0xE5,0x18,0x41,0x00,0x00,0x00,0x00,0x81,0xC0,0xD9,0x40,0x38,0x00,0x00,0x00,0x00,0x01,0x00,0x22,0x00,0x41,0x00,0x41,0x00,0x42,0x00,0x21,0x00,0x01,0x00,0x20,0x00,0x00,0x00,0x00,0x00,0x21,0x00,0x00,0x00,0x00,0x00,0x00,0x00,0x00,0x00,0x62,0x08,0x21,0x00,0x00,0x00,0x00,0x00,0x00,0x00,0x00,0x00,0x00,0x00,0x00,0x00,
	0x00,0x00,0x00,0x00,0x00,0x00,0x00,0x00,0x00,0x00,0x00,0x00,0x00,0x00,0x00,0x00,0x00,0x00,0x00,0x00,0x00,0x00,0x00,0x00,0x00,0x00,0x00,0x00,0x00,0x00,0x00,0x00,0x00,0x00,0x00,0x00,0x00,0x00,0x00,0x00,0x00,0x00,0x00,0x00,0x00,0x00,0x00,0x00,0x00,0x00,0x00,0x00,0x00,0x00,0x00,0x00,0x00,0x00,0x00,0x00,0x00,0x00,0x00,0x00,
	0x00,0x00,0x00,0x00,0x00,0x00,0x00,0x00,0x00,0x00,0x00,0x00,0x00,0x00,0x00,0x00,0x00,0x00,0x00,0x00,0x00,0x00,0x00,0x00,0x00,0x00,0x00,0x00,0x00,0x00,0x00,0x00,0x00,0x00,0x00,0x00,0x00,0x00,0x00,0x00,0x00,0x00,0x00,0x00,0x00,0x00,0x00,0x00,0x00,0x00,0x00,0x00,0x00,0x00,0x00,0x00,0x00,0x00,0x00,0x00,0x00,0x00,0x00,0x00,
	0x00,0x00,0x00,0x00,0x00,0x00,0x00,0x00,0x00,0x00,0x00,0x00,0x00,0x00,0x45,0x29,0x00,0x00,0x00,0x00,0x00,0x00,0x20,0x00,0x00,0x00,0x71,0x8C,0xE4,0x18,0x00,0x00,0x21,0x00,0x22,0x08,0x22,0x08,0x22,0x00,0x42,0x00,0x22,0x00,0x01,0x00,0x01,0x00,0x00,0x00,0x00,0x00,0x00,0x00,0x00,0x00,0x00,0x00,0x00,0x00,0x00,0x00,0x00,0x00,
	0x00,0x00,0x82,0x08,0xC4,0x18,0xE5,0x18,0xE4,0x18,0x04,0x19,0xE4,0x18,0xE4,0x18,0xC4,0x10,0x83,0x10,0x82,0x08,0x62,0x08,0x21,0x00,0x01,0x00,0x00,0x00,0x00,0x00,0x00,0x00,0x00,0x00,0x00,0x00,0x00,0x00,0x00,0x00,0x21,0x00,0x62,0x08,0x82,0x10,0xA2,0x10,0xA4,0x18,0xE4,0x18,0xE4,0x18,0x04,0x19,0x25,0x21,0x25,0x21,0xE5,0x18,
	0x82,0x10,0x00,0x00,0x40,0x30,0xA0,0xC9,0x60,0xA9,0x00,0x18,0x00,0x00,0x00,0x00,0x01,0x00,0x02,0x00,0x22,0x08,0x02,0x00,0x03,0x08,0x01,0x00,0x00,0x00,0x00,0x00,0x01,0x00,0x00,0x00,0x00,0x00,0x00,0x00,0x21,0x00,0x00,0x00,0x01,0x00,0x01,0x00,0x00,0x00,0x00,0x00,0x00,0x00,0x00,0x00,0x00,0x00,0x00,0x00,0x00,0x00,0x00,0x00,
	0x00,0x00,0x00,0x00,0x00,0x00,0x00,0x00,0x00,0x00,0x00,0x00,0x00,0x00,0x00,0x00,0x00,0x00,0x00,0x00,0x00,0x00,0x00,0x00,0x00,0x00,0x00,0x00,0x00,0x00,0x00,0x00,0x00,0x00,0x00,0x00,0x00,0x00,0x00,0x00,0x00,0x00,0x00,0x00,0x00,0x00,0x00,0x00,0x00,0x00,0x00,0x00,0x00,0x00,0x00,0x00,0x00,0x00,0x00,0x00,0x00,0x00,0x00,0x00,
	0x00,0x00,0x00,0x00,0x00,0x00,0x00,0x00,0x00,0x00,0x00,0x00,0x00,0x00,0x00,0x00,0x00,0x00,0x00,0x00,0x00,0x00,0x00,0x00,0x00,0x00,0x00,0x00,0x00,0x00,0x00,0x00,0x00,0x00,0x00,0x00,0x00,0x00,0x00,0x00,0x00,0x00,0x00,0x00,0x00,0x00,0x00,0x00,0x00,0x00,0x00,0x00,0x00,0x00,0x00,0x00,0x00,0x00,0x00,0x00,0x00,0x00,0x00,0x00,
	0x00,0x00,0x00,0x00,0x00,0x00,0x00,0x00,0x00,0x00,0x00,0x00,0x00,0x00,0x00,0x00,0x00,0x00,0x00,0x00,0x00,0x00,0x00,0x00,0x23,0x29,0xCF,0x73,0x00,0x00,0x01,0x00,0x01,0x00,0x22,0x08,0x42,0x08,0x42,0x00,0x22,0x00,0x22,0x08,0x22,0x08,0x01,0x00,0x01,0x00,0x01,0x00,0x01,0x00,0x00,0x00,0x00,0x00,0x00,0x00,0x00,0x00,0x00,0x00,
	0x00,0x00,0x00,0x00,0x00,0x00,0x62,0x08,0xC4,0x18,0xE5,0x18,0xE4,0x18,0xE4,0x18,0xA4,0x18,0x64,0x10,0x62,0x08,0x42,0x08,0x01,0x00,0x00,0x00,0x00,0x00,0x00,0x00,0x00,0x00,0x00,0x00,0x00,0x00,0x00,0x00,0x01,0x00,0x41,0x00,0x62,0x08,0x62,0x08,0x63,0x10,0xA3,0x10,0xE4,0x18,0xE4,0x18,0xE5,0x18,0x44,0x21,0xA3,0x10,0x00,0x00,
	0x00,0x00,0x40,0xA1,0x60,0xEA,0x60,0x50,0x00,0x00,0x00,0x00,0x00,0x00,0x01,0x00,0x22,0x08,0x02,0x00,0x22,0x08,0x42,0x08,0x21,0x00,0x00,0x00,0x01,0x00,0x01,0x00,0x00,0x00,0x41,0x00,0x00,0x00,0x00,0x00,0x01,0x00,0x01,0x00,0x00,0x00,0x00,0x00,0x00,0x00,0x00,0x00,0x00,0x00,0x00,0x00,0x00,0x00,0x00,0x00,0x00,0x00,0x00,0x00,
	0x00,0x00,0x00,0x00,0x00,0x00,0x00,0x00,0x00,0x00,0x00,0x00,0x00,0x00,0x00,0x00,0x00,0x00,0x00,0x00,0x00,0x00,0x00,0x00,0x00,0x00,0x00,0x00,0x00,0x00,0x00,0x00,0x00,0x00,0x00,0x00,0x00,0x00,0x00,0x00,0x00,0x00,0x00,0x00,0x00,0x00,0x00,0x00,0x00,0x00,0x00,0x00,0x00,0x00,0x00,0x00,0x00,0x00,0x00,0x00,0x00,0x00,0x00,0x00,
	0x00,0x00,0x00,0x00,0x00,0x00,0x00,0x00,0x00,0x00,0x00,0x00,0x00,0x00,0x00,0x00,0x00,0x00,0x00,0x00,0x00,0x00,0x00,0x00,0x00,0x00,0x00,0x00,0x00,0x00,0x00,0x00,0x00,0x00,0x00,0x00,0x00,0x00,0x00,0x00,0x00,0x00,0x00,0x00,0x00,0x00,0x00,0x00,0x00,0x00,0x00,0x00,0x00,0x00,0x00,0x00,0x00,0x00,0x00,0x00,0x00,0x00,0x00,0x00,
	0x00,0x00,0x00,0x00,0x00,0x00,0x00,0x00,0x00,0x00,0x00,0x00,0x00,0x00,0x00,0x00,0x00,0x00,0x00,0x00,0x00,0x00,0x00,0x00,0x49,0x4A,0xA1,0x10,0x00,0x00,0x01,0x00,0x01,0x00,0x22,0x00,0x43,0x08,0x22,0x00,0x43,0x00,0x42,0x08,0x01,0x00,0x42,0x08,0x22,0x08,0x01,0x00,0x01,0x00,0x00,0x00,0x00,0x00,0x00,0x00,0x00,0x00,0x00,0x00,
	0x00,0x00,0x00,0x00,0x00,0x00,0x00,0x00,0x00,0x00,0x41,0x00,0xA3,0x10,0xC3,0x10,0x84,0x10,0x62,0x08,0x62,0x08,0x62,0x08,0x21,0x00,0x01,0x00,0x00,0x00,0x00,0x00,0x00,0x00,0x00,0x00,0x00,0x00,0x00,0x00,0x01,0x00,0x01,0x00,0x62,0x08,0x62,0x08,0x62,0x08,0x64,0x10,0xC4,0x10,0xC3,0x10,0x41,0x00,0x00,0x00,0x40,0x18,0x80,0x99,
	0xE0,0xE2,0x20,0x89,0x00,0x08,0x00,0x00,0x00,0x00,0x01,0x00,0x01,0x00,0x41,0x00,0x62,0x08,0x63,0x08,0x62,0x08,0x21,0x00,0x00,0x00,0x21,0x00,0x00,0x00,0x00,0x00,0x62,0x08,0x00,0x00,0x00,0x00,0x00,0x00,0x00,0x00,0x00,0x00,0x00,0x00,0x00,0x00,0x00,0x00,0x00,0x00,0x00,0x00,0x00,0x00,0x00,0x00,0x00,0x00,0x00,0x00,0x00,0x00,
	0x00,0x00,0x00,0x00,0x00,0x00,0x00,0x00,0x00,0x00,0x00,0x00,0x00,0x00,0x00,0x00,0x00,0x00,0x00,0x00,0x00,0x00,0x00,0x00,0x00,0x00,0x00,0x00,0x00,0x00,0x00,0x00,0x00,0x00,0x00,0x00,0x00,0x00,0x00,0x00,0x00,0x00,0x00,0x00,0x00,0x00,0x00,0x00,0x00,0x00,0x00,0x00,0x00,0x00,0x00,0x00,0x00,0x00,0x00,0x00,0x00,0x00,0x00,0x00,
	0x00,0x00,0x00,0x00,0x00,0x00,0x00,0x00,0x00,0x00,0x00,0x00,0x00,0x00,0x00,0x00,0x00,0x00,0x00,0x00,0x00,0x00,0x00,0x00,0x00,0x00,0x00,0x00,0x00,0x00,0x00,0x00,0x00,0x00,0x00,0x00,0x00,0x00,0x00,0x00,0x00,0x00,0x00,0x00,0x00,0x00,0x00,0x00,0x00,0x00,0x00,0x00,0x00,0x00,0x00,0x00,0x00,0x00,0x00,0x00,0x00,0x00,0x00,0x00,
	0x00,0x00,0x00,0x00,0x00,0x00,0x00,0x00,0x00,0x00,0x00,0x00,0x00,0x00,0x00,0x00,0x00,0x00,0x00,0x00,0x00,0x00,0x00,0x00,0xE3,0x18,0x00,0x00,0x00,0x00,0x00,0x00,0x22,0x00,0x22,0x00,0x42,0x00,0x22,0x08,0x42,0x08,0x63,0x08,0x21,0x00,0x62,0x08,0x42,0x08,0x21,0x00,0x21,0x00,0x01,0x00,0x00,0x00,0x00,0x00,0x00,0x00,0x00,0x00,
	0x00,0x00,0x00,0x00,0x00,0x00,0x00,0x00,0x00,0x00,0x00,0x00,0x00,0x00,0x00,0x00,0x41,0x00,0x41,0x00,0x43,0x08,0x62,0x08,0x01,0x00,0x01,0x00,0x01,0x00,0x00,0x00,0x00,0x00,0x00,0x00,0x00,0x00,0x00,0x00,0x00,0x00,0x01,0x00,0x62,0x08,0x61,0x08,0x41,0x08,0x41,0x00,0x00,0x00,0x00,0x08,0xA0,0x38,0x20,0x9A,0xE0,0xE2,0xE0,0x99,
	0x00,0x20,0x00,0x00,0x00,0x00,0x00,0x00,0x00,0x00,0x01,0x00,0x41,0x00,0x42,0x00,0x22,0x00,0x62,0x08,0x21,0x00,0x21,0x00,0x00,0x00,0x21,0x00,0x20,0x00,0x00,0x00,0x00,0x00,0x00,0x00,0x00,0x00,0x00,0x00,0x00,0x00,0x00,0x00,0x00,0x00,0x00,0x00,0x00,0x00,0x00,0x00,0x00,0x00,0x00,0x00,0x00,0x00,0x00,0x00,0x00,0x00,0x00,0x00,
	0x00,0x00,0x00,0x00,0x00,0x00,0x00,0x00,0x00,0x00,0x00,0x00,0x00,0x00,0x00,0x00,0x00,0x00,0x00,0x00,0x00,0x00,0x00,0x00,0x00,0x00,0x00,0x00,0x00,0x00,0x00,0x00,0x00,0x00,0x00,0x00,0x00,0x00,0x00,0x00,0x00,0x00,0x00,0x00,0x00,0x00,0x00,0x00,0x00,0x00,0x00,0x00,0x00,0x00,0x00,0x00,0x00,0x00,0x00,0x00,0x00,0x00,0x00,0x00,
	0x00,0x00,0x00,0x00,0x00,0x00,0x00,0x00,0x00,0x00,0x00,0x00,0x00,0x00,0x00,0x00,0x00,0x00,0x00,0x00,0x00,0x00,0x00,0x00,0x00,0x00,0x00,0x00,0x00,0x00,0x00,0x00,0x00,0x00,0x00,0x00,0x00,0x00,0x00,0x00,0x00,0x00,0x00,0x00,0x00,0x00,0x00,0x00,0x00,0x00,0x00,0x00,0x00,0x00,0x00,0x00,0x00,0x00,0x00,0x00,0x00,0x00,0x00,0x00,
	0x00,0x00,0x00,0x00,0x00,0x00,0x00,0x00,0x00,0x00,0x00,0x00,0x00,0x00,0x00,0x00,0x00,0x00,0x00,0x00,0x00,0x00,0x00,0x00,0x00,0x00,0x00,0x00,0x00,0x00,0x00,0x00,0x01,0x00,0x42,0x08,0x42,0x08,0x42,0x00,0x22,0x08,0x22,0x00,0x42,0x08,0x62,0x08,0x42,0x08,0x63,0x08,0x42,0x00,0x21,0x00,0x01,0x00,0x00,0x00,0x00,0x00,0x00,0x00,
	0x00,0x00,0x00,0x00,0x00,0x00,0x00,0x00,0x00,0x00,0x00,0x00,0x00,0x00,0x00,0x00,0x00,0x00,0x00,0x00,0x00,0x00,0x00,0x00,0x00,0x00,0x00,0x00,0x00,0x00,0x00,0x00,0x00,0x00,0x00,0x00,0x00,0x00,0x00,0x00,0x00,0x00,0x00,0x00,0x00,0x00,0x00,0x00,0x20,0x10,0x20,0x49,0xA0,0xAA,0xA0,0xDB,0xE0,0xC2,0x20,0x59,0x00,0x18,0x00,0x00,
	0x00,0x00,0x00,0x00,0x00,0x00,0x00,0x00,0x21,0x00,0x21,0x00,0x41,0x00,0x62,0x08,0x62,0x08,0x42,0x08,0x00,0x00,0x00,0x00,0x42,0x00,0x00,0x00,0x00,0x00,0x00,0x00,0x00,0x00,0x00,0x00,0x00,0x00,0x00,0x00,0x00,0x00,0x00,0x00,0x00,0x00,0x00,0x00,0x00,0x00,0x00,0x00,0x00,0x00,0x00,0x00,0x00,0x00,0x00,0x00,0x00,0x00,0x00,0x00,
	0x00,0x00,0x00,0x00,0x00,0x00,0x00,0x00,0x00,0x00,0x00,0x00,0x00,0x00,0x00,0x00,0x00,0x00,0x00,0x00,0x00,0x00,0x00,0x00,0x00,0x00,0x00,0x00,0x00,0x00,0x00,0x00,0x00,0x00,0x00,0x00,0x00,0x00,0x00,0x00,0x00,0x00,0x00,0x00,0x00,0x00,0x00,0x00,0x00,0x00,0x00,0x00,0x00,0x00,0x00,0x00,0x00,0x00,0x00,0x00,0x00,0x00,0x00,0x00,
	0x00,0x00,0x00,0x00,0x00,0x00,0x00,0x00,0x00,0x00,0x00,0x00,0x00,0x00,0x00,0x00,0x00,0x00,0x00,0x00,0x00,0x00,0x00,0x00,0x00,0x00,0x00,0x00,0x00,0x00,0x00,0x00,0x00,0x00,0x00,0x00,0x00,0x00,0x00,0x00,0x00,0x00,0x00,0x00,0x00,0x00,0x00,0x00,0x00,0x00,0x00,0x00,0x00,0x00,0x00,0x00,0x00,0x00,0x00,0x00,0x00,0x00,0x00,0x00,
	0x00,0x00,0x00,0x00,0x00,0x00,0x00,0x00,0x00,0x00,0x00,0x00,0x00,0x00,0x00,0x00,0x00,0x00,0x00,0x00,0x00,0x00,0x00,0x00,0x00,0x00,0x00,0x00,0x00,0x00,0x00,0x00,0x00,0x00,0x00,0x00,0x01,0x00,0x21,0x00,0x01,0x00,0x22,0x08,0x01,0x00,0x21,0x00,0x42,0x08,0x42,0x08,0x62,0x08,0x62,0x08,0x21,0x00,0x01,0x00,0x00,0x00,0x00,0x00,
	0x00,0x00,0x00,0x00,0x00,0x00,0x00,0x00,0x00,0x00,0x00,0x00,0x00,0x00,0x00,0x00,0x00,0x08,0x00,0x10,0x60,0x18,0xC0,0x28,0xC0,0x28,0xC0,0x28,0x60,0x28,0x60,0x10,0x00,0x08,0x00,0x08,0x60,0x10,0x80,0x20,0x40,0x49,0xA0,0x8A,0xC0,0xC3,0x40,0xDC,0x20,0xE4,0x40,0xBB,0xA0,0x79,0x80,0x20,0x00,0x00,0x00,0x00,0x00,0x00,0x00,0x00,
	0x00,0x00,0x00,0x00,0x01,0x00,0x21,0x00,0x42,0x00,0x62,0x08,0x42,0x08,0x62,0x08,0x62,0x08,0x00,0x00,0x01,0x00,0x01,0x00,0x00,0x00,0x00,0x00,0x00,0x00,0x00,0x00,0x00,0x00,0x00,0x00,0x00,0x00,0x00,0x00,0x00,0x00,0x00,0x00,0x00,0x00,0x00,0x00,0x00,0x00,0x00,0x00,0x00,0x00,0x00,0x00,0x00,0x00,0x00,0x00,0x00,0x00,0x00,0x00,
	0x00,0x00,0x00,0x00,0x00,0x00,0x00,0x00,0x00,0x00,0x00,0x00,0x00,0x00,0x00,0x00,0x00,0x00,0x00,0x00,0x00,0x00,0x00,0x00,0x00,0x00,0x00,0x00,0x00,0x00,0x00,0x00,0x00,0x00,0x00,0x00,0x00,0x00,0x00,0x00,0x00,0x00,0x00,0x00,0x00,0x00,0x00,0x00,0x00,0x00,0x00,0x00,0x00,0x00,0x00,0x00,0x00,0x00,0x00,0x00,0x00,0x00,0x00,0x00,
	0x00,0x00,0x00,0x00,0x00,0x00,0x00,0x00,0x00,0x00,0x00,0x00,0x00,0x00,0x00,0x00,0x00,0x00,0x00,0x00,0x00,0x00,0x00,0x00,0x00,0x00,0x00,0x00,0x00,0x00,0x00,0x00,0x00,0x00,0x00,0x00,0x00,0x00,0x00,0x00,0x00,0x00,0x00,0x00,0x00,0x00,0x00,0x00,0x00,0x00,0x00,0x00,0x00,0x00,0x00,0x00,0x00,0x00,0x00,0x00,0x00,0x00,0x00,0x00,
	0x00,0x00,0x00,0x00,0x00,0x00,0x00,0x00,0x00,0x00,0x00,0x00,0x00,0x00,0x00,0x00,0x00,0x00,0x00,0x00,0x00,0x00,0x00,0x00,0x00,0x00,0x00,0x00,0x00,0x00,0x00,0x00,0x00,0x00,0x00,0x00,0x00,0x00,0x00,0x00,0x00,0x00,0x21,0x00,0x21,0x00,0x01,0x00,0x01,0x00,0x01,0x00,0x62,0x08,0x42,0x08,0x42,0x08,0x42,0x00,0x01,0x00,0x01,0x00,
	0x01,0x00,0x00,0x00,0x00,0x00,0x00,0x00,0x00,0x00,0x00,0x00,0x00,0x00,0x00,0x00,0x00,0x00,0x00,0x00,0x00,0x00,0x00,0x00,0x60,0x10,0xA0,0x28,0x60,0x51,0x00,0x72,0xC0,0x92,0x20,0x9B,0x60,0xBB,0x00,0xCC,0xE0,0xBB,0xC0,0x92,0x60,0x51,0x40,0x20,0x00,0x00,0x00,0x00,0x00,0x00,0x00,0x00,0x00,0x00,0x00,0x00,0x01,0x00,0x00,0x00,
	0x01,0x00,0x01,0x00,0x41,0x00,0x42,0x08,0x62,0x08,0x62,0x08,0x62,0x00,0x22,0x08,0x00,0x00,0x00,0x00,0x00,0x00,0x00,0x00,0x00,0x00,0x00,0x00,0x00,0x00,0x00,0x00,0x00,0x00,0x00,0x00,0x00,0x00,0x00,0x00,0x00,0x00,0x00,0x00,0x00,0x00,0x00,0x00,0x00,0x00,0x00,0x00,0x00,0x00,0x00,0x00,0x00,0x00,0x00,0x00,0x00,0x00,0x00,0x00,
	0x00,0x00,0x00,0x00,0x00,0x00,0x00,0x00,0x00,0x00,0x00,0x00,0x00,0x00,0x00,0x00,0x00,0x00,0x00,0x00,0x00,0x00,0x00,0x00,0x00,0x00,0x00,0x00,0x00,0x00,0x00,0x00,0x00,0x00,0x00,0x00,0x00,0x00,0x00,0x00,0x00,0x00,0x00,0x00,0x00,0x00,0x00,0x00,0x00,0x00,0x00,0x00,0x00,0x00,0x00,0x00,0x00,0x00,0x00,0x00,0x00,0x00,0x00,0x00,
	0x00,0x00,0x00,0x00,0x00,0x00,0x00,0x00,0x00,0x00,0x00,0x00,0x00,0x00,0x00,0x00,0x00,0x00,0x00,0x00,0x00,0x00,0x00,0x00,0x00,0x00,0x00,0x00,0x00,0x00,0x00,0x00,0x00,0x00,0x00,0x00,0x00,0x00,0x00,0x00,0x00,0x00,0x00,0x00,0x00,0x00,0x00,0x00,0x00,0x00,0x00,0x00,0x00,0x00,0x00,0x00,0x00,0x00,0x00,0x00,0x00,0x00,0x00,0x00,
	0x00,0x00,0x00,0x00,0x00,0x00,0x00,0x00,0x00,0x00,0x00,0x00,0x00,0x00,0x00,0x00,0x00,0x00,0x00,0x00,0x00,0x00,0x00,0x00,0x00,0x00,0x00,0x00,0x00,0x00,0x00,0x00,0x00,0x00,0x00,0x00,0x00,0x00,0x00,0x00,0x00,0x00,0x00,0x00,0x00,0x00,0x20,0x00,0x00,0x00,0x01,0x00,0x01,0x00,0x01,0x00,0x21,0x00,0x41,0x00,0x21,0x00,0x22,0x00,
	0x21,0x00,0x21,0x00,0x00,0x00,0x00,0x00,0x00,0x00,0x00,0x00,0x00,0x00,0x00,0x00,0x00,0x00,0x00,0x00,0x00,0x00,0x00,0x00,0x00,0x00,0x00,0x00,0x00,0x00,0x00,0x00,0xE4,0x18,0x20,0x08,0x00,0x00,0x00,0x00,0x00,0x00,0x00,0x00,0x00,0x00,0x00,0x00,0x00,0x00,0x00,0x00,0x00,0x00,0x00,0x00,0x00,0x00,0x00,0x00,0x01,0x00,0x01,0x00,
	0x21,0x00,0x62,0x08,0x62,0x08,0x41,0x00,0x41,0x00,0x41,0x00,0x01,0x00,0x20,0x00,0x00,0x00,0x00,0x00,0x00,0x00,0x00,0x00,0x00,0x00,0x00,0x00,0x00,0x00,0x00,0x00,0x00,0x00,0x00,0x00,0x00,0x00,0x00,0x00,0x00,0x00,0x00,0x00,0x00,0x00,0x00,0x00,0x00,0x00,0x00,0x00,0x00,0x00,0x00,0x00,0x00,0x00,0x00,0x00,0x00,0x00,0x00,0x00,
	0x00,0x00,0x00,0x00,0x00,0x00,0x00,0x00,0x00,0x00,0x00,0x00,0x00,0x00,0x00,0x00,0x00,0x00,0x00,0x00,0x00,0x00,0x00,0x00,0x00,0x00,0x00,0x00,0x00,0x00,0x00,0x00,0x00,0x00,0x00,0x00,0x00,0x00,0x00,0x00,0x00,0x00,0x00,0x00,0x00,0x00,0x00,0x00,0x00,0x00,0x00,0x00,0x00,0x00,0x00,0x00,0x00,0x00,0x00,0x00,0x00,0x00,0x00,0x00,
	0x00,0x00,0x00,0x00,0x00,0x00,0x00,0x00,0x00,0x00,0x00,0x00,0x00,0x00,0x00,0x00,0x00,0x00,0x00,0x00,0x00,0x00,0x00,0x00,0x00,0x00,0x00,0x00,0x00,0x00,0x00,0x00,0x00,0x00,0x00,0x00,0x00,0x00,0x00,0x00,0x00,0x00,0x00,0x00,0x00,0x00,0x00,0x00,0x00,0x00,0x00,0x00,0x00,0x00,0x00,0x00,0x00,0x00,0x00,0x00,0x00,0x00,0x00,0x00,
	0x00,0x00,0x00,0x00,0x00,0x00,0x00,0x00,0x00,0x00,0x00,0x00,0x00,0x00,0x00,0x00,0x00,0x00,0x00,0x00,0x00,0x00,0x00,0x00,0x00,0x00,0x00,0x00,0x00,0x00,0x00,0x00,0x00,0x00,0x00,0x00,0x00,0x00,0x00,0x00,0x00,0x00,0x00,0x00,0x00,0x00,0x00,0x00,0x00,0x00,0x00,0x00,0x00,0x00,0x00,0x00,0x00,0x00,0x01,0x00,0x01,0x00,0x01,0x00,
	0x21,0x00,0x01,0x00,0x01,0x00,0x00,0x00,0x00,0x00,0x00,0x00,0x00,0x00,0x00,0x00,0x00,0x00,0x00,0x00,0x00,0x00,0x00,0x00,0x00,0x00,0x00,0x00,0x00,0x00,0x86,0x29,0x8D,0x6B,0x0C,0x63,0x21,0x00,0x00,0x00,0x00,0x00,0x00,0x00,0x00,0x00,0x00,0x00,0x00,0x00,0x01,0x00,0x01,0x00,0x01,0x00,0x00,0x00,0x01,0x00,0x01,0x00,0x01,0x00,
	0x01,0x00,0x21,0x00,0x01,0x00,0x01,0x00,0x01,0x00,0x00,0x00,0x00,0x00,0x00,0x00,0x00,0x00,0x00,0x00,0x00,0x00,0x00,0x00,0x00,0x00,0x00,0x00,0x00,0x00,0x00,0x00,0x00,0x00,0x00,0x00,0x00,0x00,0x00,0x00,0x00,0x00,0x00,0x00,0x00,0x00,0x00,0x00,0x00,0x00,0x00,0x00,0x00,0x00,0x00,0x00,0x00,0x00,0x00,0x00,0x00,0x00,0x00,0x00,
	0x00,0x00,0x00,0x00,0x00,0x00,0x00,0x00,0x00,0x00,0x00,0x00,0x00,0x00,0x00,0x00,0x00,0x00,0x00,0x00,0x00,0x00,0x00,0x00,0x00,0x00,0x00,0x00,0x00,0x00,0x00,0x00,0x00,0x00,0x00,0x00,0x00,0x00,0x00,0x00,0x00,0x00,0x00,0x00,0x00,0x00,0x00,0x00,0x00,0x00,0x00,0x00,0x00,0x00,0x00,0x00,0x00,0x00,0x00,0x00,0x00,0x00,0x00,0x00,
	0x00,0x00,0x00,0x00,0x00,0x00,0x00,0x00,0x00,0x00,0x00,0x00,0x00,0x00,0x00,0x00,0x00,0x00,0x00,0x00,0x00,0x00,0x00,0x00,0x00,0x00,0x00,0x00,0x00,0x00,0x00,0x00,0x00,0x00,0x00,0x00,0x00,0x00,0x00,0x00,0x00,0x00,0x00,0x00,0x00,0x00,0x00,0x00,0x00,0x00,0x00,0x00,0x00,0x00,0x00,0x00,0x00,0x00,0x00,0x00,0x00,0x00,0x00,0x00,
	0x00,0x00,0x00,0x00,0x00,0x00,0x00,0x00,0x00,0x00,0x00,0x00,0x00,0x00,0x00,0x00,0x00,0x00,0x00,0x00,0x00,0x00,0x00,0x00,0x00,0x00,0x00,0x00,0x00,0x00,0x00,0x00,0x00,0x00,0x00,0x00,0x00,0x00,0x00,0x00,0x00,0x00,0x00,0x00,0x00,0x00,0x00,0x00,0x00,0x00,0x00,0x00,0x00,0x00,0x00,0x00,0x00,0x00,0x00,0x00,0x00,0x00,0x00,0x00,
	0x00,0x00,0x00,0x00,0x41,0x00,0x00,0x00,0x01,0x00,0x00,0x00,0x00,0x00,0x21,0x00,0x00,0x00,0x00,0x00,0x01,0x00,0x00,0x00,0x00,0x00,0x00,0x00,0x66,0x29,0x0F,0x7C,0x30,0x84,0x30,0x84,0xCE,0x73,0x62,0x08,0x00,0x00,0x00,0x00,0x00,0x00,0x00,0x00,0x00,0x00,0x00,0x00,0x00,0x00,0x21,0x00,0x21,0x00,0x01,0x00,0x21,0x00,0x01,0x00,
	0x01,0x00,0x00,0x00,0x00,0x00,0x00,0x00,0x00,0x00,0x00,0x00,0x00,0x00,0x00,0x00,0x00,0x00,0x00,0x00,0x00,0x00,0x00,0x00,0x00,0x00,0x00,0x00,0x00,0x00,0x00,0x00,0x00,0x00,0x00,0x00,0x00,0x00,0x00,0x00,0x00,0x00,0x00,0x00,0x00,0x00,0x00,0x00,0x00,0x00,0x00,0x00,0x00,0x00,0x00,0x00,0x00,0x00,0x00,0x00,0x00,0x00,0x00,0x00,
	0x00,0x00,0x00,0x00,0x00,0x00,0x00,0x00,0x00,0x00,0x00,0x00,0x00,0x00,0x00,0x00,0x00,0x00,0x00,0x00,0x00,0x00,0x00,0x00,0x00,0x00,0x00,0x00,0x00,0x00,0x00,0x00,0x00,0x00,0x00,0x00,0x00,0x00,0x00,0x00,0x00,0x00,0x00,0x00,0x00,0x00,0x00,0x00,0x00,0x00,0x00,0x00,0x00,0x00,0x00,0x00,0x00,0x00,0x00,0x00,0x00,0x00,0x00,0x00,
	0x00,0x00,0x00,0x00,0x00,0x00,0x00,0x00,0x00,0x00,0x00,0x00,0x00,0x00,0x00,0x00,0x00,0x00,0x00,0x00,0x00,0x00,0x00,0x00,0x00,0x00,0x00,0x00,0x00,0x00,0x00,0x00,0x00,0x00,0x00,0x00,0x00,0x00,0x00,0x00,0x00,0x00,0x00,0x00,0x00,0x00,0x00,0x00,0x00,0x00,0x00,0x00,0x00,0x00,0x00,0x00,0x00,0x00,0x00,0x00,0x00,0x00,0x00,0x00,
	0x00,0x00,0x00,0x00,0x00,0x00,0x00,0x00,0x00,0x00,0x00,0x00,0x00,0x00,0x00,0x00,0x00,0x00,0x00,0x00,0x00,0x00,0x00,0x00,0x00,0x00,0x00,0x00,0x00,0x00,0x00,0x00,0x00,0x00,0x00,0x00,0x00,0x00,0x00,0x00,0x00,0x00,0x00,0x00,0x00,0x00,0x00,0x00,0x00,0x00,0x00,0x00,0x00,0x00,0x00,0x00,0x00,0x00,0x00,0x00,0x00,0x00,0x00,0x00,
	0x00,0x00,0x00,0x00,0x00,0x00,0x00,0x00,0x00,0x00,0x00,0x00,0x00,0x00,0x00,0x00,0x00,0x00,0x00,0x00,0x00,0x00,0x00,0x00,0x00,0x00,0x06,0x21,0x30,0x84,0x30,0x84,0x30,0x84,0x30,0x84,0x30,0x84,0xF0,0x7B,0x82,0x08,0x00,0x00,0x00,0x00,0x00,0x00,0x00,0x00,0x00,0x00,0x00,0x00,0x00,0x00,0x00,0x00,0x00,0x00,0x00,0x00,0x00,0x00,
	0x00,0x00,0x00,0x00,0x00,0x00,0x00,0x00,0x00,0x00,0x00,0x00,0x00,0x00,0x00,0x00,0x00,0x00,0x00,0x00,0x00,0x00,0x00,0x00,0x00,0x00,0x00,0x00,0x00,0x00,0x00,0x00,0x00,0x00,0x00,0x00,0x00,0x00,0x00,0x00,0x00,0x00,0x00,0x00,0x00,0x00,0x00,0x00,0x00,0x00,0x00,0x00,0x00,0x00,0x00,0x00,0x00,0x00,0x00,0x00,0x00,0x00,0x00,0x00,
	0x00,0x00,0x00,0x00,0x00,0x00,0x00,0x00,0x00,0x00,0x00,0x00,0x00,0x00,0x00,0x00,0x00,0x00,0x00,0x00,0x00,0x00,0x00,0x00,0x00,0x00,0x00,0x00,0x00,0x00,0x00,0x00,0x00,0x00,0x00,0x00,0x00,0x00,0x00,0x00,0x00,0x00,0x00,0x00,0x00,0x00,0x00,0x00,0x00,0x00,0x00,0x00,0x00,0x00,0x00,0x00,0x00,0x00,0x00,0x00,0x00,0x00,0x00,0x00,
	0x00,0x00,0x00,0x00,0x00,0x00,0x00,0x00,0x00,0x00,0x00,0x00,0x00,0x00,0x00,0x00,0x00,0x00,0x00,0x00,0x00,0x00,0x00,0x00,0x00,0x00,0x00,0x00,0x00,0x00,0x00,0x00,0x00,0x00,0x00,0x00,0x00,0x00,0x00,0x00,0x00,0x00,0x00,0x00,0x00,0x00,0x00,0x00,0x00,0x00,0x00,0x00,0x00,0x00,0x00,0x00,0x00,0x00,0x00,0x00,0x00,0x00,0x00,0x00,
	0x00,0x00,0x00,0x00,0x00,0x00,0x00,0x00,0x00,0x00,0x00,0x00,0x00,0x00,0x00,0x00,0x00,0x00,0x00,0x00,0x00,0x00,0x00,0x00,0x00,0x00,0x00,0x00,0x00,0x00,0x00,0x00,0x00,0x00,0x00,0x00,0x00,0x00,0x00,0x00,0x00,0x00,0x00,0x00,0x00,0x00,0x00,0x00,0x00,0x00,0x00,0x00,0x00,0x00,0x00,0x00,0x00,0x00,0x00,0x00,0x00,0x00,0x00,0x00,
	0x00,0x00,0x00,0x00,0x00,0x00,0x00,0x00,0x00,0x00,0x00,0x00,0x00,0x00,0x00,0x00,0x00,0x00,0x00,0x00,0x00,0x00,0x00,0x00,0x82,0x08,0x2C,0x63,0xAE,0x73,0xAE,0x73,0xAE,0x73,0xAE,0x73,0xAE,0x73,0xAE,0x73,0x4D,0x6B,0xE3,0x18,0x00,0x00,0x00,0x00,0x00,0x00,0x00,0x00,0x00,0x00,0x00,0x00,0x00,0x00,0x00,0x00,0x00,0x00,0x00,0x00,
	0x00,0x00,0x00,0x00,0x00,0x00,0x00,0x00,0x00,0x00,0x00,0x00,0x00,0x00,0x00,0x00,0x00,0x00,0x00,0x00,0x00,0x00,0x00,0x00,0x00,0x00,0x00,0x00,0x00,0x00,0x00,0x00,0x00,0x00,0x00,0x00,0x00,0x00,0x00,0x00,0x00,0x00,0x00,0x00,0x00,0x00,0x00,0x00,0x00,0x00,0x00,0x00,0x00,0x00,0x00,0x00,0x00,0x00,0x00,0x00,0x00,0x00,0x00,0x00,
	0x00,0x00,0x00,0x00,0x00,0x00,0x00,0x00,0x00,0x00,0x00,0x00,0x00,0x00,0x00,0x00,0x00,0x00,0x00,0x00,0x00,0x00,0x00,0x00,0x00,0x00,0x00,0x00,0x00,0x00,0x00,0x00,0x00,0x00,0x00,0x00,0x00,0x00,0x00,0x00,0x00,0x00,0x00,0x00,0x00,0x00,0x00,0x00,0x00,0x00,0x00,0x00,0x00,0x00,0x00,0x00,0x00,0x00,0x00,0x00,0x00,0x00,0x00,0x00,
	

	// Alpha Channel 
	
    };
        


const lv_img_dsc_t face_red_magic_dial_img_preview_0 = {
    .header.magic = LV_IMAGE_HEADER_MAGIC,
    .header.w = 160,
    .header.h = 160,
    .data_size = sizeof(face_red_magic_dial_img_preview_data_0),
    .header.cf = LV_COLOR_FORMAT_NATIVE,
    .data = face_red_magic_dial_img_preview_data_0};

    